ISO-10303-21;
HEADER;
/* Generated by software containing ST-Developer
 * from STEP Tools, Inc. (www.steptools.com) 
 */
/* OPTION: using custom schema-name function */

FILE_DESCRIPTION(
/* description */ (''),
/* implementation_level */ '2;1');

FILE_NAME(
/* name */ 'AN-A6BD.stp',
/* time_stamp */ '2026-08-25T14:46:01+08:00',
/* author */ (''),
/* organization */ (''),
/* preprocessor_version */ 'ST-DEVELOPER v16',
/* originating_system */ 'SIEMENS PLM Software NX 10.0',
/* authorisation */ '');

FILE_SCHEMA (('AUTOMOTIVE_DESIGN { 1 0 10303 214 3 1 1 1 }'));
ENDSEC;

DATA;
#10=SHAPE_REPRESENTATION_RELATIONSHIP('None',
'relationship between AN-A6BD-None and AN-A6BD-None',#22,#11);
#11=ADVANCED_BREP_SHAPE_REPRESENTATION('AN-A6BD-None',(#309,#310,#311,#312),
#13617);
#12=SHAPE_DEFINITION_REPRESENTATION(#13,#22);
#13=PRODUCT_DEFINITION_SHAPE('','',#14);
#14=PRODUCT_DEFINITION(' ','',#16,#15);
#15=PRODUCT_DEFINITION_CONTEXT('part definition',#21,'design');
#16=PRODUCT_DEFINITION_FORMATION_WITH_SPECIFIED_SOURCE(' ',' ',#18,
 .NOT_KNOWN.);
#17=PRODUCT_RELATED_PRODUCT_CATEGORY('part','',(#18));
#18=PRODUCT('AN-A6BD','AN-A6BD',' ',(#19));
#19=PRODUCT_CONTEXT(' ',#21,'mechanical');
#20=APPLICATION_PROTOCOL_DEFINITION('international standard',
'automotive_design',2010,#21);
#21=APPLICATION_CONTEXT(
'core data for automotive mechanical design processes');
#22=SHAPE_REPRESENTATION('AN-A6BD-None',(#7909),#13617);
#23=TOROIDAL_SURFACE('',#8211,1.4,0.1);
#24=TOROIDAL_SURFACE('',#8274,1.4,0.1);
#25=TOROIDAL_SURFACE('',#8348,0.5,0.4);
#26=TOROIDAL_SURFACE('',#8360,0.5,0.4);
#27=TOROIDAL_SURFACE('',#8425,0.741421356237308,0.1);
#28=TOROIDAL_SURFACE('',#8427,0.741421356237308,0.1);
#29=TOROIDAL_SURFACE('',#8433,0.741421356237307,0.1);
#30=TOROIDAL_SURFACE('',#8435,0.741421356237308,0.1);
#31=TOROIDAL_SURFACE('',#8441,1.03229670385731,0.1);
#32=TOROIDAL_SURFACE('',#8443,1.03229670385731,0.1);
#33=TOROIDAL_SURFACE('',#8449,1.03229670385731,0.1);
#34=TOROIDAL_SURFACE('',#8451,1.03229670385731,0.1);
#35=TOROIDAL_SURFACE('',#8626,2.,1.);
#36=CONICAL_SURFACE('',#8206,1.5,45.0000000000004);
#37=CONICAL_SURFACE('',#8223,0.850999999999047,71.9999999999379);
#38=CONICAL_SURFACE('',#8256,0.95103827477061,3.99999999995139);
#39=CONICAL_SURFACE('',#8260,0.95103827477061,3.99999999995139);
#40=CONICAL_SURFACE('',#8265,0.95103827477061,3.99999999995139);
#41=CONICAL_SURFACE('',#8268,0.95103827477061,3.99999999995139);
#42=CONICAL_SURFACE('',#8269,0.850999999999047,71.9999999999379);
#43=CONICAL_SURFACE('',#8275,1.5,45.0000000000004);
#44=CONICAL_SURFACE('',#8398,1.3,21.8014094863518);
#45=CONICAL_SURFACE('',#8402,1.3,21.8014094863518);
#46=CONICAL_SURFACE('',#8404,1.3,21.8014094863518);
#47=CONICAL_SURFACE('',#8408,1.3,21.8014094863518);
#48=CONICAL_SURFACE('',#8410,0.5,45.);
#49=CONICAL_SURFACE('',#8414,0.5,45.);
#50=CONICAL_SURFACE('',#8416,0.5,45.);
#51=CONICAL_SURFACE('',#8420,0.500000000000001,45.);
#52=OVER_RIDING_STYLED_ITEM('',(#90),#2471,#85);
#53=OVER_RIDING_STYLED_ITEM('',(#91),#2473,#85);
#54=OVER_RIDING_STYLED_ITEM('',(#92),#2475,#85);
#55=OVER_RIDING_STYLED_ITEM('',(#93),#2477,#85);
#56=OVER_RIDING_STYLED_ITEM('',(#94),#2479,#85);
#57=OVER_RIDING_STYLED_ITEM('',(#95),#2480,#85);
#58=OVER_RIDING_STYLED_ITEM('',(#96),#2481,#85);
#59=OVER_RIDING_STYLED_ITEM('',(#97),#2482,#85);
#60=OVER_RIDING_STYLED_ITEM('',(#98),#2483,#85);
#61=OVER_RIDING_STYLED_ITEM('',(#99),#2484,#85);
#62=OVER_RIDING_STYLED_ITEM('',(#100),#2485,#85);
#63=OVER_RIDING_STYLED_ITEM('',(#101),#2486,#85);
#64=OVER_RIDING_STYLED_ITEM('',(#102),#2487,#85);
#65=OVER_RIDING_STYLED_ITEM('',(#103),#2488,#85);
#66=OVER_RIDING_STYLED_ITEM('',(#104),#2489,#85);
#67=OVER_RIDING_STYLED_ITEM('',(#105),#2490,#85);
#68=OVER_RIDING_STYLED_ITEM('',(#106),#2491,#85);
#69=OVER_RIDING_STYLED_ITEM('',(#107),#2492,#85);
#70=OVER_RIDING_STYLED_ITEM('',(#108),#2493,#85);
#71=OVER_RIDING_STYLED_ITEM('',(#110),#2502,#86);
#72=OVER_RIDING_STYLED_ITEM('',(#111),#2513,#86);
#73=OVER_RIDING_STYLED_ITEM('',(#112),#2514,#86);
#74=OVER_RIDING_STYLED_ITEM('',(#113),#2515,#86);
#75=OVER_RIDING_STYLED_ITEM('',(#114),#2516,#86);
#76=OVER_RIDING_STYLED_ITEM('',(#115),#2517,#86);
#77=OVER_RIDING_STYLED_ITEM('',(#116),#2518,#86);
#78=OVER_RIDING_STYLED_ITEM('',(#117),#2519,#86);
#79=OVER_RIDING_STYLED_ITEM('',(#118),#2520,#86);
#80=OVER_RIDING_STYLED_ITEM('',(#119),#2521,#86);
#81=OVER_RIDING_STYLED_ITEM('',(#120),#2522,#86);
#82=OVER_RIDING_STYLED_ITEM('',(#121),#2523,#86);
#83=OVER_RIDING_STYLED_ITEM('',(#122),#2524,#86);
#84=PRESENTATION_LAYER_ASSIGNMENT('1','Layer 1',(#309,#310,#311,#312));
#85=STYLED_ITEM('',(#89),#309);
#86=STYLED_ITEM('',(#109),#310);
#87=STYLED_ITEM('',(#123),#311);
#88=STYLED_ITEM('',(#124),#312);
#89=PRESENTATION_STYLE_ASSIGNMENT((#125));
#90=PRESENTATION_STYLE_ASSIGNMENT((#126));
#91=PRESENTATION_STYLE_ASSIGNMENT((#127));
#92=PRESENTATION_STYLE_ASSIGNMENT((#128));
#93=PRESENTATION_STYLE_ASSIGNMENT((#129));
#94=PRESENTATION_STYLE_ASSIGNMENT((#130));
#95=PRESENTATION_STYLE_ASSIGNMENT((#131));
#96=PRESENTATION_STYLE_ASSIGNMENT((#132));
#97=PRESENTATION_STYLE_ASSIGNMENT((#133));
#98=PRESENTATION_STYLE_ASSIGNMENT((#134));
#99=PRESENTATION_STYLE_ASSIGNMENT((#135));
#100=PRESENTATION_STYLE_ASSIGNMENT((#136));
#101=PRESENTATION_STYLE_ASSIGNMENT((#137));
#102=PRESENTATION_STYLE_ASSIGNMENT((#138));
#103=PRESENTATION_STYLE_ASSIGNMENT((#139));
#104=PRESENTATION_STYLE_ASSIGNMENT((#140));
#105=PRESENTATION_STYLE_ASSIGNMENT((#141));
#106=PRESENTATION_STYLE_ASSIGNMENT((#142));
#107=PRESENTATION_STYLE_ASSIGNMENT((#143));
#108=PRESENTATION_STYLE_ASSIGNMENT((#144));
#109=PRESENTATION_STYLE_ASSIGNMENT((#145));
#110=PRESENTATION_STYLE_ASSIGNMENT((#146));
#111=PRESENTATION_STYLE_ASSIGNMENT((#147));
#112=PRESENTATION_STYLE_ASSIGNMENT((#148));
#113=PRESENTATION_STYLE_ASSIGNMENT((#149));
#114=PRESENTATION_STYLE_ASSIGNMENT((#150));
#115=PRESENTATION_STYLE_ASSIGNMENT((#151));
#116=PRESENTATION_STYLE_ASSIGNMENT((#152));
#117=PRESENTATION_STYLE_ASSIGNMENT((#153));
#118=PRESENTATION_STYLE_ASSIGNMENT((#154));
#119=PRESENTATION_STYLE_ASSIGNMENT((#155));
#120=PRESENTATION_STYLE_ASSIGNMENT((#156));
#121=PRESENTATION_STYLE_ASSIGNMENT((#157));
#122=PRESENTATION_STYLE_ASSIGNMENT((#158));
#123=PRESENTATION_STYLE_ASSIGNMENT((#159));
#124=PRESENTATION_STYLE_ASSIGNMENT((#160));
#125=SURFACE_STYLE_USAGE(.BOTH.,#161);
#126=SURFACE_STYLE_USAGE(.BOTH.,#162);
#127=SURFACE_STYLE_USAGE(.BOTH.,#163);
#128=SURFACE_STYLE_USAGE(.BOTH.,#164);
#129=SURFACE_STYLE_USAGE(.BOTH.,#165);
#130=SURFACE_STYLE_USAGE(.BOTH.,#166);
#131=SURFACE_STYLE_USAGE(.BOTH.,#167);
#132=SURFACE_STYLE_USAGE(.BOTH.,#168);
#133=SURFACE_STYLE_USAGE(.BOTH.,#169);
#134=SURFACE_STYLE_USAGE(.BOTH.,#170);
#135=SURFACE_STYLE_USAGE(.BOTH.,#171);
#136=SURFACE_STYLE_USAGE(.BOTH.,#172);
#137=SURFACE_STYLE_USAGE(.BOTH.,#173);
#138=SURFACE_STYLE_USAGE(.BOTH.,#174);
#139=SURFACE_STYLE_USAGE(.BOTH.,#175);
#140=SURFACE_STYLE_USAGE(.BOTH.,#176);
#141=SURFACE_STYLE_USAGE(.BOTH.,#177);
#142=SURFACE_STYLE_USAGE(.BOTH.,#178);
#143=SURFACE_STYLE_USAGE(.BOTH.,#179);
#144=SURFACE_STYLE_USAGE(.BOTH.,#180);
#145=SURFACE_STYLE_USAGE(.BOTH.,#181);
#146=SURFACE_STYLE_USAGE(.BOTH.,#182);
#147=SURFACE_STYLE_USAGE(.BOTH.,#183);
#148=SURFACE_STYLE_USAGE(.BOTH.,#184);
#149=SURFACE_STYLE_USAGE(.BOTH.,#185);
#150=SURFACE_STYLE_USAGE(.BOTH.,#186);
#151=SURFACE_STYLE_USAGE(.BOTH.,#187);
#152=SURFACE_STYLE_USAGE(.BOTH.,#188);
#153=SURFACE_STYLE_USAGE(.BOTH.,#189);
#154=SURFACE_STYLE_USAGE(.BOTH.,#190);
#155=SURFACE_STYLE_USAGE(.BOTH.,#191);
#156=SURFACE_STYLE_USAGE(.BOTH.,#192);
#157=SURFACE_STYLE_USAGE(.BOTH.,#193);
#158=SURFACE_STYLE_USAGE(.BOTH.,#194);
#159=SURFACE_STYLE_USAGE(.BOTH.,#195);
#160=SURFACE_STYLE_USAGE(.BOTH.,#196);
#161=SURFACE_SIDE_STYLE('',(#197));
#162=SURFACE_SIDE_STYLE('',(#198));
#163=SURFACE_SIDE_STYLE('',(#199));
#164=SURFACE_SIDE_STYLE('',(#200));
#165=SURFACE_SIDE_STYLE('',(#201));
#166=SURFACE_SIDE_STYLE('',(#202));
#167=SURFACE_SIDE_STYLE('',(#203));
#168=SURFACE_SIDE_STYLE('',(#204));
#169=SURFACE_SIDE_STYLE('',(#205));
#170=SURFACE_SIDE_STYLE('',(#206));
#171=SURFACE_SIDE_STYLE('',(#207));
#172=SURFACE_SIDE_STYLE('',(#208));
#173=SURFACE_SIDE_STYLE('',(#209));
#174=SURFACE_SIDE_STYLE('',(#210));
#175=SURFACE_SIDE_STYLE('',(#211));
#176=SURFACE_SIDE_STYLE('',(#212));
#177=SURFACE_SIDE_STYLE('',(#213));
#178=SURFACE_SIDE_STYLE('',(#214));
#179=SURFACE_SIDE_STYLE('',(#215));
#180=SURFACE_SIDE_STYLE('',(#216));
#181=SURFACE_SIDE_STYLE('',(#217));
#182=SURFACE_SIDE_STYLE('',(#218));
#183=SURFACE_SIDE_STYLE('',(#219));
#184=SURFACE_SIDE_STYLE('',(#220));
#185=SURFACE_SIDE_STYLE('',(#221));
#186=SURFACE_SIDE_STYLE('',(#222));
#187=SURFACE_SIDE_STYLE('',(#223));
#188=SURFACE_SIDE_STYLE('',(#224));
#189=SURFACE_SIDE_STYLE('',(#225));
#190=SURFACE_SIDE_STYLE('',(#226));
#191=SURFACE_SIDE_STYLE('',(#227));
#192=SURFACE_SIDE_STYLE('',(#228));
#193=SURFACE_SIDE_STYLE('',(#229));
#194=SURFACE_SIDE_STYLE('',(#230));
#195=SURFACE_SIDE_STYLE('',(#231));
#196=SURFACE_SIDE_STYLE('',(#232));
#197=SURFACE_STYLE_FILL_AREA(#233);
#198=SURFACE_STYLE_FILL_AREA(#234);
#199=SURFACE_STYLE_FILL_AREA(#235);
#200=SURFACE_STYLE_FILL_AREA(#236);
#201=SURFACE_STYLE_FILL_AREA(#237);
#202=SURFACE_STYLE_FILL_AREA(#238);
#203=SURFACE_STYLE_FILL_AREA(#239);
#204=SURFACE_STYLE_FILL_AREA(#240);
#205=SURFACE_STYLE_FILL_AREA(#241);
#206=SURFACE_STYLE_FILL_AREA(#242);
#207=SURFACE_STYLE_FILL_AREA(#243);
#208=SURFACE_STYLE_FILL_AREA(#244);
#209=SURFACE_STYLE_FILL_AREA(#245);
#210=SURFACE_STYLE_FILL_AREA(#246);
#211=SURFACE_STYLE_FILL_AREA(#247);
#212=SURFACE_STYLE_FILL_AREA(#248);
#213=SURFACE_STYLE_FILL_AREA(#249);
#214=SURFACE_STYLE_FILL_AREA(#250);
#215=SURFACE_STYLE_FILL_AREA(#251);
#216=SURFACE_STYLE_FILL_AREA(#252);
#217=SURFACE_STYLE_FILL_AREA(#253);
#218=SURFACE_STYLE_FILL_AREA(#254);
#219=SURFACE_STYLE_FILL_AREA(#255);
#220=SURFACE_STYLE_FILL_AREA(#256);
#221=SURFACE_STYLE_FILL_AREA(#257);
#222=SURFACE_STYLE_FILL_AREA(#258);
#223=SURFACE_STYLE_FILL_AREA(#259);
#224=SURFACE_STYLE_FILL_AREA(#260);
#225=SURFACE_STYLE_FILL_AREA(#261);
#226=SURFACE_STYLE_FILL_AREA(#262);
#227=SURFACE_STYLE_FILL_AREA(#263);
#228=SURFACE_STYLE_FILL_AREA(#264);
#229=SURFACE_STYLE_FILL_AREA(#265);
#230=SURFACE_STYLE_FILL_AREA(#266);
#231=SURFACE_STYLE_FILL_AREA(#267);
#232=SURFACE_STYLE_FILL_AREA(#268);
#233=FILL_AREA_STYLE('',(#269));
#234=FILL_AREA_STYLE('',(#270));
#235=FILL_AREA_STYLE('',(#271));
#236=FILL_AREA_STYLE('',(#272));
#237=FILL_AREA_STYLE('',(#273));
#238=FILL_AREA_STYLE('',(#274));
#239=FILL_AREA_STYLE('',(#275));
#240=FILL_AREA_STYLE('',(#276));
#241=FILL_AREA_STYLE('',(#277));
#242=FILL_AREA_STYLE('',(#278));
#243=FILL_AREA_STYLE('',(#279));
#244=FILL_AREA_STYLE('',(#280));
#245=FILL_AREA_STYLE('',(#281));
#246=FILL_AREA_STYLE('',(#282));
#247=FILL_AREA_STYLE('',(#283));
#248=FILL_AREA_STYLE('',(#284));
#249=FILL_AREA_STYLE('',(#285));
#250=FILL_AREA_STYLE('',(#286));
#251=FILL_AREA_STYLE('',(#287));
#252=FILL_AREA_STYLE('',(#288));
#253=FILL_AREA_STYLE('',(#289));
#254=FILL_AREA_STYLE('',(#290));
#255=FILL_AREA_STYLE('',(#291));
#256=FILL_AREA_STYLE('',(#292));
#257=FILL_AREA_STYLE('',(#293));
#258=FILL_AREA_STYLE('',(#294));
#259=FILL_AREA_STYLE('',(#295));
#260=FILL_AREA_STYLE('',(#296));
#261=FILL_AREA_STYLE('',(#297));
#262=FILL_AREA_STYLE('',(#298));
#263=FILL_AREA_STYLE('',(#299));
#264=FILL_AREA_STYLE('',(#300));
#265=FILL_AREA_STYLE('',(#301));
#266=FILL_AREA_STYLE('',(#302));
#267=FILL_AREA_STYLE('',(#303));
#268=FILL_AREA_STYLE('',(#304));
#269=FILL_AREA_STYLE_COLOUR('',#305);
#270=FILL_AREA_STYLE_COLOUR('',#306);
#271=FILL_AREA_STYLE_COLOUR('',#306);
#272=FILL_AREA_STYLE_COLOUR('',#306);
#273=FILL_AREA_STYLE_COLOUR('',#306);
#274=FILL_AREA_STYLE_COLOUR('',#307);
#275=FILL_AREA_STYLE_COLOUR('',#307);
#276=FILL_AREA_STYLE_COLOUR('',#307);
#277=FILL_AREA_STYLE_COLOUR('',#307);
#278=FILL_AREA_STYLE_COLOUR('',#307);
#279=FILL_AREA_STYLE_COLOUR('',#307);
#280=FILL_AREA_STYLE_COLOUR('',#307);
#281=FILL_AREA_STYLE_COLOUR('',#307);
#282=FILL_AREA_STYLE_COLOUR('',#307);
#283=FILL_AREA_STYLE_COLOUR('',#307);
#284=FILL_AREA_STYLE_COLOUR('',#307);
#285=FILL_AREA_STYLE_COLOUR('',#307);
#286=FILL_AREA_STYLE_COLOUR('',#307);
#287=FILL_AREA_STYLE_COLOUR('',#307);
#288=FILL_AREA_STYLE_COLOUR('',#307);
#289=FILL_AREA_STYLE_COLOUR('',#305);
#290=FILL_AREA_STYLE_COLOUR('',#307);
#291=FILL_AREA_STYLE_COLOUR('',#307);
#292=FILL_AREA_STYLE_COLOUR('',#307);
#293=FILL_AREA_STYLE_COLOUR('',#307);
#294=FILL_AREA_STYLE_COLOUR('',#307);
#295=FILL_AREA_STYLE_COLOUR('',#307);
#296=FILL_AREA_STYLE_COLOUR('',#307);
#297=FILL_AREA_STYLE_COLOUR('',#307);
#298=FILL_AREA_STYLE_COLOUR('',#307);
#299=FILL_AREA_STYLE_COLOUR('',#307);
#300=FILL_AREA_STYLE_COLOUR('',#307);
#301=FILL_AREA_STYLE_COLOUR('',#307);
#302=FILL_AREA_STYLE_COLOUR('',#307);
#303=FILL_AREA_STYLE_COLOUR('',#307);
#304=FILL_AREA_STYLE_COLOUR('',#308);
#305=COLOUR_RGB('Medium Sky',0.764705882352941,0.87843137254902,0.94508278019379);
#306=COLOUR_RGB('Ash Gray',0.874494544899672,0.874494544899672,0.874494544899672);
#307=COLOUR_RGB('Medium Steel',0.596063172350652,0.666666666666667,0.686259250782025);
#308=COLOUR_RGB('Medium Lavender',0.67843137254902,0.658808270389868,0.831357289997711);
#309=MANIFOLD_SOLID_BREP('',#313);
#310=MANIFOLD_SOLID_BREP('',#314);
#311=MANIFOLD_SOLID_BREP('RECESSCORE',#315);
#312=MANIFOLD_SOLID_BREP('',#316);
#313=CLOSED_SHELL('',(#2369,#2370,#2371,#2372,#2373,#2374,#2375,#2376,#2377,
#2378,#2379,#2380,#2381,#2382,#2383,#2384,#2385,#2386,#2387,#2388,#2389,
#2390,#2391,#2392,#2393,#2394,#2395,#2396,#2397,#2398,#2399,#2400,#2401,
#2402,#2403,#2404,#2405,#2406,#2407,#2408,#2409,#2410,#2411,#2412,#2413,
#2414,#2415,#2416,#2417,#2418,#2419,#2420,#2421,#2422,#2423,#2424,#2425,
#2426,#2427,#2428,#2429,#2430,#2431,#2432,#2433,#2434,#2435,#2436,#2437,
#2438,#2439,#2440,#2441,#2442,#2443,#2444,#2445,#2446,#2447,#2448,#2449,
#2450,#2451,#2452,#2453,#2454,#2455,#2456,#2457,#2458,#2459,#2460,#2461,
#2462,#2463,#2464,#2465,#2466,#2467,#2468,#2469,#2470,#2471,#2472,#2473,
#2474,#2475,#2476,#2477,#2478,#2479,#2480,#2481,#2482,#2483,#2484,#2485,
#2486,#2487,#2488,#2489,#2490,#2491,#2492,#2493,#2494,#2495,#2496,#2497));
#314=CLOSED_SHELL('',(#2498,#2499,#2500,#2501,#2502,#2503,#2504,#2505,#2506,
#2507,#2508,#2509,#2510,#2511,#2512,#2513,#2514,#2515,#2516,#2517,#2518,
#2519,#2520,#2521,#2522,#2523,#2524,#2525));
#315=CLOSED_SHELL('',(#2526,#2527,#2528,#2529,#2530,#2531,#2532,#2533,#2534,
#2535,#2536,#2537,#2538,#2539,#2540,#2541,#2542,#2543,#2544,#2545,#2546,
#2547,#2548,#2549,#2550,#2551,#2552,#2553,#2554,#2555,#2556,#2557,#2558,
#2559,#2560));
#316=CLOSED_SHELL('',(#2561,#2562,#2563,#2564,#2565,#2566,#2567,#2568,#2569,
#2570,#2571,#2572,#2573,#2574,#2575,#2576,#2577,#2578,#2579,#2580,#2581,
#2582,#2583,#2584,#2585,#2586,#2587,#2588,#2589,#2590,#2591,#2592,#2593,
#2594,#2595,#2596,#2597,#2598,#2599,#2600,#2601,#2602,#2603,#2604,#2605,
#2606,#2607,#2608,#2609,#2610,#2611,#2612,#2613,#2614,#2615,#2616,#2617,
#2618,#2619,#2620,#2621,#2622,#2623,#2624,#2625,#2626,#2627,#2628,#2629,
#2630,#2631,#2632,#2633,#2634,#2635,#2636,#2637,#2638,#2639,#2640,#2641,
#2642,#2643,#2644,#2645,#2646,#2647,#2648,#2649,#2650,#2651,#2652,#2653,
#2654,#2655,#2656,#2657,#2658,#2659,#2660,#2661,#2662,#2663,#2664,#2665,
#2666,#2667,#2668,#2669,#2670,#2671,#2672,#2673,#2674,#2675,#2676,#2677,
#2678,#2679,#2680,#2681,#2682,#2683,#2684,#2685,#2686,#2687,#2688,#2689,
#2690,#2691,#2692,#2693,#2694,#2695,#2696,#2697,#2698,#2699,#2700,#2701,
#2702,#2703,#2704,#2705,#2706,#2707,#2708,#2709,#2710,#2711,#2712,#2713,
#2714,#2715,#2716,#2717,#2718,#2719,#2720,#2721,#2722,#2723,#2724,#2725,
#2726,#2727,#2728,#2729,#2730,#2731,#2732,#2733,#2734,#2735,#2736,#2737,
#2738,#2739,#2740,#2741,#2742,#2743,#2744,#2745,#2746,#2747,#2748,#2749,
#2750,#2751,#2752,#2753,#2754,#2755,#2756,#2757,#2758,#2759,#2760,#2761,
#2762,#2763,#2764,#2765,#2766,#2767,#2768,#2769,#2770,#2771,#2772,#2773,
#2774,#2775,#2776,#2777,#2778,#2779,#2780,#2781,#2782,#2783,#2784,#2785,
#2786,#2787,#2788,#2789,#2790,#2791,#2792,#2793,#2794,#2795,#2796,#2797,
#2798,#2799,#2800,#2801,#2802,#2803,#2804,#2805,#2806,#2807));
#317=SPHERICAL_SURFACE('',#8017,0.5);
#318=SPHERICAL_SURFACE('',#8019,0.5);
#319=SPHERICAL_SURFACE('',#8035,0.5);
#320=SPHERICAL_SURFACE('',#8037,0.5);
#321=SPHERICAL_SURFACE('',#8048,0.5);
#322=SPHERICAL_SURFACE('',#8050,0.5);
#323=SPHERICAL_SURFACE('',#8057,0.2);
#324=SPHERICAL_SURFACE('',#8060,0.2);
#325=SPHERICAL_SURFACE('',#8075,0.2);
#326=SPHERICAL_SURFACE('',#8078,0.2);
#327=SPHERICAL_SURFACE('',#8097,0.2);
#328=SPHERICAL_SURFACE('',#8099,0.2);
#329=SPHERICAL_SURFACE('',#8243,4.6);
#330=SPHERICAL_SURFACE('',#8340,0.4);
#331=SPHERICAL_SURFACE('',#8344,0.4);
#332=SPHERICAL_SURFACE('',#8352,0.4);
#333=SPHERICAL_SURFACE('',#8356,0.4);
#334=SPHERICAL_SURFACE('',#8364,0.4);
#335=SPHERICAL_SURFACE('',#8367,0.4);
#336=(
BOUNDED_SURFACE()
B_SPLINE_SURFACE(3,2,((#11337,#11338,#11339),(#11340,#11341,#11342),(#11343,
#11344,#11345),(#11346,#11347,#11348)),.UNSPECIFIED.,.F.,.F.,.F.)
B_SPLINE_SURFACE_WITH_KNOTS((4,4),(3,3),(0.,1.),(0.,1.),.UNSPECIFIED.)
GEOMETRIC_REPRESENTATION_ITEM()
RATIONAL_B_SPLINE_SURFACE(((1.,0.713250449154178,1.),(1.,0.714506898943776,
1.),(1.,0.714506898943776,1.),(1.,0.713250449154178,1.)))
REPRESENTATION_ITEM('')
SURFACE()
);
#337=(
BOUNDED_SURFACE()
B_SPLINE_SURFACE(3,2,((#11368,#11369,#11370),(#11371,#11372,#11373),(#11374,
#11375,#11376),(#11377,#11378,#11379)),.UNSPECIFIED.,.F.,.F.,.F.)
B_SPLINE_SURFACE_WITH_KNOTS((4,4),(3,3),(0.,1.),(0.,1.),.UNSPECIFIED.)
GEOMETRIC_REPRESENTATION_ITEM()
RATIONAL_B_SPLINE_SURFACE(((1.,0.713250449154178,1.),(1.,0.714506898943777,
1.),(1.,0.714506898943777,1.),(1.,0.713250449154178,1.)))
REPRESENTATION_ITEM('')
SURFACE()
);
#338=(
BOUNDED_SURFACE()
B_SPLINE_SURFACE(3,2,((#11611,#11612,#11613),(#11614,#11615,#11616),(#11617,
#11618,#11619),(#11620,#11621,#11622)),.UNSPECIFIED.,.F.,.F.,.F.)
B_SPLINE_SURFACE_WITH_KNOTS((4,4),(3,3),(0.,1.),(0.,1.),.UNSPECIFIED.)
GEOMETRIC_REPRESENTATION_ITEM()
RATIONAL_B_SPLINE_SURFACE(((1.,0.713250449154178,1.),(1.,0.714506898943777,
1.),(1.,0.714506898943777,1.),(1.,0.713250449154178,1.)))
REPRESENTATION_ITEM('')
SURFACE()
);
#339=(
BOUNDED_SURFACE()
B_SPLINE_SURFACE(3,2,((#11625,#11626,#11627),(#11628,#11629,#11630),(#11631,
#11632,#11633),(#11634,#11635,#11636)),.UNSPECIFIED.,.F.,.F.,.F.)
B_SPLINE_SURFACE_WITH_KNOTS((4,4),(3,3),(0.,1.),(0.,1.),.UNSPECIFIED.)
GEOMETRIC_REPRESENTATION_ITEM()
RATIONAL_B_SPLINE_SURFACE(((1.,0.71325044915418,1.),(1.,0.714506898943773,
1.),(1.,0.714506898943778,1.),(1.,0.713250449154178,1.)))
REPRESENTATION_ITEM('')
SURFACE()
);
#340=(
BOUNDED_SURFACE()
B_SPLINE_SURFACE(3,2,((#11653,#11654,#11655),(#11656,#11657,#11658),(#11659,
#11660,#11661),(#11662,#11663,#11664)),.UNSPECIFIED.,.F.,.F.,.F.)
B_SPLINE_SURFACE_WITH_KNOTS((4,4),(3,3),(0.,1.),(0.,1.),.UNSPECIFIED.)
GEOMETRIC_REPRESENTATION_ITEM()
RATIONAL_B_SPLINE_SURFACE(((1.,0.713250449154178,1.),(1.,0.714506898943776,
1.),(1.,0.714506898943776,1.),(1.,0.71325044915418,1.)))
REPRESENTATION_ITEM('')
SURFACE()
);
#341=(
BOUNDED_SURFACE()
B_SPLINE_SURFACE(3,2,((#11692,#11693,#11694),(#11695,#11696,#11697),(#11698,
#11699,#11700),(#11701,#11702,#11703)),.UNSPECIFIED.,.F.,.F.,.F.)
B_SPLINE_SURFACE_WITH_KNOTS((4,4),(3,3),(0.,1.),(0.,1.),.UNSPECIFIED.)
GEOMETRIC_REPRESENTATION_ITEM()
RATIONAL_B_SPLINE_SURFACE(((1.,0.713250449154178,1.),(1.,0.714506898943778,
1.),(1.,0.714506898943775,1.),(1.,0.713250449154178,1.)))
REPRESENTATION_ITEM('')
SURFACE()
);
#342=(
BOUNDED_SURFACE()
B_SPLINE_SURFACE(3,2,((#11738,#11739,#11740),(#11741,#11742,#11743),(#11744,
#11745,#11746),(#11747,#11748,#11749)),.UNSPECIFIED.,.F.,.F.,.F.)
B_SPLINE_SURFACE_WITH_KNOTS((4,4),(3,3),(0.,1.),(0.,1.),.UNSPECIFIED.)
GEOMETRIC_REPRESENTATION_ITEM()
RATIONAL_B_SPLINE_SURFACE(((0.87917310027996,0.799767537188658,1.),(0.879702527204186,
0.800644895270029,1.),(0.879702527204196,0.800644895270046,1.),(0.879173100279959,
0.799767537188657,1.)))
REPRESENTATION_ITEM('')
SURFACE()
);
#343=(
BOUNDED_SURFACE()
B_SPLINE_SURFACE(3,2,((#11757,#11758,#11759),(#11760,#11761,#11762),(#11763,
#11764,#11765),(#11766,#11767,#11768)),.UNSPECIFIED.,.F.,.F.,.F.)
B_SPLINE_SURFACE_WITH_KNOTS((4,4),(3,3),(0.,1.),(0.,1.),.UNSPECIFIED.)
GEOMETRIC_REPRESENTATION_ITEM()
RATIONAL_B_SPLINE_SURFACE(((1.,0.713250449154193,1.),(1.,0.714506898943771,
1.),(1.,0.714506898943773,1.),(1.,0.713250449154193,1.)))
REPRESENTATION_ITEM('')
SURFACE()
);
#344=(
BOUNDED_SURFACE()
B_SPLINE_SURFACE(3,2,((#11785,#11786,#11787),(#11788,#11789,#11790),(#11791,
#11792,#11793),(#11794,#11795,#11796)),.UNSPECIFIED.,.F.,.F.,.F.)
B_SPLINE_SURFACE_WITH_KNOTS((4,4),(3,3),(0.,1.),(0.,1.),.UNSPECIFIED.)
GEOMETRIC_REPRESENTATION_ITEM()
RATIONAL_B_SPLINE_SURFACE(((0.879173100279989,0.799767537188648,1.),(0.879702527204219,
0.800644895270025,1.),(0.87970252720422,0.800644895270027,1.),(0.879173100279989,
0.799767537188647,1.)))
REPRESENTATION_ITEM('')
SURFACE()
);
#345=(
BOUNDED_SURFACE()
B_SPLINE_SURFACE(3,2,((#11802,#11803,#11804),(#11805,#11806,#11807),(#11808,
#11809,#11810),(#11811,#11812,#11813)),.UNSPECIFIED.,.F.,.F.,.F.)
B_SPLINE_SURFACE_WITH_KNOTS((4,4),(3,3),(0.,1.),(0.,1.),.UNSPECIFIED.)
GEOMETRIC_REPRESENTATION_ITEM()
RATIONAL_B_SPLINE_SURFACE(((1.,0.713250449154193,1.),(1.,0.714506898943773,
1.),(1.,0.714506898943775,1.),(1.,0.713250449154193,1.)))
REPRESENTATION_ITEM('')
SURFACE()
);
#346=(
BOUNDED_SURFACE()
B_SPLINE_SURFACE(3,2,((#11823,#11824,#11825),(#11826,#11827,#11828),(#11829,
#11830,#11831),(#11832,#11833,#11834)),.UNSPECIFIED.,.F.,.F.,.F.)
B_SPLINE_SURFACE_WITH_KNOTS((4,4),(3,3),(0.,1.),(0.,1.),.UNSPECIFIED.)
GEOMETRIC_REPRESENTATION_ITEM()
RATIONAL_B_SPLINE_SURFACE(((0.87917310027999,0.799767537188645,1.),(0.879702527204218,
0.80064489527002,1.),(0.879702527204223,0.800644895270028,1.),(0.879173100279991,
0.799767537188646,1.)))
REPRESENTATION_ITEM('')
SURFACE()
);
#347=(
BOUNDED_SURFACE()
B_SPLINE_SURFACE(3,2,((#11836,#11837,#11838),(#11839,#11840,#11841),(#11842,
#11843,#11844),(#11845,#11846,#11847)),.UNSPECIFIED.,.F.,.F.,.F.)
B_SPLINE_SURFACE_WITH_KNOTS((4,4),(3,3),(0.,1.),(0.,1.),.UNSPECIFIED.)
GEOMETRIC_REPRESENTATION_ITEM()
RATIONAL_B_SPLINE_SURFACE(((0.879173100279958,0.799767537188627,1.),(0.879702527204209,
0.80064489527004,1.),(0.879702527204202,0.800644895270028,1.),(0.879173100279961,
0.799767537188632,1.)))
REPRESENTATION_ITEM('')
SURFACE()
);
#348=ELLIPSE('',#7948,1.00020309890318,1.);
#349=ELLIPSE('',#7950,0.500406074159307,0.5);
#350=ELLIPSE('',#7954,0.500406074159309,0.5);
#351=ELLIPSE('',#7956,1.00020309890318,1.);
#352=ELLIPSE('',#7958,0.400081239561273,0.4);
#353=ELLIPSE('',#7959,0.400081239561273,0.4);
#354=ELLIPSE('',#7965,1.00020309890318,1.);
#355=ELLIPSE('',#7967,1.00020309890318,1.);
#356=ELLIPSE('',#7968,1.00020309890318,1.);
#357=ELLIPSE('',#7970,1.00020309890318,1.);
#358=ELLIPSE('',#8003,0.500406074159309,0.5);
#359=ELLIPSE('',#8004,0.500406074159307,0.5);
#360=ELLIPSE('',#8020,0.500406074159309,0.5);
#361=ELLIPSE('',#8038,0.500406074159309,0.5);
#362=ELLIPSE('',#8061,0.200162429663723,0.2);
#363=ELLIPSE('',#8067,0.200162429663721,0.2);
#364=ELLIPSE('',#8082,0.200162429663724,0.2);
#365=ELLIPSE('',#8091,0.200162429663723,0.2);
#366=ELLIPSE('',#8103,0.200162429663722,0.2);
#367=ELLIPSE('',#8105,0.200162429663723,0.2);
#368=ELLIPSE('',#8471,1.55378494202582,1.55);
#369=ELLIPSE('',#8472,1.55378494202582,1.55);
#370=ELLIPSE('',#8475,1.55378494202582,1.55);
#371=ELLIPSE('',#8476,1.55378494202582,1.55);
#372=ELLIPSE('',#8653,0.30694895724031,0.3);
#373=ELLIPSE('',#8654,0.311769145362398,0.3);
#374=ELLIPSE('',#8655,0.311769145362398,0.3);
#375=ELLIPSE('',#8656,0.30694895724031,0.3);
#376=ELLIPSE('',#8657,0.30694895724031,0.3);
#377=ELLIPSE('',#8658,0.311769145362398,0.3);
#378=ELLIPSE('',#8659,0.311769145362398,0.3);
#379=ELLIPSE('',#8660,0.30694895724031,0.3);
#380=ELLIPSE('',#8677,1.52970585407784,0.3);
#381=ELLIPSE('',#8678,1.52970585407784,0.3);
#382=ELLIPSE('',#8680,1.52970585407779,0.3);
#383=ELLIPSE('',#8681,1.52970585407779,0.3);
#384=ELLIPSE('',#8683,1.52970585407779,0.3);
#385=ELLIPSE('',#8684,1.52970585407779,0.3);
#386=ELLIPSE('',#8686,1.52970585407778,0.3);
#387=ELLIPSE('',#8687,1.52970585407778,0.3);
#388=ELLIPSE('',#8689,1.52970585407778,0.3);
#389=ELLIPSE('',#8690,1.52970585407778,0.3);
#390=ELLIPSE('',#8692,1.52970585407779,0.3);
#391=ELLIPSE('',#8693,1.52970585407779,0.3);
#392=ELLIPSE('',#8695,1.52970585407779,0.3);
#393=ELLIPSE('',#8696,1.52970585407779,0.3);
#394=ELLIPSE('',#8698,1.52970585407785,0.3);
#395=ELLIPSE('',#8699,1.52970585407785,0.3);
#396=ELLIPSE('',#8701,0.302871936273428,0.3);
#397=ELLIPSE('',#8703,0.302871936273428,0.3);
#398=ELLIPSE('',#8707,0.301712462116971,0.3);
#399=ELLIPSE('',#8709,0.301712462116971,0.3);
#400=ELLIPSE('',#8711,0.301712462116971,0.3);
#401=ELLIPSE('',#8713,0.301712462116971,0.3);
#402=ELLIPSE('',#8715,0.302871936273428,0.3);
#403=ELLIPSE('',#8717,0.302871936273428,0.3);
#404=CYLINDRICAL_SURFACE('',#7939,1.6);
#405=CYLINDRICAL_SURFACE('',#7940,1.6);
#406=CYLINDRICAL_SURFACE('',#7943,1.5);
#407=CYLINDRICAL_SURFACE('',#7944,1.);
#408=CYLINDRICAL_SURFACE('',#7945,1.);
#409=CYLINDRICAL_SURFACE('',#7946,0.5);
#410=CYLINDRICAL_SURFACE('',#7947,0.5);
#411=CYLINDRICAL_SURFACE('',#7953,0.5);
#412=CYLINDRICAL_SURFACE('',#7973,0.5);
#413=CYLINDRICAL_SURFACE('',#7976,0.5);
#414=CYLINDRICAL_SURFACE('',#7978,0.5);
#415=CYLINDRICAL_SURFACE('',#7980,0.5);
#416=CYLINDRICAL_SURFACE('',#7998,1.75);
#417=CYLINDRICAL_SURFACE('',#8001,0.5);
#418=CYLINDRICAL_SURFACE('',#8006,0.5);
#419=CYLINDRICAL_SURFACE('',#8008,0.5);
#420=CYLINDRICAL_SURFACE('',#8011,0.5);
#421=CYLINDRICAL_SURFACE('',#8013,0.5);
#422=CYLINDRICAL_SURFACE('',#8015,0.5);
#423=CYLINDRICAL_SURFACE('',#8023,0.5);
#424=CYLINDRICAL_SURFACE('',#8025,0.5);
#425=CYLINDRICAL_SURFACE('',#8027,0.5);
#426=CYLINDRICAL_SURFACE('',#8029,0.5);
#427=CYLINDRICAL_SURFACE('',#8031,0.5);
#428=CYLINDRICAL_SURFACE('',#8033,0.5);
#429=CYLINDRICAL_SURFACE('',#8040,0.5);
#430=CYLINDRICAL_SURFACE('',#8042,0.5);
#431=CYLINDRICAL_SURFACE('',#8044,0.5);
#432=CYLINDRICAL_SURFACE('',#8046,0.5);
#433=CYLINDRICAL_SURFACE('',#8051,0.5);
#434=CYLINDRICAL_SURFACE('',#8054,0.2);
#435=CYLINDRICAL_SURFACE('',#8062,0.2);
#436=CYLINDRICAL_SURFACE('',#8064,0.2);
#437=CYLINDRICAL_SURFACE('',#8066,0.2);
#438=CYLINDRICAL_SURFACE('',#8068,0.2);
#439=CYLINDRICAL_SURFACE('',#8071,0.2);
#440=CYLINDRICAL_SURFACE('',#8081,0.2);
#441=CYLINDRICAL_SURFACE('',#8083,0.2);
#442=CYLINDRICAL_SURFACE('',#8085,0.2);
#443=CYLINDRICAL_SURFACE('',#8088,0.2);
#444=CYLINDRICAL_SURFACE('',#8090,0.2);
#445=CYLINDRICAL_SURFACE('',#8092,0.2);
#446=CYLINDRICAL_SURFACE('',#8094,0.2);
#447=CYLINDRICAL_SURFACE('',#8102,0.2);
#448=CYLINDRICAL_SURFACE('',#8104,0.2);
#449=CYLINDRICAL_SURFACE('',#8106,0.2);
#450=CYLINDRICAL_SURFACE('',#8108,0.2);
#451=CYLINDRICAL_SURFACE('',#8111,0.2);
#452=CYLINDRICAL_SURFACE('',#8114,0.75);
#453=CYLINDRICAL_SURFACE('',#8117,0.75);
#454=CYLINDRICAL_SURFACE('',#8120,0.75);
#455=CYLINDRICAL_SURFACE('',#8123,0.75);
#456=CYLINDRICAL_SURFACE('',#8135,16.2);
#457=CYLINDRICAL_SURFACE('',#8136,16.);
#458=CYLINDRICAL_SURFACE('',#8145,0.1);
#459=CYLINDRICAL_SURFACE('',#8148,0.3);
#460=CYLINDRICAL_SURFACE('',#8151,1.75);
#461=CYLINDRICAL_SURFACE('',#8152,1.75);
#462=CYLINDRICAL_SURFACE('',#8175,1.6);
#463=CYLINDRICAL_SURFACE('',#8176,1.6);
#464=CYLINDRICAL_SURFACE('',#8177,1.5);
#465=CYLINDRICAL_SURFACE('',#8178,1.);
#466=CYLINDRICAL_SURFACE('',#8179,1.);
#467=CYLINDRICAL_SURFACE('',#8180,0.5);
#468=CYLINDRICAL_SURFACE('',#8181,0.5);
#469=CYLINDRICAL_SURFACE('',#8182,0.3);
#470=CYLINDRICAL_SURFACE('',#8189,16.2);
#471=CYLINDRICAL_SURFACE('',#8190,16.);
#472=CYLINDRICAL_SURFACE('',#8197,0.1);
#473=CYLINDRICAL_SURFACE('',#8212,1.5);
#474=CYLINDRICAL_SURFACE('',#8214,1.3);
#475=CYLINDRICAL_SURFACE('',#8217,3.45);
#476=CYLINDRICAL_SURFACE('',#8228,3.45);
#477=CYLINDRICAL_SURFACE('',#8271,1.3);
#478=CYLINDRICAL_SURFACE('',#8273,1.5);
#479=CYLINDRICAL_SURFACE('',#8303,0.4);
#480=CYLINDRICAL_SURFACE('',#8307,0.4);
#481=CYLINDRICAL_SURFACE('',#8311,0.1);
#482=CYLINDRICAL_SURFACE('',#8315,0.4);
#483=CYLINDRICAL_SURFACE('',#8319,0.4);
#484=CYLINDRICAL_SURFACE('',#8323,0.1);
#485=CYLINDRICAL_SURFACE('',#8327,0.4);
#486=CYLINDRICAL_SURFACE('',#8331,0.4);
#487=CYLINDRICAL_SURFACE('',#8338,0.4);
#488=CYLINDRICAL_SURFACE('',#8342,0.4);
#489=CYLINDRICAL_SURFACE('',#8346,0.4);
#490=CYLINDRICAL_SURFACE('',#8350,0.4);
#491=CYLINDRICAL_SURFACE('',#8354,0.4);
#492=CYLINDRICAL_SURFACE('',#8358,0.4);
#493=CYLINDRICAL_SURFACE('',#8362,0.4);
#494=CYLINDRICAL_SURFACE('',#8366,0.4);
#495=CYLINDRICAL_SURFACE('',#8370,1.75);
#496=CYLINDRICAL_SURFACE('',#8390,1.3);
#497=CYLINDRICAL_SURFACE('',#8392,1.3);
#498=CYLINDRICAL_SURFACE('',#8394,1.3);
#499=CYLINDRICAL_SURFACE('',#8396,1.3);
#500=CYLINDRICAL_SURFACE('',#8423,0.1);
#501=CYLINDRICAL_SURFACE('',#8429,0.1);
#502=CYLINDRICAL_SURFACE('',#8431,0.1);
#503=CYLINDRICAL_SURFACE('',#8436,0.1);
#504=CYLINDRICAL_SURFACE('',#8439,0.1);
#505=CYLINDRICAL_SURFACE('',#8445,0.1);
#506=CYLINDRICAL_SURFACE('',#8447,0.1);
#507=CYLINDRICAL_SURFACE('',#8452,0.1);
#508=CYLINDRICAL_SURFACE('',#8465,6.05);
#509=CYLINDRICAL_SURFACE('',#8469,6.05);
#510=CYLINDRICAL_SURFACE('',#8473,1.55);
#511=CYLINDRICAL_SURFACE('',#8477,1.55);
#512=CYLINDRICAL_SURFACE('',#8490,25.);
#513=CYLINDRICAL_SURFACE('',#8495,25.);
#514=CYLINDRICAL_SURFACE('',#8523,0.4);
#515=CYLINDRICAL_SURFACE('',#8524,0.4);
#516=CYLINDRICAL_SURFACE('',#8525,0.2);
#517=CYLINDRICAL_SURFACE('',#8526,0.2);
#518=CYLINDRICAL_SURFACE('',#8535,0.1);
#519=CYLINDRICAL_SURFACE('',#8536,0.4);
#520=CYLINDRICAL_SURFACE('',#8537,0.1);
#521=CYLINDRICAL_SURFACE('',#8554,0.4);
#522=CYLINDRICAL_SURFACE('',#8557,0.1);
#523=CYLINDRICAL_SURFACE('',#8559,0.1);
#524=CYLINDRICAL_SURFACE('',#8560,0.1);
#525=CYLINDRICAL_SURFACE('',#8561,0.1);
#526=CYLINDRICAL_SURFACE('',#8563,0.4);
#527=CYLINDRICAL_SURFACE('',#8566,0.1);
#528=CYLINDRICAL_SURFACE('',#8571,0.4);
#529=CYLINDRICAL_SURFACE('',#8578,0.1);
#530=CYLINDRICAL_SURFACE('',#8580,2.5);
#531=CYLINDRICAL_SURFACE('',#8592,0.5);
#532=CYLINDRICAL_SURFACE('',#8595,0.5);
#533=CYLINDRICAL_SURFACE('',#8598,0.5);
#534=CYLINDRICAL_SURFACE('',#8602,0.5);
#535=CYLINDRICAL_SURFACE('',#8609,0.5);
#536=CYLINDRICAL_SURFACE('',#8610,0.5);
#537=CYLINDRICAL_SURFACE('',#8612,0.5);
#538=CYLINDRICAL_SURFACE('',#8613,0.5);
#539=CYLINDRICAL_SURFACE('',#8619,2.1);
#540=CYLINDRICAL_SURFACE('',#8621,3.);
#541=CYLINDRICAL_SURFACE('',#8636,1.35);
#542=CYLINDRICAL_SURFACE('',#8639,2.1);
#543=CYLINDRICAL_SURFACE('',#8669,0.15);
#544=CYLINDRICAL_SURFACE('',#8671,0.15);
#545=CYLINDRICAL_SURFACE('',#8702,0.3);
#546=CYLINDRICAL_SURFACE('',#8704,0.3);
#547=CYLINDRICAL_SURFACE('',#8705,0.3);
#548=CYLINDRICAL_SURFACE('',#8706,0.3);
#549=CYLINDRICAL_SURFACE('',#8708,0.3);
#550=CYLINDRICAL_SURFACE('',#8710,0.3);
#551=CYLINDRICAL_SURFACE('',#8712,0.3);
#552=CYLINDRICAL_SURFACE('',#8714,0.3);
#553=CYLINDRICAL_SURFACE('',#8716,0.3);
#554=CYLINDRICAL_SURFACE('',#8718,0.3);
#555=CYLINDRICAL_SURFACE('',#8719,0.3);
#556=CYLINDRICAL_SURFACE('',#8720,0.3);
#557=CYLINDRICAL_SURFACE('',#8721,0.3);
#558=CYLINDRICAL_SURFACE('',#8722,0.3);
#559=CYLINDRICAL_SURFACE('',#8723,0.3);
#560=CYLINDRICAL_SURFACE('',#8724,0.3);
#561=CYLINDRICAL_SURFACE('',#8725,0.3);
#562=CYLINDRICAL_SURFACE('',#8726,0.3);
#563=B_SPLINE_CURVE_WITH_KNOTS('',3,(#11153,#11154,#11155,#11156,#11157,
#11158,#11159,#11160,#11161,#11162,#11163,#11164,#11165),.UNSPECIFIED.,
 .F.,.F.,(4,3,3,3,4),(0.,0.312742510582323,0.63510435078789,0.957432808984569,
1.),.UNSPECIFIED.);
#564=B_SPLINE_CURVE_WITH_KNOTS('',3,(#11169,#11170,#11171,#11172,#11173,
#11174,#11175,#11176,#11177,#11178,#11179,#11180,#11181),.UNSPECIFIED.,
 .F.,.F.,(4,3,3,3,4),(0.,0.312742510582295,0.635104350787885,0.957432808984599,
1.),.UNSPECIFIED.);
#565=B_SPLINE_CURVE_WITH_KNOTS('',3,(#11185,#11186,#11187,#11188,#11189,
#11190,#11191,#11192,#11193,#11194,#11195,#11196,#11197),.UNSPECIFIED.,
 .F.,.F.,(4,3,3,3,4),(0.,0.312742510582292,0.635104350787914,0.957432808984623,
1.),.UNSPECIFIED.);
#566=B_SPLINE_CURVE_WITH_KNOTS('',3,(#11201,#11202,#11203,#11204,#11205,
#11206,#11207,#11208,#11209,#11210,#11211,#11212,#11213),.UNSPECIFIED.,
 .F.,.F.,(4,3,3,3,4),(0.,0.312742510582328,0.635104350787923,0.957432808984611,
1.),.UNSPECIFIED.);
#567=B_SPLINE_CURVE_WITH_KNOTS('',3,(#11236,#11237,#11238,#11239),
 .UNSPECIFIED.,.F.,.F.,(4,4),(0.,1.),.UNSPECIFIED.);
#568=B_SPLINE_CURVE_WITH_KNOTS('',3,(#11243,#11244,#11245,#11246,#11247,
#11248,#11249,#11250,#11251,#11252,#11253,#11254,#11255,#11256,#11257,#11258,
#11259,#11260,#11261,#11262,#11263,#11264,#11265,#11266,#11267,#11268,#11269,
#11270,#11271,#11272,#11273),.UNSPECIFIED.,.F.,.F.,(4,3,3,3,3,3,3,3,3,3,
4),(0.,0.347937371467831,0.572388373724513,0.675653981130134,0.756611655527098,
0.792702529391219,0.829446655553081,0.861020466012795,0.904666839291506,
0.984135873349697,1.),.UNSPECIFIED.);
#569=B_SPLINE_CURVE_WITH_KNOTS('',3,(#11275,#11276,#11277,#11278),
 .UNSPECIFIED.,.F.,.F.,(4,4),(0.,1.),.UNSPECIFIED.);
#570=B_SPLINE_CURVE_WITH_KNOTS('',3,(#11279,#11280,#11281,#11282),
 .UNSPECIFIED.,.F.,.F.,(4,4),(0.,1.),.UNSPECIFIED.);
#571=B_SPLINE_CURVE_WITH_KNOTS('',3,(#11284,#11285,#11286,#11287,#11288,
#11289,#11290,#11291,#11292,#11293,#11294,#11295,#11296,#11297,#11298,#11299,
#11300,#11301,#11302,#11303,#11304,#11305,#11306,#11307,#11308),
 .UNSPECIFIED.,.F.,.F.,(4,3,3,3,3,3,3,3,4),(0.,0.0752583459999384,0.122383906572591,
0.156380682753997,0.1907840252176,0.220606705107837,0.276206639006571,0.470410486307696,
1.),.UNSPECIFIED.);
#572=B_SPLINE_CURVE_WITH_KNOTS('',3,(#11312,#11313,#11314,#11315),
 .UNSPECIFIED.,.F.,.F.,(4,4),(0.,1.),.UNSPECIFIED.);
#573=B_SPLINE_CURVE_WITH_KNOTS('',3,(#11321,#11322,#11323,#11324,#11325,
#11326,#11327),.UNSPECIFIED.,.F.,.F.,(4,3,4),(0.,0.381892595930349,1.),
 .UNSPECIFIED.);
#574=B_SPLINE_CURVE_WITH_KNOTS('',3,(#11355,#11356,#11357,#11358,#11359,
#11360,#11361),.UNSPECIFIED.,.F.,.F.,(4,3,4),(0.,0.402537095534773,1.),
 .UNSPECIFIED.);
#575=B_SPLINE_CURVE_WITH_KNOTS('',3,(#11596,#11597,#11598,#11599,#11600,
#11601,#11602,#11603,#11604,#11605),.UNSPECIFIED.,.F.,.F.,(4,3,3,4),(0.,
0.359197706901657,0.714303475737764,1.),.UNSPECIFIED.);
#576=B_SPLINE_CURVE_WITH_KNOTS('',3,(#11673,#11674,#11675,#11676,#11677,
#11678,#11679,#11680,#11681,#11682),.UNSPECIFIED.,.F.,.F.,(4,3,3,4),(0.,
0.359197706901684,0.714303475737816,1.),.UNSPECIFIED.);
#577=B_SPLINE_CURVE_WITH_KNOTS('',3,(#11976,#11977,#11978,#11979),
 .UNSPECIFIED.,.F.,.F.,(4,4),(0.,1.),.UNSPECIFIED.);
#578=B_SPLINE_CURVE_WITH_KNOTS('',3,(#11987,#11988,#11989,#11990),
 .UNSPECIFIED.,.F.,.F.,(4,4),(0.,1.),.UNSPECIFIED.);
#579=B_SPLINE_CURVE_WITH_KNOTS('',3,(#12000,#12001,#12002,#12003),
 .UNSPECIFIED.,.F.,.F.,(4,4),(0.,1.),.UNSPECIFIED.);
#580=B_SPLINE_CURVE_WITH_KNOTS('',3,(#12034,#12035,#12036,#12037),
 .UNSPECIFIED.,.F.,.F.,(4,4),(0.,1.),.UNSPECIFIED.);
#581=B_SPLINE_CURVE_WITH_KNOTS('',3,(#12041,#12042,#12043,#12044),
 .UNSPECIFIED.,.F.,.F.,(4,4),(0.,1.),.UNSPECIFIED.);
#582=B_SPLINE_CURVE_WITH_KNOTS('',3,(#12163,#12164,#12165,#12166),
 .UNSPECIFIED.,.F.,.F.,(4,4),(0.,1.),.UNSPECIFIED.);
#583=B_SPLINE_CURVE_WITH_KNOTS('',3,(#12182,#12183,#12184,#12185),
 .UNSPECIFIED.,.F.,.F.,(4,4),(0.,1.),.UNSPECIFIED.);
#584=B_SPLINE_CURVE_WITH_KNOTS('',3,(#12189,#12190,#12191,#12192),
 .UNSPECIFIED.,.F.,.F.,(4,4),(0.,1.),.UNSPECIFIED.);
#585=B_SPLINE_CURVE_WITH_KNOTS('',3,(#12195,#12196,#12197,#12198),
 .UNSPECIFIED.,.F.,.F.,(4,4),(0.,1.),.UNSPECIFIED.);
#586=B_SPLINE_CURVE_WITH_KNOTS('',3,(#12209,#12210,#12211,#12212),
 .UNSPECIFIED.,.F.,.F.,(4,4),(0.,1.),.UNSPECIFIED.);
#587=B_SPLINE_CURVE_WITH_KNOTS('',3,(#12214,#12215,#12216,#12217),
 .UNSPECIFIED.,.F.,.F.,(4,4),(0.,1.),.UNSPECIFIED.);
#588=B_SPLINE_CURVE_WITH_KNOTS('',3,(#12226,#12227,#12228,#12229),
 .UNSPECIFIED.,.F.,.F.,(4,4),(0.,1.),.UNSPECIFIED.);
#589=B_SPLINE_CURVE_WITH_KNOTS('',3,(#12232,#12233,#12234,#12235),
 .UNSPECIFIED.,.F.,.F.,(4,4),(0.,1.),.UNSPECIFIED.);
#590=B_SPLINE_CURVE_WITH_KNOTS('',3,(#12246,#12247,#12248,#12249),
 .UNSPECIFIED.,.F.,.F.,(4,4),(0.,1.),.UNSPECIFIED.);
#591=B_SPLINE_CURVE_WITH_KNOTS('',3,(#12251,#12252,#12253,#12254),
 .UNSPECIFIED.,.F.,.F.,(4,4),(0.,1.),.UNSPECIFIED.);
#592=B_SPLINE_CURVE_WITH_KNOTS('',3,(#12398,#12399,#12400,#12401,#12402,
#12403,#12404),.UNSPECIFIED.,.F.,.F.,(4,3,4),(0.,0.521514781139178,1.),
 .UNSPECIFIED.);
#593=B_SPLINE_CURVE_WITH_KNOTS('',3,(#12510,#12511,#12512,#12513,#12514,
#12515,#12516),.UNSPECIFIED.,.F.,.F.,(4,3,4),(0.,0.521514781139474,1.),
 .UNSPECIFIED.);
#594=FACE_OUTER_BOUND('',#3097,.T.);
#595=FACE_OUTER_BOUND('',#3098,.T.);
#596=FACE_OUTER_BOUND('',#3099,.T.);
#597=FACE_OUTER_BOUND('',#3100,.T.);
#598=FACE_OUTER_BOUND('',#3101,.T.);
#599=FACE_OUTER_BOUND('',#3102,.T.);
#600=FACE_OUTER_BOUND('',#3103,.T.);
#601=FACE_OUTER_BOUND('',#3106,.T.);
#602=FACE_OUTER_BOUND('',#3107,.T.);
#603=FACE_OUTER_BOUND('',#3108,.T.);
#604=FACE_OUTER_BOUND('',#3109,.T.);
#605=FACE_OUTER_BOUND('',#3110,.T.);
#606=FACE_OUTER_BOUND('',#3111,.T.);
#607=FACE_OUTER_BOUND('',#3112,.T.);
#608=FACE_OUTER_BOUND('',#3113,.T.);
#609=FACE_OUTER_BOUND('',#3114,.T.);
#610=FACE_OUTER_BOUND('',#3115,.T.);
#611=FACE_OUTER_BOUND('',#3116,.T.);
#612=FACE_OUTER_BOUND('',#3117,.T.);
#613=FACE_OUTER_BOUND('',#3118,.T.);
#614=FACE_OUTER_BOUND('',#3119,.T.);
#615=FACE_OUTER_BOUND('',#3120,.T.);
#616=FACE_OUTER_BOUND('',#3121,.T.);
#617=FACE_OUTER_BOUND('',#3122,.T.);
#618=FACE_OUTER_BOUND('',#3123,.T.);
#619=FACE_OUTER_BOUND('',#3124,.T.);
#620=FACE_OUTER_BOUND('',#3125,.T.);
#621=FACE_OUTER_BOUND('',#3126,.T.);
#622=FACE_OUTER_BOUND('',#3127,.T.);
#623=FACE_OUTER_BOUND('',#3128,.T.);
#624=FACE_OUTER_BOUND('',#3129,.T.);
#625=FACE_OUTER_BOUND('',#3130,.T.);
#626=FACE_OUTER_BOUND('',#3131,.T.);
#627=FACE_OUTER_BOUND('',#3132,.T.);
#628=FACE_OUTER_BOUND('',#3133,.T.);
#629=FACE_OUTER_BOUND('',#3134,.T.);
#630=FACE_OUTER_BOUND('',#3135,.T.);
#631=FACE_OUTER_BOUND('',#3136,.T.);
#632=FACE_OUTER_BOUND('',#3137,.T.);
#633=FACE_OUTER_BOUND('',#3138,.T.);
#634=FACE_OUTER_BOUND('',#3145,.T.);
#635=FACE_OUTER_BOUND('',#3146,.T.);
#636=FACE_OUTER_BOUND('',#3147,.T.);
#637=FACE_OUTER_BOUND('',#3148,.T.);
#638=FACE_OUTER_BOUND('',#3149,.T.);
#639=FACE_OUTER_BOUND('',#3150,.T.);
#640=FACE_OUTER_BOUND('',#3151,.T.);
#641=FACE_OUTER_BOUND('',#3152,.T.);
#642=FACE_OUTER_BOUND('',#3153,.T.);
#643=FACE_OUTER_BOUND('',#3154,.T.);
#644=FACE_OUTER_BOUND('',#3155,.T.);
#645=FACE_OUTER_BOUND('',#3156,.T.);
#646=FACE_OUTER_BOUND('',#3157,.T.);
#647=FACE_OUTER_BOUND('',#3158,.T.);
#648=FACE_OUTER_BOUND('',#3159,.T.);
#649=FACE_OUTER_BOUND('',#3160,.T.);
#650=FACE_OUTER_BOUND('',#3161,.T.);
#651=FACE_OUTER_BOUND('',#3162,.T.);
#652=FACE_OUTER_BOUND('',#3163,.T.);
#653=FACE_OUTER_BOUND('',#3164,.T.);
#654=FACE_OUTER_BOUND('',#3165,.T.);
#655=FACE_OUTER_BOUND('',#3166,.T.);
#656=FACE_OUTER_BOUND('',#3167,.T.);
#657=FACE_OUTER_BOUND('',#3168,.T.);
#658=FACE_OUTER_BOUND('',#3169,.T.);
#659=FACE_OUTER_BOUND('',#3170,.T.);
#660=FACE_OUTER_BOUND('',#3171,.T.);
#661=FACE_OUTER_BOUND('',#3172,.T.);
#662=FACE_OUTER_BOUND('',#3173,.T.);
#663=FACE_OUTER_BOUND('',#3174,.T.);
#664=FACE_OUTER_BOUND('',#3175,.T.);
#665=FACE_OUTER_BOUND('',#3176,.T.);
#666=FACE_OUTER_BOUND('',#3177,.T.);
#667=FACE_OUTER_BOUND('',#3178,.T.);
#668=FACE_OUTER_BOUND('',#3179,.T.);
#669=FACE_OUTER_BOUND('',#3180,.T.);
#670=FACE_OUTER_BOUND('',#3181,.T.);
#671=FACE_OUTER_BOUND('',#3182,.T.);
#672=FACE_OUTER_BOUND('',#3183,.T.);
#673=FACE_OUTER_BOUND('',#3184,.T.);
#674=FACE_OUTER_BOUND('',#3185,.T.);
#675=FACE_OUTER_BOUND('',#3186,.T.);
#676=FACE_OUTER_BOUND('',#3187,.T.);
#677=FACE_OUTER_BOUND('',#3188,.T.);
#678=FACE_OUTER_BOUND('',#3189,.T.);
#679=FACE_OUTER_BOUND('',#3190,.T.);
#680=FACE_OUTER_BOUND('',#3191,.T.);
#681=FACE_OUTER_BOUND('',#3192,.T.);
#682=FACE_OUTER_BOUND('',#3193,.T.);
#683=FACE_OUTER_BOUND('',#3194,.T.);
#684=FACE_OUTER_BOUND('',#3195,.T.);
#685=FACE_OUTER_BOUND('',#3196,.T.);
#686=FACE_OUTER_BOUND('',#3197,.T.);
#687=FACE_OUTER_BOUND('',#3198,.T.);
#688=FACE_OUTER_BOUND('',#3199,.T.);
#689=FACE_OUTER_BOUND('',#3200,.T.);
#690=FACE_OUTER_BOUND('',#3201,.T.);
#691=FACE_OUTER_BOUND('',#3202,.T.);
#692=FACE_OUTER_BOUND('',#3203,.T.);
#693=FACE_OUTER_BOUND('',#3204,.T.);
#694=FACE_OUTER_BOUND('',#3205,.T.);
#695=FACE_OUTER_BOUND('',#3206,.T.);
#696=FACE_OUTER_BOUND('',#3209,.T.);
#697=FACE_OUTER_BOUND('',#3212,.T.);
#698=FACE_OUTER_BOUND('',#3215,.T.);
#699=FACE_OUTER_BOUND('',#3216,.T.);
#700=FACE_OUTER_BOUND('',#3217,.T.);
#701=FACE_OUTER_BOUND('',#3218,.T.);
#702=FACE_OUTER_BOUND('',#3219,.T.);
#703=FACE_OUTER_BOUND('',#3220,.T.);
#704=FACE_OUTER_BOUND('',#3221,.T.);
#705=FACE_OUTER_BOUND('',#3222,.T.);
#706=FACE_OUTER_BOUND('',#3223,.T.);
#707=FACE_OUTER_BOUND('',#3224,.T.);
#708=FACE_OUTER_BOUND('',#3225,.T.);
#709=FACE_OUTER_BOUND('',#3226,.T.);
#710=FACE_OUTER_BOUND('',#3227,.T.);
#711=FACE_OUTER_BOUND('',#3228,.T.);
#712=FACE_OUTER_BOUND('',#3229,.T.);
#713=FACE_OUTER_BOUND('',#3230,.T.);
#714=FACE_OUTER_BOUND('',#3231,.T.);
#715=FACE_OUTER_BOUND('',#3232,.T.);
#716=FACE_OUTER_BOUND('',#3233,.T.);
#717=FACE_OUTER_BOUND('',#3234,.T.);
#718=FACE_OUTER_BOUND('',#3235,.T.);
#719=FACE_OUTER_BOUND('',#3240,.T.);
#720=FACE_OUTER_BOUND('',#3241,.T.);
#721=FACE_OUTER_BOUND('',#3242,.T.);
#722=FACE_OUTER_BOUND('',#3243,.T.);
#723=FACE_OUTER_BOUND('',#3244,.T.);
#724=FACE_OUTER_BOUND('',#3245,.T.);
#725=FACE_OUTER_BOUND('',#3246,.T.);
#726=FACE_OUTER_BOUND('',#3247,.T.);
#727=FACE_OUTER_BOUND('',#3248,.T.);
#728=FACE_OUTER_BOUND('',#3249,.T.);
#729=FACE_OUTER_BOUND('',#3250,.T.);
#730=FACE_OUTER_BOUND('',#3251,.T.);
#731=FACE_OUTER_BOUND('',#3252,.T.);
#732=FACE_OUTER_BOUND('',#3253,.T.);
#733=FACE_OUTER_BOUND('',#3254,.T.);
#734=FACE_OUTER_BOUND('',#3255,.T.);
#735=FACE_OUTER_BOUND('',#3256,.T.);
#736=FACE_OUTER_BOUND('',#3257,.T.);
#737=FACE_OUTER_BOUND('',#3258,.T.);
#738=FACE_OUTER_BOUND('',#3259,.T.);
#739=FACE_OUTER_BOUND('',#3260,.T.);
#740=FACE_OUTER_BOUND('',#3261,.T.);
#741=FACE_OUTER_BOUND('',#3262,.T.);
#742=FACE_OUTER_BOUND('',#3263,.T.);
#743=FACE_OUTER_BOUND('',#3264,.T.);
#744=FACE_OUTER_BOUND('',#3265,.T.);
#745=FACE_OUTER_BOUND('',#3266,.T.);
#746=FACE_OUTER_BOUND('',#3267,.T.);
#747=FACE_OUTER_BOUND('',#3268,.T.);
#748=FACE_OUTER_BOUND('',#3271,.T.);
#749=FACE_OUTER_BOUND('',#3274,.T.);
#750=FACE_OUTER_BOUND('',#3275,.T.);
#751=FACE_OUTER_BOUND('',#3276,.T.);
#752=FACE_OUTER_BOUND('',#3277,.T.);
#753=FACE_OUTER_BOUND('',#3278,.T.);
#754=FACE_OUTER_BOUND('',#3279,.T.);
#755=FACE_OUTER_BOUND('',#3280,.T.);
#756=FACE_OUTER_BOUND('',#3281,.T.);
#757=FACE_OUTER_BOUND('',#3282,.T.);
#758=FACE_OUTER_BOUND('',#3283,.T.);
#759=FACE_OUTER_BOUND('',#3284,.T.);
#760=FACE_OUTER_BOUND('',#3285,.T.);
#761=FACE_OUTER_BOUND('',#3286,.T.);
#762=FACE_OUTER_BOUND('',#3287,.T.);
#763=FACE_OUTER_BOUND('',#3288,.T.);
#764=FACE_OUTER_BOUND('',#3289,.T.);
#765=FACE_OUTER_BOUND('',#3290,.T.);
#766=FACE_OUTER_BOUND('',#3291,.T.);
#767=FACE_OUTER_BOUND('',#3292,.T.);
#768=FACE_OUTER_BOUND('',#3293,.T.);
#769=FACE_OUTER_BOUND('',#3294,.T.);
#770=FACE_OUTER_BOUND('',#3295,.T.);
#771=FACE_OUTER_BOUND('',#3296,.T.);
#772=FACE_OUTER_BOUND('',#3297,.T.);
#773=FACE_OUTER_BOUND('',#3298,.T.);
#774=FACE_OUTER_BOUND('',#3299,.T.);
#775=FACE_OUTER_BOUND('',#3305,.T.);
#776=FACE_OUTER_BOUND('',#3306,.T.);
#777=FACE_OUTER_BOUND('',#3307,.T.);
#778=FACE_OUTER_BOUND('',#3308,.T.);
#779=FACE_OUTER_BOUND('',#3309,.T.);
#780=FACE_OUTER_BOUND('',#3310,.T.);
#781=FACE_OUTER_BOUND('',#3311,.T.);
#782=FACE_OUTER_BOUND('',#3312,.T.);
#783=FACE_OUTER_BOUND('',#3313,.T.);
#784=FACE_OUTER_BOUND('',#3314,.T.);
#785=FACE_OUTER_BOUND('',#3315,.T.);
#786=FACE_OUTER_BOUND('',#3316,.T.);
#787=FACE_OUTER_BOUND('',#3317,.T.);
#788=FACE_OUTER_BOUND('',#3318,.T.);
#789=FACE_OUTER_BOUND('',#3319,.T.);
#790=FACE_OUTER_BOUND('',#3322,.T.);
#791=FACE_OUTER_BOUND('',#3323,.T.);
#792=FACE_OUTER_BOUND('',#3324,.T.);
#793=FACE_OUTER_BOUND('',#3325,.T.);
#794=FACE_OUTER_BOUND('',#3326,.T.);
#795=FACE_OUTER_BOUND('',#3327,.T.);
#796=FACE_OUTER_BOUND('',#3328,.T.);
#797=FACE_OUTER_BOUND('',#3329,.T.);
#798=FACE_OUTER_BOUND('',#3330,.T.);
#799=FACE_OUTER_BOUND('',#3331,.T.);
#800=FACE_OUTER_BOUND('',#3332,.T.);
#801=FACE_OUTER_BOUND('',#3333,.T.);
#802=FACE_OUTER_BOUND('',#3334,.T.);
#803=FACE_OUTER_BOUND('',#3335,.T.);
#804=FACE_OUTER_BOUND('',#3336,.T.);
#805=FACE_OUTER_BOUND('',#3337,.T.);
#806=FACE_OUTER_BOUND('',#3338,.T.);
#807=FACE_OUTER_BOUND('',#3341,.T.);
#808=FACE_OUTER_BOUND('',#3342,.T.);
#809=FACE_OUTER_BOUND('',#3345,.T.);
#810=FACE_OUTER_BOUND('',#3346,.T.);
#811=FACE_OUTER_BOUND('',#3347,.T.);
#812=FACE_OUTER_BOUND('',#3348,.T.);
#813=FACE_OUTER_BOUND('',#3349,.T.);
#814=FACE_OUTER_BOUND('',#3350,.T.);
#815=FACE_OUTER_BOUND('',#3351,.T.);
#816=FACE_OUTER_BOUND('',#3352,.T.);
#817=FACE_OUTER_BOUND('',#3353,.T.);
#818=FACE_OUTER_BOUND('',#3354,.T.);
#819=FACE_OUTER_BOUND('',#3355,.T.);
#820=FACE_OUTER_BOUND('',#3356,.T.);
#821=FACE_OUTER_BOUND('',#3357,.T.);
#822=FACE_OUTER_BOUND('',#3358,.T.);
#823=FACE_OUTER_BOUND('',#3359,.T.);
#824=FACE_OUTER_BOUND('',#3360,.T.);
#825=FACE_OUTER_BOUND('',#3361,.T.);
#826=FACE_OUTER_BOUND('',#3362,.T.);
#827=FACE_OUTER_BOUND('',#3363,.T.);
#828=FACE_OUTER_BOUND('',#3364,.T.);
#829=FACE_OUTER_BOUND('',#3365,.T.);
#830=FACE_OUTER_BOUND('',#3366,.T.);
#831=FACE_OUTER_BOUND('',#3367,.T.);
#832=FACE_OUTER_BOUND('',#3368,.T.);
#833=FACE_OUTER_BOUND('',#3369,.T.);
#834=FACE_OUTER_BOUND('',#3370,.T.);
#835=FACE_OUTER_BOUND('',#3371,.T.);
#836=FACE_OUTER_BOUND('',#3372,.T.);
#837=FACE_OUTER_BOUND('',#3373,.T.);
#838=FACE_OUTER_BOUND('',#3374,.T.);
#839=FACE_OUTER_BOUND('',#3375,.T.);
#840=FACE_OUTER_BOUND('',#3376,.T.);
#841=FACE_OUTER_BOUND('',#3377,.T.);
#842=FACE_OUTER_BOUND('',#3378,.T.);
#843=FACE_OUTER_BOUND('',#3379,.T.);
#844=FACE_OUTER_BOUND('',#3380,.T.);
#845=FACE_OUTER_BOUND('',#3381,.T.);
#846=FACE_OUTER_BOUND('',#3382,.T.);
#847=FACE_OUTER_BOUND('',#3383,.T.);
#848=FACE_OUTER_BOUND('',#3384,.T.);
#849=FACE_OUTER_BOUND('',#3385,.T.);
#850=FACE_OUTER_BOUND('',#3386,.T.);
#851=FACE_OUTER_BOUND('',#3387,.T.);
#852=FACE_OUTER_BOUND('',#3388,.T.);
#853=FACE_OUTER_BOUND('',#3389,.T.);
#854=FACE_OUTER_BOUND('',#3390,.T.);
#855=FACE_OUTER_BOUND('',#3391,.T.);
#856=FACE_OUTER_BOUND('',#3392,.T.);
#857=FACE_OUTER_BOUND('',#3393,.T.);
#858=FACE_OUTER_BOUND('',#3394,.T.);
#859=FACE_OUTER_BOUND('',#3395,.T.);
#860=FACE_OUTER_BOUND('',#3396,.T.);
#861=FACE_OUTER_BOUND('',#3397,.T.);
#862=FACE_OUTER_BOUND('',#3398,.T.);
#863=FACE_OUTER_BOUND('',#3399,.T.);
#864=FACE_OUTER_BOUND('',#3400,.T.);
#865=FACE_OUTER_BOUND('',#3401,.T.);
#866=FACE_OUTER_BOUND('',#3402,.T.);
#867=FACE_OUTER_BOUND('',#3407,.T.);
#868=FACE_OUTER_BOUND('',#3408,.T.);
#869=FACE_OUTER_BOUND('',#3409,.T.);
#870=FACE_OUTER_BOUND('',#3410,.T.);
#871=FACE_OUTER_BOUND('',#3411,.T.);
#872=FACE_OUTER_BOUND('',#3414,.T.);
#873=FACE_OUTER_BOUND('',#3415,.T.);
#874=FACE_OUTER_BOUND('',#3416,.T.);
#875=FACE_OUTER_BOUND('',#3417,.T.);
#876=FACE_OUTER_BOUND('',#3418,.T.);
#877=FACE_OUTER_BOUND('',#3419,.T.);
#878=FACE_OUTER_BOUND('',#3420,.T.);
#879=FACE_OUTER_BOUND('',#3421,.T.);
#880=FACE_OUTER_BOUND('',#3422,.T.);
#881=FACE_OUTER_BOUND('',#3423,.T.);
#882=FACE_OUTER_BOUND('',#3424,.T.);
#883=FACE_OUTER_BOUND('',#3425,.T.);
#884=FACE_OUTER_BOUND('',#3426,.T.);
#885=FACE_OUTER_BOUND('',#3427,.T.);
#886=FACE_OUTER_BOUND('',#3428,.T.);
#887=FACE_OUTER_BOUND('',#3429,.T.);
#888=FACE_OUTER_BOUND('',#3430,.T.);
#889=FACE_OUTER_BOUND('',#3431,.T.);
#890=FACE_OUTER_BOUND('',#3432,.T.);
#891=FACE_OUTER_BOUND('',#3433,.T.);
#892=FACE_OUTER_BOUND('',#3434,.T.);
#893=FACE_OUTER_BOUND('',#3435,.T.);
#894=FACE_OUTER_BOUND('',#3436,.T.);
#895=FACE_OUTER_BOUND('',#3437,.T.);
#896=FACE_OUTER_BOUND('',#3438,.T.);
#897=FACE_OUTER_BOUND('',#3439,.T.);
#898=FACE_OUTER_BOUND('',#3440,.T.);
#899=FACE_OUTER_BOUND('',#3441,.T.);
#900=FACE_OUTER_BOUND('',#3442,.T.);
#901=FACE_OUTER_BOUND('',#3447,.T.);
#902=FACE_OUTER_BOUND('',#3448,.T.);
#903=FACE_OUTER_BOUND('',#3449,.T.);
#904=FACE_OUTER_BOUND('',#3450,.T.);
#905=FACE_OUTER_BOUND('',#3451,.T.);
#906=FACE_OUTER_BOUND('',#3452,.T.);
#907=FACE_OUTER_BOUND('',#3453,.T.);
#908=FACE_OUTER_BOUND('',#3454,.T.);
#909=FACE_OUTER_BOUND('',#3455,.T.);
#910=FACE_OUTER_BOUND('',#3456,.T.);
#911=FACE_OUTER_BOUND('',#3457,.T.);
#912=FACE_OUTER_BOUND('',#3458,.T.);
#913=FACE_OUTER_BOUND('',#3459,.T.);
#914=FACE_OUTER_BOUND('',#3460,.T.);
#915=FACE_OUTER_BOUND('',#3461,.T.);
#916=FACE_OUTER_BOUND('',#3462,.T.);
#917=FACE_OUTER_BOUND('',#3463,.T.);
#918=FACE_OUTER_BOUND('',#3464,.T.);
#919=FACE_OUTER_BOUND('',#3465,.T.);
#920=FACE_OUTER_BOUND('',#3466,.T.);
#921=FACE_OUTER_BOUND('',#3467,.T.);
#922=FACE_OUTER_BOUND('',#3468,.T.);
#923=FACE_OUTER_BOUND('',#3469,.T.);
#924=FACE_OUTER_BOUND('',#3472,.T.);
#925=FACE_OUTER_BOUND('',#3473,.T.);
#926=FACE_OUTER_BOUND('',#3474,.T.);
#927=FACE_OUTER_BOUND('',#3475,.T.);
#928=FACE_OUTER_BOUND('',#3476,.T.);
#929=FACE_OUTER_BOUND('',#3477,.T.);
#930=FACE_OUTER_BOUND('',#3478,.T.);
#931=FACE_OUTER_BOUND('',#3479,.T.);
#932=FACE_OUTER_BOUND('',#3480,.T.);
#933=FACE_OUTER_BOUND('',#3481,.T.);
#934=FACE_OUTER_BOUND('',#3482,.T.);
#935=FACE_OUTER_BOUND('',#3483,.T.);
#936=FACE_OUTER_BOUND('',#3484,.T.);
#937=FACE_OUTER_BOUND('',#3485,.T.);
#938=FACE_OUTER_BOUND('',#3486,.T.);
#939=FACE_OUTER_BOUND('',#3487,.T.);
#940=FACE_OUTER_BOUND('',#3488,.T.);
#941=FACE_OUTER_BOUND('',#3489,.T.);
#942=FACE_OUTER_BOUND('',#3490,.T.);
#943=FACE_OUTER_BOUND('',#3491,.T.);
#944=FACE_OUTER_BOUND('',#3492,.T.);
#945=FACE_OUTER_BOUND('',#3493,.T.);
#946=FACE_OUTER_BOUND('',#3494,.T.);
#947=FACE_OUTER_BOUND('',#3495,.T.);
#948=FACE_OUTER_BOUND('',#3508,.T.);
#949=FACE_OUTER_BOUND('',#3509,.T.);
#950=FACE_OUTER_BOUND('',#3510,.T.);
#951=FACE_OUTER_BOUND('',#3511,.T.);
#952=FACE_OUTER_BOUND('',#3512,.T.);
#953=FACE_OUTER_BOUND('',#3513,.T.);
#954=FACE_OUTER_BOUND('',#3518,.T.);
#955=FACE_OUTER_BOUND('',#3521,.T.);
#956=FACE_OUTER_BOUND('',#3522,.T.);
#957=FACE_OUTER_BOUND('',#3523,.T.);
#958=FACE_OUTER_BOUND('',#3524,.T.);
#959=FACE_OUTER_BOUND('',#3525,.T.);
#960=FACE_OUTER_BOUND('',#3526,.T.);
#961=FACE_OUTER_BOUND('',#3527,.T.);
#962=FACE_OUTER_BOUND('',#3528,.T.);
#963=FACE_OUTER_BOUND('',#3529,.T.);
#964=FACE_OUTER_BOUND('',#3530,.T.);
#965=FACE_OUTER_BOUND('',#3531,.T.);
#966=FACE_OUTER_BOUND('',#3532,.T.);
#967=FACE_OUTER_BOUND('',#3533,.T.);
#968=FACE_OUTER_BOUND('',#3534,.T.);
#969=FACE_OUTER_BOUND('',#3535,.T.);
#970=FACE_OUTER_BOUND('',#3538,.T.);
#971=FACE_OUTER_BOUND('',#3539,.T.);
#972=FACE_OUTER_BOUND('',#3540,.T.);
#973=FACE_OUTER_BOUND('',#3541,.T.);
#974=FACE_OUTER_BOUND('',#3542,.T.);
#975=FACE_OUTER_BOUND('',#3543,.T.);
#976=FACE_OUTER_BOUND('',#3544,.T.);
#977=FACE_OUTER_BOUND('',#3545,.T.);
#978=FACE_OUTER_BOUND('',#3546,.T.);
#979=FACE_OUTER_BOUND('',#3547,.T.);
#980=FACE_OUTER_BOUND('',#3548,.T.);
#981=FACE_OUTER_BOUND('',#3549,.T.);
#982=FACE_OUTER_BOUND('',#3550,.T.);
#983=FACE_OUTER_BOUND('',#3551,.T.);
#984=FACE_OUTER_BOUND('',#3552,.T.);
#985=FACE_OUTER_BOUND('',#3553,.T.);
#986=FACE_OUTER_BOUND('',#3554,.T.);
#987=FACE_OUTER_BOUND('',#3555,.T.);
#988=FACE_OUTER_BOUND('',#3556,.T.);
#989=FACE_OUTER_BOUND('',#3557,.T.);
#990=FACE_OUTER_BOUND('',#3558,.T.);
#991=FACE_OUTER_BOUND('',#3559,.T.);
#992=FACE_OUTER_BOUND('',#3560,.T.);
#993=FACE_OUTER_BOUND('',#3561,.T.);
#994=FACE_OUTER_BOUND('',#3562,.T.);
#995=FACE_OUTER_BOUND('',#3563,.T.);
#996=FACE_OUTER_BOUND('',#3564,.T.);
#997=FACE_OUTER_BOUND('',#3565,.T.);
#998=FACE_OUTER_BOUND('',#3566,.T.);
#999=FACE_OUTER_BOUND('',#3567,.T.);
#1000=FACE_OUTER_BOUND('',#3568,.T.);
#1001=LINE('',#11060,#1685);
#1002=LINE('',#11062,#1686);
#1003=LINE('',#11064,#1687);
#1004=LINE('',#11068,#1688);
#1005=LINE('',#11070,#1689);
#1006=LINE('',#11075,#1690);
#1007=LINE('',#11079,#1691);
#1008=LINE('',#11081,#1692);
#1009=LINE('',#11083,#1693);
#1010=LINE('',#11085,#1694);
#1011=LINE('',#11087,#1695);
#1012=LINE('',#11089,#1696);
#1013=LINE('',#11091,#1697);
#1014=LINE('',#11095,#1698);
#1015=LINE('',#11098,#1699);
#1016=LINE('',#11101,#1700);
#1017=LINE('',#11103,#1701);
#1018=LINE('',#11105,#1702);
#1019=LINE('',#11109,#1703);
#1020=LINE('',#11112,#1704);
#1021=LINE('',#11114,#1705);
#1022=LINE('',#11117,#1706);
#1023=LINE('',#11119,#1707);
#1024=LINE('',#11121,#1708);
#1025=LINE('',#11123,#1709);
#1026=LINE('',#11124,#1710);
#1027=LINE('',#11126,#1711);
#1028=LINE('',#11128,#1712);
#1029=LINE('',#11129,#1713);
#1030=LINE('',#11131,#1714);
#1031=LINE('',#11133,#1715);
#1032=LINE('',#11136,#1716);
#1033=LINE('',#11138,#1717);
#1034=LINE('',#11140,#1718);
#1035=LINE('',#11142,#1719);
#1036=LINE('',#11144,#1720);
#1037=LINE('',#11146,#1721);
#1038=LINE('',#11149,#1722);
#1039=LINE('',#11151,#1723);
#1040=LINE('',#11167,#1724);
#1041=LINE('',#11183,#1725);
#1042=LINE('',#11199,#1726);
#1043=LINE('',#11219,#1727);
#1044=LINE('',#11225,#1728);
#1045=LINE('',#11226,#1729);
#1046=LINE('',#11228,#1730);
#1047=LINE('',#11229,#1731);
#1048=LINE('',#11241,#1732);
#1049=LINE('',#11310,#1733);
#1050=LINE('',#11349,#1734);
#1051=LINE('',#11351,#1735);
#1052=LINE('',#11384,#1736);
#1053=LINE('',#11389,#1737);
#1054=LINE('',#11395,#1738);
#1055=LINE('',#11399,#1739);
#1056=LINE('',#11400,#1740);
#1057=LINE('',#11404,#1741);
#1058=LINE('',#11408,#1742);
#1059=LINE('',#11412,#1743);
#1060=LINE('',#11416,#1744);
#1061=LINE('',#11420,#1745);
#1062=LINE('',#11424,#1746);
#1063=LINE('',#11425,#1747);
#1064=LINE('',#11429,#1748);
#1065=LINE('',#11431,#1749);
#1066=LINE('',#11433,#1750);
#1067=LINE('',#11435,#1751);
#1068=LINE('',#11437,#1752);
#1069=LINE('',#11439,#1753);
#1070=LINE('',#11440,#1754);
#1071=LINE('',#11442,#1755);
#1072=LINE('',#11444,#1756);
#1073=LINE('',#11449,#1757);
#1074=LINE('',#11451,#1758);
#1075=LINE('',#11455,#1759);
#1076=LINE('',#11457,#1760);
#1077=LINE('',#11458,#1761);
#1078=LINE('',#11460,#1762);
#1079=LINE('',#11462,#1763);
#1080=LINE('',#11465,#1764);
#1081=LINE('',#11467,#1765);
#1082=LINE('',#11469,#1766);
#1083=LINE('',#11471,#1767);
#1084=LINE('',#11474,#1768);
#1085=LINE('',#11476,#1769);
#1086=LINE('',#11478,#1770);
#1087=LINE('',#11480,#1771);
#1088=LINE('',#11483,#1772);
#1089=LINE('',#11485,#1773);
#1090=LINE('',#11487,#1774);
#1091=LINE('',#11489,#1775);
#1092=LINE('',#11492,#1776);
#1093=LINE('',#11494,#1777);
#1094=LINE('',#11496,#1778);
#1095=LINE('',#11498,#1779);
#1096=LINE('',#11501,#1780);
#1097=LINE('',#11503,#1781);
#1098=LINE('',#11505,#1782);
#1099=LINE('',#11507,#1783);
#1100=LINE('',#11510,#1784);
#1101=LINE('',#11512,#1785);
#1102=LINE('',#11514,#1786);
#1103=LINE('',#11516,#1787);
#1104=LINE('',#11519,#1788);
#1105=LINE('',#11521,#1789);
#1106=LINE('',#11523,#1790);
#1107=LINE('',#11525,#1791);
#1108=LINE('',#11527,#1792);
#1109=LINE('',#11529,#1793);
#1110=LINE('',#11531,#1794);
#1111=LINE('',#11533,#1795);
#1112=LINE('',#11536,#1796);
#1113=LINE('',#11537,#1797);
#1114=LINE('',#11539,#1798);
#1115=LINE('',#11541,#1799);
#1116=LINE('',#11544,#1800);
#1117=LINE('',#11546,#1801);
#1118=LINE('',#11548,#1802);
#1119=LINE('',#11550,#1803);
#1120=LINE('',#11553,#1804);
#1121=LINE('',#11555,#1805);
#1122=LINE('',#11557,#1806);
#1123=LINE('',#11559,#1807);
#1124=LINE('',#11561,#1808);
#1125=LINE('',#11563,#1809);
#1126=LINE('',#11565,#1810);
#1127=LINE('',#11568,#1811);
#1128=LINE('',#11570,#1812);
#1129=LINE('',#11572,#1813);
#1130=LINE('',#11574,#1814);
#1131=LINE('',#11576,#1815);
#1132=LINE('',#11580,#1816);
#1133=LINE('',#11583,#1817);
#1134=LINE('',#11585,#1818);
#1135=LINE('',#11587,#1819);
#1136=LINE('',#11589,#1820);
#1137=LINE('',#11591,#1821);
#1138=LINE('',#11863,#1822);
#1139=LINE('',#11865,#1823);
#1140=LINE('',#11867,#1824);
#1141=LINE('',#11873,#1825);
#1142=LINE('',#11875,#1826);
#1143=LINE('',#11877,#1827);
#1144=LINE('',#11879,#1828);
#1145=LINE('',#11880,#1829);
#1146=LINE('',#11885,#1830);
#1147=LINE('',#11889,#1831);
#1148=LINE('',#11894,#1832);
#1149=LINE('',#11898,#1833);
#1150=LINE('',#11900,#1834);
#1151=LINE('',#11901,#1835);
#1152=LINE('',#11903,#1836);
#1153=LINE('',#11904,#1837);
#1154=LINE('',#11910,#1838);
#1155=LINE('',#11914,#1839);
#1156=LINE('',#11918,#1840);
#1157=LINE('',#11919,#1841);
#1158=LINE('',#11921,#1842);
#1159=LINE('',#11922,#1843);
#1160=LINE('',#11924,#1844);
#1161=LINE('',#11927,#1845);
#1162=LINE('',#11932,#1846);
#1163=LINE('',#11933,#1847);
#1164=LINE('',#11936,#1848);
#1165=LINE('',#11939,#1849);
#1166=LINE('',#11941,#1850);
#1167=LINE('',#11945,#1851);
#1168=LINE('',#11947,#1852);
#1169=LINE('',#11949,#1853);
#1170=LINE('',#11951,#1854);
#1171=LINE('',#11954,#1855);
#1172=LINE('',#11956,#1856);
#1173=LINE('',#11958,#1857);
#1174=LINE('',#11960,#1858);
#1175=LINE('',#11962,#1859);
#1176=LINE('',#11968,#1860);
#1177=LINE('',#11971,#1861);
#1178=LINE('',#11973,#1862);
#1179=LINE('',#11981,#1863);
#1180=LINE('',#11983,#1864);
#1181=LINE('',#11985,#1865);
#1182=LINE('',#11992,#1866);
#1183=LINE('',#11994,#1867);
#1184=LINE('',#12005,#1868);
#1185=LINE('',#12013,#1869);
#1186=LINE('',#12016,#1870);
#1187=LINE('',#12022,#1871);
#1188=LINE('',#12023,#1872);
#1189=LINE('',#12025,#1873);
#1190=LINE('',#12026,#1874);
#1191=LINE('',#12039,#1875);
#1192=LINE('',#12049,#1876);
#1193=LINE('',#12053,#1877);
#1194=LINE('',#12058,#1878);
#1195=LINE('',#12062,#1879);
#1196=LINE('',#12064,#1880);
#1197=LINE('',#12065,#1881);
#1198=LINE('',#12067,#1882);
#1199=LINE('',#12068,#1883);
#1200=LINE('',#12072,#1884);
#1201=LINE('',#12076,#1885);
#1202=LINE('',#12078,#1886);
#1203=LINE('',#12079,#1887);
#1204=LINE('',#12081,#1888);
#1205=LINE('',#12082,#1889);
#1206=LINE('',#12084,#1890);
#1207=LINE('',#12097,#1891);
#1208=LINE('',#12101,#1892);
#1209=LINE('',#12112,#1893);
#1210=LINE('',#12113,#1894);
#1211=LINE('',#12115,#1895);
#1212=LINE('',#12117,#1896);
#1213=LINE('',#12122,#1897);
#1214=LINE('',#12126,#1898);
#1215=LINE('',#12128,#1899);
#1216=LINE('',#12141,#1900);
#1217=LINE('',#12187,#1901);
#1218=LINE('',#12193,#1902);
#1219=LINE('',#12199,#1903);
#1220=LINE('',#12201,#1904);
#1221=LINE('',#12203,#1905);
#1222=LINE('',#12205,#1906);
#1223=LINE('',#12207,#1907);
#1224=LINE('',#12219,#1908);
#1225=LINE('',#12221,#1909);
#1226=LINE('',#12223,#1910);
#1227=LINE('',#12230,#1911);
#1228=LINE('',#12237,#1912);
#1229=LINE('',#12239,#1913);
#1230=LINE('',#12241,#1914);
#1231=LINE('',#12243,#1915);
#1232=LINE('',#12245,#1916);
#1233=LINE('',#12255,#1917);
#1234=LINE('',#12257,#1918);
#1235=LINE('',#12259,#1919);
#1236=LINE('',#12267,#1920);
#1237=LINE('',#12283,#1921);
#1238=LINE('',#12288,#1922);
#1239=LINE('',#12290,#1923);
#1240=LINE('',#12295,#1924);
#1241=LINE('',#12299,#1925);
#1242=LINE('',#12303,#1926);
#1243=LINE('',#12307,#1927);
#1244=LINE('',#12311,#1928);
#1245=LINE('',#12315,#1929);
#1246=LINE('',#12319,#1930);
#1247=LINE('',#12323,#1931);
#1248=LINE('',#12324,#1932);
#1249=LINE('',#12327,#1933);
#1250=LINE('',#12329,#1934);
#1251=LINE('',#12333,#1935);
#1252=LINE('',#12337,#1936);
#1253=LINE('',#12341,#1937);
#1254=LINE('',#12345,#1938);
#1255=LINE('',#12349,#1939);
#1256=LINE('',#12353,#1940);
#1257=LINE('',#12357,#1941);
#1258=LINE('',#12361,#1942);
#1259=LINE('',#12363,#1943);
#1260=LINE('',#12365,#1944);
#1261=LINE('',#12370,#1945);
#1262=LINE('',#12372,#1946);
#1263=LINE('',#12373,#1947);
#1264=LINE('',#12376,#1948);
#1265=LINE('',#12378,#1949);
#1266=LINE('',#12380,#1950);
#1267=LINE('',#12384,#1951);
#1268=LINE('',#12388,#1952);
#1269=LINE('',#12392,#1953);
#1270=LINE('',#12396,#1954);
#1271=LINE('',#12407,#1955);
#1272=LINE('',#12411,#1956);
#1273=LINE('',#12414,#1957);
#1274=LINE('',#12415,#1958);
#1275=LINE('',#12417,#1959);
#1276=LINE('',#12419,#1960);
#1277=LINE('',#12421,#1961);
#1278=LINE('',#12423,#1962);
#1279=LINE('',#12425,#1963);
#1280=LINE('',#12431,#1964);
#1281=LINE('',#12434,#1965);
#1282=LINE('',#12435,#1966);
#1283=LINE('',#12437,#1967);
#1284=LINE('',#12443,#1968);
#1285=LINE('',#12446,#1969);
#1286=LINE('',#12447,#1970);
#1287=LINE('',#12449,#1971);
#1288=LINE('',#12455,#1972);
#1289=LINE('',#12458,#1973);
#1290=LINE('',#12459,#1974);
#1291=LINE('',#12461,#1975);
#1292=LINE('',#12462,#1976);
#1293=LINE('',#12464,#1977);
#1294=LINE('',#12466,#1978);
#1295=LINE('',#12472,#1979);
#1296=LINE('',#12475,#1980);
#1297=LINE('',#12476,#1981);
#1298=LINE('',#12478,#1982);
#1299=LINE('',#12484,#1983);
#1300=LINE('',#12487,#1984);
#1301=LINE('',#12488,#1985);
#1302=LINE('',#12490,#1986);
#1303=LINE('',#12496,#1987);
#1304=LINE('',#12499,#1988);
#1305=LINE('',#12500,#1989);
#1306=LINE('',#12502,#1990);
#1307=LINE('',#12504,#1991);
#1308=LINE('',#12506,#1992);
#1309=LINE('',#12508,#1993);
#1310=LINE('',#12522,#1994);
#1311=LINE('',#12525,#1995);
#1312=LINE('',#12527,#1996);
#1313=LINE('',#12531,#1997);
#1314=LINE('',#12533,#1998);
#1315=LINE('',#12535,#1999);
#1316=LINE('',#12539,#2000);
#1317=LINE('',#12541,#2001);
#1318=LINE('',#12579,#2002);
#1319=LINE('',#12581,#2003);
#1320=LINE('',#12583,#2004);
#1321=LINE('',#12585,#2005);
#1322=LINE('',#12587,#2006);
#1323=LINE('',#12589,#2007);
#1324=LINE('',#12594,#2008);
#1325=LINE('',#12598,#2009);
#1326=LINE('',#12602,#2010);
#1327=LINE('',#12606,#2011);
#1328=LINE('',#12610,#2012);
#1329=LINE('',#12614,#2013);
#1330=LINE('',#12618,#2014);
#1331=LINE('',#12622,#2015);
#1332=LINE('',#12624,#2016);
#1333=LINE('',#12626,#2017);
#1334=LINE('',#12628,#2018);
#1335=LINE('',#12630,#2019);
#1336=LINE('',#12632,#2020);
#1337=LINE('',#12634,#2021);
#1338=LINE('',#12636,#2022);
#1339=LINE('',#12641,#2023);
#1340=LINE('',#12645,#2024);
#1341=LINE('',#12649,#2025);
#1342=LINE('',#12661,#2026);
#1343=LINE('',#12665,#2027);
#1344=LINE('',#12667,#2028);
#1345=LINE('',#12669,#2029);
#1346=LINE('',#12671,#2030);
#1347=LINE('',#12673,#2031);
#1348=LINE('',#12675,#2032);
#1349=LINE('',#12681,#2033);
#1350=LINE('',#12683,#2034);
#1351=LINE('',#12685,#2035);
#1352=LINE('',#12687,#2036);
#1353=LINE('',#12689,#2037);
#1354=LINE('',#12693,#2038);
#1355=LINE('',#12697,#2039);
#1356=LINE('',#12699,#2040);
#1357=LINE('',#12701,#2041);
#1358=LINE('',#12703,#2042);
#1359=LINE('',#12705,#2043);
#1360=LINE('',#12707,#2044);
#1361=LINE('',#12713,#2045);
#1362=LINE('',#12715,#2046);
#1363=LINE('',#12717,#2047);
#1364=LINE('',#12719,#2048);
#1365=LINE('',#12721,#2049);
#1366=LINE('',#12757,#2050);
#1367=LINE('',#12760,#2051);
#1368=LINE('',#12762,#2052);
#1369=LINE('',#12764,#2053);
#1370=LINE('',#12766,#2054);
#1371=LINE('',#12767,#2055);
#1372=LINE('',#12769,#2056);
#1373=LINE('',#12771,#2057);
#1374=LINE('',#12773,#2058);
#1375=LINE('',#12783,#2059);
#1376=LINE('',#12785,#2060);
#1377=LINE('',#12787,#2061);
#1378=LINE('',#12789,#2062);
#1379=LINE('',#12790,#2063);
#1380=LINE('',#12792,#2064);
#1381=LINE('',#12795,#2065);
#1382=LINE('',#12797,#2066);
#1383=LINE('',#12799,#2067);
#1384=LINE('',#12801,#2068);
#1385=LINE('',#12804,#2069);
#1386=LINE('',#12806,#2070);
#1387=LINE('',#12808,#2071);
#1388=LINE('',#12812,#2072);
#1389=LINE('',#12814,#2073);
#1390=LINE('',#12817,#2074);
#1391=LINE('',#12819,#2075);
#1392=LINE('',#12821,#2076);
#1393=LINE('',#12825,#2077);
#1394=LINE('',#12827,#2078);
#1395=LINE('',#12831,#2079);
#1396=LINE('',#12833,#2080);
#1397=LINE('',#12836,#2081);
#1398=LINE('',#12837,#2082);
#1399=LINE('',#12839,#2083);
#1400=LINE('',#12840,#2084);
#1401=LINE('',#12842,#2085);
#1402=LINE('',#12846,#2086);
#1403=LINE('',#12849,#2087);
#1404=LINE('',#12851,#2088);
#1405=LINE('',#12853,#2089);
#1406=LINE('',#12857,#2090);
#1407=LINE('',#12861,#2091);
#1408=LINE('',#12863,#2092);
#1409=LINE('',#12865,#2093);
#1410=LINE('',#12870,#2094);
#1411=LINE('',#12875,#2095);
#1412=LINE('',#12879,#2096);
#1413=LINE('',#12881,#2097);
#1414=LINE('',#12883,#2098);
#1415=LINE('',#12885,#2099);
#1416=LINE('',#12887,#2100);
#1417=LINE('',#12891,#2101);
#1418=LINE('',#12895,#2102);
#1419=LINE('',#12899,#2103);
#1420=LINE('',#12900,#2104);
#1421=LINE('',#12904,#2105);
#1422=LINE('',#12908,#2106);
#1423=LINE('',#12912,#2107);
#1424=LINE('',#12914,#2108);
#1425=LINE('',#12916,#2109);
#1426=LINE('',#12918,#2110);
#1427=LINE('',#12922,#2111);
#1428=LINE('',#12926,#2112);
#1429=LINE('',#12930,#2113);
#1430=LINE('',#12932,#2114);
#1431=LINE('',#12934,#2115);
#1432=LINE('',#12937,#2116);
#1433=LINE('',#12939,#2117);
#1434=LINE('',#12941,#2118);
#1435=LINE('',#12943,#2119);
#1436=LINE('',#12945,#2120);
#1437=LINE('',#12946,#2121);
#1438=LINE('',#12948,#2122);
#1439=LINE('',#12949,#2123);
#1440=LINE('',#12951,#2124);
#1441=LINE('',#12953,#2125);
#1442=LINE('',#12955,#2126);
#1443=LINE('',#12957,#2127);
#1444=LINE('',#12958,#2128);
#1445=LINE('',#12962,#2129);
#1446=LINE('',#12964,#2130);
#1447=LINE('',#12965,#2131);
#1448=LINE('',#12967,#2132);
#1449=LINE('',#12969,#2133);
#1450=LINE('',#12971,#2134);
#1451=LINE('',#12973,#2135);
#1452=LINE('',#12976,#2136);
#1453=LINE('',#12977,#2137);
#1454=LINE('',#12978,#2138);
#1455=LINE('',#12980,#2139);
#1456=LINE('',#12981,#2140);
#1457=LINE('',#12983,#2141);
#1458=LINE('',#12985,#2142);
#1459=LINE('',#12987,#2143);
#1460=LINE('',#12990,#2144);
#1461=LINE('',#12991,#2145);
#1462=LINE('',#12993,#2146);
#1463=LINE('',#12994,#2147);
#1464=LINE('',#12996,#2148);
#1465=LINE('',#12998,#2149);
#1466=LINE('',#13000,#2150);
#1467=LINE('',#13002,#2151);
#1468=LINE('',#13004,#2152);
#1469=LINE('',#13008,#2153);
#1470=LINE('',#13010,#2154);
#1471=LINE('',#13012,#2155);
#1472=LINE('',#13014,#2156);
#1473=LINE('',#13015,#2157);
#1474=LINE('',#13017,#2158);
#1475=LINE('',#13018,#2159);
#1476=LINE('',#13020,#2160);
#1477=LINE('',#13022,#2161);
#1478=LINE('',#13024,#2162);
#1479=LINE('',#13028,#2163);
#1480=LINE('',#13032,#2164);
#1481=LINE('',#13036,#2165);
#1482=LINE('',#13039,#2166);
#1483=LINE('',#13040,#2167);
#1484=LINE('',#13042,#2168);
#1485=LINE('',#13044,#2169);
#1486=LINE('',#13046,#2170);
#1487=LINE('',#13047,#2171);
#1488=LINE('',#13049,#2172);
#1489=LINE('',#13051,#2173);
#1490=LINE('',#13052,#2174);
#1491=LINE('',#13057,#2175);
#1492=LINE('',#13059,#2176);
#1493=LINE('',#13061,#2177);
#1494=LINE('',#13063,#2178);
#1495=LINE('',#13065,#2179);
#1496=LINE('',#13067,#2180);
#1497=LINE('',#13069,#2181);
#1498=LINE('',#13070,#2182);
#1499=LINE('',#13072,#2183);
#1500=LINE('',#13074,#2184);
#1501=LINE('',#13079,#2185);
#1502=LINE('',#13081,#2186);
#1503=LINE('',#13087,#2187);
#1504=LINE('',#13088,#2188);
#1505=LINE('',#13090,#2189);
#1506=LINE('',#13091,#2190);
#1507=LINE('',#13093,#2191);
#1508=LINE('',#13094,#2192);
#1509=LINE('',#13096,#2193);
#1510=LINE('',#13097,#2194);
#1511=LINE('',#13099,#2195);
#1512=LINE('',#13103,#2196);
#1513=LINE('',#13104,#2197);
#1514=LINE('',#13106,#2198);
#1515=LINE('',#13108,#2199);
#1516=LINE('',#13109,#2200);
#1517=LINE('',#13111,#2201);
#1518=LINE('',#13112,#2202);
#1519=LINE('',#13114,#2203);
#1520=LINE('',#13117,#2204);
#1521=LINE('',#13119,#2205);
#1522=LINE('',#13121,#2206);
#1523=LINE('',#13127,#2207);
#1524=LINE('',#13131,#2208);
#1525=LINE('',#13135,#2209);
#1526=LINE('',#13139,#2210);
#1527=LINE('',#13140,#2211);
#1528=LINE('',#13142,#2212);
#1529=LINE('',#13144,#2213);
#1530=LINE('',#13147,#2214);
#1531=LINE('',#13150,#2215);
#1532=LINE('',#13152,#2216);
#1533=LINE('',#13154,#2217);
#1534=LINE('',#13156,#2218);
#1535=LINE('',#13159,#2219);
#1536=LINE('',#13160,#2220);
#1537=LINE('',#13162,#2221);
#1538=LINE('',#13164,#2222);
#1539=LINE('',#13166,#2223);
#1540=LINE('',#13173,#2224);
#1541=LINE('',#13179,#2225);
#1542=LINE('',#13181,#2226);
#1543=LINE('',#13183,#2227);
#1544=LINE('',#13185,#2228);
#1545=LINE('',#13194,#2229);
#1546=LINE('',#13196,#2230);
#1547=LINE('',#13198,#2231);
#1548=LINE('',#13202,#2232);
#1549=LINE('',#13204,#2233);
#1550=LINE('',#13206,#2234);
#1551=LINE('',#13208,#2235);
#1552=LINE('',#13210,#2236);
#1553=LINE('',#13212,#2237);
#1554=LINE('',#13214,#2238);
#1555=LINE('',#13217,#2239);
#1556=LINE('',#13225,#2240);
#1557=LINE('',#13227,#2241);
#1558=LINE('',#13229,#2242);
#1559=LINE('',#13231,#2243);
#1560=LINE('',#13233,#2244);
#1561=LINE('',#13235,#2245);
#1562=LINE('',#13237,#2246);
#1563=LINE('',#13239,#2247);
#1564=LINE('',#13241,#2248);
#1565=LINE('',#13243,#2249);
#1566=LINE('',#13247,#2250);
#1567=LINE('',#13250,#2251);
#1568=LINE('',#13252,#2252);
#1569=LINE('',#13254,#2253);
#1570=LINE('',#13256,#2254);
#1571=LINE('',#13259,#2255);
#1572=LINE('',#13261,#2256);
#1573=LINE('',#13263,#2257);
#1574=LINE('',#13267,#2258);
#1575=LINE('',#13275,#2259);
#1576=LINE('',#13279,#2260);
#1577=LINE('',#13283,#2261);
#1578=LINE('',#13284,#2262);
#1579=LINE('',#13290,#2263);
#1580=LINE('',#13292,#2264);
#1581=LINE('',#13296,#2265);
#1582=LINE('',#13300,#2266);
#1583=LINE('',#13302,#2267);
#1584=LINE('',#13306,#2268);
#1585=LINE('',#13310,#2269);
#1586=LINE('',#13312,#2270);
#1587=LINE('',#13313,#2271);
#1588=LINE('',#13315,#2272);
#1589=LINE('',#13316,#2273);
#1590=LINE('',#13319,#2274);
#1591=LINE('',#13320,#2275);
#1592=LINE('',#13322,#2276);
#1593=LINE('',#13323,#2277);
#1594=LINE('',#13343,#2278);
#1595=LINE('',#13346,#2279);
#1596=LINE('',#13348,#2280);
#1597=LINE('',#13350,#2281);
#1598=LINE('',#13352,#2282);
#1599=LINE('',#13354,#2283);
#1600=LINE('',#13356,#2284);
#1601=LINE('',#13358,#2285);
#1602=LINE('',#13360,#2286);
#1603=LINE('',#13362,#2287);
#1604=LINE('',#13364,#2288);
#1605=LINE('',#13366,#2289);
#1606=LINE('',#13368,#2290);
#1607=LINE('',#13370,#2291);
#1608=LINE('',#13372,#2292);
#1609=LINE('',#13374,#2293);
#1610=LINE('',#13376,#2294);
#1611=LINE('',#13378,#2295);
#1612=LINE('',#13388,#2296);
#1613=LINE('',#13391,#2297);
#1614=LINE('',#13393,#2298);
#1615=LINE('',#13395,#2299);
#1616=LINE('',#13397,#2300);
#1617=LINE('',#13399,#2301);
#1618=LINE('',#13401,#2302);
#1619=LINE('',#13403,#2303);
#1620=LINE('',#13405,#2304);
#1621=LINE('',#13408,#2305);
#1622=LINE('',#13409,#2306);
#1623=LINE('',#13411,#2307);
#1624=LINE('',#13414,#2308);
#1625=LINE('',#13415,#2309);
#1626=LINE('',#13417,#2310);
#1627=LINE('',#13419,#2311);
#1628=LINE('',#13421,#2312);
#1629=LINE('',#13423,#2313);
#1630=LINE('',#13426,#2314);
#1631=LINE('',#13427,#2315);
#1632=LINE('',#13429,#2316);
#1633=LINE('',#13432,#2317);
#1634=LINE('',#13433,#2318);
#1635=LINE('',#13435,#2319);
#1636=LINE('',#13437,#2320);
#1637=LINE('',#13439,#2321);
#1638=LINE('',#13441,#2322);
#1639=LINE('',#13443,#2323);
#1640=LINE('',#13446,#2324);
#1641=LINE('',#13448,#2325);
#1642=LINE('',#13450,#2326);
#1643=LINE('',#13452,#2327);
#1644=LINE('',#13454,#2328);
#1645=LINE('',#13456,#2329);
#1646=LINE('',#13458,#2330);
#1647=LINE('',#13460,#2331);
#1648=LINE('',#13462,#2332);
#1649=LINE('',#13464,#2333);
#1650=LINE('',#13466,#2334);
#1651=LINE('',#13468,#2335);
#1652=LINE('',#13470,#2336);
#1653=LINE('',#13472,#2337);
#1654=LINE('',#13477,#2338);
#1655=LINE('',#13481,#2339);
#1656=LINE('',#13485,#2340);
#1657=LINE('',#13489,#2341);
#1658=LINE('',#13493,#2342);
#1659=LINE('',#13497,#2343);
#1660=LINE('',#13501,#2344);
#1661=LINE('',#13508,#2345);
#1662=LINE('',#13513,#2346);
#1663=LINE('',#13514,#2347);
#1664=LINE('',#13517,#2348);
#1665=LINE('',#13518,#2349);
#1666=LINE('',#13520,#2350);
#1667=LINE('',#13524,#2351);
#1668=LINE('',#13528,#2352);
#1669=LINE('',#13534,#2353);
#1670=LINE('',#13539,#2354);
#1671=LINE('',#13543,#2355);
#1672=LINE('',#13544,#2356);
#1673=LINE('',#13550,#2357);
#1674=LINE('',#13551,#2358);
#1675=LINE('',#13557,#2359);
#1676=LINE('',#13558,#2360);
#1677=LINE('',#13562,#2361);
#1678=LINE('',#13567,#2362);
#1679=LINE('',#13569,#2363);
#1680=LINE('',#13574,#2364);
#1681=LINE('',#13576,#2365);
#1682=LINE('',#13581,#2366);
#1683=LINE('',#13583,#2367);
#1684=LINE('',#13588,#2368);
#1685=VECTOR('',#8741,1.);
#1686=VECTOR('',#8742,1.);
#1687=VECTOR('',#8743,1.);
#1688=VECTOR('',#8746,1.);
#1689=VECTOR('',#8749,1.);
#1690=VECTOR('',#8752,1.);
#1691=VECTOR('',#8755,1.);
#1692=VECTOR('',#8756,1.);
#1693=VECTOR('',#8759,1.);
#1694=VECTOR('',#8760,1.);
#1695=VECTOR('',#8761,1.);
#1696=VECTOR('',#8762,1.);
#1697=VECTOR('',#8763,1.);
#1698=VECTOR('',#8768,1.);
#1699=VECTOR('',#8769,1.);
#1700=VECTOR('',#8772,1.);
#1701=VECTOR('',#8773,1.);
#1702=VECTOR('',#8774,1.);
#1703=VECTOR('',#8779,1.);
#1704=VECTOR('',#8782,1.);
#1705=VECTOR('',#8785,1.);
#1706=VECTOR('',#8786,1.);
#1707=VECTOR('',#8787,1.);
#1708=VECTOR('',#8788,1.);
#1709=VECTOR('',#8789,1.);
#1710=VECTOR('',#8790,1.);
#1711=VECTOR('',#8791,1.);
#1712=VECTOR('',#8792,1.);
#1713=VECTOR('',#8793,1.);
#1714=VECTOR('',#8794,1.);
#1715=VECTOR('',#8797,1.);
#1716=VECTOR('',#8800,1.);
#1717=VECTOR('',#8803,1.);
#1718=VECTOR('',#8804,1.);
#1719=VECTOR('',#8805,1.);
#1720=VECTOR('',#8806,1.);
#1721=VECTOR('',#8809,1.);
#1722=VECTOR('',#8810,1.);
#1723=VECTOR('',#8811,1.);
#1724=VECTOR('',#8812,1.);
#1725=VECTOR('',#8813,1.);
#1726=VECTOR('',#8814,1.);
#1727=VECTOR('',#8821,1.);
#1728=VECTOR('',#8828,1.);
#1729=VECTOR('',#8829,1.);
#1730=VECTOR('',#8832,1.);
#1731=VECTOR('',#8833,1.);
#1732=VECTOR('',#8842,1.);
#1733=VECTOR('',#8843,1.);
#1734=VECTOR('',#8862,1.);
#1735=VECTOR('',#8863,1.);
#1736=VECTOR('',#8878,1.);
#1737=VECTOR('',#8883,1.);
#1738=VECTOR('',#8890,1.);
#1739=VECTOR('',#8893,1.);
#1740=VECTOR('',#8894,1.);
#1741=VECTOR('',#8897,1.);
#1742=VECTOR('',#8900,1.);
#1743=VECTOR('',#8903,1.);
#1744=VECTOR('',#8906,1.);
#1745=VECTOR('',#8909,1.);
#1746=VECTOR('',#8912,1.);
#1747=VECTOR('',#8913,1.);
#1748=VECTOR('',#8916,1.);
#1749=VECTOR('',#8919,1.);
#1750=VECTOR('',#8922,1.);
#1751=VECTOR('',#8923,1.);
#1752=VECTOR('',#8924,1.);
#1753=VECTOR('',#8927,1.);
#1754=VECTOR('',#8928,1.);
#1755=VECTOR('',#8929,1.);
#1756=VECTOR('',#8930,1.);
#1757=VECTOR('',#8937,1.);
#1758=VECTOR('',#8940,1.);
#1759=VECTOR('',#8945,1.);
#1760=VECTOR('',#8946,1.);
#1761=VECTOR('',#8947,1.);
#1762=VECTOR('',#8948,1.);
#1763=VECTOR('',#8951,1.);
#1764=VECTOR('',#8952,1.);
#1765=VECTOR('',#8953,1.);
#1766=VECTOR('',#8954,1.);
#1767=VECTOR('',#8957,1.);
#1768=VECTOR('',#8958,1.);
#1769=VECTOR('',#8959,1.);
#1770=VECTOR('',#8960,1.);
#1771=VECTOR('',#8963,1.);
#1772=VECTOR('',#8964,1.);
#1773=VECTOR('',#8965,1.);
#1774=VECTOR('',#8966,1.);
#1775=VECTOR('',#8969,1.);
#1776=VECTOR('',#8970,1.);
#1777=VECTOR('',#8971,1.);
#1778=VECTOR('',#8972,1.);
#1779=VECTOR('',#8975,1.);
#1780=VECTOR('',#8976,1.);
#1781=VECTOR('',#8977,1.);
#1782=VECTOR('',#8978,1.);
#1783=VECTOR('',#8981,1.);
#1784=VECTOR('',#8982,1.);
#1785=VECTOR('',#8983,1.);
#1786=VECTOR('',#8984,1.);
#1787=VECTOR('',#8987,1.);
#1788=VECTOR('',#8988,1.);
#1789=VECTOR('',#8989,1.);
#1790=VECTOR('',#8990,1.);
#1791=VECTOR('',#8993,1.);
#1792=VECTOR('',#8994,1.);
#1793=VECTOR('',#8995,1.);
#1794=VECTOR('',#8996,1.);
#1795=VECTOR('',#8999,1.);
#1796=VECTOR('',#9000,1.);
#1797=VECTOR('',#9001,1.);
#1798=VECTOR('',#9002,1.);
#1799=VECTOR('',#9005,1.);
#1800=VECTOR('',#9006,1.);
#1801=VECTOR('',#9007,1.);
#1802=VECTOR('',#9008,1.);
#1803=VECTOR('',#9011,1.);
#1804=VECTOR('',#9012,1.);
#1805=VECTOR('',#9013,1.);
#1806=VECTOR('',#9014,1.);
#1807=VECTOR('',#9017,1.);
#1808=VECTOR('',#9018,1.);
#1809=VECTOR('',#9019,1.);
#1810=VECTOR('',#9022,1.);
#1811=VECTOR('',#9023,1.);
#1812=VECTOR('',#9024,1.);
#1813=VECTOR('',#9025,1.);
#1814=VECTOR('',#9026,1.);
#1815=VECTOR('',#9027,1.);
#1816=VECTOR('',#9032,1.);
#1817=VECTOR('',#9033,1.);
#1818=VECTOR('',#9034,1.);
#1819=VECTOR('',#9035,1.);
#1820=VECTOR('',#9036,1.);
#1821=VECTOR('',#9037,1.);
#1822=VECTOR('',#9294,1.);
#1823=VECTOR('',#9295,1.);
#1824=VECTOR('',#9296,1.);
#1825=VECTOR('',#9303,1.);
#1826=VECTOR('',#9304,1.);
#1827=VECTOR('',#9305,1.);
#1828=VECTOR('',#9308,1.);
#1829=VECTOR('',#9309,1.);
#1830=VECTOR('',#9314,1.);
#1831=VECTOR('',#9317,1.);
#1832=VECTOR('',#9322,1.);
#1833=VECTOR('',#9325,1.);
#1834=VECTOR('',#9328,1.);
#1835=VECTOR('',#9329,1.);
#1836=VECTOR('',#9332,1.);
#1837=VECTOR('',#9333,1.);
#1838=VECTOR('',#9340,1.);
#1839=VECTOR('',#9345,1.);
#1840=VECTOR('',#9350,1.);
#1841=VECTOR('',#9351,1.);
#1842=VECTOR('',#9354,1.);
#1843=VECTOR('',#9355,1.);
#1844=VECTOR('',#9358,1.);
#1845=VECTOR('',#9363,1.);
#1846=VECTOR('',#9372,1.);
#1847=VECTOR('',#9373,1.);
#1848=VECTOR('',#9378,1.);
#1849=VECTOR('',#9379,1.);
#1850=VECTOR('',#9380,1.);
#1851=VECTOR('',#9383,1.);
#1852=VECTOR('',#9384,1.);
#1853=VECTOR('',#9385,1.);
#1854=VECTOR('',#9388,1.);
#1855=VECTOR('',#9389,1.);
#1856=VECTOR('',#9390,1.);
#1857=VECTOR('',#9391,1.);
#1858=VECTOR('',#9392,1.);
#1859=VECTOR('',#9393,1.);
#1860=VECTOR('',#9400,1.);
#1861=VECTOR('',#9403,1.);
#1862=VECTOR('',#9406,1.);
#1863=VECTOR('',#9407,1.);
#1864=VECTOR('',#9408,1.);
#1865=VECTOR('',#9409,1.);
#1866=VECTOR('',#9410,1.);
#1867=VECTOR('',#9411,1.);
#1868=VECTOR('',#9420,1.);
#1869=VECTOR('',#9431,1.);
#1870=VECTOR('',#9436,1.);
#1871=VECTOR('',#9443,1.);
#1872=VECTOR('',#9444,1.);
#1873=VECTOR('',#9447,1.);
#1874=VECTOR('',#9448,1.);
#1875=VECTOR('',#9463,1.);
#1876=VECTOR('',#9468,1.);
#1877=VECTOR('',#9471,1.);
#1878=VECTOR('',#9476,1.);
#1879=VECTOR('',#9479,1.);
#1880=VECTOR('',#9482,1.);
#1881=VECTOR('',#9483,1.);
#1882=VECTOR('',#9486,1.);
#1883=VECTOR('',#9487,1.);
#1884=VECTOR('',#9492,1.);
#1885=VECTOR('',#9497,1.);
#1886=VECTOR('',#9500,1.);
#1887=VECTOR('',#9501,1.);
#1888=VECTOR('',#9504,1.);
#1889=VECTOR('',#9505,1.);
#1890=VECTOR('',#9508,1.);
#1891=VECTOR('',#9525,1.);
#1892=VECTOR('',#9528,1.);
#1893=VECTOR('',#9541,1.);
#1894=VECTOR('',#9542,1.);
#1895=VECTOR('',#9545,1.);
#1896=VECTOR('',#9548,1.);
#1897=VECTOR('',#9553,1.);
#1898=VECTOR('',#9556,1.);
#1899=VECTOR('',#9559,1.);
#1900=VECTOR('',#9570,1.);
#1901=VECTOR('',#9613,1.);
#1902=VECTOR('',#9614,1.);
#1903=VECTOR('',#9617,1.);
#1904=VECTOR('',#9618,1.);
#1905=VECTOR('',#9621,1.);
#1906=VECTOR('',#9622,1.);
#1907=VECTOR('',#9625,1.);
#1908=VECTOR('',#9628,1.);
#1909=VECTOR('',#9629,1.);
#1910=VECTOR('',#9632,1.);
#1911=VECTOR('',#9633,1.);
#1912=VECTOR('',#9636,1.);
#1913=VECTOR('',#9637,1.);
#1914=VECTOR('',#9640,1.);
#1915=VECTOR('',#9641,1.);
#1916=VECTOR('',#9644,1.);
#1917=VECTOR('',#9647,1.);
#1918=VECTOR('',#9648,1.);
#1919=VECTOR('',#9651,1.);
#1920=VECTOR('',#9666,1.);
#1921=VECTOR('',#9697,1.);
#1922=VECTOR('',#9700,1.);
#1923=VECTOR('',#9701,1.);
#1924=VECTOR('',#9706,1.);
#1925=VECTOR('',#9709,1.);
#1926=VECTOR('',#9712,1.);
#1927=VECTOR('',#9715,1.);
#1928=VECTOR('',#9718,1.);
#1929=VECTOR('',#9721,1.);
#1930=VECTOR('',#9724,1.);
#1931=VECTOR('',#9727,1.);
#1932=VECTOR('',#9728,1.);
#1933=VECTOR('',#9729,1.);
#1934=VECTOR('',#9730,1.);
#1935=VECTOR('',#9733,1.);
#1936=VECTOR('',#9736,1.);
#1937=VECTOR('',#9739,1.);
#1938=VECTOR('',#9742,1.);
#1939=VECTOR('',#9745,1.);
#1940=VECTOR('',#9748,1.);
#1941=VECTOR('',#9751,1.);
#1942=VECTOR('',#9754,1.);
#1943=VECTOR('',#9755,1.);
#1944=VECTOR('',#9758,1.);
#1945=VECTOR('',#9761,1.);
#1946=VECTOR('',#9762,1.);
#1947=VECTOR('',#9763,1.);
#1948=VECTOR('',#9764,1.);
#1949=VECTOR('',#9765,1.);
#1950=VECTOR('',#9766,1.);
#1951=VECTOR('',#9769,1.);
#1952=VECTOR('',#9772,1.);
#1953=VECTOR('',#9775,1.);
#1954=VECTOR('',#9778,1.);
#1955=VECTOR('',#9783,1.);
#1956=VECTOR('',#9788,1.);
#1957=VECTOR('',#9789,1.);
#1958=VECTOR('',#9790,1.);
#1959=VECTOR('',#9791,1.);
#1960=VECTOR('',#9792,1.);
#1961=VECTOR('',#9793,1.);
#1962=VECTOR('',#9794,1.);
#1963=VECTOR('',#9797,1.);
#1964=VECTOR('',#9804,1.);
#1965=VECTOR('',#9805,1.);
#1966=VECTOR('',#9806,1.);
#1967=VECTOR('',#9809,1.);
#1968=VECTOR('',#9816,1.);
#1969=VECTOR('',#9817,1.);
#1970=VECTOR('',#9818,1.);
#1971=VECTOR('',#9821,1.);
#1972=VECTOR('',#9828,1.);
#1973=VECTOR('',#9829,1.);
#1974=VECTOR('',#9830,1.);
#1975=VECTOR('',#9831,1.);
#1976=VECTOR('',#9832,1.);
#1977=VECTOR('',#9833,1.);
#1978=VECTOR('',#9836,1.);
#1979=VECTOR('',#9843,1.);
#1980=VECTOR('',#9844,1.);
#1981=VECTOR('',#9845,1.);
#1982=VECTOR('',#9848,1.);
#1983=VECTOR('',#9855,1.);
#1984=VECTOR('',#9856,1.);
#1985=VECTOR('',#9857,1.);
#1986=VECTOR('',#9860,1.);
#1987=VECTOR('',#9867,1.);
#1988=VECTOR('',#9868,1.);
#1989=VECTOR('',#9869,1.);
#1990=VECTOR('',#9870,1.);
#1991=VECTOR('',#9871,1.);
#1992=VECTOR('',#9872,1.);
#1993=VECTOR('',#9873,1.);
#1994=VECTOR('',#9884,1.);
#1995=VECTOR('',#9885,1.);
#1996=VECTOR('',#9886,1.);
#1997=VECTOR('',#9889,1.);
#1998=VECTOR('',#9890,1.);
#1999=VECTOR('',#9891,1.);
#2000=VECTOR('',#9894,1.);
#2001=VECTOR('',#9895,1.);
#2002=VECTOR('',#9968,1.);
#2003=VECTOR('',#9969,1.);
#2004=VECTOR('',#9970,1.);
#2005=VECTOR('',#9973,1.);
#2006=VECTOR('',#9974,1.);
#2007=VECTOR('',#9975,1.);
#2008=VECTOR('',#9980,1.);
#2009=VECTOR('',#9983,1.);
#2010=VECTOR('',#9986,1.);
#2011=VECTOR('',#9989,1.);
#2012=VECTOR('',#9992,1.);
#2013=VECTOR('',#9995,1.);
#2014=VECTOR('',#9998,1.);
#2015=VECTOR('',#10001,1.);
#2016=VECTOR('',#10004,1.);
#2017=VECTOR('',#10005,1.);
#2018=VECTOR('',#10006,1.);
#2019=VECTOR('',#10009,1.);
#2020=VECTOR('',#10010,1.);
#2021=VECTOR('',#10011,1.);
#2022=VECTOR('',#10014,1.);
#2023=VECTOR('',#10017,1.);
#2024=VECTOR('',#10020,1.);
#2025=VECTOR('',#10023,1.);
#2026=VECTOR('',#10044,1.);
#2027=VECTOR('',#10047,1.);
#2028=VECTOR('',#10050,1.);
#2029=VECTOR('',#10051,1.);
#2030=VECTOR('',#10054,1.);
#2031=VECTOR('',#10055,1.);
#2032=VECTOR('',#10058,1.);
#2033=VECTOR('',#10065,1.);
#2034=VECTOR('',#10068,1.);
#2035=VECTOR('',#10069,1.);
#2036=VECTOR('',#10072,1.);
#2037=VECTOR('',#10073,1.);
#2038=VECTOR('',#10080,1.);
#2039=VECTOR('',#10083,1.);
#2040=VECTOR('',#10086,1.);
#2041=VECTOR('',#10087,1.);
#2042=VECTOR('',#10090,1.);
#2043=VECTOR('',#10091,1.);
#2044=VECTOR('',#10094,1.);
#2045=VECTOR('',#10101,1.);
#2046=VECTOR('',#10104,1.);
#2047=VECTOR('',#10105,1.);
#2048=VECTOR('',#10108,1.);
#2049=VECTOR('',#10109,1.);
#2050=VECTOR('',#10180,1.);
#2051=VECTOR('',#10181,1.);
#2052=VECTOR('',#10182,1.);
#2053=VECTOR('',#10183,1.);
#2054=VECTOR('',#10186,1.);
#2055=VECTOR('',#10187,1.);
#2056=VECTOR('',#10188,1.);
#2057=VECTOR('',#10189,1.);
#2058=VECTOR('',#10190,1.);
#2059=VECTOR('',#10199,1.);
#2060=VECTOR('',#10200,1.);
#2061=VECTOR('',#10201,1.);
#2062=VECTOR('',#10202,1.);
#2063=VECTOR('',#10203,1.);
#2064=VECTOR('',#10206,1.);
#2065=VECTOR('',#10207,1.);
#2066=VECTOR('',#10208,1.);
#2067=VECTOR('',#10209,1.);
#2068=VECTOR('',#10212,1.);
#2069=VECTOR('',#10213,1.);
#2070=VECTOR('',#10214,1.);
#2071=VECTOR('',#10215,1.);
#2072=VECTOR('',#10218,1.);
#2073=VECTOR('',#10221,1.);
#2074=VECTOR('',#10222,1.);
#2075=VECTOR('',#10223,1.);
#2076=VECTOR('',#10224,1.);
#2077=VECTOR('',#10227,1.);
#2078=VECTOR('',#10230,1.);
#2079=VECTOR('',#10233,1.);
#2080=VECTOR('',#10236,1.);
#2081=VECTOR('',#10237,1.);
#2082=VECTOR('',#10238,1.);
#2083=VECTOR('',#10241,1.);
#2084=VECTOR('',#10242,1.);
#2085=VECTOR('',#10245,1.);
#2086=VECTOR('',#10250,1.);
#2087=VECTOR('',#10251,1.);
#2088=VECTOR('',#10252,1.);
#2089=VECTOR('',#10253,1.);
#2090=VECTOR('',#10258,1.);
#2091=VECTOR('',#10263,1.);
#2092=VECTOR('',#10264,1.);
#2093=VECTOR('',#10265,1.);
#2094=VECTOR('',#10274,1.);
#2095=VECTOR('',#10277,1.);
#2096=VECTOR('',#10280,1.);
#2097=VECTOR('',#10281,1.);
#2098=VECTOR('',#10282,1.);
#2099=VECTOR('',#10283,1.);
#2100=VECTOR('',#10284,1.);
#2101=VECTOR('',#10287,1.);
#2102=VECTOR('',#10290,1.);
#2103=VECTOR('',#10293,1.);
#2104=VECTOR('',#10294,1.);
#2105=VECTOR('',#10297,1.);
#2106=VECTOR('',#10300,1.);
#2107=VECTOR('',#10303,1.);
#2108=VECTOR('',#10304,1.);
#2109=VECTOR('',#10305,1.);
#2110=VECTOR('',#10306,1.);
#2111=VECTOR('',#10311,1.);
#2112=VECTOR('',#10314,1.);
#2113=VECTOR('',#10317,1.);
#2114=VECTOR('',#10320,1.);
#2115=VECTOR('',#10323,1.);
#2116=VECTOR('',#10324,1.);
#2117=VECTOR('',#10325,1.);
#2118=VECTOR('',#10326,1.);
#2119=VECTOR('',#10327,1.);
#2120=VECTOR('',#10328,1.);
#2121=VECTOR('',#10329,1.);
#2122=VECTOR('',#10330,1.);
#2123=VECTOR('',#10331,1.);
#2124=VECTOR('',#10332,1.);
#2125=VECTOR('',#10333,1.);
#2126=VECTOR('',#10336,1.);
#2127=VECTOR('',#10339,1.);
#2128=VECTOR('',#10340,1.);
#2129=VECTOR('',#10345,1.);
#2130=VECTOR('',#10348,1.);
#2131=VECTOR('',#10349,1.);
#2132=VECTOR('',#10352,1.);
#2133=VECTOR('',#10355,1.);
#2134=VECTOR('',#10356,1.);
#2135=VECTOR('',#10359,1.);
#2136=VECTOR('',#10360,1.);
#2137=VECTOR('',#10361,1.);
#2138=VECTOR('',#10362,1.);
#2139=VECTOR('',#10363,1.);
#2140=VECTOR('',#10364,1.);
#2141=VECTOR('',#10365,1.);
#2142=VECTOR('',#10366,1.);
#2143=VECTOR('',#10369,1.);
#2144=VECTOR('',#10370,1.);
#2145=VECTOR('',#10371,1.);
#2146=VECTOR('',#10372,1.);
#2147=VECTOR('',#10373,1.);
#2148=VECTOR('',#10374,1.);
#2149=VECTOR('',#10375,1.);
#2150=VECTOR('',#10378,1.);
#2151=VECTOR('',#10379,1.);
#2152=VECTOR('',#10380,1.);
#2153=VECTOR('',#10385,1.);
#2154=VECTOR('',#10386,1.);
#2155=VECTOR('',#10387,1.);
#2156=VECTOR('',#10390,1.);
#2157=VECTOR('',#10391,1.);
#2158=VECTOR('',#10392,1.);
#2159=VECTOR('',#10393,1.);
#2160=VECTOR('',#10394,1.);
#2161=VECTOR('',#10397,1.);
#2162=VECTOR('',#10400,1.);
#2163=VECTOR('',#10403,1.);
#2164=VECTOR('',#10406,1.);
#2165=VECTOR('',#10413,1.);
#2166=VECTOR('',#10414,1.);
#2167=VECTOR('',#10415,1.);
#2168=VECTOR('',#10418,1.);
#2169=VECTOR('',#10419,1.);
#2170=VECTOR('',#10420,1.);
#2171=VECTOR('',#10421,1.);
#2172=VECTOR('',#10422,1.);
#2173=VECTOR('',#10423,1.);
#2174=VECTOR('',#10424,1.);
#2175=VECTOR('',#10429,1.);
#2176=VECTOR('',#10432,1.);
#2177=VECTOR('',#10435,1.);
#2178=VECTOR('',#10438,1.);
#2179=VECTOR('',#10439,1.);
#2180=VECTOR('',#10440,1.);
#2181=VECTOR('',#10443,1.);
#2182=VECTOR('',#10444,1.);
#2183=VECTOR('',#10447,1.);
#2184=VECTOR('',#10450,1.);
#2185=VECTOR('',#10459,1.);
#2186=VECTOR('',#10462,1.);
#2187=VECTOR('',#10473,1.);
#2188=VECTOR('',#10474,1.);
#2189=VECTOR('',#10477,1.);
#2190=VECTOR('',#10478,1.);
#2191=VECTOR('',#10481,1.);
#2192=VECTOR('',#10482,1.);
#2193=VECTOR('',#10485,1.);
#2194=VECTOR('',#10486,1.);
#2195=VECTOR('',#10489,1.);
#2196=VECTOR('',#10496,1.);
#2197=VECTOR('',#10497,1.);
#2198=VECTOR('',#10498,1.);
#2199=VECTOR('',#10501,1.);
#2200=VECTOR('',#10502,1.);
#2201=VECTOR('',#10503,1.);
#2202=VECTOR('',#10504,1.);
#2203=VECTOR('',#10507,1.);
#2204=VECTOR('',#10508,1.);
#2205=VECTOR('',#10509,1.);
#2206=VECTOR('',#10510,1.);
#2207=VECTOR('',#10515,1.);
#2208=VECTOR('',#10518,1.);
#2209=VECTOR('',#10521,1.);
#2210=VECTOR('',#10524,1.);
#2211=VECTOR('',#10525,1.);
#2212=VECTOR('',#10526,1.);
#2213=VECTOR('',#10527,1.);
#2214=VECTOR('',#10532,1.);
#2215=VECTOR('',#10533,1.);
#2216=VECTOR('',#10534,1.);
#2217=VECTOR('',#10535,1.);
#2218=VECTOR('',#10538,1.);
#2219=VECTOR('',#10539,1.);
#2220=VECTOR('',#10540,1.);
#2221=VECTOR('',#10543,1.);
#2222=VECTOR('',#10544,1.);
#2223=VECTOR('',#10545,1.);
#2224=VECTOR('',#10558,1.);
#2225=VECTOR('',#10569,1.);
#2226=VECTOR('',#10572,1.);
#2227=VECTOR('',#10575,1.);
#2228=VECTOR('',#10578,1.);
#2229=VECTOR('',#10591,1.);
#2230=VECTOR('',#10592,1.);
#2231=VECTOR('',#10593,1.);
#2232=VECTOR('',#10598,1.);
#2233=VECTOR('',#10601,1.);
#2234=VECTOR('',#10602,1.);
#2235=VECTOR('',#10605,1.);
#2236=VECTOR('',#10606,1.);
#2237=VECTOR('',#10609,1.);
#2238=VECTOR('',#10610,1.);
#2239=VECTOR('',#10615,1.);
#2240=VECTOR('',#10628,1.);
#2241=VECTOR('',#10629,1.);
#2242=VECTOR('',#10630,1.);
#2243=VECTOR('',#10633,1.);
#2244=VECTOR('',#10634,1.);
#2245=VECTOR('',#10635,1.);
#2246=VECTOR('',#10638,1.);
#2247=VECTOR('',#10639,1.);
#2248=VECTOR('',#10642,1.);
#2249=VECTOR('',#10643,1.);
#2250=VECTOR('',#10650,1.);
#2251=VECTOR('',#10651,1.);
#2252=VECTOR('',#10652,1.);
#2253=VECTOR('',#10653,1.);
#2254=VECTOR('',#10656,1.);
#2255=VECTOR('',#10657,1.);
#2256=VECTOR('',#10658,1.);
#2257=VECTOR('',#10659,1.);
#2258=VECTOR('',#10664,1.);
#2259=VECTOR('',#10673,1.);
#2260=VECTOR('',#10678,1.);
#2261=VECTOR('',#10683,1.);
#2262=VECTOR('',#10684,1.);
#2263=VECTOR('',#10691,1.);
#2264=VECTOR('',#10694,1.);
#2265=VECTOR('',#10697,1.);
#2266=VECTOR('',#10700,1.);
#2267=VECTOR('',#10703,1.);
#2268=VECTOR('',#10706,1.);
#2269=VECTOR('',#10709,1.);
#2270=VECTOR('',#10712,1.);
#2271=VECTOR('',#10713,1.);
#2272=VECTOR('',#10716,1.);
#2273=VECTOR('',#10717,1.);
#2274=VECTOR('',#10722,1.);
#2275=VECTOR('',#10723,1.);
#2276=VECTOR('',#10726,1.);
#2277=VECTOR('',#10727,1.);
#2278=VECTOR('',#10756,1.);
#2279=VECTOR('',#10757,1.);
#2280=VECTOR('',#10758,1.);
#2281=VECTOR('',#10759,1.);
#2282=VECTOR('',#10760,1.);
#2283=VECTOR('',#10761,1.);
#2284=VECTOR('',#10764,1.);
#2285=VECTOR('',#10765,1.);
#2286=VECTOR('',#10766,1.);
#2287=VECTOR('',#10769,1.);
#2288=VECTOR('',#10770,1.);
#2289=VECTOR('',#10773,1.);
#2290=VECTOR('',#10774,1.);
#2291=VECTOR('',#10777,1.);
#2292=VECTOR('',#10778,1.);
#2293=VECTOR('',#10781,1.);
#2294=VECTOR('',#10782,1.);
#2295=VECTOR('',#10785,1.);
#2296=VECTOR('',#10800,1.);
#2297=VECTOR('',#10805,1.);
#2298=VECTOR('',#10806,1.);
#2299=VECTOR('',#10807,1.);
#2300=VECTOR('',#10810,1.);
#2301=VECTOR('',#10811,1.);
#2302=VECTOR('',#10814,1.);
#2303=VECTOR('',#10815,1.);
#2304=VECTOR('',#10818,1.);
#2305=VECTOR('',#10819,1.);
#2306=VECTOR('',#10820,1.);
#2307=VECTOR('',#10823,1.);
#2308=VECTOR('',#10824,1.);
#2309=VECTOR('',#10825,1.);
#2310=VECTOR('',#10828,1.);
#2311=VECTOR('',#10829,1.);
#2312=VECTOR('',#10830,1.);
#2313=VECTOR('',#10833,1.);
#2314=VECTOR('',#10834,1.);
#2315=VECTOR('',#10835,1.);
#2316=VECTOR('',#10838,1.);
#2317=VECTOR('',#10839,1.);
#2318=VECTOR('',#10840,1.);
#2319=VECTOR('',#10841,1.);
#2320=VECTOR('',#10842,1.);
#2321=VECTOR('',#10843,1.);
#2322=VECTOR('',#10844,1.);
#2323=VECTOR('',#10847,1.);
#2324=VECTOR('',#10848,1.);
#2325=VECTOR('',#10849,1.);
#2326=VECTOR('',#10850,1.);
#2327=VECTOR('',#10853,1.);
#2328=VECTOR('',#10854,1.);
#2329=VECTOR('',#10855,1.);
#2330=VECTOR('',#10856,1.);
#2331=VECTOR('',#10857,1.);
#2332=VECTOR('',#10858,1.);
#2333=VECTOR('',#10859,1.);
#2334=VECTOR('',#10862,1.);
#2335=VECTOR('',#10863,1.);
#2336=VECTOR('',#10864,1.);
#2337=VECTOR('',#10867,1.);
#2338=VECTOR('',#10870,1.);
#2339=VECTOR('',#10873,1.);
#2340=VECTOR('',#10876,1.);
#2341=VECTOR('',#10879,1.);
#2342=VECTOR('',#10882,1.);
#2343=VECTOR('',#10885,1.);
#2344=VECTOR('',#10888,1.);
#2345=VECTOR('',#10897,1.);
#2346=VECTOR('',#10904,1.);
#2347=VECTOR('',#10905,1.);
#2348=VECTOR('',#10906,1.);
#2349=VECTOR('',#10907,1.);
#2350=VECTOR('',#10910,1.);
#2351=VECTOR('',#10915,1.);
#2352=VECTOR('',#10920,1.);
#2353=VECTOR('',#10931,1.);
#2354=VECTOR('',#10936,1.);
#2355=VECTOR('',#10941,1.);
#2356=VECTOR('',#10942,1.);
#2357=VECTOR('',#10949,1.);
#2358=VECTOR('',#10950,1.);
#2359=VECTOR('',#10957,1.);
#2360=VECTOR('',#10958,1.);
#2361=VECTOR('',#10963,1.);
#2362=VECTOR('',#10968,1.);
#2363=VECTOR('',#10971,1.);
#2364=VECTOR('',#10976,1.);
#2365=VECTOR('',#10979,1.);
#2366=VECTOR('',#10984,1.);
#2367=VECTOR('',#10987,1.);
#2368=VECTOR('',#10992,1.);
#2369=ADVANCED_FACE('',(#3028,#3029),#2808,.T.);
#2370=ADVANCED_FACE('',(#594),#2809,.T.);
#2371=ADVANCED_FACE('',(#595),#2810,.T.);
#2372=ADVANCED_FACE('',(#596),#2811,.T.);
#2373=ADVANCED_FACE('',(#597),#2812,.T.);
#2374=ADVANCED_FACE('',(#598),#2813,.F.);
#2375=ADVANCED_FACE('',(#599),#2814,.T.);
#2376=ADVANCED_FACE('',(#600),#2815,.T.);
#2377=ADVANCED_FACE('',(#3030,#3031),#2816,.T.);
#2378=ADVANCED_FACE('',(#601),#2817,.F.);
#2379=ADVANCED_FACE('',(#602),#2818,.T.);
#2380=ADVANCED_FACE('',(#603),#404,.F.);
#2381=ADVANCED_FACE('',(#604),#405,.F.);
#2382=ADVANCED_FACE('',(#605),#406,.T.);
#2383=ADVANCED_FACE('',(#606),#407,.T.);
#2384=ADVANCED_FACE('',(#607),#408,.T.);
#2385=ADVANCED_FACE('',(#608),#409,.T.);
#2386=ADVANCED_FACE('',(#609),#410,.T.);
#2387=ADVANCED_FACE('',(#610),#336,.T.);
#2388=ADVANCED_FACE('',(#611),#411,.F.);
#2389=ADVANCED_FACE('',(#612),#337,.T.);
#2390=ADVANCED_FACE('',(#613),#2819,.T.);
#2391=ADVANCED_FACE('',(#614),#2820,.T.);
#2392=ADVANCED_FACE('',(#615),#412,.T.);
#2393=ADVANCED_FACE('',(#616),#2821,.T.);
#2394=ADVANCED_FACE('',(#617),#2822,.T.);
#2395=ADVANCED_FACE('',(#618),#413,.T.);
#2396=ADVANCED_FACE('',(#619),#414,.T.);
#2397=ADVANCED_FACE('',(#620),#415,.T.);
#2398=ADVANCED_FACE('',(#621),#2823,.T.);
#2399=ADVANCED_FACE('',(#622),#2824,.T.);
#2400=ADVANCED_FACE('',(#623),#2825,.T.);
#2401=ADVANCED_FACE('',(#624),#2826,.T.);
#2402=ADVANCED_FACE('',(#625),#2827,.T.);
#2403=ADVANCED_FACE('',(#626),#2828,.T.);
#2404=ADVANCED_FACE('',(#627),#2829,.T.);
#2405=ADVANCED_FACE('',(#628),#2830,.T.);
#2406=ADVANCED_FACE('',(#629),#2831,.T.);
#2407=ADVANCED_FACE('',(#630),#2832,.T.);
#2408=ADVANCED_FACE('',(#631),#2833,.T.);
#2409=ADVANCED_FACE('',(#632),#2834,.T.);
#2410=ADVANCED_FACE('',(#633),#2835,.T.);
#2411=ADVANCED_FACE('',(#3032,#3033),#2836,.T.);
#2412=ADVANCED_FACE('',(#3034,#3035),#2837,.F.);
#2413=ADVANCED_FACE('',(#3036,#3037),#416,.F.);
#2414=ADVANCED_FACE('',(#634),#417,.F.);
#2415=ADVANCED_FACE('',(#635),#338,.T.);
#2416=ADVANCED_FACE('',(#636),#339,.T.);
#2417=ADVANCED_FACE('',(#637),#418,.F.);
#2418=ADVANCED_FACE('',(#638),#419,.T.);
#2419=ADVANCED_FACE('',(#639),#420,.T.);
#2420=ADVANCED_FACE('',(#640),#421,.T.);
#2421=ADVANCED_FACE('',(#641),#422,.F.);
#2422=ADVANCED_FACE('',(#642),#317,.T.);
#2423=ADVANCED_FACE('',(#643),#318,.T.);
#2424=ADVANCED_FACE('',(#644),#340,.T.);
#2425=ADVANCED_FACE('',(#645),#423,.T.);
#2426=ADVANCED_FACE('',(#646),#424,.T.);
#2427=ADVANCED_FACE('',(#647),#425,.T.);
#2428=ADVANCED_FACE('',(#648),#426,.T.);
#2429=ADVANCED_FACE('',(#649),#427,.F.);
#2430=ADVANCED_FACE('',(#650),#428,.F.);
#2431=ADVANCED_FACE('',(#651),#319,.T.);
#2432=ADVANCED_FACE('',(#652),#320,.T.);
#2433=ADVANCED_FACE('',(#653),#341,.T.);
#2434=ADVANCED_FACE('',(#654),#429,.T.);
#2435=ADVANCED_FACE('',(#655),#430,.T.);
#2436=ADVANCED_FACE('',(#656),#431,.T.);
#2437=ADVANCED_FACE('',(#657),#432,.T.);
#2438=ADVANCED_FACE('',(#658),#321,.T.);
#2439=ADVANCED_FACE('',(#659),#322,.T.);
#2440=ADVANCED_FACE('',(#660),#433,.T.);
#2441=ADVANCED_FACE('',(#661),#434,.F.);
#2442=ADVANCED_FACE('',(#662),#323,.F.);
#2443=ADVANCED_FACE('',(#663),#324,.F.);
#2444=ADVANCED_FACE('',(#664),#435,.F.);
#2445=ADVANCED_FACE('',(#665),#436,.F.);
#2446=ADVANCED_FACE('',(#666),#437,.F.);
#2447=ADVANCED_FACE('',(#667),#438,.F.);
#2448=ADVANCED_FACE('',(#668),#439,.T.);
#2449=ADVANCED_FACE('',(#669),#342,.T.);
#2450=ADVANCED_FACE('',(#670),#325,.F.);
#2451=ADVANCED_FACE('',(#671),#326,.F.);
#2452=ADVANCED_FACE('',(#672),#343,.T.);
#2453=ADVANCED_FACE('',(#673),#440,.T.);
#2454=ADVANCED_FACE('',(#674),#441,.F.);
#2455=ADVANCED_FACE('',(#675),#442,.F.);
#2456=ADVANCED_FACE('',(#676),#443,.F.);
#2457=ADVANCED_FACE('',(#677),#444,.F.);
#2458=ADVANCED_FACE('',(#678),#445,.F.);
#2459=ADVANCED_FACE('',(#679),#446,.T.);
#2460=ADVANCED_FACE('',(#680),#344,.T.);
#2461=ADVANCED_FACE('',(#681),#327,.F.);
#2462=ADVANCED_FACE('',(#682),#328,.F.);
#2463=ADVANCED_FACE('',(#683),#345,.T.);
#2464=ADVANCED_FACE('',(#684),#447,.T.);
#2465=ADVANCED_FACE('',(#685),#448,.F.);
#2466=ADVANCED_FACE('',(#686),#449,.F.);
#2467=ADVANCED_FACE('',(#687),#450,.T.);
#2468=ADVANCED_FACE('',(#688),#346,.T.);
#2469=ADVANCED_FACE('',(#689),#347,.T.);
#2470=ADVANCED_FACE('',(#690),#451,.T.);
#2471=ADVANCED_FACE('',(#691),#2838,.F.);
#2472=ADVANCED_FACE('',(#692),#452,.F.);
#2473=ADVANCED_FACE('',(#693),#2839,.F.);
#2474=ADVANCED_FACE('',(#694),#453,.F.);
#2475=ADVANCED_FACE('',(#695),#2840,.F.);
#2476=ADVANCED_FACE('',(#3038,#3039),#454,.F.);
#2477=ADVANCED_FACE('',(#696),#2841,.F.);
#2478=ADVANCED_FACE('',(#3040,#3041),#455,.F.);
#2479=ADVANCED_FACE('',(#697),#2842,.T.);
#2480=ADVANCED_FACE('',(#3042,#3043),#2843,.F.);
#2481=ADVANCED_FACE('',(#698),#2844,.F.);
#2482=ADVANCED_FACE('',(#699),#2845,.T.);
#2483=ADVANCED_FACE('',(#700),#2846,.T.);
#2484=ADVANCED_FACE('',(#701),#456,.T.);
#2485=ADVANCED_FACE('',(#702),#457,.F.);
#2486=ADVANCED_FACE('',(#703),#2847,.T.);
#2487=ADVANCED_FACE('',(#704),#2848,.T.);
#2488=ADVANCED_FACE('',(#705),#2849,.T.);
#2489=ADVANCED_FACE('',(#706),#2850,.T.);
#2490=ADVANCED_FACE('',(#707),#458,.F.);
#2491=ADVANCED_FACE('',(#708),#2851,.T.);
#2492=ADVANCED_FACE('',(#709),#2852,.F.);
#2493=ADVANCED_FACE('',(#710),#459,.T.);
#2494=ADVANCED_FACE('',(#711),#2853,.T.);
#2495=ADVANCED_FACE('',(#712),#2854,.T.);
#2496=ADVANCED_FACE('',(#713),#460,.F.);
#2497=ADVANCED_FACE('',(#714),#461,.F.);
#2498=ADVANCED_FACE('',(#715),#2855,.T.);
#2499=ADVANCED_FACE('',(#716),#2856,.T.);
#2500=ADVANCED_FACE('',(#717),#2857,.F.);
#2501=ADVANCED_FACE('',(#718),#2858,.T.);
#2502=ADVANCED_FACE('',(#3044,#3045),#2859,.T.);
#2503=ADVANCED_FACE('',(#3046,#3047),#2860,.T.);
#2504=ADVANCED_FACE('',(#719),#2861,.F.);
#2505=ADVANCED_FACE('',(#720),#2862,.T.);
#2506=ADVANCED_FACE('',(#721),#462,.F.);
#2507=ADVANCED_FACE('',(#722),#463,.F.);
#2508=ADVANCED_FACE('',(#723),#464,.T.);
#2509=ADVANCED_FACE('',(#724),#465,.T.);
#2510=ADVANCED_FACE('',(#725),#466,.T.);
#2511=ADVANCED_FACE('',(#726),#467,.T.);
#2512=ADVANCED_FACE('',(#727),#468,.T.);
#2513=ADVANCED_FACE('',(#728),#469,.T.);
#2514=ADVANCED_FACE('',(#729),#2863,.T.);
#2515=ADVANCED_FACE('',(#730),#2864,.T.);
#2516=ADVANCED_FACE('',(#731),#470,.T.);
#2517=ADVANCED_FACE('',(#732),#471,.F.);
#2518=ADVANCED_FACE('',(#733),#2865,.T.);
#2519=ADVANCED_FACE('',(#734),#2866,.T.);
#2520=ADVANCED_FACE('',(#735),#2867,.T.);
#2521=ADVANCED_FACE('',(#736),#2868,.T.);
#2522=ADVANCED_FACE('',(#737),#472,.F.);
#2523=ADVANCED_FACE('',(#738),#2869,.T.);
#2524=ADVANCED_FACE('',(#739),#2870,.F.);
#2525=ADVANCED_FACE('',(#740),#2871,.T.);
#2526=ADVANCED_FACE('',(#741),#2872,.T.);
#2527=ADVANCED_FACE('',(#742),#36,.T.);
#2528=ADVANCED_FACE('',(#743),#23,.F.);
#2529=ADVANCED_FACE('',(#744),#473,.T.);
#2530=ADVANCED_FACE('',(#745),#474,.T.);
#2531=ADVANCED_FACE('',(#746),#475,.T.);
#2532=ADVANCED_FACE('',(#747),#37,.F.);
#2533=ADVANCED_FACE('',(#3048,#3049),#2873,.F.);
#2534=ADVANCED_FACE('',(#748),#476,.T.);
#2535=ADVANCED_FACE('',(#3050,#3051),#329,.T.);
#2536=ADVANCED_FACE('',(#749),#2874,.T.);
#2537=ADVANCED_FACE('',(#750),#2875,.T.);
#2538=ADVANCED_FACE('',(#751),#2876,.F.);
#2539=ADVANCED_FACE('',(#752),#2877,.T.);
#2540=ADVANCED_FACE('',(#753),#2878,.T.);
#2541=ADVANCED_FACE('',(#754),#2879,.T.);
#2542=ADVANCED_FACE('',(#755),#2880,.T.);
#2543=ADVANCED_FACE('',(#756),#2881,.F.);
#2544=ADVANCED_FACE('',(#757),#2882,.T.);
#2545=ADVANCED_FACE('',(#758),#2883,.T.);
#2546=ADVANCED_FACE('',(#759),#2884,.F.);
#2547=ADVANCED_FACE('',(#760),#2885,.T.);
#2548=ADVANCED_FACE('',(#761),#38,.F.);
#2549=ADVANCED_FACE('',(#762),#2886,.T.);
#2550=ADVANCED_FACE('',(#763),#39,.F.);
#2551=ADVANCED_FACE('',(#764),#2887,.F.);
#2552=ADVANCED_FACE('',(#765),#2888,.T.);
#2553=ADVANCED_FACE('',(#766),#40,.F.);
#2554=ADVANCED_FACE('',(#767),#2889,.T.);
#2555=ADVANCED_FACE('',(#768),#41,.F.);
#2556=ADVANCED_FACE('',(#769),#42,.F.);
#2557=ADVANCED_FACE('',(#770),#477,.T.);
#2558=ADVANCED_FACE('',(#771),#478,.T.);
#2559=ADVANCED_FACE('',(#772),#24,.F.);
#2560=ADVANCED_FACE('',(#773),#43,.T.);
#2561=ADVANCED_FACE('',(#774),#2890,.F.);
#2562=ADVANCED_FACE('',(#3052,#3053),#2891,.F.);
#2563=ADVANCED_FACE('',(#3054,#3055,#3056),#2892,.F.);
#2564=ADVANCED_FACE('',(#775),#479,.T.);
#2565=ADVANCED_FACE('',(#776),#2893,.F.);
#2566=ADVANCED_FACE('',(#777),#480,.T.);
#2567=ADVANCED_FACE('',(#778),#2894,.F.);
#2568=ADVANCED_FACE('',(#779),#481,.F.);
#2569=ADVANCED_FACE('',(#780),#2895,.F.);
#2570=ADVANCED_FACE('',(#781),#482,.T.);
#2571=ADVANCED_FACE('',(#782),#2896,.F.);
#2572=ADVANCED_FACE('',(#783),#483,.T.);
#2573=ADVANCED_FACE('',(#784),#2897,.F.);
#2574=ADVANCED_FACE('',(#785),#484,.F.);
#2575=ADVANCED_FACE('',(#786),#2898,.F.);
#2576=ADVANCED_FACE('',(#787),#485,.T.);
#2577=ADVANCED_FACE('',(#788),#2899,.F.);
#2578=ADVANCED_FACE('',(#789),#486,.T.);
#2579=ADVANCED_FACE('',(#3057,#3058),#2900,.T.);
#2580=ADVANCED_FACE('',(#790),#487,.T.);
#2581=ADVANCED_FACE('',(#791),#330,.T.);
#2582=ADVANCED_FACE('',(#792),#488,.T.);
#2583=ADVANCED_FACE('',(#793),#331,.T.);
#2584=ADVANCED_FACE('',(#794),#489,.T.);
#2585=ADVANCED_FACE('',(#795),#25,.T.);
#2586=ADVANCED_FACE('',(#796),#490,.T.);
#2587=ADVANCED_FACE('',(#797),#332,.T.);
#2588=ADVANCED_FACE('',(#798),#491,.T.);
#2589=ADVANCED_FACE('',(#799),#333,.T.);
#2590=ADVANCED_FACE('',(#800),#492,.T.);
#2591=ADVANCED_FACE('',(#801),#26,.T.);
#2592=ADVANCED_FACE('',(#802),#493,.T.);
#2593=ADVANCED_FACE('',(#803),#334,.T.);
#2594=ADVANCED_FACE('',(#804),#494,.T.);
#2595=ADVANCED_FACE('',(#805),#335,.T.);
#2596=ADVANCED_FACE('',(#806),#2901,.T.);
#2597=ADVANCED_FACE('',(#3059,#3060),#495,.T.);
#2598=ADVANCED_FACE('',(#807),#2902,.T.);
#2599=ADVANCED_FACE('',(#808),#2903,.T.);
#2600=ADVANCED_FACE('',(#3061,#3062),#2904,.T.);
#2601=ADVANCED_FACE('',(#809),#2905,.T.);
#2602=ADVANCED_FACE('',(#810),#2906,.T.);
#2603=ADVANCED_FACE('',(#811),#2907,.F.);
#2604=ADVANCED_FACE('',(#812),#496,.T.);
#2605=ADVANCED_FACE('',(#813),#497,.T.);
#2606=ADVANCED_FACE('',(#814),#498,.T.);
#2607=ADVANCED_FACE('',(#815),#499,.T.);
#2608=ADVANCED_FACE('',(#816),#44,.T.);
#2609=ADVANCED_FACE('',(#817),#2908,.F.);
#2610=ADVANCED_FACE('',(#818),#2909,.F.);
#2611=ADVANCED_FACE('',(#819),#45,.T.);
#2612=ADVANCED_FACE('',(#820),#46,.T.);
#2613=ADVANCED_FACE('',(#821),#2910,.F.);
#2614=ADVANCED_FACE('',(#822),#2911,.F.);
#2615=ADVANCED_FACE('',(#823),#47,.T.);
#2616=ADVANCED_FACE('',(#824),#48,.F.);
#2617=ADVANCED_FACE('',(#825),#2912,.T.);
#2618=ADVANCED_FACE('',(#826),#2913,.T.);
#2619=ADVANCED_FACE('',(#827),#49,.F.);
#2620=ADVANCED_FACE('',(#828),#50,.F.);
#2621=ADVANCED_FACE('',(#829),#2914,.T.);
#2622=ADVANCED_FACE('',(#830),#2915,.T.);
#2623=ADVANCED_FACE('',(#831),#51,.F.);
#2624=ADVANCED_FACE('',(#832),#500,.T.);
#2625=ADVANCED_FACE('',(#833),#27,.T.);
#2626=ADVANCED_FACE('',(#834),#28,.T.);
#2627=ADVANCED_FACE('',(#835),#501,.T.);
#2628=ADVANCED_FACE('',(#836),#502,.T.);
#2629=ADVANCED_FACE('',(#837),#29,.T.);
#2630=ADVANCED_FACE('',(#838),#30,.T.);
#2631=ADVANCED_FACE('',(#839),#503,.T.);
#2632=ADVANCED_FACE('',(#840),#504,.T.);
#2633=ADVANCED_FACE('',(#841),#31,.T.);
#2634=ADVANCED_FACE('',(#842),#32,.T.);
#2635=ADVANCED_FACE('',(#843),#505,.T.);
#2636=ADVANCED_FACE('',(#844),#506,.T.);
#2637=ADVANCED_FACE('',(#845),#33,.T.);
#2638=ADVANCED_FACE('',(#846),#34,.T.);
#2639=ADVANCED_FACE('',(#847),#507,.T.);
#2640=ADVANCED_FACE('',(#848),#2916,.F.);
#2641=ADVANCED_FACE('',(#849),#2917,.F.);
#2642=ADVANCED_FACE('',(#850),#2918,.F.);
#2643=ADVANCED_FACE('',(#851),#2919,.F.);
#2644=ADVANCED_FACE('',(#852),#2920,.T.);
#2645=ADVANCED_FACE('',(#853),#508,.F.);
#2646=ADVANCED_FACE('',(#854),#2921,.T.);
#2647=ADVANCED_FACE('',(#855),#2922,.T.);
#2648=ADVANCED_FACE('',(#856),#509,.F.);
#2649=ADVANCED_FACE('',(#857),#2923,.F.);
#2650=ADVANCED_FACE('',(#858),#510,.F.);
#2651=ADVANCED_FACE('',(#859),#2924,.F.);
#2652=ADVANCED_FACE('',(#860),#511,.F.);
#2653=ADVANCED_FACE('',(#861),#2925,.F.);
#2654=ADVANCED_FACE('',(#862),#512,.F.);
#2655=ADVANCED_FACE('',(#863),#2926,.T.);
#2656=ADVANCED_FACE('',(#864),#2927,.T.);
#2657=ADVANCED_FACE('',(#865),#2928,.T.);
#2658=ADVANCED_FACE('',(#866),#513,.F.);
#2659=ADVANCED_FACE('',(#3063,#3064),#2929,.T.);
#2660=ADVANCED_FACE('',(#3065,#3066),#2930,.T.);
#2661=ADVANCED_FACE('',(#867),#2931,.T.);
#2662=ADVANCED_FACE('',(#868),#2932,.F.);
#2663=ADVANCED_FACE('',(#869),#2933,.T.);
#2664=ADVANCED_FACE('',(#870),#2934,.F.);
#2665=ADVANCED_FACE('',(#871),#2935,.F.);
#2666=ADVANCED_FACE('',(#3067,#3068),#2936,.T.);
#2667=ADVANCED_FACE('',(#872),#2937,.F.);
#2668=ADVANCED_FACE('',(#873),#2938,.F.);
#2669=ADVANCED_FACE('',(#874),#2939,.F.);
#2670=ADVANCED_FACE('',(#875),#2940,.T.);
#2671=ADVANCED_FACE('',(#876),#2941,.T.);
#2672=ADVANCED_FACE('',(#877),#2942,.F.);
#2673=ADVANCED_FACE('',(#878),#2943,.F.);
#2674=ADVANCED_FACE('',(#879),#2944,.T.);
#2675=ADVANCED_FACE('',(#880),#2945,.T.);
#2676=ADVANCED_FACE('',(#881),#2946,.T.);
#2677=ADVANCED_FACE('',(#882),#2947,.F.);
#2678=ADVANCED_FACE('',(#883),#2948,.T.);
#2679=ADVANCED_FACE('',(#884),#514,.T.);
#2680=ADVANCED_FACE('',(#885),#515,.T.);
#2681=ADVANCED_FACE('',(#886),#516,.T.);
#2682=ADVANCED_FACE('',(#887),#517,.T.);
#2683=ADVANCED_FACE('',(#888),#2949,.F.);
#2684=ADVANCED_FACE('',(#889),#2950,.F.);
#2685=ADVANCED_FACE('',(#890),#2951,.F.);
#2686=ADVANCED_FACE('',(#891),#2952,.F.);
#2687=ADVANCED_FACE('',(#892),#2953,.T.);
#2688=ADVANCED_FACE('',(#893),#2954,.T.);
#2689=ADVANCED_FACE('',(#894),#2955,.T.);
#2690=ADVANCED_FACE('',(#895),#2956,.T.);
#2691=ADVANCED_FACE('',(#896),#518,.F.);
#2692=ADVANCED_FACE('',(#897),#519,.T.);
#2693=ADVANCED_FACE('',(#898),#520,.F.);
#2694=ADVANCED_FACE('',(#899),#2957,.T.);
#2695=ADVANCED_FACE('',(#900),#2958,.T.);
#2696=ADVANCED_FACE('',(#3069,#3070,#3071,#3072),#2959,.T.);
#2697=ADVANCED_FACE('',(#901),#2960,.T.);
#2698=ADVANCED_FACE('',(#902),#2961,.T.);
#2699=ADVANCED_FACE('',(#903),#2962,.F.);
#2700=ADVANCED_FACE('',(#904),#2963,.T.);
#2701=ADVANCED_FACE('',(#905),#2964,.F.);
#2702=ADVANCED_FACE('',(#906),#521,.T.);
#2703=ADVANCED_FACE('',(#907),#2965,.F.);
#2704=ADVANCED_FACE('',(#908),#522,.F.);
#2705=ADVANCED_FACE('',(#909),#523,.F.);
#2706=ADVANCED_FACE('',(#910),#524,.F.);
#2707=ADVANCED_FACE('',(#911),#525,.F.);
#2708=ADVANCED_FACE('',(#912),#2966,.T.);
#2709=ADVANCED_FACE('',(#913),#526,.T.);
#2710=ADVANCED_FACE('',(#914),#2967,.T.);
#2711=ADVANCED_FACE('',(#915),#527,.F.);
#2712=ADVANCED_FACE('',(#916),#2968,.F.);
#2713=ADVANCED_FACE('',(#917),#528,.T.);
#2714=ADVANCED_FACE('',(#918),#2969,.F.);
#2715=ADVANCED_FACE('',(#919),#2970,.T.);
#2716=ADVANCED_FACE('',(#920),#2971,.T.);
#2717=ADVANCED_FACE('',(#921),#2972,.T.);
#2718=ADVANCED_FACE('',(#922),#2973,.F.);
#2719=ADVANCED_FACE('',(#923),#529,.F.);
#2720=ADVANCED_FACE('',(#3073,#3074),#530,.F.);
#2721=ADVANCED_FACE('',(#924),#2974,.T.);
#2722=ADVANCED_FACE('',(#925),#2975,.F.);
#2723=ADVANCED_FACE('',(#926),#2976,.F.);
#2724=ADVANCED_FACE('',(#927),#2977,.F.);
#2725=ADVANCED_FACE('',(#928),#2978,.F.);
#2726=ADVANCED_FACE('',(#929),#2979,.F.);
#2727=ADVANCED_FACE('',(#930),#2980,.T.);
#2728=ADVANCED_FACE('',(#931),#2981,.T.);
#2729=ADVANCED_FACE('',(#932),#2982,.T.);
#2730=ADVANCED_FACE('',(#933),#531,.T.);
#2731=ADVANCED_FACE('',(#934),#532,.T.);
#2732=ADVANCED_FACE('',(#935),#533,.T.);
#2733=ADVANCED_FACE('',(#936),#2983,.T.);
#2734=ADVANCED_FACE('',(#937),#534,.T.);
#2735=ADVANCED_FACE('',(#938),#2984,.F.);
#2736=ADVANCED_FACE('',(#939),#2985,.F.);
#2737=ADVANCED_FACE('',(#940),#535,.T.);
#2738=ADVANCED_FACE('',(#941),#536,.T.);
#2739=ADVANCED_FACE('',(#942),#2986,.T.);
#2740=ADVANCED_FACE('',(#943),#537,.T.);
#2741=ADVANCED_FACE('',(#944),#538,.T.);
#2742=ADVANCED_FACE('',(#945),#2987,.T.);
#2743=ADVANCED_FACE('',(#946),#2988,.T.);
#2744=ADVANCED_FACE('',(#947),#2989,.T.);
#2745=ADVANCED_FACE('',(#3075,#3076),#2990,.T.);
#2746=ADVANCED_FACE('',(#3077,#3078),#539,.T.);
#2747=ADVANCED_FACE('',(#3079,#3080),#540,.T.);
#2748=ADVANCED_FACE('',(#3081,#3082),#2991,.T.);
#2749=ADVANCED_FACE('',(#3083,#3084),#35,.T.);
#2750=ADVANCED_FACE('',(#3085,#3086),#2992,.T.);
#2751=ADVANCED_FACE('',(#948),#2993,.F.);
#2752=ADVANCED_FACE('',(#949),#2994,.F.);
#2753=ADVANCED_FACE('',(#950),#2995,.F.);
#2754=ADVANCED_FACE('',(#951),#2996,.F.);
#2755=ADVANCED_FACE('',(#952),#2997,.F.);
#2756=ADVANCED_FACE('',(#953),#2998,.F.);
#2757=ADVANCED_FACE('',(#3087,#3088),#2999,.F.);
#2758=ADVANCED_FACE('',(#3089,#3090),#541,.F.);
#2759=ADVANCED_FACE('',(#954),#3000,.T.);
#2760=ADVANCED_FACE('',(#3091,#3092),#542,.F.);
#2761=ADVANCED_FACE('',(#955),#3001,.T.);
#2762=ADVANCED_FACE('',(#956),#3002,.F.);
#2763=ADVANCED_FACE('',(#957),#3003,.T.);
#2764=ADVANCED_FACE('',(#958),#3004,.T.);
#2765=ADVANCED_FACE('',(#959),#3005,.T.);
#2766=ADVANCED_FACE('',(#960),#3006,.T.);
#2767=ADVANCED_FACE('',(#961),#3007,.T.);
#2768=ADVANCED_FACE('',(#962),#3008,.T.);
#2769=ADVANCED_FACE('',(#963),#3009,.T.);
#2770=ADVANCED_FACE('',(#964),#3010,.T.);
#2771=ADVANCED_FACE('',(#965),#3011,.T.);
#2772=ADVANCED_FACE('',(#966),#3012,.T.);
#2773=ADVANCED_FACE('',(#967),#3013,.T.);
#2774=ADVANCED_FACE('',(#968),#3014,.T.);
#2775=ADVANCED_FACE('',(#969),#3015,.F.);
#2776=ADVANCED_FACE('',(#3093,#3094),#3016,.T.);
#2777=ADVANCED_FACE('',(#970),#543,.T.);
#2778=ADVANCED_FACE('',(#971),#544,.T.);
#2779=ADVANCED_FACE('',(#972),#3017,.T.);
#2780=ADVANCED_FACE('',(#973),#3018,.F.);
#2781=ADVANCED_FACE('',(#974),#3019,.T.);
#2782=ADVANCED_FACE('',(#975),#3020,.F.);
#2783=ADVANCED_FACE('',(#976),#3021,.F.);
#2784=ADVANCED_FACE('',(#977),#3022,.F.);
#2785=ADVANCED_FACE('',(#978),#3023,.F.);
#2786=ADVANCED_FACE('',(#979),#3024,.F.);
#2787=ADVANCED_FACE('',(#980),#3025,.F.);
#2788=ADVANCED_FACE('',(#981),#3026,.F.);
#2789=ADVANCED_FACE('',(#982),#3027,.F.);
#2790=ADVANCED_FACE('',(#983),#545,.T.);
#2791=ADVANCED_FACE('',(#984),#546,.T.);
#2792=ADVANCED_FACE('',(#985),#547,.T.);
#2793=ADVANCED_FACE('',(#986),#548,.T.);
#2794=ADVANCED_FACE('',(#987),#549,.F.);
#2795=ADVANCED_FACE('',(#988),#550,.T.);
#2796=ADVANCED_FACE('',(#989),#551,.F.);
#2797=ADVANCED_FACE('',(#990),#552,.T.);
#2798=ADVANCED_FACE('',(#991),#553,.T.);
#2799=ADVANCED_FACE('',(#992),#554,.T.);
#2800=ADVANCED_FACE('',(#993),#555,.F.);
#2801=ADVANCED_FACE('',(#994),#556,.T.);
#2802=ADVANCED_FACE('',(#995),#557,.T.);
#2803=ADVANCED_FACE('',(#996),#558,.T.);
#2804=ADVANCED_FACE('',(#997),#559,.F.);
#2805=ADVANCED_FACE('',(#998),#560,.T.);
#2806=ADVANCED_FACE('',(#999),#561,.T.);
#2807=ADVANCED_FACE('',(#1000),#562,.T.);
#2808=PLANE('',#7914);
#2809=PLANE('',#7917);
#2810=PLANE('',#7920);
#2811=PLANE('',#7922);
#2812=PLANE('',#7924);
#2813=PLANE('',#7927);
#2814=PLANE('',#7928);
#2815=PLANE('',#7931);
#2816=PLANE('',#7934);
#2817=PLANE('',#7937);
#2818=PLANE('',#7938);
#2819=PLANE('',#7961);
#2820=PLANE('',#7972);
#2821=PLANE('',#7974);
#2822=PLANE('',#7975);
#2823=PLANE('',#7981);
#2824=PLANE('',#7982);
#2825=PLANE('',#7983);
#2826=PLANE('',#7984);
#2827=PLANE('',#7985);
#2828=PLANE('',#7986);
#2829=PLANE('',#7987);
#2830=PLANE('',#7988);
#2831=PLANE('',#7989);
#2832=PLANE('',#7990);
#2833=PLANE('',#7991);
#2834=PLANE('',#7992);
#2835=PLANE('',#7993);
#2836=PLANE('',#7995);
#2837=PLANE('',#7997);
#2838=PLANE('',#8113);
#2839=PLANE('',#8116);
#2840=PLANE('',#8119);
#2841=PLANE('',#8122);
#2842=PLANE('',#8124);
#2843=PLANE('',#8127);
#2844=PLANE('',#8128);
#2845=PLANE('',#8131);
#2846=PLANE('',#8134);
#2847=PLANE('',#8139);
#2848=PLANE('',#8142);
#2849=PLANE('',#8143);
#2850=PLANE('',#8144);
#2851=PLANE('',#8146);
#2852=PLANE('',#8147);
#2853=PLANE('',#8149);
#2854=PLANE('',#8150);
#2855=PLANE('',#8154);
#2856=PLANE('',#8156);
#2857=PLANE('',#8159);
#2858=PLANE('',#8160);
#2859=PLANE('',#8165);
#2860=PLANE('',#8170);
#2861=PLANE('',#8173);
#2862=PLANE('',#8174);
#2863=PLANE('',#8185);
#2864=PLANE('',#8188);
#2865=PLANE('',#8192);
#2866=PLANE('',#8194);
#2867=PLANE('',#8195);
#2868=PLANE('',#8196);
#2869=PLANE('',#8198);
#2870=PLANE('',#8199);
#2871=PLANE('',#8200);
#2872=PLANE('',#8203);
#2873=PLANE('',#8226);
#2874=PLANE('',#8244);
#2875=PLANE('',#8245);
#2876=PLANE('',#8246);
#2877=PLANE('',#8247);
#2878=PLANE('',#8248);
#2879=PLANE('',#8249);
#2880=PLANE('',#8250);
#2881=PLANE('',#8251);
#2882=PLANE('',#8252);
#2883=PLANE('',#8253);
#2884=PLANE('',#8254);
#2885=PLANE('',#8255);
#2886=PLANE('',#8258);
#2887=PLANE('',#8261);
#2888=PLANE('',#8263);
#2889=PLANE('',#8267);
#2890=PLANE('',#8277);
#2891=PLANE('',#8294);
#2892=PLANE('',#8300);
#2893=PLANE('',#8304);
#2894=PLANE('',#8308);
#2895=PLANE('',#8312);
#2896=PLANE('',#8316);
#2897=PLANE('',#8320);
#2898=PLANE('',#8324);
#2899=PLANE('',#8328);
#2900=PLANE('',#8335);
#2901=PLANE('',#8369);
#2902=PLANE('',#8371);
#2903=PLANE('',#8372);
#2904=PLANE('',#8381);
#2905=PLANE('',#8382);
#2906=PLANE('',#8383);
#2907=PLANE('',#8388);
#2908=PLANE('',#8399);
#2909=PLANE('',#8400);
#2910=PLANE('',#8405);
#2911=PLANE('',#8406);
#2912=PLANE('',#8411);
#2913=PLANE('',#8412);
#2914=PLANE('',#8417);
#2915=PLANE('',#8418);
#2916=PLANE('',#8453);
#2917=PLANE('',#8458);
#2918=PLANE('',#8459);
#2919=PLANE('',#8461);
#2920=PLANE('',#8463);
#2921=PLANE('',#8466);
#2922=PLANE('',#8467);
#2923=PLANE('',#8470);
#2924=PLANE('',#8474);
#2925=PLANE('',#8486);
#2926=PLANE('',#8491);
#2927=PLANE('',#8492);
#2928=PLANE('',#8493);
#2929=PLANE('',#8496);
#2930=PLANE('',#8497);
#2931=PLANE('',#8498);
#2932=PLANE('',#8499);
#2933=PLANE('',#8500);
#2934=PLANE('',#8501);
#2935=PLANE('',#8502);
#2936=PLANE('',#8504);
#2937=PLANE('',#8505);
#2938=PLANE('',#8506);
#2939=PLANE('',#8511);
#2940=PLANE('',#8512);
#2941=PLANE('',#8515);
#2942=PLANE('',#8516);
#2943=PLANE('',#8517);
#2944=PLANE('',#8518);
#2945=PLANE('',#8519);
#2946=PLANE('',#8520);
#2947=PLANE('',#8521);
#2948=PLANE('',#8522);
#2949=PLANE('',#8527);
#2950=PLANE('',#8528);
#2951=PLANE('',#8529);
#2952=PLANE('',#8530);
#2953=PLANE('',#8531);
#2954=PLANE('',#8532);
#2955=PLANE('',#8533);
#2956=PLANE('',#8534);
#2957=PLANE('',#8538);
#2958=PLANE('',#8539);
#2959=PLANE('',#8545);
#2960=PLANE('',#8546);
#2961=PLANE('',#8547);
#2962=PLANE('',#8548);
#2963=PLANE('',#8549);
#2964=PLANE('',#8552);
#2965=PLANE('',#8555);
#2966=PLANE('',#8562);
#2967=PLANE('',#8564);
#2968=PLANE('',#8569);
#2969=PLANE('',#8572);
#2970=PLANE('',#8573);
#2971=PLANE('',#8574);
#2972=PLANE('',#8575);
#2973=PLANE('',#8576);
#2974=PLANE('',#8581);
#2975=PLANE('',#8582);
#2976=PLANE('',#8583);
#2977=PLANE('',#8584);
#2978=PLANE('',#8585);
#2979=PLANE('',#8586);
#2980=PLANE('',#8587);
#2981=PLANE('',#8588);
#2982=PLANE('',#8589);
#2983=PLANE('',#8600);
#2984=PLANE('',#8605);
#2985=PLANE('',#8608);
#2986=PLANE('',#8611);
#2987=PLANE('',#8614);
#2988=PLANE('',#8615);
#2989=PLANE('',#8616);
#2990=PLANE('',#8618);
#2991=PLANE('',#8624);
#2992=PLANE('',#8627);
#2993=PLANE('',#8628);
#2994=PLANE('',#8629);
#2995=PLANE('',#8630);
#2996=PLANE('',#8631);
#2997=PLANE('',#8632);
#2998=PLANE('',#8633);
#2999=PLANE('',#8635);
#3000=PLANE('',#8638);
#3001=PLANE('',#8640);
#3002=PLANE('',#8641);
#3003=PLANE('',#8642);
#3004=PLANE('',#8643);
#3005=PLANE('',#8644);
#3006=PLANE('',#8645);
#3007=PLANE('',#8646);
#3008=PLANE('',#8647);
#3009=PLANE('',#8648);
#3010=PLANE('',#8649);
#3011=PLANE('',#8650);
#3012=PLANE('',#8651);
#3013=PLANE('',#8652);
#3014=PLANE('',#8661);
#3015=PLANE('',#8666);
#3016=PLANE('',#8667);
#3017=PLANE('',#8672);
#3018=PLANE('',#8675);
#3019=PLANE('',#8676);
#3020=PLANE('',#8679);
#3021=PLANE('',#8682);
#3022=PLANE('',#8685);
#3023=PLANE('',#8688);
#3024=PLANE('',#8691);
#3025=PLANE('',#8694);
#3026=PLANE('',#8697);
#3027=PLANE('',#8700);
#3028=FACE_BOUND('',#3095,.T.);
#3029=FACE_BOUND('',#3096,.T.);
#3030=FACE_BOUND('',#3104,.T.);
#3031=FACE_BOUND('',#3105,.T.);
#3032=FACE_BOUND('',#3139,.T.);
#3033=FACE_BOUND('',#3140,.T.);
#3034=FACE_BOUND('',#3141,.T.);
#3035=FACE_BOUND('',#3142,.T.);
#3036=FACE_BOUND('',#3143,.T.);
#3037=FACE_BOUND('',#3144,.T.);
#3038=FACE_BOUND('',#3207,.T.);
#3039=FACE_BOUND('',#3208,.T.);
#3040=FACE_BOUND('',#3210,.T.);
#3041=FACE_BOUND('',#3211,.T.);
#3042=FACE_BOUND('',#3213,.T.);
#3043=FACE_BOUND('',#3214,.T.);
#3044=FACE_BOUND('',#3236,.T.);
#3045=FACE_BOUND('',#3237,.T.);
#3046=FACE_BOUND('',#3238,.T.);
#3047=FACE_BOUND('',#3239,.T.);
#3048=FACE_BOUND('',#3269,.T.);
#3049=FACE_BOUND('',#3270,.T.);
#3050=FACE_BOUND('',#3272,.T.);
#3051=FACE_BOUND('',#3273,.T.);
#3052=FACE_BOUND('',#3300,.T.);
#3053=FACE_BOUND('',#3301,.T.);
#3054=FACE_BOUND('',#3302,.T.);
#3055=FACE_BOUND('',#3303,.T.);
#3056=FACE_BOUND('',#3304,.T.);
#3057=FACE_BOUND('',#3320,.T.);
#3058=FACE_BOUND('',#3321,.T.);
#3059=FACE_BOUND('',#3339,.T.);
#3060=FACE_BOUND('',#3340,.T.);
#3061=FACE_BOUND('',#3343,.T.);
#3062=FACE_BOUND('',#3344,.T.);
#3063=FACE_BOUND('',#3403,.T.);
#3064=FACE_BOUND('',#3404,.T.);
#3065=FACE_BOUND('',#3405,.T.);
#3066=FACE_BOUND('',#3406,.T.);
#3067=FACE_BOUND('',#3412,.T.);
#3068=FACE_BOUND('',#3413,.T.);
#3069=FACE_BOUND('',#3443,.T.);
#3070=FACE_BOUND('',#3444,.T.);
#3071=FACE_BOUND('',#3445,.T.);
#3072=FACE_BOUND('',#3446,.T.);
#3073=FACE_BOUND('',#3470,.T.);
#3074=FACE_BOUND('',#3471,.T.);
#3075=FACE_BOUND('',#3496,.T.);
#3076=FACE_BOUND('',#3497,.T.);
#3077=FACE_BOUND('',#3498,.T.);
#3078=FACE_BOUND('',#3499,.T.);
#3079=FACE_BOUND('',#3500,.T.);
#3080=FACE_BOUND('',#3501,.T.);
#3081=FACE_BOUND('',#3502,.T.);
#3082=FACE_BOUND('',#3503,.T.);
#3083=FACE_BOUND('',#3504,.T.);
#3084=FACE_BOUND('',#3505,.T.);
#3085=FACE_BOUND('',#3506,.T.);
#3086=FACE_BOUND('',#3507,.T.);
#3087=FACE_BOUND('',#3514,.T.);
#3088=FACE_BOUND('',#3515,.T.);
#3089=FACE_BOUND('',#3516,.T.);
#3090=FACE_BOUND('',#3517,.T.);
#3091=FACE_BOUND('',#3519,.T.);
#3092=FACE_BOUND('',#3520,.T.);
#3093=FACE_BOUND('',#3536,.T.);
#3094=FACE_BOUND('',#3537,.T.);
#3095=EDGE_LOOP('',(#3569,#3570));
#3096=EDGE_LOOP('',(#3571,#3572));
#3097=EDGE_LOOP('',(#3573,#3574,#3575,#3576,#3577,#3578));
#3098=EDGE_LOOP('',(#3579,#3580,#3581,#3582,#3583,#3584));
#3099=EDGE_LOOP('',(#3585,#3586,#3587,#3588,#3589,#3590,#3591));
#3100=EDGE_LOOP('',(#3592,#3593,#3594,#3595,#3596,#3597,#3598));
#3101=EDGE_LOOP('',(#3599,#3600,#3601,#3602,#3603,#3604));
#3102=EDGE_LOOP('',(#3605,#3606,#3607,#3608,#3609,#3610,#3611,#3612,#3613,
#3614,#3615,#3616));
#3103=EDGE_LOOP('',(#3617,#3618,#3619,#3620,#3621,#3622,#3623,#3624,#3625,
#3626,#3627,#3628));
#3104=EDGE_LOOP('',(#3629,#3630,#3631,#3632,#3633,#3634,#3635,#3636,#3637,
#3638));
#3105=EDGE_LOOP('',(#3639,#3640));
#3106=EDGE_LOOP('',(#3641,#3642,#3643,#3644,#3645,#3646));
#3107=EDGE_LOOP('',(#3647,#3648,#3649,#3650));
#3108=EDGE_LOOP('',(#3651,#3652,#3653,#3654));
#3109=EDGE_LOOP('',(#3655,#3656,#3657,#3658));
#3110=EDGE_LOOP('',(#3659,#3660,#3661,#3662,#3663,#3664,#3665,#3666,#3667,
#3668,#3669,#3670,#3671,#3672,#3673,#3674));
#3111=EDGE_LOOP('',(#3675,#3676,#3677,#3678));
#3112=EDGE_LOOP('',(#3679,#3680,#3681,#3682));
#3113=EDGE_LOOP('',(#3683,#3684,#3685,#3686));
#3114=EDGE_LOOP('',(#3687,#3688,#3689,#3690));
#3115=EDGE_LOOP('',(#3691,#3692,#3693,#3694,#3695));
#3116=EDGE_LOOP('',(#3696,#3697,#3698,#3699));
#3117=EDGE_LOOP('',(#3700,#3701,#3702,#3703,#3704));
#3118=EDGE_LOOP('',(#3705,#3706,#3707,#3708,#3709,#3710,#3711,#3712));
#3119=EDGE_LOOP('',(#3713,#3714,#3715,#3716,#3717,#3718,#3719,#3720,#3721,
#3722,#3723,#3724,#3725,#3726,#3727,#3728,#3729,#3730,#3731,#3732,#3733,
#3734,#3735,#3736));
#3120=EDGE_LOOP('',(#3737,#3738,#3739,#3740));
#3121=EDGE_LOOP('',(#3741,#3742,#3743,#3744,#3745,#3746,#3747));
#3122=EDGE_LOOP('',(#3748,#3749,#3750,#3751,#3752,#3753,#3754));
#3123=EDGE_LOOP('',(#3755,#3756,#3757,#3758));
#3124=EDGE_LOOP('',(#3759,#3760,#3761,#3762,#3763));
#3125=EDGE_LOOP('',(#3764,#3765,#3766,#3767,#3768));
#3126=EDGE_LOOP('',(#3769,#3770,#3771,#3772,#3773,#3774,#3775,#3776,#3777,
#3778,#3779,#3780));
#3127=EDGE_LOOP('',(#3781,#3782,#3783,#3784));
#3128=EDGE_LOOP('',(#3785,#3786,#3787,#3788));
#3129=EDGE_LOOP('',(#3789,#3790,#3791,#3792));
#3130=EDGE_LOOP('',(#3793,#3794,#3795,#3796));
#3131=EDGE_LOOP('',(#3797,#3798,#3799,#3800));
#3132=EDGE_LOOP('',(#3801,#3802,#3803,#3804));
#3133=EDGE_LOOP('',(#3805,#3806,#3807,#3808));
#3134=EDGE_LOOP('',(#3809,#3810,#3811,#3812));
#3135=EDGE_LOOP('',(#3813,#3814,#3815,#3816));
#3136=EDGE_LOOP('',(#3817,#3818,#3819,#3820));
#3137=EDGE_LOOP('',(#3821,#3822,#3823,#3824));
#3138=EDGE_LOOP('',(#3825,#3826,#3827,#3828));
#3139=EDGE_LOOP('',(#3829,#3830,#3831,#3832,#3833,#3834));
#3140=EDGE_LOOP('',(#3835));
#3141=EDGE_LOOP('',(#3836,#3837,#3838,#3839,#3840,#3841));
#3142=EDGE_LOOP('',(#3842));
#3143=EDGE_LOOP('',(#3843));
#3144=EDGE_LOOP('',(#3844));
#3145=EDGE_LOOP('',(#3845,#3846,#3847,#3848,#3849,#3850));
#3146=EDGE_LOOP('',(#3851,#3852,#3853,#3854));
#3147=EDGE_LOOP('',(#3855,#3856,#3857,#3858));
#3148=EDGE_LOOP('',(#3859,#3860,#3861,#3862));
#3149=EDGE_LOOP('',(#3863,#3864,#3865,#3866));
#3150=EDGE_LOOP('',(#3867,#3868,#3869,#3870));
#3151=EDGE_LOOP('',(#3871,#3872,#3873,#3874));
#3152=EDGE_LOOP('',(#3875,#3876,#3877,#3878));
#3153=EDGE_LOOP('',(#3879,#3880,#3881));
#3154=EDGE_LOOP('',(#3882,#3883,#3884));
#3155=EDGE_LOOP('',(#3885,#3886,#3887,#3888));
#3156=EDGE_LOOP('',(#3889,#3890,#3891,#3892));
#3157=EDGE_LOOP('',(#3893,#3894,#3895,#3896));
#3158=EDGE_LOOP('',(#3897,#3898,#3899,#3900));
#3159=EDGE_LOOP('',(#3901,#3902,#3903,#3904));
#3160=EDGE_LOOP('',(#3905,#3906,#3907,#3908,#3909,#3910));
#3161=EDGE_LOOP('',(#3911,#3912,#3913,#3914));
#3162=EDGE_LOOP('',(#3915,#3916,#3917));
#3163=EDGE_LOOP('',(#3918,#3919,#3920));
#3164=EDGE_LOOP('',(#3921,#3922,#3923,#3924));
#3165=EDGE_LOOP('',(#3925,#3926,#3927,#3928));
#3166=EDGE_LOOP('',(#3929,#3930,#3931,#3932));
#3167=EDGE_LOOP('',(#3933,#3934,#3935,#3936));
#3168=EDGE_LOOP('',(#3937,#3938,#3939,#3940));
#3169=EDGE_LOOP('',(#3941,#3942,#3943));
#3170=EDGE_LOOP('',(#3944,#3945,#3946));
#3171=EDGE_LOOP('',(#3947,#3948,#3949,#3950));
#3172=EDGE_LOOP('',(#3951,#3952,#3953,#3954));
#3173=EDGE_LOOP('',(#3955,#3956,#3957));
#3174=EDGE_LOOP('',(#3958,#3959,#3960));
#3175=EDGE_LOOP('',(#3961,#3962,#3963,#3964));
#3176=EDGE_LOOP('',(#3965,#3966,#3967,#3968));
#3177=EDGE_LOOP('',(#3969,#3970,#3971,#3972));
#3178=EDGE_LOOP('',(#3973,#3974,#3975,#3976));
#3179=EDGE_LOOP('',(#3977,#3978,#3979,#3980,#3981));
#3180=EDGE_LOOP('',(#3982,#3983,#3984,#3985));
#3181=EDGE_LOOP('',(#3986,#3987,#3988));
#3182=EDGE_LOOP('',(#3989,#3990,#3991));
#3183=EDGE_LOOP('',(#3992,#3993,#3994,#3995,#3996));
#3184=EDGE_LOOP('',(#3997,#3998,#3999,#4000));
#3185=EDGE_LOOP('',(#4001,#4002,#4003,#4004));
#3186=EDGE_LOOP('',(#4005,#4006,#4007,#4008));
#3187=EDGE_LOOP('',(#4009,#4010,#4011,#4012));
#3188=EDGE_LOOP('',(#4013,#4014,#4015,#4016));
#3189=EDGE_LOOP('',(#4017,#4018,#4019,#4020));
#3190=EDGE_LOOP('',(#4021,#4022,#4023,#4024));
#3191=EDGE_LOOP('',(#4025,#4026,#4027,#4028));
#3192=EDGE_LOOP('',(#4029,#4030,#4031));
#3193=EDGE_LOOP('',(#4032,#4033,#4034));
#3194=EDGE_LOOP('',(#4035,#4036,#4037,#4038,#4039));
#3195=EDGE_LOOP('',(#4040,#4041,#4042,#4043));
#3196=EDGE_LOOP('',(#4044,#4045,#4046,#4047));
#3197=EDGE_LOOP('',(#4048,#4049,#4050,#4051));
#3198=EDGE_LOOP('',(#4052,#4053,#4054,#4055,#4056));
#3199=EDGE_LOOP('',(#4057,#4058,#4059,#4060));
#3200=EDGE_LOOP('',(#4061,#4062,#4063,#4064));
#3201=EDGE_LOOP('',(#4065,#4066,#4067,#4068));
#3202=EDGE_LOOP('',(#4069,#4070,#4071,#4072));
#3203=EDGE_LOOP('',(#4073,#4074,#4075,#4076));
#3204=EDGE_LOOP('',(#4077,#4078,#4079,#4080));
#3205=EDGE_LOOP('',(#4081,#4082,#4083,#4084));
#3206=EDGE_LOOP('',(#4085));
#3207=EDGE_LOOP('',(#4086,#4087));
#3208=EDGE_LOOP('',(#4088));
#3209=EDGE_LOOP('',(#4089));
#3210=EDGE_LOOP('',(#4090,#4091));
#3211=EDGE_LOOP('',(#4092));
#3212=EDGE_LOOP('',(#4093,#4094,#4095,#4096));
#3213=EDGE_LOOP('',(#4097,#4098));
#3214=EDGE_LOOP('',(#4099,#4100,#4101,#4102));
#3215=EDGE_LOOP('',(#4103,#4104,#4105,#4106));
#3216=EDGE_LOOP('',(#4107,#4108,#4109,#4110));
#3217=EDGE_LOOP('',(#4111,#4112,#4113,#4114));
#3218=EDGE_LOOP('',(#4115,#4116,#4117,#4118));
#3219=EDGE_LOOP('',(#4119,#4120,#4121,#4122));
#3220=EDGE_LOOP('',(#4123,#4124,#4125,#4126,#4127,#4128));
#3221=EDGE_LOOP('',(#4129,#4130,#4131,#4132,#4133,#4134));
#3222=EDGE_LOOP('',(#4135,#4136,#4137,#4138));
#3223=EDGE_LOOP('',(#4139,#4140,#4141,#4142));
#3224=EDGE_LOOP('',(#4143,#4144,#4145,#4146));
#3225=EDGE_LOOP('',(#4147,#4148,#4149,#4150));
#3226=EDGE_LOOP('',(#4151,#4152,#4153,#4154));
#3227=EDGE_LOOP('',(#4155,#4156,#4157,#4158));
#3228=EDGE_LOOP('',(#4159,#4160,#4161,#4162));
#3229=EDGE_LOOP('',(#4163,#4164,#4165,#4166));
#3230=EDGE_LOOP('',(#4167,#4168,#4169,#4170));
#3231=EDGE_LOOP('',(#4171,#4172,#4173,#4174));
#3232=EDGE_LOOP('',(#4175,#4176,#4177,#4178,#4179,#4180,#4181));
#3233=EDGE_LOOP('',(#4182,#4183,#4184,#4185,#4186,#4187,#4188));
#3234=EDGE_LOOP('',(#4189,#4190,#4191,#4192,#4193,#4194));
#3235=EDGE_LOOP('',(#4195,#4196,#4197,#4198,#4199,#4200,#4201,#4202));
#3236=EDGE_LOOP('',(#4203,#4204));
#3237=EDGE_LOOP('',(#4205,#4206,#4207,#4208,#4209,#4210,#4211,#4212));
#3238=EDGE_LOOP('',(#4213,#4214));
#3239=EDGE_LOOP('',(#4215,#4216,#4217,#4218,#4219,#4220));
#3240=EDGE_LOOP('',(#4221,#4222,#4223,#4224,#4225,#4226));
#3241=EDGE_LOOP('',(#4227,#4228,#4229,#4230));
#3242=EDGE_LOOP('',(#4231,#4232,#4233,#4234));
#3243=EDGE_LOOP('',(#4235,#4236,#4237,#4238));
#3244=EDGE_LOOP('',(#4239,#4240,#4241,#4242));
#3245=EDGE_LOOP('',(#4243,#4244,#4245,#4246));
#3246=EDGE_LOOP('',(#4247,#4248,#4249,#4250));
#3247=EDGE_LOOP('',(#4251,#4252,#4253,#4254));
#3248=EDGE_LOOP('',(#4255,#4256,#4257,#4258));
#3249=EDGE_LOOP('',(#4259,#4260,#4261,#4262));
#3250=EDGE_LOOP('',(#4263,#4264,#4265,#4266));
#3251=EDGE_LOOP('',(#4267,#4268,#4269,#4270));
#3252=EDGE_LOOP('',(#4271,#4272,#4273,#4274));
#3253=EDGE_LOOP('',(#4275,#4276,#4277,#4278));
#3254=EDGE_LOOP('',(#4279,#4280,#4281,#4282));
#3255=EDGE_LOOP('',(#4283,#4284,#4285,#4286));
#3256=EDGE_LOOP('',(#4287,#4288,#4289,#4290));
#3257=EDGE_LOOP('',(#4291,#4292,#4293,#4294));
#3258=EDGE_LOOP('',(#4295,#4296,#4297,#4298));
#3259=EDGE_LOOP('',(#4299,#4300,#4301,#4302));
#3260=EDGE_LOOP('',(#4303,#4304,#4305,#4306));
#3261=EDGE_LOOP('',(#4307,#4308,#4309,#4310));
#3262=EDGE_LOOP('',(#4311,#4312));
#3263=EDGE_LOOP('',(#4313,#4314,#4315,#4316));
#3264=EDGE_LOOP('',(#4317,#4318,#4319,#4320));
#3265=EDGE_LOOP('',(#4321,#4322,#4323,#4324));
#3266=EDGE_LOOP('',(#4325,#4326,#4327,#4328));
#3267=EDGE_LOOP('',(#4329,#4330,#4331,#4332));
#3268=EDGE_LOOP('',(#4333,#4334,#4335,#4336,#4337,#4338,#4339));
#3269=EDGE_LOOP('',(#4340,#4341));
#3270=EDGE_LOOP('',(#4342,#4343));
#3271=EDGE_LOOP('',(#4344,#4345,#4346,#4347));
#3272=EDGE_LOOP('',(#4348,#4349));
#3273=EDGE_LOOP('',(#4350,#4351,#4352,#4353,#4354,#4355,#4356,#4357,#4358,
#4359,#4360,#4361,#4362,#4363,#4364,#4365));
#3274=EDGE_LOOP('',(#4366,#4367,#4368,#4369));
#3275=EDGE_LOOP('',(#4370,#4371,#4372,#4373));
#3276=EDGE_LOOP('',(#4374,#4375,#4376,#4377));
#3277=EDGE_LOOP('',(#4378,#4379,#4380,#4381));
#3278=EDGE_LOOP('',(#4382,#4383,#4384,#4385));
#3279=EDGE_LOOP('',(#4386,#4387,#4388,#4389));
#3280=EDGE_LOOP('',(#4390,#4391,#4392,#4393));
#3281=EDGE_LOOP('',(#4394,#4395,#4396,#4397));
#3282=EDGE_LOOP('',(#4398,#4399,#4400,#4401));
#3283=EDGE_LOOP('',(#4402,#4403,#4404,#4405));
#3284=EDGE_LOOP('',(#4406,#4407,#4408,#4409));
#3285=EDGE_LOOP('',(#4410,#4411,#4412,#4413));
#3286=EDGE_LOOP('',(#4414,#4415,#4416,#4417));
#3287=EDGE_LOOP('',(#4418,#4419,#4420,#4421,#4422));
#3288=EDGE_LOOP('',(#4423,#4424,#4425,#4426));
#3289=EDGE_LOOP('',(#4427,#4428,#4429,#4430));
#3290=EDGE_LOOP('',(#4431,#4432,#4433,#4434));
#3291=EDGE_LOOP('',(#4435,#4436,#4437,#4438));
#3292=EDGE_LOOP('',(#4439,#4440,#4441,#4442,#4443));
#3293=EDGE_LOOP('',(#4444,#4445,#4446,#4447));
#3294=EDGE_LOOP('',(#4448,#4449,#4450,#4451,#4452,#4453,#4454));
#3295=EDGE_LOOP('',(#4455,#4456,#4457,#4458));
#3296=EDGE_LOOP('',(#4459,#4460,#4461,#4462));
#3297=EDGE_LOOP('',(#4463,#4464,#4465,#4466));
#3298=EDGE_LOOP('',(#4467,#4468,#4469,#4470));
#3299=EDGE_LOOP('',(#4471,#4472,#4473,#4474));
#3300=EDGE_LOOP('',(#4475,#4476,#4477,#4478,#4479,#4480,#4481,#4482,#4483,
#4484,#4485,#4486,#4487,#4488,#4489,#4490));
#3301=EDGE_LOOP('',(#4491,#4492,#4493,#4494,#4495,#4496,#4497,#4498,#4499,
#4500,#4501,#4502,#4503,#4504,#4505,#4506,#4507,#4508,#4509,#4510));
#3302=EDGE_LOOP('',(#4511,#4512,#4513,#4514));
#3303=EDGE_LOOP('',(#4515,#4516,#4517,#4518));
#3304=EDGE_LOOP('',(#4519,#4520,#4521,#4522,#4523,#4524,#4525,#4526));
#3305=EDGE_LOOP('',(#4527,#4528,#4529,#4530,#4531,#4532));
#3306=EDGE_LOOP('',(#4533,#4534,#4535,#4536,#4537,#4538,#4539,#4540));
#3307=EDGE_LOOP('',(#4541,#4542,#4543,#4544));
#3308=EDGE_LOOP('',(#4545,#4546,#4547,#4548));
#3309=EDGE_LOOP('',(#4549,#4550,#4551,#4552));
#3310=EDGE_LOOP('',(#4553,#4554,#4555,#4556));
#3311=EDGE_LOOP('',(#4557,#4558,#4559,#4560));
#3312=EDGE_LOOP('',(#4561,#4562,#4563,#4564,#4565,#4566,#4567,#4568));
#3313=EDGE_LOOP('',(#4569,#4570,#4571,#4572));
#3314=EDGE_LOOP('',(#4573,#4574,#4575,#4576));
#3315=EDGE_LOOP('',(#4577,#4578,#4579,#4580));
#3316=EDGE_LOOP('',(#4581,#4582,#4583,#4584));
#3317=EDGE_LOOP('',(#4585,#4586,#4587,#4588));
#3318=EDGE_LOOP('',(#4589,#4590,#4591,#4592,#4593,#4594,#4595,#4596));
#3319=EDGE_LOOP('',(#4597,#4598,#4599,#4600,#4601,#4602));
#3320=EDGE_LOOP('',(#4603));
#3321=EDGE_LOOP('',(#4604,#4605,#4606,#4607,#4608,#4609,#4610,#4611,#4612,
#4613));
#3322=EDGE_LOOP('',(#4614,#4615,#4616,#4617));
#3323=EDGE_LOOP('',(#4618,#4619,#4620));
#3324=EDGE_LOOP('',(#4621,#4622,#4623,#4624));
#3325=EDGE_LOOP('',(#4625,#4626,#4627));
#3326=EDGE_LOOP('',(#4628,#4629,#4630,#4631));
#3327=EDGE_LOOP('',(#4632,#4633,#4634,#4635));
#3328=EDGE_LOOP('',(#4636,#4637,#4638,#4639));
#3329=EDGE_LOOP('',(#4640,#4641,#4642));
#3330=EDGE_LOOP('',(#4643,#4644,#4645,#4646));
#3331=EDGE_LOOP('',(#4647,#4648,#4649));
#3332=EDGE_LOOP('',(#4650,#4651,#4652,#4653));
#3333=EDGE_LOOP('',(#4654,#4655,#4656,#4657));
#3334=EDGE_LOOP('',(#4658,#4659,#4660,#4661));
#3335=EDGE_LOOP('',(#4662,#4663,#4664));
#3336=EDGE_LOOP('',(#4665,#4666,#4667,#4668));
#3337=EDGE_LOOP('',(#4669,#4670,#4671));
#3338=EDGE_LOOP('',(#4672));
#3339=EDGE_LOOP('',(#4673));
#3340=EDGE_LOOP('',(#4674));
#3341=EDGE_LOOP('',(#4675,#4676,#4677,#4678));
#3342=EDGE_LOOP('',(#4679,#4680,#4681,#4682));
#3343=EDGE_LOOP('',(#4683,#4684,#4685,#4686,#4687,#4688,#4689,#4690));
#3344=EDGE_LOOP('',(#4691,#4692,#4693,#4694,#4695,#4696,#4697,#4698));
#3345=EDGE_LOOP('',(#4699,#4700,#4701,#4702));
#3346=EDGE_LOOP('',(#4703,#4704,#4705,#4706));
#3347=EDGE_LOOP('',(#4707,#4708,#4709,#4710,#4711,#4712,#4713,#4714));
#3348=EDGE_LOOP('',(#4715,#4716,#4717,#4718));
#3349=EDGE_LOOP('',(#4719,#4720,#4721,#4722));
#3350=EDGE_LOOP('',(#4723,#4724,#4725,#4726));
#3351=EDGE_LOOP('',(#4727,#4728,#4729,#4730));
#3352=EDGE_LOOP('',(#4731,#4732,#4733,#4734));
#3353=EDGE_LOOP('',(#4735,#4736,#4737,#4738));
#3354=EDGE_LOOP('',(#4739,#4740,#4741,#4742));
#3355=EDGE_LOOP('',(#4743,#4744,#4745,#4746));
#3356=EDGE_LOOP('',(#4747,#4748,#4749,#4750));
#3357=EDGE_LOOP('',(#4751,#4752,#4753,#4754));
#3358=EDGE_LOOP('',(#4755,#4756,#4757,#4758));
#3359=EDGE_LOOP('',(#4759,#4760,#4761,#4762));
#3360=EDGE_LOOP('',(#4763,#4764,#4765,#4766));
#3361=EDGE_LOOP('',(#4767,#4768,#4769,#4770));
#3362=EDGE_LOOP('',(#4771,#4772,#4773,#4774));
#3363=EDGE_LOOP('',(#4775,#4776,#4777,#4778));
#3364=EDGE_LOOP('',(#4779,#4780,#4781,#4782));
#3365=EDGE_LOOP('',(#4783,#4784,#4785,#4786));
#3366=EDGE_LOOP('',(#4787,#4788,#4789,#4790));
#3367=EDGE_LOOP('',(#4791,#4792,#4793,#4794));
#3368=EDGE_LOOP('',(#4795,#4796,#4797,#4798));
#3369=EDGE_LOOP('',(#4799,#4800,#4801,#4802));
#3370=EDGE_LOOP('',(#4803,#4804,#4805,#4806));
#3371=EDGE_LOOP('',(#4807,#4808,#4809,#4810));
#3372=EDGE_LOOP('',(#4811,#4812,#4813,#4814));
#3373=EDGE_LOOP('',(#4815,#4816,#4817,#4818));
#3374=EDGE_LOOP('',(#4819,#4820,#4821,#4822));
#3375=EDGE_LOOP('',(#4823,#4824,#4825,#4826));
#3376=EDGE_LOOP('',(#4827,#4828,#4829,#4830));
#3377=EDGE_LOOP('',(#4831,#4832,#4833,#4834));
#3378=EDGE_LOOP('',(#4835,#4836,#4837,#4838));
#3379=EDGE_LOOP('',(#4839,#4840,#4841,#4842));
#3380=EDGE_LOOP('',(#4843,#4844,#4845,#4846));
#3381=EDGE_LOOP('',(#4847,#4848,#4849,#4850));
#3382=EDGE_LOOP('',(#4851,#4852,#4853,#4854));
#3383=EDGE_LOOP('',(#4855,#4856,#4857,#4858));
#3384=EDGE_LOOP('',(#4859,#4860,#4861,#4862));
#3385=EDGE_LOOP('',(#4863,#4864,#4865,#4866,#4867,#4868,#4869,#4870,#4871,
#4872,#4873,#4874,#4875,#4876,#4877,#4878,#4879,#4880,#4881,#4882,#4883,
#4884,#4885,#4886,#4887,#4888,#4889,#4890,#4891));
#3386=EDGE_LOOP('',(#4892,#4893,#4894,#4895));
#3387=EDGE_LOOP('',(#4896,#4897,#4898,#4899,#4900,#4901));
#3388=EDGE_LOOP('',(#4902,#4903,#4904,#4905,#4906,#4907));
#3389=EDGE_LOOP('',(#4908,#4909,#4910,#4911));
#3390=EDGE_LOOP('',(#4912,#4913,#4914,#4915));
#3391=EDGE_LOOP('',(#4916,#4917,#4918,#4919));
#3392=EDGE_LOOP('',(#4920,#4921,#4922,#4923));
#3393=EDGE_LOOP('',(#4924,#4925,#4926,#4927));
#3394=EDGE_LOOP('',(#4928,#4929,#4930,#4931));
#3395=EDGE_LOOP('',(#4932,#4933,#4934,#4935));
#3396=EDGE_LOOP('',(#4936,#4937,#4938,#4939));
#3397=EDGE_LOOP('',(#4940,#4941,#4942,#4943,#4944,#4945,#4946,#4947,#4948,
#4949,#4950,#4951,#4952,#4953,#4954,#4955,#4956,#4957,#4958,#4959,#4960,
#4961,#4962,#4963,#4964,#4965));
#3398=EDGE_LOOP('',(#4966,#4967,#4968,#4969,#4970,#4971,#4972,#4973));
#3399=EDGE_LOOP('',(#4974,#4975,#4976,#4977));
#3400=EDGE_LOOP('',(#4978,#4979,#4980,#4981,#4982,#4983,#4984,#4985,#4986,
#4987,#4988,#4989,#4990));
#3401=EDGE_LOOP('',(#4991,#4992,#4993,#4994));
#3402=EDGE_LOOP('',(#4995,#4996,#4997,#4998,#4999,#5000,#5001,#5002));
#3403=EDGE_LOOP('',(#5003,#5004,#5005,#5006));
#3404=EDGE_LOOP('',(#5007,#5008,#5009,#5010));
#3405=EDGE_LOOP('',(#5011,#5012,#5013,#5014));
#3406=EDGE_LOOP('',(#5015,#5016,#5017,#5018));
#3407=EDGE_LOOP('',(#5019,#5020,#5021,#5022,#5023,#5024));
#3408=EDGE_LOOP('',(#5025,#5026,#5027,#5028));
#3409=EDGE_LOOP('',(#5029,#5030,#5031,#5032,#5033,#5034,#5035,#5036,#5037,
#5038,#5039,#5040,#5041));
#3410=EDGE_LOOP('',(#5042,#5043,#5044,#5045,#5046,#5047,#5048,#5049,#5050));
#3411=EDGE_LOOP('',(#5051,#5052,#5053,#5054));
#3412=EDGE_LOOP('',(#5055));
#3413=EDGE_LOOP('',(#5056,#5057,#5058,#5059));
#3414=EDGE_LOOP('',(#5060,#5061,#5062,#5063,#5064,#5065,#5066,#5067,#5068));
#3415=EDGE_LOOP('',(#5069,#5070,#5071,#5072));
#3416=EDGE_LOOP('',(#5073,#5074,#5075,#5076,#5077,#5078,#5079,#5080,#5081,
#5082,#5083,#5084,#5085,#5086,#5087,#5088));
#3417=EDGE_LOOP('',(#5089,#5090,#5091,#5092));
#3418=EDGE_LOOP('',(#5093,#5094,#5095,#5096,#5097,#5098,#5099,#5100,#5101,
#5102,#5103,#5104,#5105,#5106,#5107,#5108,#5109));
#3419=EDGE_LOOP('',(#5110,#5111,#5112,#5113));
#3420=EDGE_LOOP('',(#5114,#5115,#5116,#5117));
#3421=EDGE_LOOP('',(#5118,#5119,#5120,#5121));
#3422=EDGE_LOOP('',(#5122,#5123,#5124,#5125));
#3423=EDGE_LOOP('',(#5126,#5127,#5128,#5129));
#3424=EDGE_LOOP('',(#5130,#5131,#5132,#5133,#5134,#5135));
#3425=EDGE_LOOP('',(#5136,#5137,#5138,#5139));
#3426=EDGE_LOOP('',(#5140,#5141,#5142,#5143));
#3427=EDGE_LOOP('',(#5144,#5145,#5146,#5147));
#3428=EDGE_LOOP('',(#5148,#5149,#5150,#5151,#5152));
#3429=EDGE_LOOP('',(#5153,#5154,#5155,#5156,#5157));
#3430=EDGE_LOOP('',(#5158,#5159,#5160,#5161));
#3431=EDGE_LOOP('',(#5162,#5163,#5164,#5165));
#3432=EDGE_LOOP('',(#5166,#5167,#5168,#5169));
#3433=EDGE_LOOP('',(#5170,#5171,#5172,#5173));
#3434=EDGE_LOOP('',(#5174,#5175,#5176,#5177));
#3435=EDGE_LOOP('',(#5178,#5179,#5180,#5181));
#3436=EDGE_LOOP('',(#5182,#5183,#5184,#5185));
#3437=EDGE_LOOP('',(#5186,#5187,#5188,#5189));
#3438=EDGE_LOOP('',(#5190,#5191,#5192,#5193));
#3439=EDGE_LOOP('',(#5194,#5195,#5196,#5197));
#3440=EDGE_LOOP('',(#5198,#5199,#5200,#5201));
#3441=EDGE_LOOP('',(#5202,#5203,#5204,#5205,#5206,#5207,#5208,#5209,#5210,
#5211));
#3442=EDGE_LOOP('',(#5212,#5213,#5214,#5215,#5216,#5217,#5218,#5219,#5220,
#5221));
#3443=EDGE_LOOP('',(#5222,#5223,#5224,#5225));
#3444=EDGE_LOOP('',(#5226));
#3445=EDGE_LOOP('',(#5227,#5228,#5229,#5230,#5231,#5232,#5233,#5234));
#3446=EDGE_LOOP('',(#5235,#5236,#5237,#5238));
#3447=EDGE_LOOP('',(#5239,#5240,#5241,#5242));
#3448=EDGE_LOOP('',(#5243,#5244,#5245,#5246));
#3449=EDGE_LOOP('',(#5247,#5248,#5249,#5250));
#3450=EDGE_LOOP('',(#5251,#5252,#5253,#5254));
#3451=EDGE_LOOP('',(#5255,#5256,#5257,#5258,#5259,#5260));
#3452=EDGE_LOOP('',(#5261,#5262,#5263,#5264));
#3453=EDGE_LOOP('',(#5265,#5266,#5267,#5268));
#3454=EDGE_LOOP('',(#5269,#5270,#5271,#5272));
#3455=EDGE_LOOP('',(#5273,#5274,#5275,#5276));
#3456=EDGE_LOOP('',(#5277,#5278,#5279,#5280));
#3457=EDGE_LOOP('',(#5281,#5282,#5283,#5284));
#3458=EDGE_LOOP('',(#5285,#5286,#5287,#5288));
#3459=EDGE_LOOP('',(#5289,#5290,#5291,#5292));
#3460=EDGE_LOOP('',(#5293,#5294,#5295,#5296));
#3461=EDGE_LOOP('',(#5297,#5298,#5299,#5300));
#3462=EDGE_LOOP('',(#5301,#5302,#5303,#5304,#5305,#5306));
#3463=EDGE_LOOP('',(#5307,#5308,#5309,#5310));
#3464=EDGE_LOOP('',(#5311,#5312,#5313,#5314));
#3465=EDGE_LOOP('',(#5315,#5316,#5317,#5318));
#3466=EDGE_LOOP('',(#5319,#5320,#5321,#5322));
#3467=EDGE_LOOP('',(#5323,#5324,#5325,#5326));
#3468=EDGE_LOOP('',(#5327,#5328,#5329,#5330));
#3469=EDGE_LOOP('',(#5331,#5332,#5333,#5334));
#3470=EDGE_LOOP('',(#5335));
#3471=EDGE_LOOP('',(#5336));
#3472=EDGE_LOOP('',(#5337,#5338,#5339,#5340,#5341,#5342,#5343,#5344,#5345,
#5346,#5347,#5348,#5349,#5350,#5351,#5352,#5353,#5354));
#3473=EDGE_LOOP('',(#5355,#5356,#5357,#5358));
#3474=EDGE_LOOP('',(#5359,#5360,#5361,#5362,#5363));
#3475=EDGE_LOOP('',(#5364,#5365,#5366,#5367));
#3476=EDGE_LOOP('',(#5368,#5369,#5370,#5371,#5372));
#3477=EDGE_LOOP('',(#5373,#5374,#5375,#5376,#5377));
#3478=EDGE_LOOP('',(#5378,#5379,#5380,#5381,#5382));
#3479=EDGE_LOOP('',(#5383,#5384,#5385,#5386));
#3480=EDGE_LOOP('',(#5387,#5388,#5389,#5390));
#3481=EDGE_LOOP('',(#5391,#5392,#5393,#5394));
#3482=EDGE_LOOP('',(#5395,#5396,#5397,#5398));
#3483=EDGE_LOOP('',(#5399,#5400,#5401,#5402));
#3484=EDGE_LOOP('',(#5403,#5404,#5405,#5406,#5407,#5408,#5409,#5410));
#3485=EDGE_LOOP('',(#5411,#5412,#5413,#5414));
#3486=EDGE_LOOP('',(#5415,#5416,#5417,#5418,#5419,#5420,#5421,#5422));
#3487=EDGE_LOOP('',(#5423,#5424,#5425,#5426,#5427,#5428,#5429,#5430));
#3488=EDGE_LOOP('',(#5431,#5432,#5433,#5434));
#3489=EDGE_LOOP('',(#5435,#5436,#5437,#5438));
#3490=EDGE_LOOP('',(#5439,#5440,#5441,#5442));
#3491=EDGE_LOOP('',(#5443,#5444,#5445,#5446));
#3492=EDGE_LOOP('',(#5447,#5448,#5449,#5450));
#3493=EDGE_LOOP('',(#5451,#5452,#5453,#5454));
#3494=EDGE_LOOP('',(#5455,#5456,#5457,#5458,#5459,#5460,#5461,#5462));
#3495=EDGE_LOOP('',(#5463,#5464,#5465,#5466,#5467,#5468,#5469,#5470));
#3496=EDGE_LOOP('',(#5471));
#3497=EDGE_LOOP('',(#5472));
#3498=EDGE_LOOP('',(#5473));
#3499=EDGE_LOOP('',(#5474));
#3500=EDGE_LOOP('',(#5475));
#3501=EDGE_LOOP('',(#5476,#5477,#5478,#5479));
#3502=EDGE_LOOP('',(#5480));
#3503=EDGE_LOOP('',(#5481));
#3504=EDGE_LOOP('',(#5482));
#3505=EDGE_LOOP('',(#5483));
#3506=EDGE_LOOP('',(#5484,#5485,#5486,#5487,#5488,#5489));
#3507=EDGE_LOOP('',(#5490));
#3508=EDGE_LOOP('',(#5491,#5492,#5493,#5494));
#3509=EDGE_LOOP('',(#5495,#5496,#5497,#5498));
#3510=EDGE_LOOP('',(#5499,#5500,#5501,#5502));
#3511=EDGE_LOOP('',(#5503,#5504,#5505,#5506));
#3512=EDGE_LOOP('',(#5507,#5508,#5509,#5510));
#3513=EDGE_LOOP('',(#5511,#5512,#5513,#5514));
#3514=EDGE_LOOP('',(#5515));
#3515=EDGE_LOOP('',(#5516,#5517,#5518,#5519,#5520,#5521));
#3516=EDGE_LOOP('',(#5522));
#3517=EDGE_LOOP('',(#5523));
#3518=EDGE_LOOP('',(#5524));
#3519=EDGE_LOOP('',(#5525));
#3520=EDGE_LOOP('',(#5526));
#3521=EDGE_LOOP('',(#5527,#5528,#5529,#5530));
#3522=EDGE_LOOP('',(#5531,#5532,#5533,#5534));
#3523=EDGE_LOOP('',(#5535,#5536,#5537,#5538));
#3524=EDGE_LOOP('',(#5539,#5540,#5541,#5542));
#3525=EDGE_LOOP('',(#5543,#5544,#5545,#5546));
#3526=EDGE_LOOP('',(#5547,#5548,#5549,#5550));
#3527=EDGE_LOOP('',(#5551,#5552,#5553,#5554));
#3528=EDGE_LOOP('',(#5555,#5556,#5557,#5558));
#3529=EDGE_LOOP('',(#5559,#5560,#5561,#5562));
#3530=EDGE_LOOP('',(#5563,#5564,#5565,#5566,#5567,#5568,#5569,#5570));
#3531=EDGE_LOOP('',(#5571,#5572,#5573,#5574));
#3532=EDGE_LOOP('',(#5575,#5576,#5577,#5578,#5579,#5580,#5581,#5582));
#3533=EDGE_LOOP('',(#5583,#5584,#5585,#5586));
#3534=EDGE_LOOP('',(#5587,#5588,#5589,#5590,#5591,#5592,#5593,#5594,#5595,
#5596,#5597,#5598,#5599,#5600,#5601,#5602));
#3535=EDGE_LOOP('',(#5603,#5604,#5605,#5606,#5607,#5608,#5609,#5610));
#3536=EDGE_LOOP('',(#5611,#5612,#5613,#5614));
#3537=EDGE_LOOP('',(#5615,#5616,#5617,#5618));
#3538=EDGE_LOOP('',(#5619,#5620,#5621,#5622));
#3539=EDGE_LOOP('',(#5623,#5624,#5625,#5626));
#3540=EDGE_LOOP('',(#5627,#5628,#5629,#5630));
#3541=EDGE_LOOP('',(#5631,#5632,#5633,#5634,#5635,#5636,#5637,#5638));
#3542=EDGE_LOOP('',(#5639,#5640,#5641,#5642));
#3543=EDGE_LOOP('',(#5643,#5644,#5645,#5646,#5647,#5648));
#3544=EDGE_LOOP('',(#5649,#5650,#5651,#5652,#5653,#5654));
#3545=EDGE_LOOP('',(#5655,#5656,#5657,#5658,#5659,#5660));
#3546=EDGE_LOOP('',(#5661,#5662,#5663,#5664,#5665,#5666));
#3547=EDGE_LOOP('',(#5667,#5668,#5669,#5670,#5671,#5672));
#3548=EDGE_LOOP('',(#5673,#5674,#5675,#5676,#5677,#5678));
#3549=EDGE_LOOP('',(#5679,#5680,#5681,#5682,#5683,#5684));
#3550=EDGE_LOOP('',(#5685,#5686,#5687,#5688,#5689,#5690));
#3551=EDGE_LOOP('',(#5691,#5692,#5693,#5694,#5695,#5696));
#3552=EDGE_LOOP('',(#5697,#5698,#5699,#5700,#5701,#5702));
#3553=EDGE_LOOP('',(#5703,#5704,#5705,#5706));
#3554=EDGE_LOOP('',(#5707,#5708,#5709,#5710));
#3555=EDGE_LOOP('',(#5711,#5712,#5713,#5714,#5715,#5716));
#3556=EDGE_LOOP('',(#5717,#5718,#5719,#5720,#5721,#5722));
#3557=EDGE_LOOP('',(#5723,#5724,#5725,#5726,#5727,#5728));
#3558=EDGE_LOOP('',(#5729,#5730,#5731,#5732,#5733,#5734));
#3559=EDGE_LOOP('',(#5735,#5736,#5737,#5738,#5739,#5740));
#3560=EDGE_LOOP('',(#5741,#5742,#5743,#5744,#5745,#5746));
#3561=EDGE_LOOP('',(#5747,#5748,#5749,#5750));
#3562=EDGE_LOOP('',(#5751,#5752,#5753,#5754));
#3563=EDGE_LOOP('',(#5755,#5756,#5757,#5758));
#3564=EDGE_LOOP('',(#5759,#5760,#5761,#5762));
#3565=EDGE_LOOP('',(#5763,#5764,#5765,#5766));
#3566=EDGE_LOOP('',(#5767,#5768,#5769,#5770));
#3567=EDGE_LOOP('',(#5771,#5772,#5773,#5774));
#3568=EDGE_LOOP('',(#5775,#5776,#5777,#5778));
#3569=ORIENTED_EDGE('',*,*,#6470,.F.);
#3570=ORIENTED_EDGE('',*,*,#6471,.F.);
#3571=ORIENTED_EDGE('',*,*,#6472,.T.);
#3572=ORIENTED_EDGE('',*,*,#6473,.T.);
#3573=ORIENTED_EDGE('',*,*,#6474,.F.);
#3574=ORIENTED_EDGE('',*,*,#6475,.F.);
#3575=ORIENTED_EDGE('',*,*,#6476,.T.);
#3576=ORIENTED_EDGE('',*,*,#6477,.F.);
#3577=ORIENTED_EDGE('',*,*,#6478,.T.);
#3578=ORIENTED_EDGE('',*,*,#6479,.T.);
#3579=ORIENTED_EDGE('',*,*,#6480,.F.);
#3580=ORIENTED_EDGE('',*,*,#6481,.F.);
#3581=ORIENTED_EDGE('',*,*,#6482,.T.);
#3582=ORIENTED_EDGE('',*,*,#6483,.T.);
#3583=ORIENTED_EDGE('',*,*,#6484,.T.);
#3584=ORIENTED_EDGE('',*,*,#6485,.T.);
#3585=ORIENTED_EDGE('',*,*,#6484,.F.);
#3586=ORIENTED_EDGE('',*,*,#6486,.T.);
#3587=ORIENTED_EDGE('',*,*,#6487,.T.);
#3588=ORIENTED_EDGE('',*,*,#6488,.F.);
#3589=ORIENTED_EDGE('',*,*,#6489,.T.);
#3590=ORIENTED_EDGE('',*,*,#6490,.F.);
#3591=ORIENTED_EDGE('',*,*,#6491,.T.);
#3592=ORIENTED_EDGE('',*,*,#6492,.F.);
#3593=ORIENTED_EDGE('',*,*,#6493,.T.);
#3594=ORIENTED_EDGE('',*,*,#6477,.T.);
#3595=ORIENTED_EDGE('',*,*,#6494,.T.);
#3596=ORIENTED_EDGE('',*,*,#6495,.T.);
#3597=ORIENTED_EDGE('',*,*,#6496,.T.);
#3598=ORIENTED_EDGE('',*,*,#6497,.T.);
#3599=ORIENTED_EDGE('',*,*,#6490,.T.);
#3600=ORIENTED_EDGE('',*,*,#6498,.T.);
#3601=ORIENTED_EDGE('',*,*,#6499,.T.);
#3602=ORIENTED_EDGE('',*,*,#6500,.T.);
#3603=ORIENTED_EDGE('',*,*,#6495,.F.);
#3604=ORIENTED_EDGE('',*,*,#6501,.T.);
#3605=ORIENTED_EDGE('',*,*,#6502,.F.);
#3606=ORIENTED_EDGE('',*,*,#6503,.T.);
#3607=ORIENTED_EDGE('',*,*,#6504,.F.);
#3608=ORIENTED_EDGE('',*,*,#6505,.F.);
#3609=ORIENTED_EDGE('',*,*,#6506,.T.);
#3610=ORIENTED_EDGE('',*,*,#6482,.F.);
#3611=ORIENTED_EDGE('',*,*,#6507,.T.);
#3612=ORIENTED_EDGE('',*,*,#6508,.T.);
#3613=ORIENTED_EDGE('',*,*,#6509,.T.);
#3614=ORIENTED_EDGE('',*,*,#6479,.F.);
#3615=ORIENTED_EDGE('',*,*,#6510,.T.);
#3616=ORIENTED_EDGE('',*,*,#6511,.F.);
#3617=ORIENTED_EDGE('',*,*,#6512,.F.);
#3618=ORIENTED_EDGE('',*,*,#6511,.T.);
#3619=ORIENTED_EDGE('',*,*,#6513,.T.);
#3620=ORIENTED_EDGE('',*,*,#6492,.T.);
#3621=ORIENTED_EDGE('',*,*,#6514,.T.);
#3622=ORIENTED_EDGE('',*,*,#6487,.F.);
#3623=ORIENTED_EDGE('',*,*,#6515,.T.);
#3624=ORIENTED_EDGE('',*,*,#6505,.T.);
#3625=ORIENTED_EDGE('',*,*,#6516,.F.);
#3626=ORIENTED_EDGE('',*,*,#6517,.T.);
#3627=ORIENTED_EDGE('',*,*,#6518,.F.);
#3628=ORIENTED_EDGE('',*,*,#6519,.F.);
#3629=ORIENTED_EDGE('',*,*,#6520,.F.);
#3630=ORIENTED_EDGE('',*,*,#6521,.T.);
#3631=ORIENTED_EDGE('',*,*,#6522,.F.);
#3632=ORIENTED_EDGE('',*,*,#6523,.F.);
#3633=ORIENTED_EDGE('',*,*,#6524,.F.);
#3634=ORIENTED_EDGE('',*,*,#6525,.F.);
#3635=ORIENTED_EDGE('',*,*,#6526,.F.);
#3636=ORIENTED_EDGE('',*,*,#6527,.F.);
#3637=ORIENTED_EDGE('',*,*,#6528,.F.);
#3638=ORIENTED_EDGE('',*,*,#6529,.F.);
#3639=ORIENTED_EDGE('',*,*,#6530,.F.);
#3640=ORIENTED_EDGE('',*,*,#6531,.F.);
#3641=ORIENTED_EDGE('',*,*,#6532,.F.);
#3642=ORIENTED_EDGE('',*,*,#6533,.T.);
#3643=ORIENTED_EDGE('',*,*,#6488,.T.);
#3644=ORIENTED_EDGE('',*,*,#6514,.F.);
#3645=ORIENTED_EDGE('',*,*,#6497,.F.);
#3646=ORIENTED_EDGE('',*,*,#6534,.T.);
#3647=ORIENTED_EDGE('',*,*,#6499,.F.);
#3648=ORIENTED_EDGE('',*,*,#6535,.T.);
#3649=ORIENTED_EDGE('',*,*,#6532,.T.);
#3650=ORIENTED_EDGE('',*,*,#6536,.T.);
#3651=ORIENTED_EDGE('',*,*,#6470,.T.);
#3652=ORIENTED_EDGE('',*,*,#6537,.F.);
#3653=ORIENTED_EDGE('',*,*,#6530,.T.);
#3654=ORIENTED_EDGE('',*,*,#6538,.F.);
#3655=ORIENTED_EDGE('',*,*,#6471,.T.);
#3656=ORIENTED_EDGE('',*,*,#6538,.T.);
#3657=ORIENTED_EDGE('',*,*,#6531,.T.);
#3658=ORIENTED_EDGE('',*,*,#6537,.T.);
#3659=ORIENTED_EDGE('',*,*,#6539,.F.);
#3660=ORIENTED_EDGE('',*,*,#6485,.F.);
#3661=ORIENTED_EDGE('',*,*,#6491,.F.);
#3662=ORIENTED_EDGE('',*,*,#6501,.F.);
#3663=ORIENTED_EDGE('',*,*,#6494,.F.);
#3664=ORIENTED_EDGE('',*,*,#6476,.F.);
#3665=ORIENTED_EDGE('',*,*,#6540,.F.);
#3666=ORIENTED_EDGE('',*,*,#6541,.F.);
#3667=ORIENTED_EDGE('',*,*,#6542,.F.);
#3668=ORIENTED_EDGE('',*,*,#6543,.F.);
#3669=ORIENTED_EDGE('',*,*,#6544,.F.);
#3670=ORIENTED_EDGE('',*,*,#6521,.F.);
#3671=ORIENTED_EDGE('',*,*,#6545,.F.);
#3672=ORIENTED_EDGE('',*,*,#6546,.F.);
#3673=ORIENTED_EDGE('',*,*,#6547,.F.);
#3674=ORIENTED_EDGE('',*,*,#6548,.F.);
#3675=ORIENTED_EDGE('',*,*,#6533,.F.);
#3676=ORIENTED_EDGE('',*,*,#6535,.F.);
#3677=ORIENTED_EDGE('',*,*,#6498,.F.);
#3678=ORIENTED_EDGE('',*,*,#6489,.F.);
#3679=ORIENTED_EDGE('',*,*,#6534,.F.);
#3680=ORIENTED_EDGE('',*,*,#6496,.F.);
#3681=ORIENTED_EDGE('',*,*,#6500,.F.);
#3682=ORIENTED_EDGE('',*,*,#6536,.F.);
#3683=ORIENTED_EDGE('',*,*,#6515,.F.);
#3684=ORIENTED_EDGE('',*,*,#6486,.F.);
#3685=ORIENTED_EDGE('',*,*,#6483,.F.);
#3686=ORIENTED_EDGE('',*,*,#6506,.F.);
#3687=ORIENTED_EDGE('',*,*,#6478,.F.);
#3688=ORIENTED_EDGE('',*,*,#6493,.F.);
#3689=ORIENTED_EDGE('',*,*,#6513,.F.);
#3690=ORIENTED_EDGE('',*,*,#6510,.F.);
#3691=ORIENTED_EDGE('',*,*,#6549,.F.);
#3692=ORIENTED_EDGE('',*,*,#6550,.F.);
#3693=ORIENTED_EDGE('',*,*,#6551,.T.);
#3694=ORIENTED_EDGE('',*,*,#6552,.F.);
#3695=ORIENTED_EDGE('',*,*,#6553,.T.);
#3696=ORIENTED_EDGE('',*,*,#6554,.F.);
#3697=ORIENTED_EDGE('',*,*,#6553,.F.);
#3698=ORIENTED_EDGE('',*,*,#6555,.F.);
#3699=ORIENTED_EDGE('',*,*,#6556,.T.);
#3700=ORIENTED_EDGE('',*,*,#6557,.F.);
#3701=ORIENTED_EDGE('',*,*,#6556,.F.);
#3702=ORIENTED_EDGE('',*,*,#6558,.F.);
#3703=ORIENTED_EDGE('',*,*,#6559,.T.);
#3704=ORIENTED_EDGE('',*,*,#6560,.T.);
#3705=ORIENTED_EDGE('',*,*,#6561,.T.);
#3706=ORIENTED_EDGE('',*,*,#6547,.T.);
#3707=ORIENTED_EDGE('',*,*,#6562,.F.);
#3708=ORIENTED_EDGE('',*,*,#6563,.T.);
#3709=ORIENTED_EDGE('',*,*,#6564,.T.);
#3710=ORIENTED_EDGE('',*,*,#6542,.T.);
#3711=ORIENTED_EDGE('',*,*,#6565,.T.);
#3712=ORIENTED_EDGE('',*,*,#6566,.F.);
#3713=ORIENTED_EDGE('',*,*,#6567,.T.);
#3714=ORIENTED_EDGE('',*,*,#6508,.F.);
#3715=ORIENTED_EDGE('',*,*,#6568,.T.);
#3716=ORIENTED_EDGE('',*,*,#6569,.F.);
#3717=ORIENTED_EDGE('',*,*,#6570,.F.);
#3718=ORIENTED_EDGE('',*,*,#6571,.F.);
#3719=ORIENTED_EDGE('',*,*,#6560,.F.);
#3720=ORIENTED_EDGE('',*,*,#6572,.T.);
#3721=ORIENTED_EDGE('',*,*,#6573,.F.);
#3722=ORIENTED_EDGE('',*,*,#6574,.T.);
#3723=ORIENTED_EDGE('',*,*,#6575,.F.);
#3724=ORIENTED_EDGE('',*,*,#6576,.T.);
#3725=ORIENTED_EDGE('',*,*,#6577,.F.);
#3726=ORIENTED_EDGE('',*,*,#6578,.T.);
#3727=ORIENTED_EDGE('',*,*,#6579,.F.);
#3728=ORIENTED_EDGE('',*,*,#6580,.T.);
#3729=ORIENTED_EDGE('',*,*,#6581,.F.);
#3730=ORIENTED_EDGE('',*,*,#6582,.T.);
#3731=ORIENTED_EDGE('',*,*,#6583,.T.);
#3732=ORIENTED_EDGE('',*,*,#6584,.T.);
#3733=ORIENTED_EDGE('',*,*,#6550,.T.);
#3734=ORIENTED_EDGE('',*,*,#6585,.F.);
#3735=ORIENTED_EDGE('',*,*,#6586,.F.);
#3736=ORIENTED_EDGE('',*,*,#6587,.F.);
#3737=ORIENTED_EDGE('',*,*,#6588,.F.);
#3738=ORIENTED_EDGE('',*,*,#6474,.T.);
#3739=ORIENTED_EDGE('',*,*,#6509,.F.);
#3740=ORIENTED_EDGE('',*,*,#6567,.F.);
#3741=ORIENTED_EDGE('',*,*,#6540,.T.);
#3742=ORIENTED_EDGE('',*,*,#6475,.T.);
#3743=ORIENTED_EDGE('',*,*,#6588,.T.);
#3744=ORIENTED_EDGE('',*,*,#6587,.T.);
#3745=ORIENTED_EDGE('',*,*,#6589,.F.);
#3746=ORIENTED_EDGE('',*,*,#6590,.F.);
#3747=ORIENTED_EDGE('',*,*,#6591,.T.);
#3748=ORIENTED_EDGE('',*,*,#6592,.T.);
#3749=ORIENTED_EDGE('',*,*,#6480,.T.);
#3750=ORIENTED_EDGE('',*,*,#6539,.T.);
#3751=ORIENTED_EDGE('',*,*,#6593,.T.);
#3752=ORIENTED_EDGE('',*,*,#6594,.F.);
#3753=ORIENTED_EDGE('',*,*,#6595,.F.);
#3754=ORIENTED_EDGE('',*,*,#6569,.T.);
#3755=ORIENTED_EDGE('',*,*,#6507,.F.);
#3756=ORIENTED_EDGE('',*,*,#6481,.T.);
#3757=ORIENTED_EDGE('',*,*,#6592,.F.);
#3758=ORIENTED_EDGE('',*,*,#6568,.F.);
#3759=ORIENTED_EDGE('',*,*,#6565,.F.);
#3760=ORIENTED_EDGE('',*,*,#6541,.T.);
#3761=ORIENTED_EDGE('',*,*,#6591,.F.);
#3762=ORIENTED_EDGE('',*,*,#6596,.F.);
#3763=ORIENTED_EDGE('',*,*,#6597,.F.);
#3764=ORIENTED_EDGE('',*,*,#6593,.F.);
#3765=ORIENTED_EDGE('',*,*,#6548,.T.);
#3766=ORIENTED_EDGE('',*,*,#6561,.F.);
#3767=ORIENTED_EDGE('',*,*,#6598,.F.);
#3768=ORIENTED_EDGE('',*,*,#6599,.F.);
#3769=ORIENTED_EDGE('',*,*,#6600,.F.);
#3770=ORIENTED_EDGE('',*,*,#6601,.F.);
#3771=ORIENTED_EDGE('',*,*,#6585,.T.);
#3772=ORIENTED_EDGE('',*,*,#6549,.T.);
#3773=ORIENTED_EDGE('',*,*,#6554,.T.);
#3774=ORIENTED_EDGE('',*,*,#6557,.T.);
#3775=ORIENTED_EDGE('',*,*,#6571,.T.);
#3776=ORIENTED_EDGE('',*,*,#6602,.F.);
#3777=ORIENTED_EDGE('',*,*,#6603,.F.);
#3778=ORIENTED_EDGE('',*,*,#6598,.T.);
#3779=ORIENTED_EDGE('',*,*,#6566,.T.);
#3780=ORIENTED_EDGE('',*,*,#6597,.T.);
#3781=ORIENTED_EDGE('',*,*,#6604,.T.);
#3782=ORIENTED_EDGE('',*,*,#6605,.T.);
#3783=ORIENTED_EDGE('',*,*,#6606,.T.);
#3784=ORIENTED_EDGE('',*,*,#6607,.T.);
#3785=ORIENTED_EDGE('',*,*,#6608,.T.);
#3786=ORIENTED_EDGE('',*,*,#6609,.T.);
#3787=ORIENTED_EDGE('',*,*,#6610,.T.);
#3788=ORIENTED_EDGE('',*,*,#6611,.T.);
#3789=ORIENTED_EDGE('',*,*,#6612,.T.);
#3790=ORIENTED_EDGE('',*,*,#6613,.T.);
#3791=ORIENTED_EDGE('',*,*,#6614,.T.);
#3792=ORIENTED_EDGE('',*,*,#6615,.T.);
#3793=ORIENTED_EDGE('',*,*,#6616,.T.);
#3794=ORIENTED_EDGE('',*,*,#6617,.T.);
#3795=ORIENTED_EDGE('',*,*,#6618,.T.);
#3796=ORIENTED_EDGE('',*,*,#6619,.T.);
#3797=ORIENTED_EDGE('',*,*,#6620,.T.);
#3798=ORIENTED_EDGE('',*,*,#6621,.T.);
#3799=ORIENTED_EDGE('',*,*,#6622,.T.);
#3800=ORIENTED_EDGE('',*,*,#6623,.T.);
#3801=ORIENTED_EDGE('',*,*,#6624,.T.);
#3802=ORIENTED_EDGE('',*,*,#6625,.T.);
#3803=ORIENTED_EDGE('',*,*,#6626,.T.);
#3804=ORIENTED_EDGE('',*,*,#6627,.T.);
#3805=ORIENTED_EDGE('',*,*,#6628,.T.);
#3806=ORIENTED_EDGE('',*,*,#6629,.T.);
#3807=ORIENTED_EDGE('',*,*,#6630,.T.);
#3808=ORIENTED_EDGE('',*,*,#6631,.T.);
#3809=ORIENTED_EDGE('',*,*,#6632,.T.);
#3810=ORIENTED_EDGE('',*,*,#6633,.T.);
#3811=ORIENTED_EDGE('',*,*,#6634,.T.);
#3812=ORIENTED_EDGE('',*,*,#6635,.T.);
#3813=ORIENTED_EDGE('',*,*,#6636,.T.);
#3814=ORIENTED_EDGE('',*,*,#6637,.T.);
#3815=ORIENTED_EDGE('',*,*,#6638,.T.);
#3816=ORIENTED_EDGE('',*,*,#6639,.T.);
#3817=ORIENTED_EDGE('',*,*,#6640,.T.);
#3818=ORIENTED_EDGE('',*,*,#6641,.T.);
#3819=ORIENTED_EDGE('',*,*,#6642,.T.);
#3820=ORIENTED_EDGE('',*,*,#6643,.T.);
#3821=ORIENTED_EDGE('',*,*,#6644,.T.);
#3822=ORIENTED_EDGE('',*,*,#6645,.T.);
#3823=ORIENTED_EDGE('',*,*,#6646,.T.);
#3824=ORIENTED_EDGE('',*,*,#6647,.T.);
#3825=ORIENTED_EDGE('',*,*,#6648,.T.);
#3826=ORIENTED_EDGE('',*,*,#6649,.T.);
#3827=ORIENTED_EDGE('',*,*,#6650,.T.);
#3828=ORIENTED_EDGE('',*,*,#6555,.T.);
#3829=ORIENTED_EDGE('',*,*,#6651,.T.);
#3830=ORIENTED_EDGE('',*,*,#6652,.T.);
#3831=ORIENTED_EDGE('',*,*,#6653,.T.);
#3832=ORIENTED_EDGE('',*,*,#6654,.T.);
#3833=ORIENTED_EDGE('',*,*,#6655,.T.);
#3834=ORIENTED_EDGE('',*,*,#6656,.T.);
#3835=ORIENTED_EDGE('',*,*,#6657,.F.);
#3836=ORIENTED_EDGE('',*,*,#6658,.T.);
#3837=ORIENTED_EDGE('',*,*,#6659,.T.);
#3838=ORIENTED_EDGE('',*,*,#6660,.T.);
#3839=ORIENTED_EDGE('',*,*,#6661,.T.);
#3840=ORIENTED_EDGE('',*,*,#6662,.T.);
#3841=ORIENTED_EDGE('',*,*,#6663,.T.);
#3842=ORIENTED_EDGE('',*,*,#6664,.T.);
#3843=ORIENTED_EDGE('',*,*,#6657,.T.);
#3844=ORIENTED_EDGE('',*,*,#6664,.F.);
#3845=ORIENTED_EDGE('',*,*,#6576,.F.);
#3846=ORIENTED_EDGE('',*,*,#6665,.T.);
#3847=ORIENTED_EDGE('',*,*,#6574,.F.);
#3848=ORIENTED_EDGE('',*,*,#6666,.F.);
#3849=ORIENTED_EDGE('',*,*,#6631,.F.);
#3850=ORIENTED_EDGE('',*,*,#6667,.F.);
#3851=ORIENTED_EDGE('',*,*,#6666,.T.);
#3852=ORIENTED_EDGE('',*,*,#6573,.T.);
#3853=ORIENTED_EDGE('',*,*,#6668,.F.);
#3854=ORIENTED_EDGE('',*,*,#6669,.F.);
#3855=ORIENTED_EDGE('',*,*,#6577,.T.);
#3856=ORIENTED_EDGE('',*,*,#6667,.T.);
#3857=ORIENTED_EDGE('',*,*,#6670,.F.);
#3858=ORIENTED_EDGE('',*,*,#6671,.F.);
#3859=ORIENTED_EDGE('',*,*,#6668,.T.);
#3860=ORIENTED_EDGE('',*,*,#6572,.F.);
#3861=ORIENTED_EDGE('',*,*,#6559,.F.);
#3862=ORIENTED_EDGE('',*,*,#6635,.F.);
#3863=ORIENTED_EDGE('',*,*,#6669,.T.);
#3864=ORIENTED_EDGE('',*,*,#6634,.F.);
#3865=ORIENTED_EDGE('',*,*,#6672,.F.);
#3866=ORIENTED_EDGE('',*,*,#6628,.F.);
#3867=ORIENTED_EDGE('',*,*,#6673,.F.);
#3868=ORIENTED_EDGE('',*,*,#6629,.F.);
#3869=ORIENTED_EDGE('',*,*,#6674,.F.);
#3870=ORIENTED_EDGE('',*,*,#6655,.F.);
#3871=ORIENTED_EDGE('',*,*,#6670,.T.);
#3872=ORIENTED_EDGE('',*,*,#6630,.F.);
#3873=ORIENTED_EDGE('',*,*,#6675,.F.);
#3874=ORIENTED_EDGE('',*,*,#6644,.F.);
#3875=ORIENTED_EDGE('',*,*,#6671,.T.);
#3876=ORIENTED_EDGE('',*,*,#6647,.F.);
#3877=ORIENTED_EDGE('',*,*,#6676,.F.);
#3878=ORIENTED_EDGE('',*,*,#6578,.F.);
#3879=ORIENTED_EDGE('',*,*,#6674,.T.);
#3880=ORIENTED_EDGE('',*,*,#6672,.T.);
#3881=ORIENTED_EDGE('',*,*,#6677,.F.);
#3882=ORIENTED_EDGE('',*,*,#6675,.T.);
#3883=ORIENTED_EDGE('',*,*,#6673,.T.);
#3884=ORIENTED_EDGE('',*,*,#6678,.F.);
#3885=ORIENTED_EDGE('',*,*,#6579,.T.);
#3886=ORIENTED_EDGE('',*,*,#6676,.T.);
#3887=ORIENTED_EDGE('',*,*,#6679,.F.);
#3888=ORIENTED_EDGE('',*,*,#6680,.F.);
#3889=ORIENTED_EDGE('',*,*,#6558,.T.);
#3890=ORIENTED_EDGE('',*,*,#6650,.F.);
#3891=ORIENTED_EDGE('',*,*,#6681,.F.);
#3892=ORIENTED_EDGE('',*,*,#6632,.F.);
#3893=ORIENTED_EDGE('',*,*,#6677,.T.);
#3894=ORIENTED_EDGE('',*,*,#6633,.F.);
#3895=ORIENTED_EDGE('',*,*,#6682,.F.);
#3896=ORIENTED_EDGE('',*,*,#6656,.F.);
#3897=ORIENTED_EDGE('',*,*,#6678,.T.);
#3898=ORIENTED_EDGE('',*,*,#6654,.F.);
#3899=ORIENTED_EDGE('',*,*,#6683,.F.);
#3900=ORIENTED_EDGE('',*,*,#6645,.F.);
#3901=ORIENTED_EDGE('',*,*,#6679,.T.);
#3902=ORIENTED_EDGE('',*,*,#6646,.F.);
#3903=ORIENTED_EDGE('',*,*,#6684,.F.);
#3904=ORIENTED_EDGE('',*,*,#6640,.F.);
#3905=ORIENTED_EDGE('',*,*,#6582,.F.);
#3906=ORIENTED_EDGE('',*,*,#6685,.T.);
#3907=ORIENTED_EDGE('',*,*,#6580,.F.);
#3908=ORIENTED_EDGE('',*,*,#6680,.T.);
#3909=ORIENTED_EDGE('',*,*,#6643,.F.);
#3910=ORIENTED_EDGE('',*,*,#6686,.F.);
#3911=ORIENTED_EDGE('',*,*,#6551,.F.);
#3912=ORIENTED_EDGE('',*,*,#6584,.F.);
#3913=ORIENTED_EDGE('',*,*,#6687,.F.);
#3914=ORIENTED_EDGE('',*,*,#6638,.F.);
#3915=ORIENTED_EDGE('',*,*,#6682,.T.);
#3916=ORIENTED_EDGE('',*,*,#6681,.T.);
#3917=ORIENTED_EDGE('',*,*,#6688,.F.);
#3918=ORIENTED_EDGE('',*,*,#6684,.T.);
#3919=ORIENTED_EDGE('',*,*,#6683,.T.);
#3920=ORIENTED_EDGE('',*,*,#6689,.F.);
#3921=ORIENTED_EDGE('',*,*,#6583,.F.);
#3922=ORIENTED_EDGE('',*,*,#6686,.T.);
#3923=ORIENTED_EDGE('',*,*,#6690,.F.);
#3924=ORIENTED_EDGE('',*,*,#6687,.T.);
#3925=ORIENTED_EDGE('',*,*,#6552,.T.);
#3926=ORIENTED_EDGE('',*,*,#6637,.F.);
#3927=ORIENTED_EDGE('',*,*,#6691,.F.);
#3928=ORIENTED_EDGE('',*,*,#6648,.F.);
#3929=ORIENTED_EDGE('',*,*,#6688,.T.);
#3930=ORIENTED_EDGE('',*,*,#6649,.F.);
#3931=ORIENTED_EDGE('',*,*,#6692,.F.);
#3932=ORIENTED_EDGE('',*,*,#6651,.F.);
#3933=ORIENTED_EDGE('',*,*,#6689,.T.);
#3934=ORIENTED_EDGE('',*,*,#6653,.F.);
#3935=ORIENTED_EDGE('',*,*,#6693,.F.);
#3936=ORIENTED_EDGE('',*,*,#6641,.F.);
#3937=ORIENTED_EDGE('',*,*,#6690,.T.);
#3938=ORIENTED_EDGE('',*,*,#6642,.F.);
#3939=ORIENTED_EDGE('',*,*,#6694,.F.);
#3940=ORIENTED_EDGE('',*,*,#6639,.F.);
#3941=ORIENTED_EDGE('',*,*,#6692,.T.);
#3942=ORIENTED_EDGE('',*,*,#6691,.T.);
#3943=ORIENTED_EDGE('',*,*,#6695,.F.);
#3944=ORIENTED_EDGE('',*,*,#6694,.T.);
#3945=ORIENTED_EDGE('',*,*,#6693,.T.);
#3946=ORIENTED_EDGE('',*,*,#6696,.F.);
#3947=ORIENTED_EDGE('',*,*,#6695,.T.);
#3948=ORIENTED_EDGE('',*,*,#6636,.F.);
#3949=ORIENTED_EDGE('',*,*,#6696,.T.);
#3950=ORIENTED_EDGE('',*,*,#6652,.F.);
#3951=ORIENTED_EDGE('',*,*,#6697,.F.);
#3952=ORIENTED_EDGE('',*,*,#6658,.F.);
#3953=ORIENTED_EDGE('',*,*,#6698,.F.);
#3954=ORIENTED_EDGE('',*,*,#6623,.F.);
#3955=ORIENTED_EDGE('',*,*,#6699,.F.);
#3956=ORIENTED_EDGE('',*,*,#6697,.T.);
#3957=ORIENTED_EDGE('',*,*,#6700,.F.);
#3958=ORIENTED_EDGE('',*,*,#6701,.F.);
#3959=ORIENTED_EDGE('',*,*,#6698,.T.);
#3960=ORIENTED_EDGE('',*,*,#6702,.F.);
#3961=ORIENTED_EDGE('',*,*,#6700,.T.);
#3962=ORIENTED_EDGE('',*,*,#6622,.F.);
#3963=ORIENTED_EDGE('',*,*,#6703,.F.);
#3964=ORIENTED_EDGE('',*,*,#6625,.F.);
#3965=ORIENTED_EDGE('',*,*,#6699,.T.);
#3966=ORIENTED_EDGE('',*,*,#6624,.F.);
#3967=ORIENTED_EDGE('',*,*,#6704,.F.);
#3968=ORIENTED_EDGE('',*,*,#6659,.F.);
#3969=ORIENTED_EDGE('',*,*,#6702,.T.);
#3970=ORIENTED_EDGE('',*,*,#6663,.F.);
#3971=ORIENTED_EDGE('',*,*,#6705,.F.);
#3972=ORIENTED_EDGE('',*,*,#6619,.F.);
#3973=ORIENTED_EDGE('',*,*,#6701,.T.);
#3974=ORIENTED_EDGE('',*,*,#6618,.F.);
#3975=ORIENTED_EDGE('',*,*,#6706,.F.);
#3976=ORIENTED_EDGE('',*,*,#6620,.F.);
#3977=ORIENTED_EDGE('',*,*,#6545,.T.);
#3978=ORIENTED_EDGE('',*,*,#6520,.T.);
#3979=ORIENTED_EDGE('',*,*,#6707,.F.);
#3980=ORIENTED_EDGE('',*,*,#6621,.F.);
#3981=ORIENTED_EDGE('',*,*,#6708,.F.);
#3982=ORIENTED_EDGE('',*,*,#6707,.T.);
#3983=ORIENTED_EDGE('',*,*,#6529,.T.);
#3984=ORIENTED_EDGE('',*,*,#6709,.F.);
#3985=ORIENTED_EDGE('',*,*,#6703,.T.);
#3986=ORIENTED_EDGE('',*,*,#6710,.F.);
#3987=ORIENTED_EDGE('',*,*,#6704,.T.);
#3988=ORIENTED_EDGE('',*,*,#6711,.F.);
#3989=ORIENTED_EDGE('',*,*,#6712,.F.);
#3990=ORIENTED_EDGE('',*,*,#6705,.T.);
#3991=ORIENTED_EDGE('',*,*,#6713,.F.);
#3992=ORIENTED_EDGE('',*,*,#6562,.T.);
#3993=ORIENTED_EDGE('',*,*,#6546,.T.);
#3994=ORIENTED_EDGE('',*,*,#6708,.T.);
#3995=ORIENTED_EDGE('',*,*,#6706,.T.);
#3996=ORIENTED_EDGE('',*,*,#6714,.F.);
#3997=ORIENTED_EDGE('',*,*,#6709,.T.);
#3998=ORIENTED_EDGE('',*,*,#6528,.T.);
#3999=ORIENTED_EDGE('',*,*,#6715,.F.);
#4000=ORIENTED_EDGE('',*,*,#6626,.F.);
#4001=ORIENTED_EDGE('',*,*,#6711,.T.);
#4002=ORIENTED_EDGE('',*,*,#6627,.F.);
#4003=ORIENTED_EDGE('',*,*,#6716,.F.);
#4004=ORIENTED_EDGE('',*,*,#6607,.F.);
#4005=ORIENTED_EDGE('',*,*,#6710,.T.);
#4006=ORIENTED_EDGE('',*,*,#6606,.F.);
#4007=ORIENTED_EDGE('',*,*,#6717,.F.);
#4008=ORIENTED_EDGE('',*,*,#6660,.F.);
#4009=ORIENTED_EDGE('',*,*,#6718,.F.);
#4010=ORIENTED_EDGE('',*,*,#6661,.F.);
#4011=ORIENTED_EDGE('',*,*,#6719,.F.);
#4012=ORIENTED_EDGE('',*,*,#6611,.F.);
#4013=ORIENTED_EDGE('',*,*,#6713,.T.);
#4014=ORIENTED_EDGE('',*,*,#6662,.F.);
#4015=ORIENTED_EDGE('',*,*,#6720,.F.);
#4016=ORIENTED_EDGE('',*,*,#6615,.F.);
#4017=ORIENTED_EDGE('',*,*,#6712,.T.);
#4018=ORIENTED_EDGE('',*,*,#6614,.F.);
#4019=ORIENTED_EDGE('',*,*,#6721,.F.);
#4020=ORIENTED_EDGE('',*,*,#6616,.F.);
#4021=ORIENTED_EDGE('',*,*,#6714,.T.);
#4022=ORIENTED_EDGE('',*,*,#6617,.F.);
#4023=ORIENTED_EDGE('',*,*,#6722,.F.);
#4024=ORIENTED_EDGE('',*,*,#6563,.F.);
#4025=ORIENTED_EDGE('',*,*,#6715,.T.);
#4026=ORIENTED_EDGE('',*,*,#6527,.T.);
#4027=ORIENTED_EDGE('',*,*,#6723,.F.);
#4028=ORIENTED_EDGE('',*,*,#6716,.T.);
#4029=ORIENTED_EDGE('',*,*,#6719,.T.);
#4030=ORIENTED_EDGE('',*,*,#6717,.T.);
#4031=ORIENTED_EDGE('',*,*,#6724,.F.);
#4032=ORIENTED_EDGE('',*,*,#6720,.T.);
#4033=ORIENTED_EDGE('',*,*,#6718,.T.);
#4034=ORIENTED_EDGE('',*,*,#6725,.F.);
#4035=ORIENTED_EDGE('',*,*,#6726,.F.);
#4036=ORIENTED_EDGE('',*,*,#6543,.T.);
#4037=ORIENTED_EDGE('',*,*,#6564,.F.);
#4038=ORIENTED_EDGE('',*,*,#6722,.T.);
#4039=ORIENTED_EDGE('',*,*,#6721,.T.);
#4040=ORIENTED_EDGE('',*,*,#6723,.T.);
#4041=ORIENTED_EDGE('',*,*,#6526,.T.);
#4042=ORIENTED_EDGE('',*,*,#6727,.F.);
#4043=ORIENTED_EDGE('',*,*,#6604,.F.);
#4044=ORIENTED_EDGE('',*,*,#6724,.T.);
#4045=ORIENTED_EDGE('',*,*,#6605,.F.);
#4046=ORIENTED_EDGE('',*,*,#6728,.F.);
#4047=ORIENTED_EDGE('',*,*,#6608,.F.);
#4048=ORIENTED_EDGE('',*,*,#6725,.T.);
#4049=ORIENTED_EDGE('',*,*,#6610,.F.);
#4050=ORIENTED_EDGE('',*,*,#6729,.F.);
#4051=ORIENTED_EDGE('',*,*,#6612,.F.);
#4052=ORIENTED_EDGE('',*,*,#6730,.F.);
#4053=ORIENTED_EDGE('',*,*,#6522,.T.);
#4054=ORIENTED_EDGE('',*,*,#6544,.T.);
#4055=ORIENTED_EDGE('',*,*,#6726,.T.);
#4056=ORIENTED_EDGE('',*,*,#6613,.F.);
#4057=ORIENTED_EDGE('',*,*,#6727,.T.);
#4058=ORIENTED_EDGE('',*,*,#6525,.T.);
#4059=ORIENTED_EDGE('',*,*,#6731,.F.);
#4060=ORIENTED_EDGE('',*,*,#6728,.T.);
#4061=ORIENTED_EDGE('',*,*,#6732,.F.);
#4062=ORIENTED_EDGE('',*,*,#6523,.T.);
#4063=ORIENTED_EDGE('',*,*,#6730,.T.);
#4064=ORIENTED_EDGE('',*,*,#6729,.T.);
#4065=ORIENTED_EDGE('',*,*,#6731,.T.);
#4066=ORIENTED_EDGE('',*,*,#6524,.T.);
#4067=ORIENTED_EDGE('',*,*,#6732,.T.);
#4068=ORIENTED_EDGE('',*,*,#6609,.F.);
#4069=ORIENTED_EDGE('',*,*,#6594,.T.);
#4070=ORIENTED_EDGE('',*,*,#6599,.T.);
#4071=ORIENTED_EDGE('',*,*,#6603,.T.);
#4072=ORIENTED_EDGE('',*,*,#6733,.F.);
#4073=ORIENTED_EDGE('',*,*,#6595,.T.);
#4074=ORIENTED_EDGE('',*,*,#6733,.T.);
#4075=ORIENTED_EDGE('',*,*,#6602,.T.);
#4076=ORIENTED_EDGE('',*,*,#6570,.T.);
#4077=ORIENTED_EDGE('',*,*,#6590,.T.);
#4078=ORIENTED_EDGE('',*,*,#6734,.F.);
#4079=ORIENTED_EDGE('',*,*,#6600,.T.);
#4080=ORIENTED_EDGE('',*,*,#6596,.T.);
#4081=ORIENTED_EDGE('',*,*,#6589,.T.);
#4082=ORIENTED_EDGE('',*,*,#6586,.T.);
#4083=ORIENTED_EDGE('',*,*,#6601,.T.);
#4084=ORIENTED_EDGE('',*,*,#6734,.T.);
#4085=ORIENTED_EDGE('',*,*,#6735,.F.);
#4086=ORIENTED_EDGE('',*,*,#6581,.T.);
#4087=ORIENTED_EDGE('',*,*,#6685,.F.);
#4088=ORIENTED_EDGE('',*,*,#6735,.T.);
#4089=ORIENTED_EDGE('',*,*,#6736,.F.);
#4090=ORIENTED_EDGE('',*,*,#6575,.T.);
#4091=ORIENTED_EDGE('',*,*,#6665,.F.);
#4092=ORIENTED_EDGE('',*,*,#6736,.T.);
#4093=ORIENTED_EDGE('',*,*,#6737,.T.);
#4094=ORIENTED_EDGE('',*,*,#6519,.T.);
#4095=ORIENTED_EDGE('',*,*,#6738,.F.);
#4096=ORIENTED_EDGE('',*,*,#6739,.T.);
#4097=ORIENTED_EDGE('',*,*,#6740,.T.);
#4098=ORIENTED_EDGE('',*,*,#6741,.T.);
#4099=ORIENTED_EDGE('',*,*,#6742,.T.);
#4100=ORIENTED_EDGE('',*,*,#6743,.T.);
#4101=ORIENTED_EDGE('',*,*,#6744,.T.);
#4102=ORIENTED_EDGE('',*,*,#6739,.F.);
#4103=ORIENTED_EDGE('',*,*,#6517,.F.);
#4104=ORIENTED_EDGE('',*,*,#6745,.T.);
#4105=ORIENTED_EDGE('',*,*,#6743,.F.);
#4106=ORIENTED_EDGE('',*,*,#6746,.T.);
#4107=ORIENTED_EDGE('',*,*,#6747,.F.);
#4108=ORIENTED_EDGE('',*,*,#6748,.F.);
#4109=ORIENTED_EDGE('',*,*,#6749,.T.);
#4110=ORIENTED_EDGE('',*,*,#6750,.T.);
#4111=ORIENTED_EDGE('',*,*,#6751,.F.);
#4112=ORIENTED_EDGE('',*,*,#6752,.F.);
#4113=ORIENTED_EDGE('',*,*,#6753,.T.);
#4114=ORIENTED_EDGE('',*,*,#6754,.F.);
#4115=ORIENTED_EDGE('',*,*,#6753,.F.);
#4116=ORIENTED_EDGE('',*,*,#6755,.T.);
#4117=ORIENTED_EDGE('',*,*,#6747,.T.);
#4118=ORIENTED_EDGE('',*,*,#6756,.T.);
#4119=ORIENTED_EDGE('',*,*,#6757,.T.);
#4120=ORIENTED_EDGE('',*,*,#6749,.F.);
#4121=ORIENTED_EDGE('',*,*,#6758,.F.);
#4122=ORIENTED_EDGE('',*,*,#6751,.T.);
#4123=ORIENTED_EDGE('',*,*,#6759,.F.);
#4124=ORIENTED_EDGE('',*,*,#6502,.T.);
#4125=ORIENTED_EDGE('',*,*,#6512,.T.);
#4126=ORIENTED_EDGE('',*,*,#6737,.F.);
#4127=ORIENTED_EDGE('',*,*,#6760,.T.);
#4128=ORIENTED_EDGE('',*,*,#6761,.F.);
#4129=ORIENTED_EDGE('',*,*,#6516,.T.);
#4130=ORIENTED_EDGE('',*,*,#6504,.T.);
#4131=ORIENTED_EDGE('',*,*,#6762,.T.);
#4132=ORIENTED_EDGE('',*,*,#6763,.F.);
#4133=ORIENTED_EDGE('',*,*,#6764,.F.);
#4134=ORIENTED_EDGE('',*,*,#6745,.F.);
#4135=ORIENTED_EDGE('',*,*,#6765,.T.);
#4136=ORIENTED_EDGE('',*,*,#6752,.T.);
#4137=ORIENTED_EDGE('',*,*,#6766,.F.);
#4138=ORIENTED_EDGE('',*,*,#6763,.T.);
#4139=ORIENTED_EDGE('',*,*,#6767,.F.);
#4140=ORIENTED_EDGE('',*,*,#6761,.T.);
#4141=ORIENTED_EDGE('',*,*,#6768,.T.);
#4142=ORIENTED_EDGE('',*,*,#6748,.T.);
#4143=ORIENTED_EDGE('',*,*,#6503,.F.);
#4144=ORIENTED_EDGE('',*,*,#6759,.T.);
#4145=ORIENTED_EDGE('',*,*,#6769,.F.);
#4146=ORIENTED_EDGE('',*,*,#6762,.F.);
#4147=ORIENTED_EDGE('',*,*,#6765,.F.);
#4148=ORIENTED_EDGE('',*,*,#6769,.T.);
#4149=ORIENTED_EDGE('',*,*,#6767,.T.);
#4150=ORIENTED_EDGE('',*,*,#6755,.F.);
#4151=ORIENTED_EDGE('',*,*,#6766,.T.);
#4152=ORIENTED_EDGE('',*,*,#6758,.T.);
#4153=ORIENTED_EDGE('',*,*,#6768,.F.);
#4154=ORIENTED_EDGE('',*,*,#6770,.F.);
#4155=ORIENTED_EDGE('',*,*,#6764,.T.);
#4156=ORIENTED_EDGE('',*,*,#6770,.T.);
#4157=ORIENTED_EDGE('',*,*,#6760,.F.);
#4158=ORIENTED_EDGE('',*,*,#6744,.F.);
#4159=ORIENTED_EDGE('',*,*,#6756,.F.);
#4160=ORIENTED_EDGE('',*,*,#6750,.F.);
#4161=ORIENTED_EDGE('',*,*,#6757,.F.);
#4162=ORIENTED_EDGE('',*,*,#6754,.T.);
#4163=ORIENTED_EDGE('',*,*,#6738,.T.);
#4164=ORIENTED_EDGE('',*,*,#6518,.T.);
#4165=ORIENTED_EDGE('',*,*,#6746,.F.);
#4166=ORIENTED_EDGE('',*,*,#6742,.F.);
#4167=ORIENTED_EDGE('',*,*,#6473,.F.);
#4168=ORIENTED_EDGE('',*,*,#6771,.F.);
#4169=ORIENTED_EDGE('',*,*,#6741,.F.);
#4170=ORIENTED_EDGE('',*,*,#6772,.F.);
#4171=ORIENTED_EDGE('',*,*,#6472,.F.);
#4172=ORIENTED_EDGE('',*,*,#6772,.T.);
#4173=ORIENTED_EDGE('',*,*,#6740,.F.);
#4174=ORIENTED_EDGE('',*,*,#6771,.T.);
#4175=ORIENTED_EDGE('',*,*,#6773,.T.);
#4176=ORIENTED_EDGE('',*,*,#6774,.T.);
#4177=ORIENTED_EDGE('',*,*,#6775,.F.);
#4178=ORIENTED_EDGE('',*,*,#6776,.T.);
#4179=ORIENTED_EDGE('',*,*,#6777,.F.);
#4180=ORIENTED_EDGE('',*,*,#6778,.T.);
#4181=ORIENTED_EDGE('',*,*,#6779,.F.);
#4182=ORIENTED_EDGE('',*,*,#6780,.T.);
#4183=ORIENTED_EDGE('',*,*,#6781,.T.);
#4184=ORIENTED_EDGE('',*,*,#6782,.F.);
#4185=ORIENTED_EDGE('',*,*,#6783,.T.);
#4186=ORIENTED_EDGE('',*,*,#6784,.T.);
#4187=ORIENTED_EDGE('',*,*,#6785,.T.);
#4188=ORIENTED_EDGE('',*,*,#6786,.T.);
#4189=ORIENTED_EDGE('',*,*,#6785,.F.);
#4190=ORIENTED_EDGE('',*,*,#6787,.T.);
#4191=ORIENTED_EDGE('',*,*,#6788,.T.);
#4192=ORIENTED_EDGE('',*,*,#6789,.T.);
#4193=ORIENTED_EDGE('',*,*,#6777,.T.);
#4194=ORIENTED_EDGE('',*,*,#6790,.T.);
#4195=ORIENTED_EDGE('',*,*,#6791,.F.);
#4196=ORIENTED_EDGE('',*,*,#6792,.F.);
#4197=ORIENTED_EDGE('',*,*,#6793,.T.);
#4198=ORIENTED_EDGE('',*,*,#6794,.F.);
#4199=ORIENTED_EDGE('',*,*,#6795,.T.);
#4200=ORIENTED_EDGE('',*,*,#6796,.F.);
#4201=ORIENTED_EDGE('',*,*,#6797,.F.);
#4202=ORIENTED_EDGE('',*,*,#6798,.T.);
#4203=ORIENTED_EDGE('',*,*,#6799,.F.);
#4204=ORIENTED_EDGE('',*,*,#6800,.F.);
#4205=ORIENTED_EDGE('',*,*,#6801,.T.);
#4206=ORIENTED_EDGE('',*,*,#6796,.T.);
#4207=ORIENTED_EDGE('',*,*,#6802,.T.);
#4208=ORIENTED_EDGE('',*,*,#6773,.F.);
#4209=ORIENTED_EDGE('',*,*,#6803,.T.);
#4210=ORIENTED_EDGE('',*,*,#6782,.T.);
#4211=ORIENTED_EDGE('',*,*,#6804,.T.);
#4212=ORIENTED_EDGE('',*,*,#6792,.T.);
#4213=ORIENTED_EDGE('',*,*,#6805,.F.);
#4214=ORIENTED_EDGE('',*,*,#6806,.F.);
#4215=ORIENTED_EDGE('',*,*,#6794,.T.);
#4216=ORIENTED_EDGE('',*,*,#6807,.T.);
#4217=ORIENTED_EDGE('',*,*,#6780,.F.);
#4218=ORIENTED_EDGE('',*,*,#6808,.T.);
#4219=ORIENTED_EDGE('',*,*,#6775,.T.);
#4220=ORIENTED_EDGE('',*,*,#6809,.T.);
#4221=ORIENTED_EDGE('',*,*,#6810,.F.);
#4222=ORIENTED_EDGE('',*,*,#6811,.T.);
#4223=ORIENTED_EDGE('',*,*,#6783,.F.);
#4224=ORIENTED_EDGE('',*,*,#6803,.F.);
#4225=ORIENTED_EDGE('',*,*,#6779,.T.);
#4226=ORIENTED_EDGE('',*,*,#6812,.T.);
#4227=ORIENTED_EDGE('',*,*,#6788,.F.);
#4228=ORIENTED_EDGE('',*,*,#6813,.T.);
#4229=ORIENTED_EDGE('',*,*,#6810,.T.);
#4230=ORIENTED_EDGE('',*,*,#6814,.T.);
#4231=ORIENTED_EDGE('',*,*,#6799,.T.);
#4232=ORIENTED_EDGE('',*,*,#6815,.F.);
#4233=ORIENTED_EDGE('',*,*,#6805,.T.);
#4234=ORIENTED_EDGE('',*,*,#6816,.F.);
#4235=ORIENTED_EDGE('',*,*,#6800,.T.);
#4236=ORIENTED_EDGE('',*,*,#6816,.T.);
#4237=ORIENTED_EDGE('',*,*,#6806,.T.);
#4238=ORIENTED_EDGE('',*,*,#6815,.T.);
#4239=ORIENTED_EDGE('',*,*,#6786,.F.);
#4240=ORIENTED_EDGE('',*,*,#6790,.F.);
#4241=ORIENTED_EDGE('',*,*,#6776,.F.);
#4242=ORIENTED_EDGE('',*,*,#6808,.F.);
#4243=ORIENTED_EDGE('',*,*,#6787,.F.);
#4244=ORIENTED_EDGE('',*,*,#6784,.F.);
#4245=ORIENTED_EDGE('',*,*,#6811,.F.);
#4246=ORIENTED_EDGE('',*,*,#6813,.F.);
#4247=ORIENTED_EDGE('',*,*,#6789,.F.);
#4248=ORIENTED_EDGE('',*,*,#6814,.F.);
#4249=ORIENTED_EDGE('',*,*,#6812,.F.);
#4250=ORIENTED_EDGE('',*,*,#6778,.F.);
#4251=ORIENTED_EDGE('',*,*,#6809,.F.);
#4252=ORIENTED_EDGE('',*,*,#6774,.F.);
#4253=ORIENTED_EDGE('',*,*,#6802,.F.);
#4254=ORIENTED_EDGE('',*,*,#6795,.F.);
#4255=ORIENTED_EDGE('',*,*,#6804,.F.);
#4256=ORIENTED_EDGE('',*,*,#6781,.F.);
#4257=ORIENTED_EDGE('',*,*,#6807,.F.);
#4258=ORIENTED_EDGE('',*,*,#6793,.F.);
#4259=ORIENTED_EDGE('',*,*,#6801,.F.);
#4260=ORIENTED_EDGE('',*,*,#6817,.F.);
#4261=ORIENTED_EDGE('',*,*,#6818,.T.);
#4262=ORIENTED_EDGE('',*,*,#6819,.T.);
#4263=ORIENTED_EDGE('',*,*,#6820,.F.);
#4264=ORIENTED_EDGE('',*,*,#6821,.T.);
#4265=ORIENTED_EDGE('',*,*,#6822,.T.);
#4266=ORIENTED_EDGE('',*,*,#6823,.F.);
#4267=ORIENTED_EDGE('',*,*,#6824,.F.);
#4268=ORIENTED_EDGE('',*,*,#6825,.F.);
#4269=ORIENTED_EDGE('',*,*,#6826,.T.);
#4270=ORIENTED_EDGE('',*,*,#6827,.F.);
#4271=ORIENTED_EDGE('',*,*,#6826,.F.);
#4272=ORIENTED_EDGE('',*,*,#6828,.T.);
#4273=ORIENTED_EDGE('',*,*,#6820,.T.);
#4274=ORIENTED_EDGE('',*,*,#6829,.T.);
#4275=ORIENTED_EDGE('',*,*,#6830,.T.);
#4276=ORIENTED_EDGE('',*,*,#6824,.T.);
#4277=ORIENTED_EDGE('',*,*,#6831,.F.);
#4278=ORIENTED_EDGE('',*,*,#6822,.F.);
#4279=ORIENTED_EDGE('',*,*,#6817,.T.);
#4280=ORIENTED_EDGE('',*,*,#6791,.T.);
#4281=ORIENTED_EDGE('',*,*,#6832,.F.);
#4282=ORIENTED_EDGE('',*,*,#6833,.F.);
#4283=ORIENTED_EDGE('',*,*,#6834,.T.);
#4284=ORIENTED_EDGE('',*,*,#6797,.T.);
#4285=ORIENTED_EDGE('',*,*,#6819,.F.);
#4286=ORIENTED_EDGE('',*,*,#6835,.F.);
#4287=ORIENTED_EDGE('',*,*,#6836,.T.);
#4288=ORIENTED_EDGE('',*,*,#6835,.T.);
#4289=ORIENTED_EDGE('',*,*,#6837,.F.);
#4290=ORIENTED_EDGE('',*,*,#6827,.T.);
#4291=ORIENTED_EDGE('',*,*,#6838,.F.);
#4292=ORIENTED_EDGE('',*,*,#6823,.T.);
#4293=ORIENTED_EDGE('',*,*,#6839,.T.);
#4294=ORIENTED_EDGE('',*,*,#6833,.T.);
#4295=ORIENTED_EDGE('',*,*,#6798,.F.);
#4296=ORIENTED_EDGE('',*,*,#6834,.F.);
#4297=ORIENTED_EDGE('',*,*,#6840,.F.);
#4298=ORIENTED_EDGE('',*,*,#6832,.T.);
#4299=ORIENTED_EDGE('',*,*,#6836,.F.);
#4300=ORIENTED_EDGE('',*,*,#6829,.F.);
#4301=ORIENTED_EDGE('',*,*,#6838,.T.);
#4302=ORIENTED_EDGE('',*,*,#6840,.T.);
#4303=ORIENTED_EDGE('',*,*,#6837,.T.);
#4304=ORIENTED_EDGE('',*,*,#6818,.F.);
#4305=ORIENTED_EDGE('',*,*,#6839,.F.);
#4306=ORIENTED_EDGE('',*,*,#6831,.T.);
#4307=ORIENTED_EDGE('',*,*,#6828,.F.);
#4308=ORIENTED_EDGE('',*,*,#6825,.T.);
#4309=ORIENTED_EDGE('',*,*,#6830,.F.);
#4310=ORIENTED_EDGE('',*,*,#6821,.F.);
#4311=ORIENTED_EDGE('',*,*,#6841,.T.);
#4312=ORIENTED_EDGE('',*,*,#6842,.T.);
#4313=ORIENTED_EDGE('',*,*,#6843,.F.);
#4314=ORIENTED_EDGE('',*,*,#6844,.T.);
#4315=ORIENTED_EDGE('',*,*,#6845,.F.);
#4316=ORIENTED_EDGE('',*,*,#6846,.F.);
#4317=ORIENTED_EDGE('',*,*,#6847,.F.);
#4318=ORIENTED_EDGE('',*,*,#6848,.T.);
#4319=ORIENTED_EDGE('',*,*,#6849,.F.);
#4320=ORIENTED_EDGE('',*,*,#6850,.F.);
#4321=ORIENTED_EDGE('',*,*,#6841,.F.);
#4322=ORIENTED_EDGE('',*,*,#6851,.T.);
#4323=ORIENTED_EDGE('',*,*,#6845,.T.);
#4324=ORIENTED_EDGE('',*,*,#6852,.F.);
#4325=ORIENTED_EDGE('',*,*,#6843,.T.);
#4326=ORIENTED_EDGE('',*,*,#6853,.T.);
#4327=ORIENTED_EDGE('',*,*,#6854,.T.);
#4328=ORIENTED_EDGE('',*,*,#6855,.F.);
#4329=ORIENTED_EDGE('',*,*,#6856,.T.);
#4330=ORIENTED_EDGE('',*,*,#6857,.T.);
#4331=ORIENTED_EDGE('',*,*,#6858,.T.);
#4332=ORIENTED_EDGE('',*,*,#6859,.F.);
#4333=ORIENTED_EDGE('',*,*,#6860,.T.);
#4334=ORIENTED_EDGE('',*,*,#6861,.F.);
#4335=ORIENTED_EDGE('',*,*,#6862,.T.);
#4336=ORIENTED_EDGE('',*,*,#6863,.F.);
#4337=ORIENTED_EDGE('',*,*,#6864,.T.);
#4338=ORIENTED_EDGE('',*,*,#6865,.F.);
#4339=ORIENTED_EDGE('',*,*,#6866,.F.);
#4340=ORIENTED_EDGE('',*,*,#6867,.T.);
#4341=ORIENTED_EDGE('',*,*,#6847,.T.);
#4342=ORIENTED_EDGE('',*,*,#6856,.F.);
#4343=ORIENTED_EDGE('',*,*,#6868,.F.);
#4344=ORIENTED_EDGE('',*,*,#6859,.T.);
#4345=ORIENTED_EDGE('',*,*,#6869,.T.);
#4346=ORIENTED_EDGE('',*,*,#6857,.F.);
#4347=ORIENTED_EDGE('',*,*,#6868,.T.);
#4348=ORIENTED_EDGE('',*,*,#6869,.F.);
#4349=ORIENTED_EDGE('',*,*,#6858,.F.);
#4350=ORIENTED_EDGE('',*,*,#6870,.T.);
#4351=ORIENTED_EDGE('',*,*,#6871,.T.);
#4352=ORIENTED_EDGE('',*,*,#6872,.T.);
#4353=ORIENTED_EDGE('',*,*,#6873,.T.);
#4354=ORIENTED_EDGE('',*,*,#6874,.T.);
#4355=ORIENTED_EDGE('',*,*,#6875,.T.);
#4356=ORIENTED_EDGE('',*,*,#6876,.T.);
#4357=ORIENTED_EDGE('',*,*,#6877,.T.);
#4358=ORIENTED_EDGE('',*,*,#6878,.T.);
#4359=ORIENTED_EDGE('',*,*,#6879,.T.);
#4360=ORIENTED_EDGE('',*,*,#6880,.T.);
#4361=ORIENTED_EDGE('',*,*,#6881,.T.);
#4362=ORIENTED_EDGE('',*,*,#6882,.T.);
#4363=ORIENTED_EDGE('',*,*,#6883,.T.);
#4364=ORIENTED_EDGE('',*,*,#6884,.T.);
#4365=ORIENTED_EDGE('',*,*,#6885,.T.);
#4366=ORIENTED_EDGE('',*,*,#6886,.T.);
#4367=ORIENTED_EDGE('',*,*,#6887,.T.);
#4368=ORIENTED_EDGE('',*,*,#6870,.F.);
#4369=ORIENTED_EDGE('',*,*,#6888,.T.);
#4370=ORIENTED_EDGE('',*,*,#6872,.F.);
#4371=ORIENTED_EDGE('',*,*,#6889,.T.);
#4372=ORIENTED_EDGE('',*,*,#6890,.T.);
#4373=ORIENTED_EDGE('',*,*,#6891,.T.);
#4374=ORIENTED_EDGE('',*,*,#6892,.F.);
#4375=ORIENTED_EDGE('',*,*,#6893,.F.);
#4376=ORIENTED_EDGE('',*,*,#6873,.F.);
#4377=ORIENTED_EDGE('',*,*,#6891,.F.);
#4378=ORIENTED_EDGE('',*,*,#6894,.T.);
#4379=ORIENTED_EDGE('',*,*,#6895,.T.);
#4380=ORIENTED_EDGE('',*,*,#6874,.F.);
#4381=ORIENTED_EDGE('',*,*,#6893,.T.);
#4382=ORIENTED_EDGE('',*,*,#6876,.F.);
#4383=ORIENTED_EDGE('',*,*,#6896,.T.);
#4384=ORIENTED_EDGE('',*,*,#6897,.T.);
#4385=ORIENTED_EDGE('',*,*,#6898,.T.);
#4386=ORIENTED_EDGE('',*,*,#6899,.T.);
#4387=ORIENTED_EDGE('',*,*,#6900,.T.);
#4388=ORIENTED_EDGE('',*,*,#6878,.F.);
#4389=ORIENTED_EDGE('',*,*,#6901,.T.);
#4390=ORIENTED_EDGE('',*,*,#6880,.F.);
#4391=ORIENTED_EDGE('',*,*,#6902,.T.);
#4392=ORIENTED_EDGE('',*,*,#6903,.T.);
#4393=ORIENTED_EDGE('',*,*,#6904,.T.);
#4394=ORIENTED_EDGE('',*,*,#6905,.F.);
#4395=ORIENTED_EDGE('',*,*,#6906,.F.);
#4396=ORIENTED_EDGE('',*,*,#6881,.F.);
#4397=ORIENTED_EDGE('',*,*,#6904,.F.);
#4398=ORIENTED_EDGE('',*,*,#6907,.T.);
#4399=ORIENTED_EDGE('',*,*,#6908,.T.);
#4400=ORIENTED_EDGE('',*,*,#6882,.F.);
#4401=ORIENTED_EDGE('',*,*,#6906,.T.);
#4402=ORIENTED_EDGE('',*,*,#6884,.F.);
#4403=ORIENTED_EDGE('',*,*,#6909,.T.);
#4404=ORIENTED_EDGE('',*,*,#6910,.T.);
#4405=ORIENTED_EDGE('',*,*,#6911,.T.);
#4406=ORIENTED_EDGE('',*,*,#6912,.F.);
#4407=ORIENTED_EDGE('',*,*,#6888,.F.);
#4408=ORIENTED_EDGE('',*,*,#6885,.F.);
#4409=ORIENTED_EDGE('',*,*,#6911,.F.);
#4410=ORIENTED_EDGE('',*,*,#6910,.F.);
#4411=ORIENTED_EDGE('',*,*,#6863,.T.);
#4412=ORIENTED_EDGE('',*,*,#6886,.F.);
#4413=ORIENTED_EDGE('',*,*,#6912,.T.);
#4414=ORIENTED_EDGE('',*,*,#6889,.F.);
#4415=ORIENTED_EDGE('',*,*,#6871,.F.);
#4416=ORIENTED_EDGE('',*,*,#6887,.F.);
#4417=ORIENTED_EDGE('',*,*,#6862,.F.);
#4418=ORIENTED_EDGE('',*,*,#6890,.F.);
#4419=ORIENTED_EDGE('',*,*,#6861,.T.);
#4420=ORIENTED_EDGE('',*,*,#6913,.T.);
#4421=ORIENTED_EDGE('',*,*,#6894,.F.);
#4422=ORIENTED_EDGE('',*,*,#6892,.T.);
#4423=ORIENTED_EDGE('',*,*,#6895,.F.);
#4424=ORIENTED_EDGE('',*,*,#6914,.F.);
#4425=ORIENTED_EDGE('',*,*,#6896,.F.);
#4426=ORIENTED_EDGE('',*,*,#6875,.F.);
#4427=ORIENTED_EDGE('',*,*,#6915,.F.);
#4428=ORIENTED_EDGE('',*,*,#6901,.F.);
#4429=ORIENTED_EDGE('',*,*,#6877,.F.);
#4430=ORIENTED_EDGE('',*,*,#6898,.F.);
#4431=ORIENTED_EDGE('',*,*,#6897,.F.);
#4432=ORIENTED_EDGE('',*,*,#6916,.T.);
#4433=ORIENTED_EDGE('',*,*,#6899,.F.);
#4434=ORIENTED_EDGE('',*,*,#6915,.T.);
#4435=ORIENTED_EDGE('',*,*,#6902,.F.);
#4436=ORIENTED_EDGE('',*,*,#6879,.F.);
#4437=ORIENTED_EDGE('',*,*,#6900,.F.);
#4438=ORIENTED_EDGE('',*,*,#6917,.F.);
#4439=ORIENTED_EDGE('',*,*,#6903,.F.);
#4440=ORIENTED_EDGE('',*,*,#6918,.T.);
#4441=ORIENTED_EDGE('',*,*,#6865,.T.);
#4442=ORIENTED_EDGE('',*,*,#6907,.F.);
#4443=ORIENTED_EDGE('',*,*,#6905,.T.);
#4444=ORIENTED_EDGE('',*,*,#6908,.F.);
#4445=ORIENTED_EDGE('',*,*,#6864,.F.);
#4446=ORIENTED_EDGE('',*,*,#6909,.F.);
#4447=ORIENTED_EDGE('',*,*,#6883,.F.);
#4448=ORIENTED_EDGE('',*,*,#6866,.T.);
#4449=ORIENTED_EDGE('',*,*,#6918,.F.);
#4450=ORIENTED_EDGE('',*,*,#6917,.T.);
#4451=ORIENTED_EDGE('',*,*,#6916,.F.);
#4452=ORIENTED_EDGE('',*,*,#6914,.T.);
#4453=ORIENTED_EDGE('',*,*,#6913,.F.);
#4454=ORIENTED_EDGE('',*,*,#6860,.F.);
#4455=ORIENTED_EDGE('',*,*,#6855,.T.);
#4456=ORIENTED_EDGE('',*,*,#6849,.T.);
#4457=ORIENTED_EDGE('',*,*,#6853,.F.);
#4458=ORIENTED_EDGE('',*,*,#6919,.T.);
#4459=ORIENTED_EDGE('',*,*,#6842,.F.);
#4460=ORIENTED_EDGE('',*,*,#6852,.T.);
#4461=ORIENTED_EDGE('',*,*,#6920,.T.);
#4462=ORIENTED_EDGE('',*,*,#6851,.F.);
#4463=ORIENTED_EDGE('',*,*,#6850,.T.);
#4464=ORIENTED_EDGE('',*,*,#6854,.F.);
#4465=ORIENTED_EDGE('',*,*,#6848,.F.);
#4466=ORIENTED_EDGE('',*,*,#6867,.F.);
#4467=ORIENTED_EDGE('',*,*,#6846,.T.);
#4468=ORIENTED_EDGE('',*,*,#6920,.F.);
#4469=ORIENTED_EDGE('',*,*,#6844,.F.);
#4470=ORIENTED_EDGE('',*,*,#6919,.F.);
#4471=ORIENTED_EDGE('',*,*,#6921,.T.);
#4472=ORIENTED_EDGE('',*,*,#6922,.T.);
#4473=ORIENTED_EDGE('',*,*,#6923,.F.);
#4474=ORIENTED_EDGE('',*,*,#6924,.T.);
#4475=ORIENTED_EDGE('',*,*,#6925,.T.);
#4476=ORIENTED_EDGE('',*,*,#6926,.F.);
#4477=ORIENTED_EDGE('',*,*,#6927,.T.);
#4478=ORIENTED_EDGE('',*,*,#6928,.F.);
#4479=ORIENTED_EDGE('',*,*,#6929,.T.);
#4480=ORIENTED_EDGE('',*,*,#6930,.F.);
#4481=ORIENTED_EDGE('',*,*,#6931,.T.);
#4482=ORIENTED_EDGE('',*,*,#6932,.F.);
#4483=ORIENTED_EDGE('',*,*,#6933,.T.);
#4484=ORIENTED_EDGE('',*,*,#6934,.F.);
#4485=ORIENTED_EDGE('',*,*,#6935,.T.);
#4486=ORIENTED_EDGE('',*,*,#6936,.F.);
#4487=ORIENTED_EDGE('',*,*,#6937,.T.);
#4488=ORIENTED_EDGE('',*,*,#6938,.F.);
#4489=ORIENTED_EDGE('',*,*,#6939,.T.);
#4490=ORIENTED_EDGE('',*,*,#6940,.F.);
#4491=ORIENTED_EDGE('',*,*,#6941,.F.);
#4492=ORIENTED_EDGE('',*,*,#6942,.T.);
#4493=ORIENTED_EDGE('',*,*,#6943,.F.);
#4494=ORIENTED_EDGE('',*,*,#6944,.T.);
#4495=ORIENTED_EDGE('',*,*,#6945,.T.);
#4496=ORIENTED_EDGE('',*,*,#6946,.F.);
#4497=ORIENTED_EDGE('',*,*,#6947,.F.);
#4498=ORIENTED_EDGE('',*,*,#6948,.T.);
#4499=ORIENTED_EDGE('',*,*,#6949,.F.);
#4500=ORIENTED_EDGE('',*,*,#6950,.F.);
#4501=ORIENTED_EDGE('',*,*,#6951,.T.);
#4502=ORIENTED_EDGE('',*,*,#6952,.T.);
#4503=ORIENTED_EDGE('',*,*,#6953,.T.);
#4504=ORIENTED_EDGE('',*,*,#6954,.F.);
#4505=ORIENTED_EDGE('',*,*,#6955,.T.);
#4506=ORIENTED_EDGE('',*,*,#6956,.T.);
#4507=ORIENTED_EDGE('',*,*,#6957,.F.);
#4508=ORIENTED_EDGE('',*,*,#6958,.F.);
#4509=ORIENTED_EDGE('',*,*,#6959,.F.);
#4510=ORIENTED_EDGE('',*,*,#6960,.T.);
#4511=ORIENTED_EDGE('',*,*,#6961,.F.);
#4512=ORIENTED_EDGE('',*,*,#6962,.T.);
#4513=ORIENTED_EDGE('',*,*,#6963,.T.);
#4514=ORIENTED_EDGE('',*,*,#6964,.T.);
#4515=ORIENTED_EDGE('',*,*,#6965,.T.);
#4516=ORIENTED_EDGE('',*,*,#6966,.F.);
#4517=ORIENTED_EDGE('',*,*,#6967,.F.);
#4518=ORIENTED_EDGE('',*,*,#6968,.F.);
#4519=ORIENTED_EDGE('',*,*,#6969,.T.);
#4520=ORIENTED_EDGE('',*,*,#6970,.T.);
#4521=ORIENTED_EDGE('',*,*,#6971,.T.);
#4522=ORIENTED_EDGE('',*,*,#6972,.T.);
#4523=ORIENTED_EDGE('',*,*,#6973,.T.);
#4524=ORIENTED_EDGE('',*,*,#6974,.T.);
#4525=ORIENTED_EDGE('',*,*,#6975,.T.);
#4526=ORIENTED_EDGE('',*,*,#6976,.F.);
#4527=ORIENTED_EDGE('',*,*,#6963,.F.);
#4528=ORIENTED_EDGE('',*,*,#6977,.T.);
#4529=ORIENTED_EDGE('',*,*,#6921,.F.);
#4530=ORIENTED_EDGE('',*,*,#6978,.F.);
#4531=ORIENTED_EDGE('',*,*,#6979,.F.);
#4532=ORIENTED_EDGE('',*,*,#6980,.T.);
#4533=ORIENTED_EDGE('',*,*,#6981,.T.);
#4534=ORIENTED_EDGE('',*,*,#6982,.T.);
#4535=ORIENTED_EDGE('',*,*,#6979,.T.);
#4536=ORIENTED_EDGE('',*,*,#6983,.F.);
#4537=ORIENTED_EDGE('',*,*,#6984,.T.);
#4538=ORIENTED_EDGE('',*,*,#6985,.F.);
#4539=ORIENTED_EDGE('',*,*,#6986,.F.);
#4540=ORIENTED_EDGE('',*,*,#6987,.F.);
#4541=ORIENTED_EDGE('',*,*,#6988,.F.);
#4542=ORIENTED_EDGE('',*,*,#6989,.T.);
#4543=ORIENTED_EDGE('',*,*,#6981,.F.);
#4544=ORIENTED_EDGE('',*,*,#6990,.F.);
#4545=ORIENTED_EDGE('',*,*,#6991,.T.);
#4546=ORIENTED_EDGE('',*,*,#6992,.T.);
#4547=ORIENTED_EDGE('',*,*,#6988,.T.);
#4548=ORIENTED_EDGE('',*,*,#6993,.F.);
#4549=ORIENTED_EDGE('',*,*,#6994,.F.);
#4550=ORIENTED_EDGE('',*,*,#6995,.T.);
#4551=ORIENTED_EDGE('',*,*,#6991,.F.);
#4552=ORIENTED_EDGE('',*,*,#6996,.F.);
#4553=ORIENTED_EDGE('',*,*,#6997,.T.);
#4554=ORIENTED_EDGE('',*,*,#6998,.T.);
#4555=ORIENTED_EDGE('',*,*,#6994,.T.);
#4556=ORIENTED_EDGE('',*,*,#6999,.T.);
#4557=ORIENTED_EDGE('',*,*,#7000,.F.);
#4558=ORIENTED_EDGE('',*,*,#7001,.T.);
#4559=ORIENTED_EDGE('',*,*,#6997,.F.);
#4560=ORIENTED_EDGE('',*,*,#7002,.F.);
#4561=ORIENTED_EDGE('',*,*,#7003,.F.);
#4562=ORIENTED_EDGE('',*,*,#7004,.T.);
#4563=ORIENTED_EDGE('',*,*,#7000,.T.);
#4564=ORIENTED_EDGE('',*,*,#7005,.F.);
#4565=ORIENTED_EDGE('',*,*,#7006,.T.);
#4566=ORIENTED_EDGE('',*,*,#6941,.T.);
#4567=ORIENTED_EDGE('',*,*,#7007,.T.);
#4568=ORIENTED_EDGE('',*,*,#7008,.F.);
#4569=ORIENTED_EDGE('',*,*,#7009,.F.);
#4570=ORIENTED_EDGE('',*,*,#7010,.T.);
#4571=ORIENTED_EDGE('',*,*,#7003,.T.);
#4572=ORIENTED_EDGE('',*,*,#7011,.T.);
#4573=ORIENTED_EDGE('',*,*,#7012,.T.);
#4574=ORIENTED_EDGE('',*,*,#7013,.T.);
#4575=ORIENTED_EDGE('',*,*,#7009,.T.);
#4576=ORIENTED_EDGE('',*,*,#7014,.F.);
#4577=ORIENTED_EDGE('',*,*,#7015,.F.);
#4578=ORIENTED_EDGE('',*,*,#7016,.T.);
#4579=ORIENTED_EDGE('',*,*,#7012,.F.);
#4580=ORIENTED_EDGE('',*,*,#7017,.T.);
#4581=ORIENTED_EDGE('',*,*,#7018,.T.);
#4582=ORIENTED_EDGE('',*,*,#7019,.T.);
#4583=ORIENTED_EDGE('',*,*,#7015,.T.);
#4584=ORIENTED_EDGE('',*,*,#7020,.T.);
#4585=ORIENTED_EDGE('',*,*,#7021,.T.);
#4586=ORIENTED_EDGE('',*,*,#7022,.T.);
#4587=ORIENTED_EDGE('',*,*,#7018,.F.);
#4588=ORIENTED_EDGE('',*,*,#7023,.T.);
#4589=ORIENTED_EDGE('',*,*,#7024,.F.);
#4590=ORIENTED_EDGE('',*,*,#7025,.T.);
#4591=ORIENTED_EDGE('',*,*,#7021,.F.);
#4592=ORIENTED_EDGE('',*,*,#7026,.T.);
#4593=ORIENTED_EDGE('',*,*,#7027,.T.);
#4594=ORIENTED_EDGE('',*,*,#7028,.T.);
#4595=ORIENTED_EDGE('',*,*,#7029,.F.);
#4596=ORIENTED_EDGE('',*,*,#7030,.T.);
#4597=ORIENTED_EDGE('',*,*,#6923,.T.);
#4598=ORIENTED_EDGE('',*,*,#7031,.T.);
#4599=ORIENTED_EDGE('',*,*,#6961,.T.);
#4600=ORIENTED_EDGE('',*,*,#7032,.T.);
#4601=ORIENTED_EDGE('',*,*,#7024,.T.);
#4602=ORIENTED_EDGE('',*,*,#7033,.T.);
#4603=ORIENTED_EDGE('',*,*,#7034,.F.);
#4604=ORIENTED_EDGE('',*,*,#7035,.T.);
#4605=ORIENTED_EDGE('',*,*,#7036,.T.);
#4606=ORIENTED_EDGE('',*,*,#7037,.T.);
#4607=ORIENTED_EDGE('',*,*,#7038,.T.);
#4608=ORIENTED_EDGE('',*,*,#7039,.T.);
#4609=ORIENTED_EDGE('',*,*,#7040,.T.);
#4610=ORIENTED_EDGE('',*,*,#7041,.T.);
#4611=ORIENTED_EDGE('',*,*,#7042,.T.);
#4612=ORIENTED_EDGE('',*,*,#7043,.T.);
#4613=ORIENTED_EDGE('',*,*,#7044,.T.);
#4614=ORIENTED_EDGE('',*,*,#7045,.F.);
#4615=ORIENTED_EDGE('',*,*,#6964,.F.);
#4616=ORIENTED_EDGE('',*,*,#7046,.T.);
#4617=ORIENTED_EDGE('',*,*,#7035,.F.);
#4618=ORIENTED_EDGE('',*,*,#7032,.F.);
#4619=ORIENTED_EDGE('',*,*,#7045,.T.);
#4620=ORIENTED_EDGE('',*,*,#7047,.F.);
#4621=ORIENTED_EDGE('',*,*,#7048,.F.);
#4622=ORIENTED_EDGE('',*,*,#7025,.F.);
#4623=ORIENTED_EDGE('',*,*,#7047,.T.);
#4624=ORIENTED_EDGE('',*,*,#7044,.F.);
#4625=ORIENTED_EDGE('',*,*,#7022,.F.);
#4626=ORIENTED_EDGE('',*,*,#7048,.T.);
#4627=ORIENTED_EDGE('',*,*,#7049,.F.);
#4628=ORIENTED_EDGE('',*,*,#7049,.T.);
#4629=ORIENTED_EDGE('',*,*,#7043,.F.);
#4630=ORIENTED_EDGE('',*,*,#7050,.F.);
#4631=ORIENTED_EDGE('',*,*,#7019,.F.);
#4632=ORIENTED_EDGE('',*,*,#7050,.T.);
#4633=ORIENTED_EDGE('',*,*,#7042,.F.);
#4634=ORIENTED_EDGE('',*,*,#7051,.F.);
#4635=ORIENTED_EDGE('',*,*,#7016,.F.);
#4636=ORIENTED_EDGE('',*,*,#7052,.F.);
#4637=ORIENTED_EDGE('',*,*,#7013,.F.);
#4638=ORIENTED_EDGE('',*,*,#7051,.T.);
#4639=ORIENTED_EDGE('',*,*,#7041,.F.);
#4640=ORIENTED_EDGE('',*,*,#7010,.F.);
#4641=ORIENTED_EDGE('',*,*,#7052,.T.);
#4642=ORIENTED_EDGE('',*,*,#7053,.F.);
#4643=ORIENTED_EDGE('',*,*,#7054,.F.);
#4644=ORIENTED_EDGE('',*,*,#7004,.F.);
#4645=ORIENTED_EDGE('',*,*,#7053,.T.);
#4646=ORIENTED_EDGE('',*,*,#7040,.F.);
#4647=ORIENTED_EDGE('',*,*,#7001,.F.);
#4648=ORIENTED_EDGE('',*,*,#7054,.T.);
#4649=ORIENTED_EDGE('',*,*,#7055,.F.);
#4650=ORIENTED_EDGE('',*,*,#7055,.T.);
#4651=ORIENTED_EDGE('',*,*,#7039,.F.);
#4652=ORIENTED_EDGE('',*,*,#7056,.F.);
#4653=ORIENTED_EDGE('',*,*,#6998,.F.);
#4654=ORIENTED_EDGE('',*,*,#7056,.T.);
#4655=ORIENTED_EDGE('',*,*,#7038,.F.);
#4656=ORIENTED_EDGE('',*,*,#7057,.F.);
#4657=ORIENTED_EDGE('',*,*,#6995,.F.);
#4658=ORIENTED_EDGE('',*,*,#7058,.F.);
#4659=ORIENTED_EDGE('',*,*,#6992,.F.);
#4660=ORIENTED_EDGE('',*,*,#7057,.T.);
#4661=ORIENTED_EDGE('',*,*,#7037,.F.);
#4662=ORIENTED_EDGE('',*,*,#6989,.F.);
#4663=ORIENTED_EDGE('',*,*,#7058,.T.);
#4664=ORIENTED_EDGE('',*,*,#7059,.F.);
#4665=ORIENTED_EDGE('',*,*,#7060,.F.);
#4666=ORIENTED_EDGE('',*,*,#6982,.F.);
#4667=ORIENTED_EDGE('',*,*,#7059,.T.);
#4668=ORIENTED_EDGE('',*,*,#7036,.F.);
#4669=ORIENTED_EDGE('',*,*,#6980,.F.);
#4670=ORIENTED_EDGE('',*,*,#7060,.T.);
#4671=ORIENTED_EDGE('',*,*,#7046,.F.);
#4672=ORIENTED_EDGE('',*,*,#7061,.F.);
#4673=ORIENTED_EDGE('',*,*,#7034,.T.);
#4674=ORIENTED_EDGE('',*,*,#7061,.T.);
#4675=ORIENTED_EDGE('',*,*,#7062,.T.);
#4676=ORIENTED_EDGE('',*,*,#7063,.T.);
#4677=ORIENTED_EDGE('',*,*,#7064,.T.);
#4678=ORIENTED_EDGE('',*,*,#6972,.F.);
#4679=ORIENTED_EDGE('',*,*,#7065,.T.);
#4680=ORIENTED_EDGE('',*,*,#7066,.T.);
#4681=ORIENTED_EDGE('',*,*,#7067,.T.);
#4682=ORIENTED_EDGE('',*,*,#6974,.F.);
#4683=ORIENTED_EDGE('',*,*,#7068,.T.);
#4684=ORIENTED_EDGE('',*,*,#7069,.T.);
#4685=ORIENTED_EDGE('',*,*,#7070,.T.);
#4686=ORIENTED_EDGE('',*,*,#7071,.T.);
#4687=ORIENTED_EDGE('',*,*,#7072,.T.);
#4688=ORIENTED_EDGE('',*,*,#7073,.T.);
#4689=ORIENTED_EDGE('',*,*,#7074,.T.);
#4690=ORIENTED_EDGE('',*,*,#7075,.T.);
#4691=ORIENTED_EDGE('',*,*,#7076,.T.);
#4692=ORIENTED_EDGE('',*,*,#7077,.T.);
#4693=ORIENTED_EDGE('',*,*,#7078,.T.);
#4694=ORIENTED_EDGE('',*,*,#7079,.T.);
#4695=ORIENTED_EDGE('',*,*,#7080,.T.);
#4696=ORIENTED_EDGE('',*,*,#7081,.T.);
#4697=ORIENTED_EDGE('',*,*,#7082,.T.);
#4698=ORIENTED_EDGE('',*,*,#7083,.T.);
#4699=ORIENTED_EDGE('',*,*,#7084,.T.);
#4700=ORIENTED_EDGE('',*,*,#7085,.T.);
#4701=ORIENTED_EDGE('',*,*,#7086,.T.);
#4702=ORIENTED_EDGE('',*,*,#6976,.T.);
#4703=ORIENTED_EDGE('',*,*,#7087,.T.);
#4704=ORIENTED_EDGE('',*,*,#7088,.T.);
#4705=ORIENTED_EDGE('',*,*,#7089,.T.);
#4706=ORIENTED_EDGE('',*,*,#6970,.F.);
#4707=ORIENTED_EDGE('',*,*,#7090,.F.);
#4708=ORIENTED_EDGE('',*,*,#7091,.T.);
#4709=ORIENTED_EDGE('',*,*,#7092,.T.);
#4710=ORIENTED_EDGE('',*,*,#7093,.T.);
#4711=ORIENTED_EDGE('',*,*,#7094,.T.);
#4712=ORIENTED_EDGE('',*,*,#7095,.T.);
#4713=ORIENTED_EDGE('',*,*,#7096,.T.);
#4714=ORIENTED_EDGE('',*,*,#7097,.T.);
#4715=ORIENTED_EDGE('',*,*,#7086,.F.);
#4716=ORIENTED_EDGE('',*,*,#7098,.T.);
#4717=ORIENTED_EDGE('',*,*,#7087,.F.);
#4718=ORIENTED_EDGE('',*,*,#6969,.F.);
#4719=ORIENTED_EDGE('',*,*,#7089,.F.);
#4720=ORIENTED_EDGE('',*,*,#7099,.T.);
#4721=ORIENTED_EDGE('',*,*,#7062,.F.);
#4722=ORIENTED_EDGE('',*,*,#6971,.F.);
#4723=ORIENTED_EDGE('',*,*,#7064,.F.);
#4724=ORIENTED_EDGE('',*,*,#7100,.T.);
#4725=ORIENTED_EDGE('',*,*,#7065,.F.);
#4726=ORIENTED_EDGE('',*,*,#6973,.F.);
#4727=ORIENTED_EDGE('',*,*,#7067,.F.);
#4728=ORIENTED_EDGE('',*,*,#7101,.T.);
#4729=ORIENTED_EDGE('',*,*,#7084,.F.);
#4730=ORIENTED_EDGE('',*,*,#6975,.F.);
#4731=ORIENTED_EDGE('',*,*,#7102,.F.);
#4732=ORIENTED_EDGE('',*,*,#7103,.T.);
#4733=ORIENTED_EDGE('',*,*,#7104,.F.);
#4734=ORIENTED_EDGE('',*,*,#7099,.F.);
#4735=ORIENTED_EDGE('',*,*,#7105,.F.);
#4736=ORIENTED_EDGE('',*,*,#7106,.T.);
#4737=ORIENTED_EDGE('',*,*,#7102,.T.);
#4738=ORIENTED_EDGE('',*,*,#7088,.F.);
#4739=ORIENTED_EDGE('',*,*,#7104,.T.);
#4740=ORIENTED_EDGE('',*,*,#7107,.T.);
#4741=ORIENTED_EDGE('',*,*,#7108,.F.);
#4742=ORIENTED_EDGE('',*,*,#7063,.F.);
#4743=ORIENTED_EDGE('',*,*,#7109,.F.);
#4744=ORIENTED_EDGE('',*,*,#7110,.T.);
#4745=ORIENTED_EDGE('',*,*,#7105,.T.);
#4746=ORIENTED_EDGE('',*,*,#7098,.F.);
#4747=ORIENTED_EDGE('',*,*,#7108,.T.);
#4748=ORIENTED_EDGE('',*,*,#7111,.T.);
#4749=ORIENTED_EDGE('',*,*,#7112,.F.);
#4750=ORIENTED_EDGE('',*,*,#7100,.F.);
#4751=ORIENTED_EDGE('',*,*,#7113,.F.);
#4752=ORIENTED_EDGE('',*,*,#7114,.T.);
#4753=ORIENTED_EDGE('',*,*,#7109,.T.);
#4754=ORIENTED_EDGE('',*,*,#7085,.F.);
#4755=ORIENTED_EDGE('',*,*,#7112,.T.);
#4756=ORIENTED_EDGE('',*,*,#7115,.T.);
#4757=ORIENTED_EDGE('',*,*,#7116,.F.);
#4758=ORIENTED_EDGE('',*,*,#7066,.F.);
#4759=ORIENTED_EDGE('',*,*,#7116,.T.);
#4760=ORIENTED_EDGE('',*,*,#7117,.T.);
#4761=ORIENTED_EDGE('',*,*,#7113,.T.);
#4762=ORIENTED_EDGE('',*,*,#7101,.F.);
#4763=ORIENTED_EDGE('',*,*,#7118,.F.);
#4764=ORIENTED_EDGE('',*,*,#7119,.T.);
#4765=ORIENTED_EDGE('',*,*,#7120,.F.);
#4766=ORIENTED_EDGE('',*,*,#7091,.F.);
#4767=ORIENTED_EDGE('',*,*,#7121,.F.);
#4768=ORIENTED_EDGE('',*,*,#7122,.T.);
#4769=ORIENTED_EDGE('',*,*,#7118,.T.);
#4770=ORIENTED_EDGE('',*,*,#7090,.T.);
#4771=ORIENTED_EDGE('',*,*,#7120,.T.);
#4772=ORIENTED_EDGE('',*,*,#7123,.T.);
#4773=ORIENTED_EDGE('',*,*,#7124,.F.);
#4774=ORIENTED_EDGE('',*,*,#7092,.F.);
#4775=ORIENTED_EDGE('',*,*,#7125,.F.);
#4776=ORIENTED_EDGE('',*,*,#7126,.T.);
#4777=ORIENTED_EDGE('',*,*,#7121,.T.);
#4778=ORIENTED_EDGE('',*,*,#7097,.F.);
#4779=ORIENTED_EDGE('',*,*,#7124,.T.);
#4780=ORIENTED_EDGE('',*,*,#7127,.T.);
#4781=ORIENTED_EDGE('',*,*,#7128,.F.);
#4782=ORIENTED_EDGE('',*,*,#7093,.F.);
#4783=ORIENTED_EDGE('',*,*,#7129,.F.);
#4784=ORIENTED_EDGE('',*,*,#7130,.T.);
#4785=ORIENTED_EDGE('',*,*,#7125,.T.);
#4786=ORIENTED_EDGE('',*,*,#7096,.F.);
#4787=ORIENTED_EDGE('',*,*,#7128,.T.);
#4788=ORIENTED_EDGE('',*,*,#7131,.T.);
#4789=ORIENTED_EDGE('',*,*,#7132,.F.);
#4790=ORIENTED_EDGE('',*,*,#7094,.F.);
#4791=ORIENTED_EDGE('',*,*,#7132,.T.);
#4792=ORIENTED_EDGE('',*,*,#7133,.T.);
#4793=ORIENTED_EDGE('',*,*,#7129,.T.);
#4794=ORIENTED_EDGE('',*,*,#7095,.F.);
#4795=ORIENTED_EDGE('',*,*,#7134,.F.);
#4796=ORIENTED_EDGE('',*,*,#7131,.F.);
#4797=ORIENTED_EDGE('',*,*,#7135,.F.);
#4798=ORIENTED_EDGE('',*,*,#7073,.F.);
#4799=ORIENTED_EDGE('',*,*,#7135,.T.);
#4800=ORIENTED_EDGE('',*,*,#7127,.F.);
#4801=ORIENTED_EDGE('',*,*,#7136,.F.);
#4802=ORIENTED_EDGE('',*,*,#7074,.F.);
#4803=ORIENTED_EDGE('',*,*,#7134,.T.);
#4804=ORIENTED_EDGE('',*,*,#7072,.F.);
#4805=ORIENTED_EDGE('',*,*,#7137,.F.);
#4806=ORIENTED_EDGE('',*,*,#7133,.F.);
#4807=ORIENTED_EDGE('',*,*,#7136,.T.);
#4808=ORIENTED_EDGE('',*,*,#7123,.F.);
#4809=ORIENTED_EDGE('',*,*,#7138,.F.);
#4810=ORIENTED_EDGE('',*,*,#7075,.F.);
#4811=ORIENTED_EDGE('',*,*,#7137,.T.);
#4812=ORIENTED_EDGE('',*,*,#7071,.F.);
#4813=ORIENTED_EDGE('',*,*,#7139,.F.);
#4814=ORIENTED_EDGE('',*,*,#7130,.F.);
#4815=ORIENTED_EDGE('',*,*,#7138,.T.);
#4816=ORIENTED_EDGE('',*,*,#7119,.F.);
#4817=ORIENTED_EDGE('',*,*,#7140,.F.);
#4818=ORIENTED_EDGE('',*,*,#7068,.F.);
#4819=ORIENTED_EDGE('',*,*,#7139,.T.);
#4820=ORIENTED_EDGE('',*,*,#7070,.F.);
#4821=ORIENTED_EDGE('',*,*,#7141,.F.);
#4822=ORIENTED_EDGE('',*,*,#7126,.F.);
#4823=ORIENTED_EDGE('',*,*,#7140,.T.);
#4824=ORIENTED_EDGE('',*,*,#7122,.F.);
#4825=ORIENTED_EDGE('',*,*,#7141,.T.);
#4826=ORIENTED_EDGE('',*,*,#7069,.F.);
#4827=ORIENTED_EDGE('',*,*,#7142,.F.);
#4828=ORIENTED_EDGE('',*,*,#7115,.F.);
#4829=ORIENTED_EDGE('',*,*,#7143,.F.);
#4830=ORIENTED_EDGE('',*,*,#7081,.F.);
#4831=ORIENTED_EDGE('',*,*,#7143,.T.);
#4832=ORIENTED_EDGE('',*,*,#7111,.F.);
#4833=ORIENTED_EDGE('',*,*,#7144,.F.);
#4834=ORIENTED_EDGE('',*,*,#7082,.F.);
#4835=ORIENTED_EDGE('',*,*,#7142,.T.);
#4836=ORIENTED_EDGE('',*,*,#7080,.F.);
#4837=ORIENTED_EDGE('',*,*,#7145,.F.);
#4838=ORIENTED_EDGE('',*,*,#7117,.F.);
#4839=ORIENTED_EDGE('',*,*,#7144,.T.);
#4840=ORIENTED_EDGE('',*,*,#7107,.F.);
#4841=ORIENTED_EDGE('',*,*,#7146,.F.);
#4842=ORIENTED_EDGE('',*,*,#7083,.F.);
#4843=ORIENTED_EDGE('',*,*,#7145,.T.);
#4844=ORIENTED_EDGE('',*,*,#7079,.F.);
#4845=ORIENTED_EDGE('',*,*,#7147,.F.);
#4846=ORIENTED_EDGE('',*,*,#7114,.F.);
#4847=ORIENTED_EDGE('',*,*,#7146,.T.);
#4848=ORIENTED_EDGE('',*,*,#7103,.F.);
#4849=ORIENTED_EDGE('',*,*,#7148,.F.);
#4850=ORIENTED_EDGE('',*,*,#7076,.F.);
#4851=ORIENTED_EDGE('',*,*,#7147,.T.);
#4852=ORIENTED_EDGE('',*,*,#7078,.F.);
#4853=ORIENTED_EDGE('',*,*,#7149,.F.);
#4854=ORIENTED_EDGE('',*,*,#7110,.F.);
#4855=ORIENTED_EDGE('',*,*,#7148,.T.);
#4856=ORIENTED_EDGE('',*,*,#7106,.F.);
#4857=ORIENTED_EDGE('',*,*,#7149,.T.);
#4858=ORIENTED_EDGE('',*,*,#7077,.F.);
#4859=ORIENTED_EDGE('',*,*,#7150,.F.);
#4860=ORIENTED_EDGE('',*,*,#7151,.F.);
#4861=ORIENTED_EDGE('',*,*,#7152,.F.);
#4862=ORIENTED_EDGE('',*,*,#7153,.F.);
#4863=ORIENTED_EDGE('',*,*,#7151,.T.);
#4864=ORIENTED_EDGE('',*,*,#7154,.T.);
#4865=ORIENTED_EDGE('',*,*,#7005,.T.);
#4866=ORIENTED_EDGE('',*,*,#7002,.T.);
#4867=ORIENTED_EDGE('',*,*,#6999,.F.);
#4868=ORIENTED_EDGE('',*,*,#6996,.T.);
#4869=ORIENTED_EDGE('',*,*,#6993,.T.);
#4870=ORIENTED_EDGE('',*,*,#6990,.T.);
#4871=ORIENTED_EDGE('',*,*,#6987,.T.);
#4872=ORIENTED_EDGE('',*,*,#7155,.T.);
#4873=ORIENTED_EDGE('',*,*,#7156,.T.);
#4874=ORIENTED_EDGE('',*,*,#7157,.T.);
#4875=ORIENTED_EDGE('',*,*,#7158,.T.);
#4876=ORIENTED_EDGE('',*,*,#7159,.F.);
#4877=ORIENTED_EDGE('',*,*,#7160,.F.);
#4878=ORIENTED_EDGE('',*,*,#7161,.T.);
#4879=ORIENTED_EDGE('',*,*,#7162,.T.);
#4880=ORIENTED_EDGE('',*,*,#7163,.F.);
#4881=ORIENTED_EDGE('',*,*,#7164,.F.);
#4882=ORIENTED_EDGE('',*,*,#7165,.T.);
#4883=ORIENTED_EDGE('',*,*,#7166,.T.);
#4884=ORIENTED_EDGE('',*,*,#7026,.F.);
#4885=ORIENTED_EDGE('',*,*,#7023,.F.);
#4886=ORIENTED_EDGE('',*,*,#7020,.F.);
#4887=ORIENTED_EDGE('',*,*,#7017,.F.);
#4888=ORIENTED_EDGE('',*,*,#7014,.T.);
#4889=ORIENTED_EDGE('',*,*,#7011,.F.);
#4890=ORIENTED_EDGE('',*,*,#7008,.T.);
#4891=ORIENTED_EDGE('',*,*,#7167,.T.);
#4892=ORIENTED_EDGE('',*,*,#7168,.F.);
#4893=ORIENTED_EDGE('',*,*,#7169,.F.);
#4894=ORIENTED_EDGE('',*,*,#7170,.F.);
#4895=ORIENTED_EDGE('',*,*,#7171,.T.);
#4896=ORIENTED_EDGE('',*,*,#7172,.F.);
#4897=ORIENTED_EDGE('',*,*,#7173,.T.);
#4898=ORIENTED_EDGE('',*,*,#7174,.F.);
#4899=ORIENTED_EDGE('',*,*,#7175,.T.);
#4900=ORIENTED_EDGE('',*,*,#7176,.F.);
#4901=ORIENTED_EDGE('',*,*,#7177,.F.);
#4902=ORIENTED_EDGE('',*,*,#7178,.T.);
#4903=ORIENTED_EDGE('',*,*,#7179,.T.);
#4904=ORIENTED_EDGE('',*,*,#7180,.T.);
#4905=ORIENTED_EDGE('',*,*,#7181,.T.);
#4906=ORIENTED_EDGE('',*,*,#7182,.T.);
#4907=ORIENTED_EDGE('',*,*,#7183,.F.);
#4908=ORIENTED_EDGE('',*,*,#7184,.T.);
#4909=ORIENTED_EDGE('',*,*,#7185,.F.);
#4910=ORIENTED_EDGE('',*,*,#7186,.F.);
#4911=ORIENTED_EDGE('',*,*,#7161,.F.);
#4912=ORIENTED_EDGE('',*,*,#7187,.T.);
#4913=ORIENTED_EDGE('',*,*,#7188,.T.);
#4914=ORIENTED_EDGE('',*,*,#7164,.T.);
#4915=ORIENTED_EDGE('',*,*,#7189,.F.);
#4916=ORIENTED_EDGE('',*,*,#7157,.F.);
#4917=ORIENTED_EDGE('',*,*,#7190,.T.);
#4918=ORIENTED_EDGE('',*,*,#7178,.F.);
#4919=ORIENTED_EDGE('',*,*,#7191,.T.);
#4920=ORIENTED_EDGE('',*,*,#7192,.T.);
#4921=ORIENTED_EDGE('',*,*,#7193,.T.);
#4922=ORIENTED_EDGE('',*,*,#7184,.F.);
#4923=ORIENTED_EDGE('',*,*,#7160,.T.);
#4924=ORIENTED_EDGE('',*,*,#7194,.F.);
#4925=ORIENTED_EDGE('',*,*,#7195,.F.);
#4926=ORIENTED_EDGE('',*,*,#7196,.T.);
#4927=ORIENTED_EDGE('',*,*,#7197,.T.);
#4928=ORIENTED_EDGE('',*,*,#7196,.F.);
#4929=ORIENTED_EDGE('',*,*,#7198,.F.);
#4930=ORIENTED_EDGE('',*,*,#7199,.F.);
#4931=ORIENTED_EDGE('',*,*,#7200,.T.);
#4932=ORIENTED_EDGE('',*,*,#7199,.T.);
#4933=ORIENTED_EDGE('',*,*,#7201,.F.);
#4934=ORIENTED_EDGE('',*,*,#7202,.F.);
#4935=ORIENTED_EDGE('',*,*,#7203,.T.);
#4936=ORIENTED_EDGE('',*,*,#7202,.T.);
#4937=ORIENTED_EDGE('',*,*,#7204,.F.);
#4938=ORIENTED_EDGE('',*,*,#7194,.T.);
#4939=ORIENTED_EDGE('',*,*,#7205,.T.);
#4940=ORIENTED_EDGE('',*,*,#7206,.F.);
#4941=ORIENTED_EDGE('',*,*,#7207,.T.);
#4942=ORIENTED_EDGE('',*,*,#7208,.F.);
#4943=ORIENTED_EDGE('',*,*,#7209,.T.);
#4944=ORIENTED_EDGE('',*,*,#7210,.T.);
#4945=ORIENTED_EDGE('',*,*,#7211,.F.);
#4946=ORIENTED_EDGE('',*,*,#7212,.T.);
#4947=ORIENTED_EDGE('',*,*,#7213,.T.);
#4948=ORIENTED_EDGE('',*,*,#7214,.T.);
#4949=ORIENTED_EDGE('',*,*,#7215,.F.);
#4950=ORIENTED_EDGE('',*,*,#7216,.T.);
#4951=ORIENTED_EDGE('',*,*,#7217,.T.);
#4952=ORIENTED_EDGE('',*,*,#7218,.T.);
#4953=ORIENTED_EDGE('',*,*,#7219,.F.);
#4954=ORIENTED_EDGE('',*,*,#7220,.T.);
#4955=ORIENTED_EDGE('',*,*,#7153,.T.);
#4956=ORIENTED_EDGE('',*,*,#7221,.T.);
#4957=ORIENTED_EDGE('',*,*,#7222,.T.);
#4958=ORIENTED_EDGE('',*,*,#7223,.F.);
#4959=ORIENTED_EDGE('',*,*,#7224,.F.);
#4960=ORIENTED_EDGE('',*,*,#7225,.F.);
#4961=ORIENTED_EDGE('',*,*,#7226,.T.);
#4962=ORIENTED_EDGE('',*,*,#7227,.F.);
#4963=ORIENTED_EDGE('',*,*,#7228,.T.);
#4964=ORIENTED_EDGE('',*,*,#7229,.F.);
#4965=ORIENTED_EDGE('',*,*,#7230,.T.);
#4966=ORIENTED_EDGE('',*,*,#7186,.T.);
#4967=ORIENTED_EDGE('',*,*,#7231,.F.);
#4968=ORIENTED_EDGE('',*,*,#7232,.F.);
#4969=ORIENTED_EDGE('',*,*,#7233,.F.);
#4970=ORIENTED_EDGE('',*,*,#7234,.F.);
#4971=ORIENTED_EDGE('',*,*,#7235,.T.);
#4972=ORIENTED_EDGE('',*,*,#7236,.F.);
#4973=ORIENTED_EDGE('',*,*,#7162,.F.);
#4974=ORIENTED_EDGE('',*,*,#7236,.T.);
#4975=ORIENTED_EDGE('',*,*,#7237,.F.);
#4976=ORIENTED_EDGE('',*,*,#7189,.T.);
#4977=ORIENTED_EDGE('',*,*,#7163,.T.);
#4978=ORIENTED_EDGE('',*,*,#7238,.T.);
#4979=ORIENTED_EDGE('',*,*,#7239,.T.);
#4980=ORIENTED_EDGE('',*,*,#7240,.T.);
#4981=ORIENTED_EDGE('',*,*,#7241,.T.);
#4982=ORIENTED_EDGE('',*,*,#7242,.T.);
#4983=ORIENTED_EDGE('',*,*,#7243,.T.);
#4984=ORIENTED_EDGE('',*,*,#7228,.F.);
#4985=ORIENTED_EDGE('',*,*,#7244,.T.);
#4986=ORIENTED_EDGE('',*,*,#7245,.F.);
#4987=ORIENTED_EDGE('',*,*,#7166,.F.);
#4988=ORIENTED_EDGE('',*,*,#7246,.T.);
#4989=ORIENTED_EDGE('',*,*,#7247,.F.);
#4990=ORIENTED_EDGE('',*,*,#7248,.F.);
#4991=ORIENTED_EDGE('',*,*,#7249,.F.);
#4992=ORIENTED_EDGE('',*,*,#7158,.F.);
#4993=ORIENTED_EDGE('',*,*,#7191,.F.);
#4994=ORIENTED_EDGE('',*,*,#7183,.T.);
#4995=ORIENTED_EDGE('',*,*,#7250,.T.);
#4996=ORIENTED_EDGE('',*,*,#7176,.T.);
#4997=ORIENTED_EDGE('',*,*,#7251,.T.);
#4998=ORIENTED_EDGE('',*,*,#7252,.T.);
#4999=ORIENTED_EDGE('',*,*,#7192,.F.);
#5000=ORIENTED_EDGE('',*,*,#7159,.T.);
#5001=ORIENTED_EDGE('',*,*,#7249,.T.);
#5002=ORIENTED_EDGE('',*,*,#7182,.F.);
#5003=ORIENTED_EDGE('',*,*,#7253,.F.);
#5004=ORIENTED_EDGE('',*,*,#7177,.T.);
#5005=ORIENTED_EDGE('',*,*,#7250,.F.);
#5006=ORIENTED_EDGE('',*,*,#7181,.F.);
#5007=ORIENTED_EDGE('',*,*,#7205,.F.);
#5008=ORIENTED_EDGE('',*,*,#7197,.F.);
#5009=ORIENTED_EDGE('',*,*,#7200,.F.);
#5010=ORIENTED_EDGE('',*,*,#7203,.F.);
#5011=ORIENTED_EDGE('',*,*,#7234,.T.);
#5012=ORIENTED_EDGE('',*,*,#7254,.F.);
#5013=ORIENTED_EDGE('',*,*,#7248,.T.);
#5014=ORIENTED_EDGE('',*,*,#7255,.T.);
#5015=ORIENTED_EDGE('',*,*,#7204,.T.);
#5016=ORIENTED_EDGE('',*,*,#7201,.T.);
#5017=ORIENTED_EDGE('',*,*,#7198,.T.);
#5018=ORIENTED_EDGE('',*,*,#7195,.T.);
#5019=ORIENTED_EDGE('',*,*,#7247,.T.);
#5020=ORIENTED_EDGE('',*,*,#7256,.T.);
#5021=ORIENTED_EDGE('',*,*,#7187,.F.);
#5022=ORIENTED_EDGE('',*,*,#7237,.T.);
#5023=ORIENTED_EDGE('',*,*,#7235,.F.);
#5024=ORIENTED_EDGE('',*,*,#7255,.F.);
#5025=ORIENTED_EDGE('',*,*,#7257,.F.);
#5026=ORIENTED_EDGE('',*,*,#7258,.F.);
#5027=ORIENTED_EDGE('',*,*,#7229,.T.);
#5028=ORIENTED_EDGE('',*,*,#7243,.F.);
#5029=ORIENTED_EDGE('',*,*,#7259,.T.);
#5030=ORIENTED_EDGE('',*,*,#7260,.T.);
#5031=ORIENTED_EDGE('',*,*,#7172,.T.);
#5032=ORIENTED_EDGE('',*,*,#7253,.T.);
#5033=ORIENTED_EDGE('',*,*,#7180,.F.);
#5034=ORIENTED_EDGE('',*,*,#7261,.T.);
#5035=ORIENTED_EDGE('',*,*,#7155,.F.);
#5036=ORIENTED_EDGE('',*,*,#7262,.F.);
#5037=ORIENTED_EDGE('',*,*,#7263,.F.);
#5038=ORIENTED_EDGE('',*,*,#7213,.F.);
#5039=ORIENTED_EDGE('',*,*,#7264,.T.);
#5040=ORIENTED_EDGE('',*,*,#7265,.T.);
#5041=ORIENTED_EDGE('',*,*,#7266,.F.);
#5042=ORIENTED_EDGE('',*,*,#7267,.F.);
#5043=ORIENTED_EDGE('',*,*,#7268,.F.);
#5044=ORIENTED_EDGE('',*,*,#7211,.T.);
#5045=ORIENTED_EDGE('',*,*,#7269,.T.);
#5046=ORIENTED_EDGE('',*,*,#7270,.F.);
#5047=ORIENTED_EDGE('',*,*,#6985,.T.);
#5048=ORIENTED_EDGE('',*,*,#7271,.F.);
#5049=ORIENTED_EDGE('',*,*,#7272,.T.);
#5050=ORIENTED_EDGE('',*,*,#7273,.F.);
#5051=ORIENTED_EDGE('',*,*,#7273,.T.);
#5052=ORIENTED_EDGE('',*,*,#7274,.T.);
#5053=ORIENTED_EDGE('',*,*,#7275,.T.);
#5054=ORIENTED_EDGE('',*,*,#7276,.F.);
#5055=ORIENTED_EDGE('',*,*,#7277,.T.);
#5056=ORIENTED_EDGE('',*,*,#7208,.T.);
#5057=ORIENTED_EDGE('',*,*,#7278,.T.);
#5058=ORIENTED_EDGE('',*,*,#7279,.F.);
#5059=ORIENTED_EDGE('',*,*,#7280,.T.);
#5060=ORIENTED_EDGE('',*,*,#7258,.T.);
#5061=ORIENTED_EDGE('',*,*,#7281,.F.);
#5062=ORIENTED_EDGE('',*,*,#7169,.T.);
#5063=ORIENTED_EDGE('',*,*,#7282,.T.);
#5064=ORIENTED_EDGE('',*,*,#7283,.T.);
#5065=ORIENTED_EDGE('',*,*,#7028,.F.);
#5066=ORIENTED_EDGE('',*,*,#7284,.T.);
#5067=ORIENTED_EDGE('',*,*,#7285,.T.);
#5068=ORIENTED_EDGE('',*,*,#7230,.F.);
#5069=ORIENTED_EDGE('',*,*,#7268,.T.);
#5070=ORIENTED_EDGE('',*,*,#7286,.F.);
#5071=ORIENTED_EDGE('',*,*,#7264,.F.);
#5072=ORIENTED_EDGE('',*,*,#7212,.F.);
#5073=ORIENTED_EDGE('',*,*,#7242,.F.);
#5074=ORIENTED_EDGE('',*,*,#7287,.T.);
#5075=ORIENTED_EDGE('',*,*,#7288,.T.);
#5076=ORIENTED_EDGE('',*,*,#7289,.T.);
#5077=ORIENTED_EDGE('',*,*,#7290,.T.);
#5078=ORIENTED_EDGE('',*,*,#7291,.F.);
#5079=ORIENTED_EDGE('',*,*,#7265,.F.);
#5080=ORIENTED_EDGE('',*,*,#7286,.T.);
#5081=ORIENTED_EDGE('',*,*,#7267,.T.);
#5082=ORIENTED_EDGE('',*,*,#7276,.T.);
#5083=ORIENTED_EDGE('',*,*,#7292,.T.);
#5084=ORIENTED_EDGE('',*,*,#7279,.T.);
#5085=ORIENTED_EDGE('',*,*,#7293,.T.);
#5086=ORIENTED_EDGE('',*,*,#7170,.T.);
#5087=ORIENTED_EDGE('',*,*,#7281,.T.);
#5088=ORIENTED_EDGE('',*,*,#7257,.T.);
#5089=ORIENTED_EDGE('',*,*,#7294,.T.);
#5090=ORIENTED_EDGE('',*,*,#7295,.T.);
#5091=ORIENTED_EDGE('',*,*,#7289,.F.);
#5092=ORIENTED_EDGE('',*,*,#7296,.T.);
#5093=ORIENTED_EDGE('',*,*,#7240,.F.);
#5094=ORIENTED_EDGE('',*,*,#7297,.T.);
#5095=ORIENTED_EDGE('',*,*,#7298,.F.);
#5096=ORIENTED_EDGE('',*,*,#7299,.T.);
#5097=ORIENTED_EDGE('',*,*,#7231,.T.);
#5098=ORIENTED_EDGE('',*,*,#7185,.T.);
#5099=ORIENTED_EDGE('',*,*,#7193,.F.);
#5100=ORIENTED_EDGE('',*,*,#7252,.F.);
#5101=ORIENTED_EDGE('',*,*,#7300,.F.);
#5102=ORIENTED_EDGE('',*,*,#7301,.F.);
#5103=ORIENTED_EDGE('',*,*,#7302,.T.);
#5104=ORIENTED_EDGE('',*,*,#7259,.F.);
#5105=ORIENTED_EDGE('',*,*,#7303,.F.);
#5106=ORIENTED_EDGE('',*,*,#7304,.T.);
#5107=ORIENTED_EDGE('',*,*,#7294,.F.);
#5108=ORIENTED_EDGE('',*,*,#7305,.T.);
#5109=ORIENTED_EDGE('',*,*,#7306,.F.);
#5110=ORIENTED_EDGE('',*,*,#7266,.T.);
#5111=ORIENTED_EDGE('',*,*,#7291,.T.);
#5112=ORIENTED_EDGE('',*,*,#7307,.T.);
#5113=ORIENTED_EDGE('',*,*,#7303,.T.);
#5114=ORIENTED_EDGE('',*,*,#7287,.F.);
#5115=ORIENTED_EDGE('',*,*,#7241,.F.);
#5116=ORIENTED_EDGE('',*,*,#7306,.T.);
#5117=ORIENTED_EDGE('',*,*,#7308,.T.);
#5118=ORIENTED_EDGE('',*,*,#7298,.T.);
#5119=ORIENTED_EDGE('',*,*,#7309,.T.);
#5120=ORIENTED_EDGE('',*,*,#7310,.F.);
#5121=ORIENTED_EDGE('',*,*,#7311,.F.);
#5122=ORIENTED_EDGE('',*,*,#7174,.T.);
#5123=ORIENTED_EDGE('',*,*,#7312,.T.);
#5124=ORIENTED_EDGE('',*,*,#7301,.T.);
#5125=ORIENTED_EDGE('',*,*,#7313,.T.);
#5126=ORIENTED_EDGE('',*,*,#7232,.T.);
#5127=ORIENTED_EDGE('',*,*,#7299,.F.);
#5128=ORIENTED_EDGE('',*,*,#7311,.T.);
#5129=ORIENTED_EDGE('',*,*,#7314,.T.);
#5130=ORIENTED_EDGE('',*,*,#7310,.T.);
#5131=ORIENTED_EDGE('',*,*,#7315,.T.);
#5132=ORIENTED_EDGE('',*,*,#7238,.F.);
#5133=ORIENTED_EDGE('',*,*,#7254,.T.);
#5134=ORIENTED_EDGE('',*,*,#7233,.T.);
#5135=ORIENTED_EDGE('',*,*,#7314,.F.);
#5136=ORIENTED_EDGE('',*,*,#7251,.F.);
#5137=ORIENTED_EDGE('',*,*,#7175,.F.);
#5138=ORIENTED_EDGE('',*,*,#7313,.F.);
#5139=ORIENTED_EDGE('',*,*,#7300,.T.);
#5140=ORIENTED_EDGE('',*,*,#7288,.F.);
#5141=ORIENTED_EDGE('',*,*,#7308,.F.);
#5142=ORIENTED_EDGE('',*,*,#7305,.F.);
#5143=ORIENTED_EDGE('',*,*,#7296,.F.);
#5144=ORIENTED_EDGE('',*,*,#7304,.F.);
#5145=ORIENTED_EDGE('',*,*,#7307,.F.);
#5146=ORIENTED_EDGE('',*,*,#7290,.F.);
#5147=ORIENTED_EDGE('',*,*,#7295,.F.);
#5148=ORIENTED_EDGE('',*,*,#7292,.F.);
#5149=ORIENTED_EDGE('',*,*,#7275,.F.);
#5150=ORIENTED_EDGE('',*,*,#7316,.F.);
#5151=ORIENTED_EDGE('',*,*,#7209,.F.);
#5152=ORIENTED_EDGE('',*,*,#7280,.F.);
#5153=ORIENTED_EDGE('',*,*,#7293,.F.);
#5154=ORIENTED_EDGE('',*,*,#7278,.F.);
#5155=ORIENTED_EDGE('',*,*,#7207,.F.);
#5156=ORIENTED_EDGE('',*,*,#7317,.F.);
#5157=ORIENTED_EDGE('',*,*,#7171,.F.);
#5158=ORIENTED_EDGE('',*,*,#7179,.F.);
#5159=ORIENTED_EDGE('',*,*,#7190,.F.);
#5160=ORIENTED_EDGE('',*,*,#7156,.F.);
#5161=ORIENTED_EDGE('',*,*,#7261,.F.);
#5162=ORIENTED_EDGE('',*,*,#7173,.F.);
#5163=ORIENTED_EDGE('',*,*,#7260,.F.);
#5164=ORIENTED_EDGE('',*,*,#7302,.F.);
#5165=ORIENTED_EDGE('',*,*,#7312,.F.);
#5166=ORIENTED_EDGE('',*,*,#7315,.F.);
#5167=ORIENTED_EDGE('',*,*,#7309,.F.);
#5168=ORIENTED_EDGE('',*,*,#7297,.F.);
#5169=ORIENTED_EDGE('',*,*,#7239,.F.);
#5170=ORIENTED_EDGE('',*,*,#7256,.F.);
#5171=ORIENTED_EDGE('',*,*,#7246,.F.);
#5172=ORIENTED_EDGE('',*,*,#7165,.F.);
#5173=ORIENTED_EDGE('',*,*,#7188,.F.);
#5174=ORIENTED_EDGE('',*,*,#7220,.F.);
#5175=ORIENTED_EDGE('',*,*,#7318,.T.);
#5176=ORIENTED_EDGE('',*,*,#6943,.T.);
#5177=ORIENTED_EDGE('',*,*,#7319,.F.);
#5178=ORIENTED_EDGE('',*,*,#7221,.F.);
#5179=ORIENTED_EDGE('',*,*,#7320,.F.);
#5180=ORIENTED_EDGE('',*,*,#6959,.T.);
#5181=ORIENTED_EDGE('',*,*,#7321,.F.);
#5182=ORIENTED_EDGE('',*,*,#7218,.F.);
#5183=ORIENTED_EDGE('',*,*,#7322,.T.);
#5184=ORIENTED_EDGE('',*,*,#6945,.F.);
#5185=ORIENTED_EDGE('',*,*,#7323,.T.);
#5186=ORIENTED_EDGE('',*,*,#7216,.F.);
#5187=ORIENTED_EDGE('',*,*,#7324,.T.);
#5188=ORIENTED_EDGE('',*,*,#6947,.T.);
#5189=ORIENTED_EDGE('',*,*,#7325,.T.);
#5190=ORIENTED_EDGE('',*,*,#7324,.F.);
#5191=ORIENTED_EDGE('',*,*,#7215,.T.);
#5192=ORIENTED_EDGE('',*,*,#7326,.F.);
#5193=ORIENTED_EDGE('',*,*,#6948,.F.);
#5194=ORIENTED_EDGE('',*,*,#7217,.F.);
#5195=ORIENTED_EDGE('',*,*,#7325,.F.);
#5196=ORIENTED_EDGE('',*,*,#6946,.T.);
#5197=ORIENTED_EDGE('',*,*,#7322,.F.);
#5198=ORIENTED_EDGE('',*,*,#7318,.F.);
#5199=ORIENTED_EDGE('',*,*,#7219,.T.);
#5200=ORIENTED_EDGE('',*,*,#7323,.F.);
#5201=ORIENTED_EDGE('',*,*,#6944,.F.);
#5202=ORIENTED_EDGE('',*,*,#7214,.F.);
#5203=ORIENTED_EDGE('',*,*,#7263,.T.);
#5204=ORIENTED_EDGE('',*,*,#7327,.T.);
#5205=ORIENTED_EDGE('',*,*,#7269,.F.);
#5206=ORIENTED_EDGE('',*,*,#7210,.F.);
#5207=ORIENTED_EDGE('',*,*,#7316,.T.);
#5208=ORIENTED_EDGE('',*,*,#7328,.T.);
#5209=ORIENTED_EDGE('',*,*,#7329,.T.);
#5210=ORIENTED_EDGE('',*,*,#6949,.T.);
#5211=ORIENTED_EDGE('',*,*,#7326,.T.);
#5212=ORIENTED_EDGE('',*,*,#7244,.F.);
#5213=ORIENTED_EDGE('',*,*,#7227,.T.);
#5214=ORIENTED_EDGE('',*,*,#7330,.F.);
#5215=ORIENTED_EDGE('',*,*,#6953,.F.);
#5216=ORIENTED_EDGE('',*,*,#7331,.F.);
#5217=ORIENTED_EDGE('',*,*,#7332,.F.);
#5218=ORIENTED_EDGE('',*,*,#7317,.T.);
#5219=ORIENTED_EDGE('',*,*,#7206,.T.);
#5220=ORIENTED_EDGE('',*,*,#7285,.F.);
#5221=ORIENTED_EDGE('',*,*,#7333,.F.);
#5222=ORIENTED_EDGE('',*,*,#7334,.F.);
#5223=ORIENTED_EDGE('',*,*,#7335,.F.);
#5224=ORIENTED_EDGE('',*,*,#7336,.F.);
#5225=ORIENTED_EDGE('',*,*,#7337,.F.);
#5226=ORIENTED_EDGE('',*,*,#7338,.F.);
#5227=ORIENTED_EDGE('',*,*,#7339,.F.);
#5228=ORIENTED_EDGE('',*,*,#7340,.F.);
#5229=ORIENTED_EDGE('',*,*,#7341,.F.);
#5230=ORIENTED_EDGE('',*,*,#7342,.T.);
#5231=ORIENTED_EDGE('',*,*,#7343,.F.);
#5232=ORIENTED_EDGE('',*,*,#7344,.F.);
#5233=ORIENTED_EDGE('',*,*,#7345,.F.);
#5234=ORIENTED_EDGE('',*,*,#7346,.F.);
#5235=ORIENTED_EDGE('',*,*,#7347,.F.);
#5236=ORIENTED_EDGE('',*,*,#6951,.F.);
#5237=ORIENTED_EDGE('',*,*,#7348,.T.);
#5238=ORIENTED_EDGE('',*,*,#7349,.F.);
#5239=ORIENTED_EDGE('',*,*,#7327,.F.);
#5240=ORIENTED_EDGE('',*,*,#7262,.T.);
#5241=ORIENTED_EDGE('',*,*,#6986,.T.);
#5242=ORIENTED_EDGE('',*,*,#7270,.T.);
#5243=ORIENTED_EDGE('',*,*,#7350,.T.);
#5244=ORIENTED_EDGE('',*,*,#7351,.T.);
#5245=ORIENTED_EDGE('',*,*,#7352,.T.);
#5246=ORIENTED_EDGE('',*,*,#7353,.T.);
#5247=ORIENTED_EDGE('',*,*,#7354,.T.);
#5248=ORIENTED_EDGE('',*,*,#7355,.T.);
#5249=ORIENTED_EDGE('',*,*,#7350,.F.);
#5250=ORIENTED_EDGE('',*,*,#7356,.F.);
#5251=ORIENTED_EDGE('',*,*,#7357,.T.);
#5252=ORIENTED_EDGE('',*,*,#7358,.T.);
#5253=ORIENTED_EDGE('',*,*,#7359,.F.);
#5254=ORIENTED_EDGE('',*,*,#7352,.F.);
#5255=ORIENTED_EDGE('',*,*,#7360,.T.);
#5256=ORIENTED_EDGE('',*,*,#7356,.T.);
#5257=ORIENTED_EDGE('',*,*,#7353,.F.);
#5258=ORIENTED_EDGE('',*,*,#7359,.T.);
#5259=ORIENTED_EDGE('',*,*,#7361,.T.);
#5260=ORIENTED_EDGE('',*,*,#7271,.T.);
#5261=ORIENTED_EDGE('',*,*,#7362,.F.);
#5262=ORIENTED_EDGE('',*,*,#7354,.F.);
#5263=ORIENTED_EDGE('',*,*,#7360,.F.);
#5264=ORIENTED_EDGE('',*,*,#6984,.F.);
#5265=ORIENTED_EDGE('',*,*,#7355,.F.);
#5266=ORIENTED_EDGE('',*,*,#7363,.F.);
#5267=ORIENTED_EDGE('',*,*,#7357,.F.);
#5268=ORIENTED_EDGE('',*,*,#7351,.F.);
#5269=ORIENTED_EDGE('',*,*,#7361,.F.);
#5270=ORIENTED_EDGE('',*,*,#7358,.F.);
#5271=ORIENTED_EDGE('',*,*,#7364,.F.);
#5272=ORIENTED_EDGE('',*,*,#7272,.F.);
#5273=ORIENTED_EDGE('',*,*,#7329,.F.);
#5274=ORIENTED_EDGE('',*,*,#7365,.F.);
#5275=ORIENTED_EDGE('',*,*,#7348,.F.);
#5276=ORIENTED_EDGE('',*,*,#6950,.T.);
#5277=ORIENTED_EDGE('',*,*,#7222,.F.);
#5278=ORIENTED_EDGE('',*,*,#7321,.T.);
#5279=ORIENTED_EDGE('',*,*,#6958,.T.);
#5280=ORIENTED_EDGE('',*,*,#7366,.F.);
#5281=ORIENTED_EDGE('',*,*,#7226,.F.);
#5282=ORIENTED_EDGE('',*,*,#7367,.F.);
#5283=ORIENTED_EDGE('',*,*,#6954,.T.);
#5284=ORIENTED_EDGE('',*,*,#7330,.T.);
#5285=ORIENTED_EDGE('',*,*,#7367,.T.);
#5286=ORIENTED_EDGE('',*,*,#7225,.T.);
#5287=ORIENTED_EDGE('',*,*,#7368,.T.);
#5288=ORIENTED_EDGE('',*,*,#6955,.F.);
#5289=ORIENTED_EDGE('',*,*,#7368,.F.);
#5290=ORIENTED_EDGE('',*,*,#7224,.T.);
#5291=ORIENTED_EDGE('',*,*,#7369,.F.);
#5292=ORIENTED_EDGE('',*,*,#6956,.F.);
#5293=ORIENTED_EDGE('',*,*,#7369,.T.);
#5294=ORIENTED_EDGE('',*,*,#7223,.T.);
#5295=ORIENTED_EDGE('',*,*,#7366,.T.);
#5296=ORIENTED_EDGE('',*,*,#6957,.T.);
#5297=ORIENTED_EDGE('',*,*,#7347,.T.);
#5298=ORIENTED_EDGE('',*,*,#7370,.T.);
#5299=ORIENTED_EDGE('',*,*,#7331,.T.);
#5300=ORIENTED_EDGE('',*,*,#6952,.F.);
#5301=ORIENTED_EDGE('',*,*,#7371,.F.);
#5302=ORIENTED_EDGE('',*,*,#7283,.F.);
#5303=ORIENTED_EDGE('',*,*,#7372,.T.);
#5304=ORIENTED_EDGE('',*,*,#7373,.F.);
#5305=ORIENTED_EDGE('',*,*,#7374,.T.);
#5306=ORIENTED_EDGE('',*,*,#7375,.F.);
#5307=ORIENTED_EDGE('',*,*,#7376,.T.);
#5308=ORIENTED_EDGE('',*,*,#7029,.T.);
#5309=ORIENTED_EDGE('',*,*,#7371,.T.);
#5310=ORIENTED_EDGE('',*,*,#7377,.T.);
#5311=ORIENTED_EDGE('',*,*,#7378,.F.);
#5312=ORIENTED_EDGE('',*,*,#7379,.T.);
#5313=ORIENTED_EDGE('',*,*,#7377,.F.);
#5314=ORIENTED_EDGE('',*,*,#7375,.T.);
#5315=ORIENTED_EDGE('',*,*,#7380,.T.);
#5316=ORIENTED_EDGE('',*,*,#7381,.T.);
#5317=ORIENTED_EDGE('',*,*,#7378,.T.);
#5318=ORIENTED_EDGE('',*,*,#7374,.F.);
#5319=ORIENTED_EDGE('',*,*,#7373,.T.);
#5320=ORIENTED_EDGE('',*,*,#7382,.T.);
#5321=ORIENTED_EDGE('',*,*,#7383,.T.);
#5322=ORIENTED_EDGE('',*,*,#7380,.F.);
#5323=ORIENTED_EDGE('',*,*,#7027,.F.);
#5324=ORIENTED_EDGE('',*,*,#7245,.T.);
#5325=ORIENTED_EDGE('',*,*,#7333,.T.);
#5326=ORIENTED_EDGE('',*,*,#7284,.F.);
#5327=ORIENTED_EDGE('',*,*,#7379,.F.);
#5328=ORIENTED_EDGE('',*,*,#7381,.F.);
#5329=ORIENTED_EDGE('',*,*,#7383,.F.);
#5330=ORIENTED_EDGE('',*,*,#7384,.F.);
#5331=ORIENTED_EDGE('',*,*,#7372,.F.);
#5332=ORIENTED_EDGE('',*,*,#7282,.F.);
#5333=ORIENTED_EDGE('',*,*,#7385,.F.);
#5334=ORIENTED_EDGE('',*,*,#7382,.F.);
#5335=ORIENTED_EDGE('',*,*,#7386,.T.);
#5336=ORIENTED_EDGE('',*,*,#7338,.T.);
#5337=ORIENTED_EDGE('',*,*,#7349,.T.);
#5338=ORIENTED_EDGE('',*,*,#7365,.T.);
#5339=ORIENTED_EDGE('',*,*,#7328,.F.);
#5340=ORIENTED_EDGE('',*,*,#7274,.F.);
#5341=ORIENTED_EDGE('',*,*,#7364,.T.);
#5342=ORIENTED_EDGE('',*,*,#7363,.T.);
#5343=ORIENTED_EDGE('',*,*,#7362,.T.);
#5344=ORIENTED_EDGE('',*,*,#6983,.T.);
#5345=ORIENTED_EDGE('',*,*,#6978,.T.);
#5346=ORIENTED_EDGE('',*,*,#6924,.F.);
#5347=ORIENTED_EDGE('',*,*,#7033,.F.);
#5348=ORIENTED_EDGE('',*,*,#7030,.F.);
#5349=ORIENTED_EDGE('',*,*,#7376,.F.);
#5350=ORIENTED_EDGE('',*,*,#7384,.T.);
#5351=ORIENTED_EDGE('',*,*,#7385,.T.);
#5352=ORIENTED_EDGE('',*,*,#7168,.T.);
#5353=ORIENTED_EDGE('',*,*,#7332,.T.);
#5354=ORIENTED_EDGE('',*,*,#7370,.F.);
#5355=ORIENTED_EDGE('',*,*,#7387,.F.);
#5356=ORIENTED_EDGE('',*,*,#7388,.T.);
#5357=ORIENTED_EDGE('',*,*,#7389,.F.);
#5358=ORIENTED_EDGE('',*,*,#6966,.T.);
#5359=ORIENTED_EDGE('',*,*,#7390,.T.);
#5360=ORIENTED_EDGE('',*,*,#7391,.T.);
#5361=ORIENTED_EDGE('',*,*,#7392,.T.);
#5362=ORIENTED_EDGE('',*,*,#6967,.T.);
#5363=ORIENTED_EDGE('',*,*,#7389,.T.);
#5364=ORIENTED_EDGE('',*,*,#7392,.F.);
#5365=ORIENTED_EDGE('',*,*,#7393,.T.);
#5366=ORIENTED_EDGE('',*,*,#7394,.F.);
#5367=ORIENTED_EDGE('',*,*,#6968,.T.);
#5368=ORIENTED_EDGE('',*,*,#7394,.T.);
#5369=ORIENTED_EDGE('',*,*,#7395,.T.);
#5370=ORIENTED_EDGE('',*,*,#7396,.T.);
#5371=ORIENTED_EDGE('',*,*,#7387,.T.);
#5372=ORIENTED_EDGE('',*,*,#6965,.F.);
#5373=ORIENTED_EDGE('',*,*,#7320,.T.);
#5374=ORIENTED_EDGE('',*,*,#7152,.T.);
#5375=ORIENTED_EDGE('',*,*,#7167,.F.);
#5376=ORIENTED_EDGE('',*,*,#7007,.F.);
#5377=ORIENTED_EDGE('',*,*,#6960,.F.);
#5378=ORIENTED_EDGE('',*,*,#7150,.T.);
#5379=ORIENTED_EDGE('',*,*,#7319,.T.);
#5380=ORIENTED_EDGE('',*,*,#6942,.F.);
#5381=ORIENTED_EDGE('',*,*,#7006,.F.);
#5382=ORIENTED_EDGE('',*,*,#7154,.F.);
#5383=ORIENTED_EDGE('',*,*,#7397,.F.);
#5384=ORIENTED_EDGE('',*,*,#7398,.T.);
#5385=ORIENTED_EDGE('',*,*,#7399,.F.);
#5386=ORIENTED_EDGE('',*,*,#7400,.T.);
#5387=ORIENTED_EDGE('',*,*,#7401,.T.);
#5388=ORIENTED_EDGE('',*,*,#7402,.T.);
#5389=ORIENTED_EDGE('',*,*,#7403,.T.);
#5390=ORIENTED_EDGE('',*,*,#7404,.T.);
#5391=ORIENTED_EDGE('',*,*,#7405,.T.);
#5392=ORIENTED_EDGE('',*,*,#7406,.F.);
#5393=ORIENTED_EDGE('',*,*,#7407,.F.);
#5394=ORIENTED_EDGE('',*,*,#7402,.F.);
#5395=ORIENTED_EDGE('',*,*,#7408,.F.);
#5396=ORIENTED_EDGE('',*,*,#7400,.F.);
#5397=ORIENTED_EDGE('',*,*,#7409,.F.);
#5398=ORIENTED_EDGE('',*,*,#7410,.F.);
#5399=ORIENTED_EDGE('',*,*,#7411,.T.);
#5400=ORIENTED_EDGE('',*,*,#7412,.F.);
#5401=ORIENTED_EDGE('',*,*,#7413,.F.);
#5402=ORIENTED_EDGE('',*,*,#7398,.F.);
#5403=ORIENTED_EDGE('',*,*,#7414,.T.);
#5404=ORIENTED_EDGE('',*,*,#7409,.T.);
#5405=ORIENTED_EDGE('',*,*,#7399,.T.);
#5406=ORIENTED_EDGE('',*,*,#7413,.T.);
#5407=ORIENTED_EDGE('',*,*,#7415,.T.);
#5408=ORIENTED_EDGE('',*,*,#7416,.T.);
#5409=ORIENTED_EDGE('',*,*,#7403,.F.);
#5410=ORIENTED_EDGE('',*,*,#7407,.T.);
#5411=ORIENTED_EDGE('',*,*,#7417,.F.);
#5412=ORIENTED_EDGE('',*,*,#7404,.F.);
#5413=ORIENTED_EDGE('',*,*,#7416,.F.);
#5414=ORIENTED_EDGE('',*,*,#7418,.F.);
#5415=ORIENTED_EDGE('',*,*,#7419,.F.);
#5416=ORIENTED_EDGE('',*,*,#7420,.T.);
#5417=ORIENTED_EDGE('',*,*,#7421,.T.);
#5418=ORIENTED_EDGE('',*,*,#7422,.F.);
#5419=ORIENTED_EDGE('',*,*,#7423,.T.);
#5420=ORIENTED_EDGE('',*,*,#7411,.F.);
#5421=ORIENTED_EDGE('',*,*,#7397,.T.);
#5422=ORIENTED_EDGE('',*,*,#7408,.T.);
#5423=ORIENTED_EDGE('',*,*,#7424,.T.);
#5424=ORIENTED_EDGE('',*,*,#7425,.T.);
#5425=ORIENTED_EDGE('',*,*,#7426,.F.);
#5426=ORIENTED_EDGE('',*,*,#7427,.F.);
#5427=ORIENTED_EDGE('',*,*,#7428,.F.);
#5428=ORIENTED_EDGE('',*,*,#7405,.F.);
#5429=ORIENTED_EDGE('',*,*,#7401,.F.);
#5430=ORIENTED_EDGE('',*,*,#7417,.T.);
#5431=ORIENTED_EDGE('',*,*,#7429,.F.);
#5432=ORIENTED_EDGE('',*,*,#7343,.T.);
#5433=ORIENTED_EDGE('',*,*,#7430,.F.);
#5434=ORIENTED_EDGE('',*,*,#7425,.F.);
#5435=ORIENTED_EDGE('',*,*,#7431,.F.);
#5436=ORIENTED_EDGE('',*,*,#7341,.T.);
#5437=ORIENTED_EDGE('',*,*,#7432,.F.);
#5438=ORIENTED_EDGE('',*,*,#7427,.T.);
#5439=ORIENTED_EDGE('',*,*,#7342,.F.);
#5440=ORIENTED_EDGE('',*,*,#7431,.T.);
#5441=ORIENTED_EDGE('',*,*,#7426,.T.);
#5442=ORIENTED_EDGE('',*,*,#7430,.T.);
#5443=ORIENTED_EDGE('',*,*,#7433,.F.);
#5444=ORIENTED_EDGE('',*,*,#7345,.T.);
#5445=ORIENTED_EDGE('',*,*,#7434,.F.);
#5446=ORIENTED_EDGE('',*,*,#7422,.T.);
#5447=ORIENTED_EDGE('',*,*,#7435,.F.);
#5448=ORIENTED_EDGE('',*,*,#7339,.T.);
#5449=ORIENTED_EDGE('',*,*,#7436,.F.);
#5450=ORIENTED_EDGE('',*,*,#7420,.F.);
#5451=ORIENTED_EDGE('',*,*,#7436,.T.);
#5452=ORIENTED_EDGE('',*,*,#7346,.T.);
#5453=ORIENTED_EDGE('',*,*,#7433,.T.);
#5454=ORIENTED_EDGE('',*,*,#7421,.F.);
#5455=ORIENTED_EDGE('',*,*,#7434,.T.);
#5456=ORIENTED_EDGE('',*,*,#7344,.T.);
#5457=ORIENTED_EDGE('',*,*,#7429,.T.);
#5458=ORIENTED_EDGE('',*,*,#7424,.F.);
#5459=ORIENTED_EDGE('',*,*,#7418,.T.);
#5460=ORIENTED_EDGE('',*,*,#7415,.F.);
#5461=ORIENTED_EDGE('',*,*,#7412,.T.);
#5462=ORIENTED_EDGE('',*,*,#7423,.F.);
#5463=ORIENTED_EDGE('',*,*,#7432,.T.);
#5464=ORIENTED_EDGE('',*,*,#7340,.T.);
#5465=ORIENTED_EDGE('',*,*,#7435,.T.);
#5466=ORIENTED_EDGE('',*,*,#7419,.T.);
#5467=ORIENTED_EDGE('',*,*,#7410,.T.);
#5468=ORIENTED_EDGE('',*,*,#7414,.F.);
#5469=ORIENTED_EDGE('',*,*,#7406,.T.);
#5470=ORIENTED_EDGE('',*,*,#7428,.T.);
#5471=ORIENTED_EDGE('',*,*,#7437,.F.);
#5472=ORIENTED_EDGE('',*,*,#7386,.F.);
#5473=ORIENTED_EDGE('',*,*,#7437,.T.);
#5474=ORIENTED_EDGE('',*,*,#7277,.F.);
#5475=ORIENTED_EDGE('',*,*,#7438,.T.);
#5476=ORIENTED_EDGE('',*,*,#6977,.F.);
#5477=ORIENTED_EDGE('',*,*,#6962,.F.);
#5478=ORIENTED_EDGE('',*,*,#7031,.F.);
#5479=ORIENTED_EDGE('',*,*,#6922,.F.);
#5480=ORIENTED_EDGE('',*,*,#7439,.F.);
#5481=ORIENTED_EDGE('',*,*,#7440,.F.);
#5482=ORIENTED_EDGE('',*,*,#7441,.F.);
#5483=ORIENTED_EDGE('',*,*,#7438,.F.);
#5484=ORIENTED_EDGE('',*,*,#7442,.F.);
#5485=ORIENTED_EDGE('',*,*,#7443,.F.);
#5486=ORIENTED_EDGE('',*,*,#7444,.F.);
#5487=ORIENTED_EDGE('',*,*,#7445,.F.);
#5488=ORIENTED_EDGE('',*,*,#7446,.F.);
#5489=ORIENTED_EDGE('',*,*,#7447,.F.);
#5490=ORIENTED_EDGE('',*,*,#7441,.T.);
#5491=ORIENTED_EDGE('',*,*,#7443,.T.);
#5492=ORIENTED_EDGE('',*,*,#7448,.T.);
#5493=ORIENTED_EDGE('',*,*,#7449,.T.);
#5494=ORIENTED_EDGE('',*,*,#7450,.F.);
#5495=ORIENTED_EDGE('',*,*,#7444,.T.);
#5496=ORIENTED_EDGE('',*,*,#7450,.T.);
#5497=ORIENTED_EDGE('',*,*,#7451,.T.);
#5498=ORIENTED_EDGE('',*,*,#7452,.F.);
#5499=ORIENTED_EDGE('',*,*,#7445,.T.);
#5500=ORIENTED_EDGE('',*,*,#7452,.T.);
#5501=ORIENTED_EDGE('',*,*,#7453,.T.);
#5502=ORIENTED_EDGE('',*,*,#7454,.F.);
#5503=ORIENTED_EDGE('',*,*,#7446,.T.);
#5504=ORIENTED_EDGE('',*,*,#7454,.T.);
#5505=ORIENTED_EDGE('',*,*,#7455,.T.);
#5506=ORIENTED_EDGE('',*,*,#7456,.F.);
#5507=ORIENTED_EDGE('',*,*,#7447,.T.);
#5508=ORIENTED_EDGE('',*,*,#7456,.T.);
#5509=ORIENTED_EDGE('',*,*,#7457,.T.);
#5510=ORIENTED_EDGE('',*,*,#7458,.F.);
#5511=ORIENTED_EDGE('',*,*,#7442,.T.);
#5512=ORIENTED_EDGE('',*,*,#7458,.T.);
#5513=ORIENTED_EDGE('',*,*,#7459,.T.);
#5514=ORIENTED_EDGE('',*,*,#7448,.F.);
#5515=ORIENTED_EDGE('',*,*,#7460,.T.);
#5516=ORIENTED_EDGE('',*,*,#7451,.F.);
#5517=ORIENTED_EDGE('',*,*,#7449,.F.);
#5518=ORIENTED_EDGE('',*,*,#7459,.F.);
#5519=ORIENTED_EDGE('',*,*,#7457,.F.);
#5520=ORIENTED_EDGE('',*,*,#7455,.F.);
#5521=ORIENTED_EDGE('',*,*,#7453,.F.);
#5522=ORIENTED_EDGE('',*,*,#7439,.T.);
#5523=ORIENTED_EDGE('',*,*,#7460,.F.);
#5524=ORIENTED_EDGE('',*,*,#7461,.T.);
#5525=ORIENTED_EDGE('',*,*,#7440,.T.);
#5526=ORIENTED_EDGE('',*,*,#7461,.F.);
#5527=ORIENTED_EDGE('',*,*,#7390,.F.);
#5528=ORIENTED_EDGE('',*,*,#7388,.F.);
#5529=ORIENTED_EDGE('',*,*,#7396,.F.);
#5530=ORIENTED_EDGE('',*,*,#7462,.F.);
#5531=ORIENTED_EDGE('',*,*,#7391,.F.);
#5532=ORIENTED_EDGE('',*,*,#7462,.T.);
#5533=ORIENTED_EDGE('',*,*,#7395,.F.);
#5534=ORIENTED_EDGE('',*,*,#7393,.F.);
#5535=ORIENTED_EDGE('',*,*,#7463,.T.);
#5536=ORIENTED_EDGE('',*,*,#7334,.T.);
#5537=ORIENTED_EDGE('',*,*,#7464,.T.);
#5538=ORIENTED_EDGE('',*,*,#7465,.T.);
#5539=ORIENTED_EDGE('',*,*,#7464,.F.);
#5540=ORIENTED_EDGE('',*,*,#7337,.T.);
#5541=ORIENTED_EDGE('',*,*,#7466,.F.);
#5542=ORIENTED_EDGE('',*,*,#7467,.F.);
#5543=ORIENTED_EDGE('',*,*,#7466,.T.);
#5544=ORIENTED_EDGE('',*,*,#7336,.T.);
#5545=ORIENTED_EDGE('',*,*,#7468,.T.);
#5546=ORIENTED_EDGE('',*,*,#7469,.F.);
#5547=ORIENTED_EDGE('',*,*,#7470,.T.);
#5548=ORIENTED_EDGE('',*,*,#7471,.T.);
#5549=ORIENTED_EDGE('',*,*,#6936,.T.);
#5550=ORIENTED_EDGE('',*,*,#7472,.T.);
#5551=ORIENTED_EDGE('',*,*,#7473,.T.);
#5552=ORIENTED_EDGE('',*,*,#7474,.T.);
#5553=ORIENTED_EDGE('',*,*,#6934,.T.);
#5554=ORIENTED_EDGE('',*,*,#7475,.T.);
#5555=ORIENTED_EDGE('',*,*,#6932,.T.);
#5556=ORIENTED_EDGE('',*,*,#7476,.T.);
#5557=ORIENTED_EDGE('',*,*,#7477,.T.);
#5558=ORIENTED_EDGE('',*,*,#7478,.T.);
#5559=ORIENTED_EDGE('',*,*,#7479,.T.);
#5560=ORIENTED_EDGE('',*,*,#7480,.T.);
#5561=ORIENTED_EDGE('',*,*,#6930,.T.);
#5562=ORIENTED_EDGE('',*,*,#7481,.T.);
#5563=ORIENTED_EDGE('',*,*,#7482,.T.);
#5564=ORIENTED_EDGE('',*,*,#7483,.T.);
#5565=ORIENTED_EDGE('',*,*,#6928,.T.);
#5566=ORIENTED_EDGE('',*,*,#7484,.T.);
#5567=ORIENTED_EDGE('',*,*,#7485,.F.);
#5568=ORIENTED_EDGE('',*,*,#7486,.T.);
#5569=ORIENTED_EDGE('',*,*,#7487,.F.);
#5570=ORIENTED_EDGE('',*,*,#7488,.T.);
#5571=ORIENTED_EDGE('',*,*,#7489,.T.);
#5572=ORIENTED_EDGE('',*,*,#7490,.T.);
#5573=ORIENTED_EDGE('',*,*,#7491,.T.);
#5574=ORIENTED_EDGE('',*,*,#7492,.T.);
#5575=ORIENTED_EDGE('',*,*,#6940,.T.);
#5576=ORIENTED_EDGE('',*,*,#7493,.T.);
#5577=ORIENTED_EDGE('',*,*,#7494,.T.);
#5578=ORIENTED_EDGE('',*,*,#7495,.T.);
#5579=ORIENTED_EDGE('',*,*,#7496,.F.);
#5580=ORIENTED_EDGE('',*,*,#7497,.T.);
#5581=ORIENTED_EDGE('',*,*,#7498,.F.);
#5582=ORIENTED_EDGE('',*,*,#7499,.T.);
#5583=ORIENTED_EDGE('',*,*,#6938,.T.);
#5584=ORIENTED_EDGE('',*,*,#7500,.T.);
#5585=ORIENTED_EDGE('',*,*,#7501,.T.);
#5586=ORIENTED_EDGE('',*,*,#7502,.T.);
#5587=ORIENTED_EDGE('',*,*,#7503,.T.);
#5588=ORIENTED_EDGE('',*,*,#7504,.T.);
#5589=ORIENTED_EDGE('',*,*,#7505,.T.);
#5590=ORIENTED_EDGE('',*,*,#7506,.T.);
#5591=ORIENTED_EDGE('',*,*,#7507,.T.);
#5592=ORIENTED_EDGE('',*,*,#7508,.T.);
#5593=ORIENTED_EDGE('',*,*,#7509,.T.);
#5594=ORIENTED_EDGE('',*,*,#7510,.T.);
#5595=ORIENTED_EDGE('',*,*,#7511,.T.);
#5596=ORIENTED_EDGE('',*,*,#7512,.T.);
#5597=ORIENTED_EDGE('',*,*,#7513,.T.);
#5598=ORIENTED_EDGE('',*,*,#7514,.T.);
#5599=ORIENTED_EDGE('',*,*,#7515,.T.);
#5600=ORIENTED_EDGE('',*,*,#7516,.T.);
#5601=ORIENTED_EDGE('',*,*,#7517,.T.);
#5602=ORIENTED_EDGE('',*,*,#7518,.T.);
#5603=ORIENTED_EDGE('',*,*,#7491,.F.);
#5604=ORIENTED_EDGE('',*,*,#7519,.T.);
#5605=ORIENTED_EDGE('',*,*,#7487,.T.);
#5606=ORIENTED_EDGE('',*,*,#7520,.T.);
#5607=ORIENTED_EDGE('',*,*,#7521,.F.);
#5608=ORIENTED_EDGE('',*,*,#7522,.T.);
#5609=ORIENTED_EDGE('',*,*,#7496,.T.);
#5610=ORIENTED_EDGE('',*,*,#7523,.T.);
#5611=ORIENTED_EDGE('',*,*,#7469,.T.);
#5612=ORIENTED_EDGE('',*,*,#7524,.T.);
#5613=ORIENTED_EDGE('',*,*,#7465,.F.);
#5614=ORIENTED_EDGE('',*,*,#7467,.T.);
#5615=ORIENTED_EDGE('',*,*,#7525,.F.);
#5616=ORIENTED_EDGE('',*,*,#7526,.T.);
#5617=ORIENTED_EDGE('',*,*,#6926,.T.);
#5618=ORIENTED_EDGE('',*,*,#7527,.T.);
#5619=ORIENTED_EDGE('',*,*,#7528,.F.);
#5620=ORIENTED_EDGE('',*,*,#7520,.F.);
#5621=ORIENTED_EDGE('',*,*,#7486,.F.);
#5622=ORIENTED_EDGE('',*,*,#7529,.T.);
#5623=ORIENTED_EDGE('',*,*,#7497,.F.);
#5624=ORIENTED_EDGE('',*,*,#7522,.F.);
#5625=ORIENTED_EDGE('',*,*,#7530,.F.);
#5626=ORIENTED_EDGE('',*,*,#7531,.F.);
#5627=ORIENTED_EDGE('',*,*,#7530,.T.);
#5628=ORIENTED_EDGE('',*,*,#7521,.T.);
#5629=ORIENTED_EDGE('',*,*,#7528,.T.);
#5630=ORIENTED_EDGE('',*,*,#7532,.F.);
#5631=ORIENTED_EDGE('',*,*,#7485,.T.);
#5632=ORIENTED_EDGE('',*,*,#7533,.T.);
#5633=ORIENTED_EDGE('',*,*,#7525,.T.);
#5634=ORIENTED_EDGE('',*,*,#7534,.T.);
#5635=ORIENTED_EDGE('',*,*,#7498,.T.);
#5636=ORIENTED_EDGE('',*,*,#7531,.T.);
#5637=ORIENTED_EDGE('',*,*,#7532,.T.);
#5638=ORIENTED_EDGE('',*,*,#7529,.F.);
#5639=ORIENTED_EDGE('',*,*,#7468,.F.);
#5640=ORIENTED_EDGE('',*,*,#7335,.T.);
#5641=ORIENTED_EDGE('',*,*,#7463,.F.);
#5642=ORIENTED_EDGE('',*,*,#7524,.F.);
#5643=ORIENTED_EDGE('',*,*,#7515,.F.);
#5644=ORIENTED_EDGE('',*,*,#7535,.T.);
#5645=ORIENTED_EDGE('',*,*,#7536,.T.);
#5646=ORIENTED_EDGE('',*,*,#7473,.F.);
#5647=ORIENTED_EDGE('',*,*,#7537,.T.);
#5648=ORIENTED_EDGE('',*,*,#7538,.T.);
#5649=ORIENTED_EDGE('',*,*,#7539,.T.);
#5650=ORIENTED_EDGE('',*,*,#7540,.T.);
#5651=ORIENTED_EDGE('',*,*,#7517,.F.);
#5652=ORIENTED_EDGE('',*,*,#7541,.T.);
#5653=ORIENTED_EDGE('',*,*,#7542,.T.);
#5654=ORIENTED_EDGE('',*,*,#7477,.F.);
#5655=ORIENTED_EDGE('',*,*,#7543,.T.);
#5656=ORIENTED_EDGE('',*,*,#7544,.T.);
#5657=ORIENTED_EDGE('',*,*,#7513,.F.);
#5658=ORIENTED_EDGE('',*,*,#7545,.T.);
#5659=ORIENTED_EDGE('',*,*,#7546,.T.);
#5660=ORIENTED_EDGE('',*,*,#7470,.F.);
#5661=ORIENTED_EDGE('',*,*,#7547,.T.);
#5662=ORIENTED_EDGE('',*,*,#7548,.T.);
#5663=ORIENTED_EDGE('',*,*,#7503,.F.);
#5664=ORIENTED_EDGE('',*,*,#7549,.T.);
#5665=ORIENTED_EDGE('',*,*,#7550,.T.);
#5666=ORIENTED_EDGE('',*,*,#7479,.F.);
#5667=ORIENTED_EDGE('',*,*,#7511,.F.);
#5668=ORIENTED_EDGE('',*,*,#7551,.T.);
#5669=ORIENTED_EDGE('',*,*,#7552,.T.);
#5670=ORIENTED_EDGE('',*,*,#7501,.F.);
#5671=ORIENTED_EDGE('',*,*,#7553,.T.);
#5672=ORIENTED_EDGE('',*,*,#7554,.T.);
#5673=ORIENTED_EDGE('',*,*,#7505,.F.);
#5674=ORIENTED_EDGE('',*,*,#7555,.T.);
#5675=ORIENTED_EDGE('',*,*,#7556,.T.);
#5676=ORIENTED_EDGE('',*,*,#7482,.F.);
#5677=ORIENTED_EDGE('',*,*,#7557,.T.);
#5678=ORIENTED_EDGE('',*,*,#7558,.T.);
#5679=ORIENTED_EDGE('',*,*,#7509,.F.);
#5680=ORIENTED_EDGE('',*,*,#7559,.T.);
#5681=ORIENTED_EDGE('',*,*,#7560,.T.);
#5682=ORIENTED_EDGE('',*,*,#7494,.F.);
#5683=ORIENTED_EDGE('',*,*,#7561,.T.);
#5684=ORIENTED_EDGE('',*,*,#7562,.T.);
#5685=ORIENTED_EDGE('',*,*,#7507,.F.);
#5686=ORIENTED_EDGE('',*,*,#7563,.T.);
#5687=ORIENTED_EDGE('',*,*,#7564,.T.);
#5688=ORIENTED_EDGE('',*,*,#7489,.F.);
#5689=ORIENTED_EDGE('',*,*,#7565,.T.);
#5690=ORIENTED_EDGE('',*,*,#7566,.T.);
#5691=ORIENTED_EDGE('',*,*,#7564,.F.);
#5692=ORIENTED_EDGE('',*,*,#7567,.T.);
#5693=ORIENTED_EDGE('',*,*,#7557,.F.);
#5694=ORIENTED_EDGE('',*,*,#7488,.F.);
#5695=ORIENTED_EDGE('',*,*,#7519,.F.);
#5696=ORIENTED_EDGE('',*,*,#7490,.F.);
#5697=ORIENTED_EDGE('',*,*,#7560,.F.);
#5698=ORIENTED_EDGE('',*,*,#7568,.T.);
#5699=ORIENTED_EDGE('',*,*,#7565,.F.);
#5700=ORIENTED_EDGE('',*,*,#7492,.F.);
#5701=ORIENTED_EDGE('',*,*,#7523,.F.);
#5702=ORIENTED_EDGE('',*,*,#7495,.F.);
#5703=ORIENTED_EDGE('',*,*,#6927,.F.);
#5704=ORIENTED_EDGE('',*,*,#7526,.F.);
#5705=ORIENTED_EDGE('',*,*,#7533,.F.);
#5706=ORIENTED_EDGE('',*,*,#7484,.F.);
#5707=ORIENTED_EDGE('',*,*,#6925,.F.);
#5708=ORIENTED_EDGE('',*,*,#7499,.F.);
#5709=ORIENTED_EDGE('',*,*,#7534,.F.);
#5710=ORIENTED_EDGE('',*,*,#7527,.F.);
#5711=ORIENTED_EDGE('',*,*,#6937,.F.);
#5712=ORIENTED_EDGE('',*,*,#7471,.F.);
#5713=ORIENTED_EDGE('',*,*,#7546,.F.);
#5714=ORIENTED_EDGE('',*,*,#7569,.T.);
#5715=ORIENTED_EDGE('',*,*,#7553,.F.);
#5716=ORIENTED_EDGE('',*,*,#7500,.F.);
#5717=ORIENTED_EDGE('',*,*,#7552,.F.);
#5718=ORIENTED_EDGE('',*,*,#7570,.T.);
#5719=ORIENTED_EDGE('',*,*,#7561,.F.);
#5720=ORIENTED_EDGE('',*,*,#7493,.F.);
#5721=ORIENTED_EDGE('',*,*,#6939,.F.);
#5722=ORIENTED_EDGE('',*,*,#7502,.F.);
#5723=ORIENTED_EDGE('',*,*,#6931,.F.);
#5724=ORIENTED_EDGE('',*,*,#7480,.F.);
#5725=ORIENTED_EDGE('',*,*,#7550,.F.);
#5726=ORIENTED_EDGE('',*,*,#7571,.T.);
#5727=ORIENTED_EDGE('',*,*,#7539,.F.);
#5728=ORIENTED_EDGE('',*,*,#7476,.F.);
#5729=ORIENTED_EDGE('',*,*,#7556,.F.);
#5730=ORIENTED_EDGE('',*,*,#7572,.T.);
#5731=ORIENTED_EDGE('',*,*,#7547,.F.);
#5732=ORIENTED_EDGE('',*,*,#7481,.F.);
#5733=ORIENTED_EDGE('',*,*,#6929,.F.);
#5734=ORIENTED_EDGE('',*,*,#7483,.F.);
#5735=ORIENTED_EDGE('',*,*,#7536,.F.);
#5736=ORIENTED_EDGE('',*,*,#7573,.T.);
#5737=ORIENTED_EDGE('',*,*,#7543,.F.);
#5738=ORIENTED_EDGE('',*,*,#7472,.F.);
#5739=ORIENTED_EDGE('',*,*,#6935,.F.);
#5740=ORIENTED_EDGE('',*,*,#7474,.F.);
#5741=ORIENTED_EDGE('',*,*,#7542,.F.);
#5742=ORIENTED_EDGE('',*,*,#7574,.T.);
#5743=ORIENTED_EDGE('',*,*,#7537,.F.);
#5744=ORIENTED_EDGE('',*,*,#7475,.F.);
#5745=ORIENTED_EDGE('',*,*,#6933,.F.);
#5746=ORIENTED_EDGE('',*,*,#7478,.F.);
#5747=ORIENTED_EDGE('',*,*,#7569,.F.);
#5748=ORIENTED_EDGE('',*,*,#7545,.F.);
#5749=ORIENTED_EDGE('',*,*,#7512,.F.);
#5750=ORIENTED_EDGE('',*,*,#7554,.F.);
#5751=ORIENTED_EDGE('',*,*,#7570,.F.);
#5752=ORIENTED_EDGE('',*,*,#7551,.F.);
#5753=ORIENTED_EDGE('',*,*,#7510,.F.);
#5754=ORIENTED_EDGE('',*,*,#7562,.F.);
#5755=ORIENTED_EDGE('',*,*,#7516,.F.);
#5756=ORIENTED_EDGE('',*,*,#7538,.F.);
#5757=ORIENTED_EDGE('',*,*,#7574,.F.);
#5758=ORIENTED_EDGE('',*,*,#7541,.F.);
#5759=ORIENTED_EDGE('',*,*,#7573,.F.);
#5760=ORIENTED_EDGE('',*,*,#7535,.F.);
#5761=ORIENTED_EDGE('',*,*,#7514,.F.);
#5762=ORIENTED_EDGE('',*,*,#7544,.F.);
#5763=ORIENTED_EDGE('',*,*,#7518,.F.);
#5764=ORIENTED_EDGE('',*,*,#7540,.F.);
#5765=ORIENTED_EDGE('',*,*,#7571,.F.);
#5766=ORIENTED_EDGE('',*,*,#7549,.F.);
#5767=ORIENTED_EDGE('',*,*,#7568,.F.);
#5768=ORIENTED_EDGE('',*,*,#7559,.F.);
#5769=ORIENTED_EDGE('',*,*,#7508,.F.);
#5770=ORIENTED_EDGE('',*,*,#7566,.F.);
#5771=ORIENTED_EDGE('',*,*,#7506,.F.);
#5772=ORIENTED_EDGE('',*,*,#7558,.F.);
#5773=ORIENTED_EDGE('',*,*,#7567,.F.);
#5774=ORIENTED_EDGE('',*,*,#7563,.F.);
#5775=ORIENTED_EDGE('',*,*,#7504,.F.);
#5776=ORIENTED_EDGE('',*,*,#7548,.F.);
#5777=ORIENTED_EDGE('',*,*,#7572,.F.);
#5778=ORIENTED_EDGE('',*,*,#7555,.F.);
#5779=VERTEX_POINT('',#11049);
#5780=VERTEX_POINT('',#11050);
#5781=VERTEX_POINT('',#11053);
#5782=VERTEX_POINT('',#11054);
#5783=VERTEX_POINT('',#11058);
#5784=VERTEX_POINT('',#11059);
#5785=VERTEX_POINT('',#11061);
#5786=VERTEX_POINT('',#11063);
#5787=VERTEX_POINT('',#11065);
#5788=VERTEX_POINT('',#11067);
#5789=VERTEX_POINT('',#11071);
#5790=VERTEX_POINT('',#11072);
#5791=VERTEX_POINT('',#11074);
#5792=VERTEX_POINT('',#11076);
#5793=VERTEX_POINT('',#11078);
#5794=VERTEX_POINT('',#11080);
#5795=VERTEX_POINT('',#11084);
#5796=VERTEX_POINT('',#11086);
#5797=VERTEX_POINT('',#11088);
#5798=VERTEX_POINT('',#11090);
#5799=VERTEX_POINT('',#11092);
#5800=VERTEX_POINT('',#11096);
#5801=VERTEX_POINT('',#11097);
#5802=VERTEX_POINT('',#11100);
#5803=VERTEX_POINT('',#11102);
#5804=VERTEX_POINT('',#11104);
#5805=VERTEX_POINT('',#11108);
#5806=VERTEX_POINT('',#11110);
#5807=VERTEX_POINT('',#11115);
#5808=VERTEX_POINT('',#11116);
#5809=VERTEX_POINT('',#11118);
#5810=VERTEX_POINT('',#11120);
#5811=VERTEX_POINT('',#11122);
#5812=VERTEX_POINT('',#11125);
#5813=VERTEX_POINT('',#11127);
#5814=VERTEX_POINT('',#11130);
#5815=VERTEX_POINT('',#11134);
#5816=VERTEX_POINT('',#11139);
#5817=VERTEX_POINT('',#11141);
#5818=VERTEX_POINT('',#11143);
#5819=VERTEX_POINT('',#11147);
#5820=VERTEX_POINT('',#11148);
#5821=VERTEX_POINT('',#11150);
#5822=VERTEX_POINT('',#11152);
#5823=VERTEX_POINT('',#11166);
#5824=VERTEX_POINT('',#11168);
#5825=VERTEX_POINT('',#11182);
#5826=VERTEX_POINT('',#11184);
#5827=VERTEX_POINT('',#11198);
#5828=VERTEX_POINT('',#11200);
#5829=VERTEX_POINT('',#11215);
#5830=VERTEX_POINT('',#11216);
#5831=VERTEX_POINT('',#11220);
#5832=VERTEX_POINT('',#11221);
#5833=VERTEX_POINT('',#11233);
#5834=VERTEX_POINT('',#11235);
#5835=VERTEX_POINT('',#11240);
#5836=VERTEX_POINT('',#11242);
#5837=VERTEX_POINT('',#11274);
#5838=VERTEX_POINT('',#11283);
#5839=VERTEX_POINT('',#11309);
#5840=VERTEX_POINT('',#11311);
#5841=VERTEX_POINT('',#11328);
#5842=VERTEX_POINT('',#11329);
#5843=VERTEX_POINT('',#11331);
#5844=VERTEX_POINT('',#11333);
#5845=VERTEX_POINT('',#11335);
#5846=VERTEX_POINT('',#11350);
#5847=VERTEX_POINT('',#11352);
#5848=VERTEX_POINT('',#11362);
#5849=VERTEX_POINT('',#11364);
#5850=VERTEX_POINT('',#11366);
#5851=VERTEX_POINT('',#11381);
#5852=VERTEX_POINT('',#11383);
#5853=VERTEX_POINT('',#11385);
#5854=VERTEX_POINT('',#11388);
#5855=VERTEX_POINT('',#11392);
#5856=VERTEX_POINT('',#11394);
#5857=VERTEX_POINT('',#11396);
#5858=VERTEX_POINT('',#11398);
#5859=VERTEX_POINT('',#11401);
#5860=VERTEX_POINT('',#11403);
#5861=VERTEX_POINT('',#11405);
#5862=VERTEX_POINT('',#11407);
#5863=VERTEX_POINT('',#11409);
#5864=VERTEX_POINT('',#11411);
#5865=VERTEX_POINT('',#11413);
#5866=VERTEX_POINT('',#11415);
#5867=VERTEX_POINT('',#11417);
#5868=VERTEX_POINT('',#11419);
#5869=VERTEX_POINT('',#11421);
#5870=VERTEX_POINT('',#11423);
#5871=VERTEX_POINT('',#11426);
#5872=VERTEX_POINT('',#11428);
#5873=VERTEX_POINT('',#11434);
#5874=VERTEX_POINT('',#11436);
#5875=VERTEX_POINT('',#11441);
#5876=VERTEX_POINT('',#11443);
#5877=VERTEX_POINT('',#11448);
#5878=VERTEX_POINT('',#11452);
#5879=VERTEX_POINT('',#11456);
#5880=VERTEX_POINT('',#11459);
#5881=VERTEX_POINT('',#11463);
#5882=VERTEX_POINT('',#11464);
#5883=VERTEX_POINT('',#11466);
#5884=VERTEX_POINT('',#11468);
#5885=VERTEX_POINT('',#11472);
#5886=VERTEX_POINT('',#11473);
#5887=VERTEX_POINT('',#11475);
#5888=VERTEX_POINT('',#11477);
#5889=VERTEX_POINT('',#11481);
#5890=VERTEX_POINT('',#11482);
#5891=VERTEX_POINT('',#11484);
#5892=VERTEX_POINT('',#11486);
#5893=VERTEX_POINT('',#11490);
#5894=VERTEX_POINT('',#11491);
#5895=VERTEX_POINT('',#11493);
#5896=VERTEX_POINT('',#11495);
#5897=VERTEX_POINT('',#11499);
#5898=VERTEX_POINT('',#11500);
#5899=VERTEX_POINT('',#11502);
#5900=VERTEX_POINT('',#11504);
#5901=VERTEX_POINT('',#11508);
#5902=VERTEX_POINT('',#11509);
#5903=VERTEX_POINT('',#11511);
#5904=VERTEX_POINT('',#11513);
#5905=VERTEX_POINT('',#11517);
#5906=VERTEX_POINT('',#11518);
#5907=VERTEX_POINT('',#11520);
#5908=VERTEX_POINT('',#11522);
#5909=VERTEX_POINT('',#11526);
#5910=VERTEX_POINT('',#11528);
#5911=VERTEX_POINT('',#11530);
#5912=VERTEX_POINT('',#11534);
#5913=VERTEX_POINT('',#11535);
#5914=VERTEX_POINT('',#11538);
#5915=VERTEX_POINT('',#11542);
#5916=VERTEX_POINT('',#11543);
#5917=VERTEX_POINT('',#11545);
#5918=VERTEX_POINT('',#11547);
#5919=VERTEX_POINT('',#11551);
#5920=VERTEX_POINT('',#11552);
#5921=VERTEX_POINT('',#11554);
#5922=VERTEX_POINT('',#11556);
#5923=VERTEX_POINT('',#11560);
#5924=VERTEX_POINT('',#11562);
#5925=VERTEX_POINT('',#11566);
#5926=VERTEX_POINT('',#11567);
#5927=VERTEX_POINT('',#11569);
#5928=VERTEX_POINT('',#11571);
#5929=VERTEX_POINT('',#11573);
#5930=VERTEX_POINT('',#11575);
#5931=VERTEX_POINT('',#11578);
#5932=VERTEX_POINT('',#11581);
#5933=VERTEX_POINT('',#11582);
#5934=VERTEX_POINT('',#11584);
#5935=VERTEX_POINT('',#11586);
#5936=VERTEX_POINT('',#11588);
#5937=VERTEX_POINT('',#11590);
#5938=VERTEX_POINT('',#11593);
#5939=VERTEX_POINT('',#11856);
#5940=VERTEX_POINT('',#11860);
#5941=VERTEX_POINT('',#11864);
#5942=VERTEX_POINT('',#11866);
#5943=VERTEX_POINT('',#11870);
#5944=VERTEX_POINT('',#11871);
#5945=VERTEX_POINT('',#11874);
#5946=VERTEX_POINT('',#11876);
#5947=VERTEX_POINT('',#11883);
#5948=VERTEX_POINT('',#11884);
#5949=VERTEX_POINT('',#11886);
#5950=VERTEX_POINT('',#11888);
#5951=VERTEX_POINT('',#11892);
#5952=VERTEX_POINT('',#11893);
#5953=VERTEX_POINT('',#11895);
#5954=VERTEX_POINT('',#11897);
#5955=VERTEX_POINT('',#11907);
#5956=VERTEX_POINT('',#11909);
#5957=VERTEX_POINT('',#11913);
#5958=VERTEX_POINT('',#11915);
#5959=VERTEX_POINT('',#11937);
#5960=VERTEX_POINT('',#11938);
#5961=VERTEX_POINT('',#11940);
#5962=VERTEX_POINT('',#11942);
#5963=VERTEX_POINT('',#11944);
#5964=VERTEX_POINT('',#11946);
#5965=VERTEX_POINT('',#11948);
#5966=VERTEX_POINT('',#11952);
#5967=VERTEX_POINT('',#11953);
#5968=VERTEX_POINT('',#11955);
#5969=VERTEX_POINT('',#11957);
#5970=VERTEX_POINT('',#11959);
#5971=VERTEX_POINT('',#11961);
#5972=VERTEX_POINT('',#11963);
#5973=VERTEX_POINT('',#11967);
#5974=VERTEX_POINT('',#11969);
#5975=VERTEX_POINT('',#11974);
#5976=VERTEX_POINT('',#11975);
#5977=VERTEX_POINT('',#11980);
#5978=VERTEX_POINT('',#11982);
#5979=VERTEX_POINT('',#11984);
#5980=VERTEX_POINT('',#11986);
#5981=VERTEX_POINT('',#11991);
#5982=VERTEX_POINT('',#11993);
#5983=VERTEX_POINT('',#11997);
#5984=VERTEX_POINT('',#11998);
#5985=VERTEX_POINT('',#12009);
#5986=VERTEX_POINT('',#12010);
#5987=VERTEX_POINT('',#12017);
#5988=VERTEX_POINT('',#12018);
#5989=VERTEX_POINT('',#12038);
#5990=VERTEX_POINT('',#12040);
#5991=VERTEX_POINT('',#12047);
#5992=VERTEX_POINT('',#12048);
#5993=VERTEX_POINT('',#12050);
#5994=VERTEX_POINT('',#12052);
#5995=VERTEX_POINT('',#12056);
#5996=VERTEX_POINT('',#12057);
#5997=VERTEX_POINT('',#12059);
#5998=VERTEX_POINT('',#12061);
#5999=VERTEX_POINT('',#12071);
#6000=VERTEX_POINT('',#12075);
#6001=VERTEX_POINT('',#12090);
#6002=VERTEX_POINT('',#12091);
#6003=VERTEX_POINT('',#12095);
#6004=VERTEX_POINT('',#12096);
#6005=VERTEX_POINT('',#12098);
#6006=VERTEX_POINT('',#12100);
#6007=VERTEX_POINT('',#12104);
#6008=VERTEX_POINT('',#12105);
#6009=VERTEX_POINT('',#12107);
#6010=VERTEX_POINT('',#12109);
#6011=VERTEX_POINT('',#12120);
#6012=VERTEX_POINT('',#12121);
#6013=VERTEX_POINT('',#12123);
#6014=VERTEX_POINT('',#12125);
#6015=VERTEX_POINT('',#12129);
#6016=VERTEX_POINT('',#12130);
#6017=VERTEX_POINT('',#12132);
#6018=VERTEX_POINT('',#12134);
#6019=VERTEX_POINT('',#12136);
#6020=VERTEX_POINT('',#12138);
#6021=VERTEX_POINT('',#12140);
#6022=VERTEX_POINT('',#12149);
#6023=VERTEX_POINT('',#12150);
#6024=VERTEX_POINT('',#12152);
#6025=VERTEX_POINT('',#12154);
#6026=VERTEX_POINT('',#12156);
#6027=VERTEX_POINT('',#12158);
#6028=VERTEX_POINT('',#12160);
#6029=VERTEX_POINT('',#12162);
#6030=VERTEX_POINT('',#12167);
#6031=VERTEX_POINT('',#12169);
#6032=VERTEX_POINT('',#12171);
#6033=VERTEX_POINT('',#12173);
#6034=VERTEX_POINT('',#12175);
#6035=VERTEX_POINT('',#12177);
#6036=VERTEX_POINT('',#12179);
#6037=VERTEX_POINT('',#12181);
#6038=VERTEX_POINT('',#12188);
#6039=VERTEX_POINT('',#12200);
#6040=VERTEX_POINT('',#12204);
#6041=VERTEX_POINT('',#12208);
#6042=VERTEX_POINT('',#12218);
#6043=VERTEX_POINT('',#12220);
#6044=VERTEX_POINT('',#12224);
#6045=VERTEX_POINT('',#12225);
#6046=VERTEX_POINT('',#12236);
#6047=VERTEX_POINT('',#12238);
#6048=VERTEX_POINT('',#12242);
#6049=VERTEX_POINT('',#12256);
#6050=VERTEX_POINT('',#12284);
#6051=VERTEX_POINT('',#12285);
#6052=VERTEX_POINT('',#12287);
#6053=VERTEX_POINT('',#12289);
#6054=VERTEX_POINT('',#12293);
#6055=VERTEX_POINT('',#12294);
#6056=VERTEX_POINT('',#12296);
#6057=VERTEX_POINT('',#12298);
#6058=VERTEX_POINT('',#12300);
#6059=VERTEX_POINT('',#12302);
#6060=VERTEX_POINT('',#12304);
#6061=VERTEX_POINT('',#12306);
#6062=VERTEX_POINT('',#12308);
#6063=VERTEX_POINT('',#12310);
#6064=VERTEX_POINT('',#12312);
#6065=VERTEX_POINT('',#12314);
#6066=VERTEX_POINT('',#12316);
#6067=VERTEX_POINT('',#12318);
#6068=VERTEX_POINT('',#12320);
#6069=VERTEX_POINT('',#12322);
#6070=VERTEX_POINT('',#12325);
#6071=VERTEX_POINT('',#12326);
#6072=VERTEX_POINT('',#12328);
#6073=VERTEX_POINT('',#12330);
#6074=VERTEX_POINT('',#12332);
#6075=VERTEX_POINT('',#12334);
#6076=VERTEX_POINT('',#12336);
#6077=VERTEX_POINT('',#12338);
#6078=VERTEX_POINT('',#12340);
#6079=VERTEX_POINT('',#12342);
#6080=VERTEX_POINT('',#12344);
#6081=VERTEX_POINT('',#12346);
#6082=VERTEX_POINT('',#12348);
#6083=VERTEX_POINT('',#12350);
#6084=VERTEX_POINT('',#12352);
#6085=VERTEX_POINT('',#12354);
#6086=VERTEX_POINT('',#12356);
#6087=VERTEX_POINT('',#12358);
#6088=VERTEX_POINT('',#12360);
#6089=VERTEX_POINT('',#12362);
#6090=VERTEX_POINT('',#12366);
#6091=VERTEX_POINT('',#12367);
#6092=VERTEX_POINT('',#12369);
#6093=VERTEX_POINT('',#12371);
#6094=VERTEX_POINT('',#12374);
#6095=VERTEX_POINT('',#12375);
#6096=VERTEX_POINT('',#12377);
#6097=VERTEX_POINT('',#12379);
#6098=VERTEX_POINT('',#12382);
#6099=VERTEX_POINT('',#12383);
#6100=VERTEX_POINT('',#12385);
#6101=VERTEX_POINT('',#12387);
#6102=VERTEX_POINT('',#12389);
#6103=VERTEX_POINT('',#12391);
#6104=VERTEX_POINT('',#12393);
#6105=VERTEX_POINT('',#12395);
#6106=VERTEX_POINT('',#12406);
#6107=VERTEX_POINT('',#12408);
#6108=VERTEX_POINT('',#12412);
#6109=VERTEX_POINT('',#12413);
#6110=VERTEX_POINT('',#12416);
#6111=VERTEX_POINT('',#12418);
#6112=VERTEX_POINT('',#12420);
#6113=VERTEX_POINT('',#12422);
#6114=VERTEX_POINT('',#12426);
#6115=VERTEX_POINT('',#12427);
#6116=VERTEX_POINT('',#12432);
#6117=VERTEX_POINT('',#12433);
#6118=VERTEX_POINT('',#12438);
#6119=VERTEX_POINT('',#12439);
#6120=VERTEX_POINT('',#12444);
#6121=VERTEX_POINT('',#12445);
#6122=VERTEX_POINT('',#12450);
#6123=VERTEX_POINT('',#12451);
#6124=VERTEX_POINT('',#12456);
#6125=VERTEX_POINT('',#12457);
#6126=VERTEX_POINT('',#12460);
#6127=VERTEX_POINT('',#12463);
#6128=VERTEX_POINT('',#12467);
#6129=VERTEX_POINT('',#12468);
#6130=VERTEX_POINT('',#12473);
#6131=VERTEX_POINT('',#12474);
#6132=VERTEX_POINT('',#12479);
#6133=VERTEX_POINT('',#12480);
#6134=VERTEX_POINT('',#12485);
#6135=VERTEX_POINT('',#12486);
#6136=VERTEX_POINT('',#12491);
#6137=VERTEX_POINT('',#12492);
#6138=VERTEX_POINT('',#12497);
#6139=VERTEX_POINT('',#12498);
#6140=VERTEX_POINT('',#12501);
#6141=VERTEX_POINT('',#12503);
#6142=VERTEX_POINT('',#12505);
#6143=VERTEX_POINT('',#12507);
#6144=VERTEX_POINT('',#12521);
#6145=VERTEX_POINT('',#12523);
#6146=VERTEX_POINT('',#12524);
#6147=VERTEX_POINT('',#12526);
#6148=VERTEX_POINT('',#12528);
#6149=VERTEX_POINT('',#12530);
#6150=VERTEX_POINT('',#12532);
#6151=VERTEX_POINT('',#12534);
#6152=VERTEX_POINT('',#12536);
#6153=VERTEX_POINT('',#12538);
#6154=VERTEX_POINT('',#12540);
#6155=VERTEX_POINT('',#12576);
#6156=VERTEX_POINT('',#12580);
#6157=VERTEX_POINT('',#12582);
#6158=VERTEX_POINT('',#12586);
#6159=VERTEX_POINT('',#12588);
#6160=VERTEX_POINT('',#12592);
#6161=VERTEX_POINT('',#12593);
#6162=VERTEX_POINT('',#12595);
#6163=VERTEX_POINT('',#12597);
#6164=VERTEX_POINT('',#12599);
#6165=VERTEX_POINT('',#12601);
#6166=VERTEX_POINT('',#12603);
#6167=VERTEX_POINT('',#12605);
#6168=VERTEX_POINT('',#12608);
#6169=VERTEX_POINT('',#12609);
#6170=VERTEX_POINT('',#12611);
#6171=VERTEX_POINT('',#12613);
#6172=VERTEX_POINT('',#12615);
#6173=VERTEX_POINT('',#12617);
#6174=VERTEX_POINT('',#12619);
#6175=VERTEX_POINT('',#12621);
#6176=VERTEX_POINT('',#12625);
#6177=VERTEX_POINT('',#12627);
#6178=VERTEX_POINT('',#12631);
#6179=VERTEX_POINT('',#12633);
#6180=VERTEX_POINT('',#12637);
#6181=VERTEX_POINT('',#12638);
#6182=VERTEX_POINT('',#12640);
#6183=VERTEX_POINT('',#12642);
#6184=VERTEX_POINT('',#12644);
#6185=VERTEX_POINT('',#12646);
#6186=VERTEX_POINT('',#12648);
#6187=VERTEX_POINT('',#12650);
#6188=VERTEX_POINT('',#12662);
#6189=VERTEX_POINT('',#12664);
#6190=VERTEX_POINT('',#12668);
#6191=VERTEX_POINT('',#12672);
#6192=VERTEX_POINT('',#12676);
#6193=VERTEX_POINT('',#12680);
#6194=VERTEX_POINT('',#12684);
#6195=VERTEX_POINT('',#12688);
#6196=VERTEX_POINT('',#12694);
#6197=VERTEX_POINT('',#12696);
#6198=VERTEX_POINT('',#12700);
#6199=VERTEX_POINT('',#12704);
#6200=VERTEX_POINT('',#12708);
#6201=VERTEX_POINT('',#12712);
#6202=VERTEX_POINT('',#12716);
#6203=VERTEX_POINT('',#12720);
#6204=VERTEX_POINT('',#12758);
#6205=VERTEX_POINT('',#12759);
#6206=VERTEX_POINT('',#12761);
#6207=VERTEX_POINT('',#12763);
#6208=VERTEX_POINT('',#12768);
#6209=VERTEX_POINT('',#12770);
#6210=VERTEX_POINT('',#12772);
#6211=VERTEX_POINT('',#12774);
#6212=VERTEX_POINT('',#12776);
#6213=VERTEX_POINT('',#12778);
#6214=VERTEX_POINT('',#12780);
#6215=VERTEX_POINT('',#12782);
#6216=VERTEX_POINT('',#12784);
#6217=VERTEX_POINT('',#12786);
#6218=VERTEX_POINT('',#12788);
#6219=VERTEX_POINT('',#12793);
#6220=VERTEX_POINT('',#12794);
#6221=VERTEX_POINT('',#12796);
#6222=VERTEX_POINT('',#12798);
#6223=VERTEX_POINT('',#12802);
#6224=VERTEX_POINT('',#12803);
#6225=VERTEX_POINT('',#12805);
#6226=VERTEX_POINT('',#12807);
#6227=VERTEX_POINT('',#12809);
#6228=VERTEX_POINT('',#12811);
#6229=VERTEX_POINT('',#12815);
#6230=VERTEX_POINT('',#12816);
#6231=VERTEX_POINT('',#12818);
#6232=VERTEX_POINT('',#12820);
#6233=VERTEX_POINT('',#12822);
#6234=VERTEX_POINT('',#12824);
#6235=VERTEX_POINT('',#12828);
#6236=VERTEX_POINT('',#12830);
#6237=VERTEX_POINT('',#12834);
#6238=VERTEX_POINT('',#12835);
#6239=VERTEX_POINT('',#12843);
#6240=VERTEX_POINT('',#12847);
#6241=VERTEX_POINT('',#12848);
#6242=VERTEX_POINT('',#12850);
#6243=VERTEX_POINT('',#12852);
#6244=VERTEX_POINT('',#12856);
#6245=VERTEX_POINT('',#12858);
#6246=VERTEX_POINT('',#12862);
#6247=VERTEX_POINT('',#12864);
#6248=VERTEX_POINT('',#12871);
#6249=VERTEX_POINT('',#12872);
#6250=VERTEX_POINT('',#12874);
#6251=VERTEX_POINT('',#12876);
#6252=VERTEX_POINT('',#12878);
#6253=VERTEX_POINT('',#12880);
#6254=VERTEX_POINT('',#12882);
#6255=VERTEX_POINT('',#12884);
#6256=VERTEX_POINT('',#12886);
#6257=VERTEX_POINT('',#12888);
#6258=VERTEX_POINT('',#12890);
#6259=VERTEX_POINT('',#12892);
#6260=VERTEX_POINT('',#12894);
#6261=VERTEX_POINT('',#12896);
#6262=VERTEX_POINT('',#12898);
#6263=VERTEX_POINT('',#12901);
#6264=VERTEX_POINT('',#12903);
#6265=VERTEX_POINT('',#12905);
#6266=VERTEX_POINT('',#12907);
#6267=VERTEX_POINT('',#12909);
#6268=VERTEX_POINT('',#12911);
#6269=VERTEX_POINT('',#12913);
#6270=VERTEX_POINT('',#12915);
#6271=VERTEX_POINT('',#12917);
#6272=VERTEX_POINT('',#12921);
#6273=VERTEX_POINT('',#12923);
#6274=VERTEX_POINT('',#12925);
#6275=VERTEX_POINT('',#12927);
#6276=VERTEX_POINT('',#12929);
#6277=VERTEX_POINT('',#12935);
#6278=VERTEX_POINT('',#12936);
#6279=VERTEX_POINT('',#12938);
#6280=VERTEX_POINT('',#12940);
#6281=VERTEX_POINT('',#12942);
#6282=VERTEX_POINT('',#12944);
#6283=VERTEX_POINT('',#12947);
#6284=VERTEX_POINT('',#12950);
#6285=VERTEX_POINT('',#12952);
#6286=VERTEX_POINT('',#12959);
#6287=VERTEX_POINT('',#12970);
#6288=VERTEX_POINT('',#12974);
#6289=VERTEX_POINT('',#12975);
#6290=VERTEX_POINT('',#12979);
#6291=VERTEX_POINT('',#12982);
#6292=VERTEX_POINT('',#12984);
#6293=VERTEX_POINT('',#12988);
#6294=VERTEX_POINT('',#12989);
#6295=VERTEX_POINT('',#12992);
#6296=VERTEX_POINT('',#12995);
#6297=VERTEX_POINT('',#12997);
#6298=VERTEX_POINT('',#13001);
#6299=VERTEX_POINT('',#13003);
#6300=VERTEX_POINT('',#13007);
#6301=VERTEX_POINT('',#13009);
#6302=VERTEX_POINT('',#13011);
#6303=VERTEX_POINT('',#13016);
#6304=VERTEX_POINT('',#13019);
#6305=VERTEX_POINT('',#13025);
#6306=VERTEX_POINT('',#13027);
#6307=VERTEX_POINT('',#13029);
#6308=VERTEX_POINT('',#13031);
#6309=VERTEX_POINT('',#13037);
#6310=VERTEX_POINT('',#13038);
#6311=VERTEX_POINT('',#13043);
#6312=VERTEX_POINT('',#13045);
#6313=VERTEX_POINT('',#13048);
#6314=VERTEX_POINT('',#13050);
#6315=VERTEX_POINT('',#13053);
#6316=VERTEX_POINT('',#13056);
#6317=VERTEX_POINT('',#13064);
#6318=VERTEX_POINT('',#13066);
#6319=VERTEX_POINT('',#13105);
#6320=VERTEX_POINT('',#13110);
#6321=VERTEX_POINT('',#13115);
#6322=VERTEX_POINT('',#13116);
#6323=VERTEX_POINT('',#13118);
#6324=VERTEX_POINT('',#13120);
#6325=VERTEX_POINT('',#13123);
#6326=VERTEX_POINT('',#13125);
#6327=VERTEX_POINT('',#13126);
#6328=VERTEX_POINT('',#13128);
#6329=VERTEX_POINT('',#13130);
#6330=VERTEX_POINT('',#13132);
#6331=VERTEX_POINT('',#13134);
#6332=VERTEX_POINT('',#13136);
#6333=VERTEX_POINT('',#13138);
#6334=VERTEX_POINT('',#13141);
#6335=VERTEX_POINT('',#13143);
#6336=VERTEX_POINT('',#13148);
#6337=VERTEX_POINT('',#13149);
#6338=VERTEX_POINT('',#13151);
#6339=VERTEX_POINT('',#13153);
#6340=VERTEX_POINT('',#13157);
#6341=VERTEX_POINT('',#13158);
#6342=VERTEX_POINT('',#13163);
#6343=VERTEX_POINT('',#13165);
#6344=VERTEX_POINT('',#13191);
#6345=VERTEX_POINT('',#13193);
#6346=VERTEX_POINT('',#13195);
#6347=VERTEX_POINT('',#13197);
#6348=VERTEX_POINT('',#13201);
#6349=VERTEX_POINT('',#13205);
#6350=VERTEX_POINT('',#13209);
#6351=VERTEX_POINT('',#13213);
#6352=VERTEX_POINT('',#13222);
#6353=VERTEX_POINT('',#13226);
#6354=VERTEX_POINT('',#13228);
#6355=VERTEX_POINT('',#13232);
#6356=VERTEX_POINT('',#13234);
#6357=VERTEX_POINT('',#13238);
#6358=VERTEX_POINT('',#13242);
#6359=VERTEX_POINT('',#13248);
#6360=VERTEX_POINT('',#13249);
#6361=VERTEX_POINT('',#13251);
#6362=VERTEX_POINT('',#13253);
#6363=VERTEX_POINT('',#13257);
#6364=VERTEX_POINT('',#13258);
#6365=VERTEX_POINT('',#13260);
#6366=VERTEX_POINT('',#13262);
#6367=VERTEX_POINT('',#13266);
#6368=VERTEX_POINT('',#13268);
#6369=VERTEX_POINT('',#13272);
#6370=VERTEX_POINT('',#13274);
#6371=VERTEX_POINT('',#13278);
#6372=VERTEX_POINT('',#13280);
#6373=VERTEX_POINT('',#13285);
#6374=VERTEX_POINT('',#13289);
#6375=VERTEX_POINT('',#13293);
#6376=VERTEX_POINT('',#13295);
#6377=VERTEX_POINT('',#13297);
#6378=VERTEX_POINT('',#13299);
#6379=VERTEX_POINT('',#13303);
#6380=VERTEX_POINT('',#13305);
#6381=VERTEX_POINT('',#13307);
#6382=VERTEX_POINT('',#13309);
#6383=VERTEX_POINT('',#13329);
#6384=VERTEX_POINT('',#13333);
#6385=VERTEX_POINT('',#13336);
#6386=VERTEX_POINT('',#13338);
#6387=VERTEX_POINT('',#13341);
#6388=VERTEX_POINT('',#13344);
#6389=VERTEX_POINT('',#13345);
#6390=VERTEX_POINT('',#13347);
#6391=VERTEX_POINT('',#13349);
#6392=VERTEX_POINT('',#13351);
#6393=VERTEX_POINT('',#13353);
#6394=VERTEX_POINT('',#13357);
#6395=VERTEX_POINT('',#13359);
#6396=VERTEX_POINT('',#13363);
#6397=VERTEX_POINT('',#13367);
#6398=VERTEX_POINT('',#13371);
#6399=VERTEX_POINT('',#13375);
#6400=VERTEX_POINT('',#13381);
#6401=VERTEX_POINT('',#13385);
#6402=VERTEX_POINT('',#13392);
#6403=VERTEX_POINT('',#13394);
#6404=VERTEX_POINT('',#13398);
#6405=VERTEX_POINT('',#13402);
#6406=VERTEX_POINT('',#13406);
#6407=VERTEX_POINT('',#13407);
#6408=VERTEX_POINT('',#13412);
#6409=VERTEX_POINT('',#13413);
#6410=VERTEX_POINT('',#13418);
#6411=VERTEX_POINT('',#13420);
#6412=VERTEX_POINT('',#13424);
#6413=VERTEX_POINT('',#13425);
#6414=VERTEX_POINT('',#13430);
#6415=VERTEX_POINT('',#13431);
#6416=VERTEX_POINT('',#13434);
#6417=VERTEX_POINT('',#13436);
#6418=VERTEX_POINT('',#13438);
#6419=VERTEX_POINT('',#13440);
#6420=VERTEX_POINT('',#13444);
#6421=VERTEX_POINT('',#13445);
#6422=VERTEX_POINT('',#13447);
#6423=VERTEX_POINT('',#13449);
#6424=VERTEX_POINT('',#13453);
#6425=VERTEX_POINT('',#13455);
#6426=VERTEX_POINT('',#13457);
#6427=VERTEX_POINT('',#13459);
#6428=VERTEX_POINT('',#13461);
#6429=VERTEX_POINT('',#13463);
#6430=VERTEX_POINT('',#13467);
#6431=VERTEX_POINT('',#13469);
#6432=VERTEX_POINT('',#13473);
#6433=VERTEX_POINT('',#13474);
#6434=VERTEX_POINT('',#13476);
#6435=VERTEX_POINT('',#13478);
#6436=VERTEX_POINT('',#13480);
#6437=VERTEX_POINT('',#13482);
#6438=VERTEX_POINT('',#13484);
#6439=VERTEX_POINT('',#13486);
#6440=VERTEX_POINT('',#13488);
#6441=VERTEX_POINT('',#13490);
#6442=VERTEX_POINT('',#13492);
#6443=VERTEX_POINT('',#13494);
#6444=VERTEX_POINT('',#13496);
#6445=VERTEX_POINT('',#13498);
#6446=VERTEX_POINT('',#13500);
#6447=VERTEX_POINT('',#13502);
#6448=VERTEX_POINT('',#13507);
#6449=VERTEX_POINT('',#13509);
#6450=VERTEX_POINT('',#13515);
#6451=VERTEX_POINT('',#13516);
#6452=VERTEX_POINT('',#13521);
#6453=VERTEX_POINT('',#13525);
#6454=VERTEX_POINT('',#13535);
#6455=VERTEX_POINT('',#13538);
#6456=VERTEX_POINT('',#13542);
#6457=VERTEX_POINT('',#13545);
#6458=VERTEX_POINT('',#13549);
#6459=VERTEX_POINT('',#13552);
#6460=VERTEX_POINT('',#13556);
#6461=VERTEX_POINT('',#13559);
#6462=VERTEX_POINT('',#13563);
#6463=VERTEX_POINT('',#13566);
#6464=VERTEX_POINT('',#13570);
#6465=VERTEX_POINT('',#13573);
#6466=VERTEX_POINT('',#13577);
#6467=VERTEX_POINT('',#13580);
#6468=VERTEX_POINT('',#13584);
#6469=VERTEX_POINT('',#13587);
#6470=EDGE_CURVE('',#5779,#5780,#7575,.T.);
#6471=EDGE_CURVE('',#5780,#5779,#7576,.T.);
#6472=EDGE_CURVE('',#5781,#5782,#7577,.T.);
#6473=EDGE_CURVE('',#5782,#5781,#7578,.T.);
#6474=EDGE_CURVE('',#5783,#5784,#7579,.T.);
#6475=EDGE_CURVE('',#5785,#5783,#1001,.T.);
#6476=EDGE_CURVE('',#5785,#5786,#1002,.T.);
#6477=EDGE_CURVE('',#5787,#5786,#1003,.T.);
#6478=EDGE_CURVE('',#5787,#5788,#7580,.T.);
#6479=EDGE_CURVE('',#5788,#5784,#1004,.T.);
#6480=EDGE_CURVE('',#5789,#5790,#1005,.T.);
#6481=EDGE_CURVE('',#5791,#5789,#7581,.T.);
#6482=EDGE_CURVE('',#5791,#5792,#1006,.T.);
#6483=EDGE_CURVE('',#5792,#5793,#7582,.T.);
#6484=EDGE_CURVE('',#5793,#5794,#1007,.T.);
#6485=EDGE_CURVE('',#5794,#5790,#1008,.T.);
#6486=EDGE_CURVE('',#5793,#5795,#1009,.T.);
#6487=EDGE_CURVE('',#5795,#5796,#1010,.T.);
#6488=EDGE_CURVE('',#5797,#5796,#1011,.T.);
#6489=EDGE_CURVE('',#5797,#5798,#1012,.T.);
#6490=EDGE_CURVE('',#5799,#5798,#1013,.T.);
#6491=EDGE_CURVE('',#5799,#5794,#7583,.T.);
#6492=EDGE_CURVE('',#5800,#5801,#1014,.T.);
#6493=EDGE_CURVE('',#5800,#5787,#1015,.T.);
#6494=EDGE_CURVE('',#5786,#5802,#7584,.T.);
#6495=EDGE_CURVE('',#5802,#5803,#1016,.T.);
#6496=EDGE_CURVE('',#5803,#5804,#1017,.T.);
#6497=EDGE_CURVE('',#5804,#5801,#1018,.T.);
#6498=EDGE_CURVE('',#5798,#5805,#7585,.T.);
#6499=EDGE_CURVE('',#5805,#5806,#1019,.T.);
#6500=EDGE_CURVE('',#5806,#5803,#7586,.T.);
#6501=EDGE_CURVE('',#5802,#5799,#1020,.T.);
#6502=EDGE_CURVE('',#5807,#5808,#1021,.T.);
#6503=EDGE_CURVE('',#5807,#5809,#1022,.T.);
#6504=EDGE_CURVE('',#5810,#5809,#1023,.T.);
#6505=EDGE_CURVE('',#5811,#5810,#1024,.T.);
#6506=EDGE_CURVE('',#5811,#5792,#1025,.T.);
#6507=EDGE_CURVE('',#5791,#5812,#1026,.T.);
#6508=EDGE_CURVE('',#5812,#5813,#1027,.T.);
#6509=EDGE_CURVE('',#5813,#5784,#1028,.T.);
#6510=EDGE_CURVE('',#5788,#5814,#1029,.T.);
#6511=EDGE_CURVE('',#5808,#5814,#1030,.T.);
#6512=EDGE_CURVE('',#5808,#5815,#1031,.T.);
#6513=EDGE_CURVE('',#5814,#5800,#7587,.T.);
#6514=EDGE_CURVE('',#5801,#5796,#1032,.T.);
#6515=EDGE_CURVE('',#5795,#5811,#7588,.T.);
#6516=EDGE_CURVE('',#5816,#5810,#1033,.T.);
#6517=EDGE_CURVE('',#5816,#5817,#1034,.T.);
#6518=EDGE_CURVE('',#5818,#5817,#1035,.T.);
#6519=EDGE_CURVE('',#5815,#5818,#1036,.T.);
#6520=EDGE_CURVE('',#5819,#5820,#1037,.T.);
#6521=EDGE_CURVE('',#5819,#5821,#1038,.T.);
#6522=EDGE_CURVE('',#5822,#5821,#1039,.T.);
#6523=EDGE_CURVE('',#5823,#5822,#563,.T.);
#6524=EDGE_CURVE('',#5824,#5823,#1040,.T.);
#6525=EDGE_CURVE('',#5825,#5824,#564,.T.);
#6526=EDGE_CURVE('',#5826,#5825,#1041,.T.);
#6527=EDGE_CURVE('',#5827,#5826,#565,.T.);
#6528=EDGE_CURVE('',#5828,#5827,#1042,.T.);
#6529=EDGE_CURVE('',#5820,#5828,#566,.T.);
#6530=EDGE_CURVE('',#5829,#5830,#7589,.T.);
#6531=EDGE_CURVE('',#5830,#5829,#7590,.T.);
#6532=EDGE_CURVE('',#5831,#5832,#1043,.T.);
#6533=EDGE_CURVE('',#5831,#5797,#7591,.T.);
#6534=EDGE_CURVE('',#5804,#5832,#7592,.T.);
#6535=EDGE_CURVE('',#5805,#5831,#1044,.T.);
#6536=EDGE_CURVE('',#5832,#5806,#1045,.T.);
#6537=EDGE_CURVE('',#5829,#5780,#1046,.T.);
#6538=EDGE_CURVE('',#5779,#5830,#1047,.T.);
#6539=EDGE_CURVE('',#5790,#5833,#7593,.T.);
#6540=EDGE_CURVE('',#5834,#5785,#7594,.T.);
#6541=EDGE_CURVE('',#5835,#5834,#567,.T.);
#6542=EDGE_CURVE('',#5836,#5835,#1048,.T.);
#6543=EDGE_CURVE('',#5837,#5836,#568,.T.);
#6544=EDGE_CURVE('',#5821,#5837,#569,.T.);
#6545=EDGE_CURVE('',#5838,#5819,#570,.T.);
#6546=EDGE_CURVE('',#5839,#5838,#571,.T.);
#6547=EDGE_CURVE('',#5840,#5839,#1049,.T.);
#6548=EDGE_CURVE('',#5833,#5840,#572,.T.);
#6549=EDGE_CURVE('',#5841,#5842,#573,.T.);
#6550=EDGE_CURVE('',#5843,#5841,#348,.T.);
#6551=EDGE_CURVE('',#5843,#5844,#7595,.T.);
#6552=EDGE_CURVE('',#5845,#5844,#349,.T.);
#6553=EDGE_CURVE('',#5845,#5842,#7596,.T.);
#6554=EDGE_CURVE('',#5842,#5846,#1050,.T.);
#6555=EDGE_CURVE('',#5847,#5845,#1051,.T.);
#6556=EDGE_CURVE('',#5847,#5846,#7597,.T.);
#6557=EDGE_CURVE('',#5846,#5848,#574,.T.);
#6558=EDGE_CURVE('',#5849,#5847,#350,.T.);
#6559=EDGE_CURVE('',#5849,#5850,#7598,.T.);
#6560=EDGE_CURVE('',#5850,#5848,#351,.T.);
#6561=EDGE_CURVE('',#5851,#5840,#7599,.T.);
#6562=EDGE_CURVE('',#5852,#5839,#352,.T.);
#6563=EDGE_CURVE('',#5852,#5853,#1052,.T.);
#6564=EDGE_CURVE('',#5853,#5836,#353,.T.);
#6565=EDGE_CURVE('',#5835,#5854,#7600,.T.);
#6566=EDGE_CURVE('',#5851,#5854,#1053,.T.);
#6567=EDGE_CURVE('',#5855,#5813,#7601,.T.);
#6568=EDGE_CURVE('',#5812,#5856,#7602,.T.);
#6569=EDGE_CURVE('',#5857,#5856,#1054,.T.);
#6570=EDGE_CURVE('',#5858,#5857,#7603,.T.);
#6571=EDGE_CURVE('',#5848,#5858,#1055,.T.);
#6572=EDGE_CURVE('',#5850,#5859,#1056,.T.);
#6573=EDGE_CURVE('',#5860,#5859,#354,.T.);
#6574=EDGE_CURVE('',#5860,#5861,#1057,.T.);
#6575=EDGE_CURVE('',#5862,#5861,#7604,.T.);
#6576=EDGE_CURVE('',#5862,#5863,#1058,.T.);
#6577=EDGE_CURVE('',#5864,#5863,#355,.T.);
#6578=EDGE_CURVE('',#5864,#5865,#1059,.T.);
#6579=EDGE_CURVE('',#5866,#5865,#356,.T.);
#6580=EDGE_CURVE('',#5866,#5867,#1060,.T.);
#6581=EDGE_CURVE('',#5868,#5867,#7605,.T.);
#6582=EDGE_CURVE('',#5868,#5869,#1061,.T.);
#6583=EDGE_CURVE('',#5869,#5870,#357,.T.);
#6584=EDGE_CURVE('',#5870,#5843,#1062,.T.);
#6585=EDGE_CURVE('',#5871,#5841,#1063,.T.);
#6586=EDGE_CURVE('',#5872,#5871,#7606,.T.);
#6587=EDGE_CURVE('',#5855,#5872,#1064,.T.);
#6588=EDGE_CURVE('',#5783,#5855,#1065,.T.);
#6589=EDGE_CURVE('',#5873,#5872,#1066,.T.);
#6590=EDGE_CURVE('',#5874,#5873,#1067,.T.);
#6591=EDGE_CURVE('',#5874,#5834,#1068,.T.);
#6592=EDGE_CURVE('',#5856,#5789,#1069,.T.);
#6593=EDGE_CURVE('',#5833,#5875,#1070,.T.);
#6594=EDGE_CURVE('',#5876,#5875,#1071,.T.);
#6595=EDGE_CURVE('',#5857,#5876,#1072,.T.);
#6596=EDGE_CURVE('',#5877,#5874,#7607,.T.);
#6597=EDGE_CURVE('',#5854,#5877,#1073,.T.);
#6598=EDGE_CURVE('',#5878,#5851,#1074,.T.);
#6599=EDGE_CURVE('',#5875,#5878,#7608,.T.);
#6600=EDGE_CURVE('',#5879,#5877,#1075,.T.);
#6601=EDGE_CURVE('',#5871,#5879,#1076,.T.);
#6602=EDGE_CURVE('',#5880,#5858,#1077,.T.);
#6603=EDGE_CURVE('',#5878,#5880,#1078,.T.);
#6604=EDGE_CURVE('',#5881,#5882,#1079,.T.);
#6605=EDGE_CURVE('',#5882,#5883,#1080,.T.);
#6606=EDGE_CURVE('',#5883,#5884,#1081,.T.);
#6607=EDGE_CURVE('',#5884,#5881,#1082,.T.);
#6608=EDGE_CURVE('',#5885,#5886,#1083,.T.);
#6609=EDGE_CURVE('',#5886,#5887,#1084,.T.);
#6610=EDGE_CURVE('',#5887,#5888,#1085,.T.);
#6611=EDGE_CURVE('',#5888,#5885,#1086,.T.);
#6612=EDGE_CURVE('',#5889,#5890,#1087,.T.);
#6613=EDGE_CURVE('',#5890,#5891,#1088,.T.);
#6614=EDGE_CURVE('',#5891,#5892,#1089,.T.);
#6615=EDGE_CURVE('',#5892,#5889,#1090,.T.);
#6616=EDGE_CURVE('',#5893,#5894,#1091,.T.);
#6617=EDGE_CURVE('',#5894,#5895,#1092,.T.);
#6618=EDGE_CURVE('',#5895,#5896,#1093,.T.);
#6619=EDGE_CURVE('',#5896,#5893,#1094,.T.);
#6620=EDGE_CURVE('',#5897,#5898,#1095,.T.);
#6621=EDGE_CURVE('',#5898,#5899,#1096,.T.);
#6622=EDGE_CURVE('',#5899,#5900,#1097,.T.);
#6623=EDGE_CURVE('',#5900,#5897,#1098,.T.);
#6624=EDGE_CURVE('',#5901,#5902,#1099,.T.);
#6625=EDGE_CURVE('',#5902,#5903,#1100,.T.);
#6626=EDGE_CURVE('',#5903,#5904,#1101,.T.);
#6627=EDGE_CURVE('',#5904,#5901,#1102,.T.);
#6628=EDGE_CURVE('',#5905,#5906,#1103,.T.);
#6629=EDGE_CURVE('',#5906,#5907,#1104,.T.);
#6630=EDGE_CURVE('',#5907,#5908,#1105,.T.);
#6631=EDGE_CURVE('',#5908,#5905,#1106,.T.);
#6632=EDGE_CURVE('',#5849,#5909,#1107,.T.);
#6633=EDGE_CURVE('',#5909,#5910,#1108,.T.);
#6634=EDGE_CURVE('',#5910,#5911,#1109,.T.);
#6635=EDGE_CURVE('',#5911,#5849,#1110,.T.);
#6636=EDGE_CURVE('',#5912,#5913,#1111,.T.);
#6637=EDGE_CURVE('',#5913,#5844,#1112,.T.);
#6638=EDGE_CURVE('',#5844,#5914,#1113,.T.);
#6639=EDGE_CURVE('',#5914,#5912,#1114,.T.);
#6640=EDGE_CURVE('',#5915,#5916,#1115,.T.);
#6641=EDGE_CURVE('',#5916,#5917,#1116,.T.);
#6642=EDGE_CURVE('',#5917,#5918,#1117,.T.);
#6643=EDGE_CURVE('',#5918,#5915,#1118,.T.);
#6644=EDGE_CURVE('',#5919,#5920,#1119,.T.);
#6645=EDGE_CURVE('',#5920,#5921,#1120,.T.);
#6646=EDGE_CURVE('',#5921,#5922,#1121,.T.);
#6647=EDGE_CURVE('',#5922,#5919,#1122,.T.);
#6648=EDGE_CURVE('',#5845,#5923,#1123,.T.);
#6649=EDGE_CURVE('',#5923,#5924,#1124,.T.);
#6650=EDGE_CURVE('',#5924,#5847,#1125,.T.);
#6651=EDGE_CURVE('',#5925,#5926,#1126,.T.);
#6652=EDGE_CURVE('',#5926,#5927,#1127,.T.);
#6653=EDGE_CURVE('',#5927,#5928,#1128,.T.);
#6654=EDGE_CURVE('',#5928,#5929,#1129,.T.);
#6655=EDGE_CURVE('',#5929,#5930,#1130,.T.);
#6656=EDGE_CURVE('',#5930,#5925,#1131,.T.);
#6657=EDGE_CURVE('',#5931,#5931,#7609,.T.);
#6658=EDGE_CURVE('',#5932,#5933,#1132,.T.);
#6659=EDGE_CURVE('',#5933,#5934,#1133,.T.);
#6660=EDGE_CURVE('',#5934,#5935,#1134,.T.);
#6661=EDGE_CURVE('',#5935,#5936,#1135,.T.);
#6662=EDGE_CURVE('',#5936,#5937,#1136,.T.);
#6663=EDGE_CURVE('',#5937,#5932,#1137,.T.);
#6664=EDGE_CURVE('',#5938,#5938,#7610,.T.);
#6665=EDGE_CURVE('',#5862,#5861,#575,.T.);
#6666=EDGE_CURVE('',#5905,#5860,#7611,.T.);
#6667=EDGE_CURVE('',#5863,#5908,#7612,.T.);
#6668=EDGE_CURVE('',#5911,#5859,#7613,.T.);
#6669=EDGE_CURVE('',#5905,#5911,#358,.T.);
#6670=EDGE_CURVE('',#5919,#5908,#359,.T.);
#6671=EDGE_CURVE('',#5864,#5919,#7614,.T.);
#6672=EDGE_CURVE('',#5906,#5910,#7615,.T.);
#6673=EDGE_CURVE('',#5907,#5929,#7616,.T.);
#6674=EDGE_CURVE('',#5930,#5906,#7617,.T.);
#6675=EDGE_CURVE('',#5920,#5907,#7618,.T.);
#6676=EDGE_CURVE('',#5865,#5922,#7619,.T.);
#6677=EDGE_CURVE('',#5930,#5910,#7620,.T.);
#6678=EDGE_CURVE('',#5920,#5929,#7621,.T.);
#6679=EDGE_CURVE('',#5915,#5922,#360,.T.);
#6680=EDGE_CURVE('',#5866,#5915,#7622,.T.);
#6681=EDGE_CURVE('',#5909,#5924,#7623,.T.);
#6682=EDGE_CURVE('',#5925,#5909,#7624,.T.);
#6683=EDGE_CURVE('',#5921,#5928,#7625,.T.);
#6684=EDGE_CURVE('',#5916,#5921,#7626,.T.);
#6685=EDGE_CURVE('',#5868,#5867,#576,.T.);
#6686=EDGE_CURVE('',#5869,#5918,#7627,.T.);
#6687=EDGE_CURVE('',#5914,#5870,#7628,.T.);
#6688=EDGE_CURVE('',#5925,#5924,#7629,.T.);
#6689=EDGE_CURVE('',#5916,#5928,#7630,.T.);
#6690=EDGE_CURVE('',#5914,#5918,#361,.T.);
#6691=EDGE_CURVE('',#5923,#5913,#7631,.T.);
#6692=EDGE_CURVE('',#5926,#5923,#7632,.T.);
#6693=EDGE_CURVE('',#5917,#5927,#7633,.T.);
#6694=EDGE_CURVE('',#5912,#5917,#7634,.T.);
#6695=EDGE_CURVE('',#5926,#5913,#7635,.T.);
#6696=EDGE_CURVE('',#5912,#5927,#7636,.T.);
#6697=EDGE_CURVE('',#5933,#5900,#7637,.T.);
#6698=EDGE_CURVE('',#5897,#5932,#7638,.T.);
#6699=EDGE_CURVE('',#5933,#5902,#7639,.T.);
#6700=EDGE_CURVE('',#5902,#5900,#7640,.T.);
#6701=EDGE_CURVE('',#5897,#5896,#7641,.T.);
#6702=EDGE_CURVE('',#5896,#5932,#7642,.T.);
#6703=EDGE_CURVE('',#5903,#5899,#362,.T.);
#6704=EDGE_CURVE('',#5934,#5901,#7643,.T.);
#6705=EDGE_CURVE('',#5893,#5937,#7644,.T.);
#6706=EDGE_CURVE('',#5898,#5895,#363,.T.);
#6707=EDGE_CURVE('',#5899,#5820,#7645,.T.);
#6708=EDGE_CURVE('',#5838,#5898,#7646,.T.);
#6709=EDGE_CURVE('',#5903,#5828,#7647,.T.);
#6710=EDGE_CURVE('',#5934,#5884,#7648,.T.);
#6711=EDGE_CURVE('',#5884,#5901,#7649,.T.);
#6712=EDGE_CURVE('',#5893,#5892,#7650,.T.);
#6713=EDGE_CURVE('',#5892,#5937,#7651,.T.);
#6714=EDGE_CURVE('',#5852,#5895,#7652,.T.);
#6715=EDGE_CURVE('',#5904,#5827,#7653,.T.);
#6716=EDGE_CURVE('',#5881,#5904,#364,.T.);
#6717=EDGE_CURVE('',#5935,#5883,#7654,.T.);
#6718=EDGE_CURVE('',#5936,#5888,#7655,.T.);
#6719=EDGE_CURVE('',#5885,#5935,#7656,.T.);
#6720=EDGE_CURVE('',#5889,#5936,#7657,.T.);
#6721=EDGE_CURVE('',#5894,#5891,#365,.T.);
#6722=EDGE_CURVE('',#5853,#5894,#7658,.T.);
#6723=EDGE_CURVE('',#5881,#5826,#7659,.T.);
#6724=EDGE_CURVE('',#5885,#5883,#7660,.T.);
#6725=EDGE_CURVE('',#5889,#5888,#7661,.T.);
#6726=EDGE_CURVE('',#5837,#5891,#7662,.T.);
#6727=EDGE_CURVE('',#5882,#5825,#7663,.T.);
#6728=EDGE_CURVE('',#5886,#5882,#366,.T.);
#6729=EDGE_CURVE('',#5890,#5887,#367,.T.);
#6730=EDGE_CURVE('',#5822,#5890,#7664,.T.);
#6731=EDGE_CURVE('',#5886,#5824,#7665,.T.);
#6732=EDGE_CURVE('',#5823,#5887,#7666,.T.);
#6733=EDGE_CURVE('',#5876,#5880,#7667,.T.);
#6734=EDGE_CURVE('',#5879,#5873,#7668,.T.);
#6735=EDGE_CURVE('',#5939,#5939,#7669,.T.);
#6736=EDGE_CURVE('',#5940,#5940,#7670,.T.);
#6737=EDGE_CURVE('',#5941,#5815,#1138,.T.);
#6738=EDGE_CURVE('',#5942,#5818,#1139,.T.);
#6739=EDGE_CURVE('',#5942,#5941,#1140,.T.);
#6740=EDGE_CURVE('',#5943,#5944,#7671,.T.);
#6741=EDGE_CURVE('',#5944,#5943,#7672,.T.);
#6742=EDGE_CURVE('',#5942,#5945,#1141,.T.);
#6743=EDGE_CURVE('',#5945,#5946,#1142,.T.);
#6744=EDGE_CURVE('',#5946,#5941,#1143,.T.);
#6745=EDGE_CURVE('',#5816,#5946,#1144,.T.);
#6746=EDGE_CURVE('',#5945,#5817,#1145,.T.);
#6747=EDGE_CURVE('',#5947,#5948,#7673,.T.);
#6748=EDGE_CURVE('',#5949,#5947,#1146,.T.);
#6749=EDGE_CURVE('',#5949,#5950,#7674,.T.);
#6750=EDGE_CURVE('',#5950,#5948,#1147,.T.);
#6751=EDGE_CURVE('',#5951,#5952,#7675,.T.);
#6752=EDGE_CURVE('',#5953,#5951,#1148,.T.);
#6753=EDGE_CURVE('',#5953,#5954,#7676,.T.);
#6754=EDGE_CURVE('',#5952,#5954,#1149,.T.);
#6755=EDGE_CURVE('',#5953,#5947,#1150,.T.);
#6756=EDGE_CURVE('',#5948,#5954,#1151,.T.);
#6757=EDGE_CURVE('',#5952,#5950,#1152,.T.);
#6758=EDGE_CURVE('',#5951,#5949,#1153,.T.);
#6759=EDGE_CURVE('',#5807,#5955,#7677,.T.);
#6760=EDGE_CURVE('',#5941,#5956,#7678,.T.);
#6761=EDGE_CURVE('',#5955,#5956,#1154,.T.);
#6762=EDGE_CURVE('',#5809,#5957,#7679,.T.);
#6763=EDGE_CURVE('',#5958,#5957,#1155,.T.);
#6764=EDGE_CURVE('',#5946,#5958,#7680,.T.);
#6765=EDGE_CURVE('',#5957,#5953,#1156,.T.);
#6766=EDGE_CURVE('',#5958,#5951,#1157,.T.);
#6767=EDGE_CURVE('',#5955,#5947,#1158,.T.);
#6768=EDGE_CURVE('',#5956,#5949,#1159,.T.);
#6769=EDGE_CURVE('',#5957,#5955,#1160,.T.);
#6770=EDGE_CURVE('',#5958,#5956,#1161,.T.);
#6771=EDGE_CURVE('',#5943,#5782,#1162,.T.);
#6772=EDGE_CURVE('',#5781,#5944,#1163,.T.);
#6773=EDGE_CURVE('',#5959,#5960,#1164,.T.);
#6774=EDGE_CURVE('',#5960,#5961,#1165,.T.);
#6775=EDGE_CURVE('',#5962,#5961,#1166,.T.);
#6776=EDGE_CURVE('',#5962,#5963,#7681,.T.);
#6777=EDGE_CURVE('',#5964,#5963,#1167,.T.);
#6778=EDGE_CURVE('',#5964,#5965,#1168,.T.);
#6779=EDGE_CURVE('',#5959,#5965,#1169,.T.);
#6780=EDGE_CURVE('',#5966,#5967,#1170,.T.);
#6781=EDGE_CURVE('',#5967,#5968,#1171,.T.);
#6782=EDGE_CURVE('',#5969,#5968,#1172,.T.);
#6783=EDGE_CURVE('',#5969,#5970,#1173,.T.);
#6784=EDGE_CURVE('',#5970,#5971,#1174,.T.);
#6785=EDGE_CURVE('',#5971,#5972,#1175,.T.);
#6786=EDGE_CURVE('',#5972,#5966,#7682,.T.);
#6787=EDGE_CURVE('',#5971,#5973,#7683,.T.);
#6788=EDGE_CURVE('',#5973,#5974,#1176,.T.);
#6789=EDGE_CURVE('',#5974,#5964,#7684,.T.);
#6790=EDGE_CURVE('',#5963,#5972,#1177,.T.);
#6791=EDGE_CURVE('',#5975,#5976,#1178,.T.);
#6792=EDGE_CURVE('',#5977,#5975,#577,.T.);
#6793=EDGE_CURVE('',#5977,#5978,#1179,.T.);
#6794=EDGE_CURVE('',#5979,#5978,#1180,.T.);
#6795=EDGE_CURVE('',#5979,#5980,#1181,.T.);
#6796=EDGE_CURVE('',#5981,#5980,#578,.T.);
#6797=EDGE_CURVE('',#5982,#5981,#1182,.T.);
#6798=EDGE_CURVE('',#5982,#5976,#1183,.T.);
#6799=EDGE_CURVE('',#5983,#5984,#7685,.T.);
#6800=EDGE_CURVE('',#5984,#5983,#7686,.T.);
#6801=EDGE_CURVE('',#5975,#5981,#579,.T.);
#6802=EDGE_CURVE('',#5980,#5960,#7687,.T.);
#6803=EDGE_CURVE('',#5959,#5969,#1184,.T.);
#6804=EDGE_CURVE('',#5968,#5977,#7688,.T.);
#6805=EDGE_CURVE('',#5985,#5986,#7689,.T.);
#6806=EDGE_CURVE('',#5986,#5985,#7690,.T.);
#6807=EDGE_CURVE('',#5978,#5967,#7691,.T.);
#6808=EDGE_CURVE('',#5966,#5962,#1185,.T.);
#6809=EDGE_CURVE('',#5961,#5979,#7692,.T.);
#6810=EDGE_CURVE('',#5987,#5988,#1186,.T.);
#6811=EDGE_CURVE('',#5987,#5970,#7693,.T.);
#6812=EDGE_CURVE('',#5965,#5988,#7694,.T.);
#6813=EDGE_CURVE('',#5973,#5987,#1187,.T.);
#6814=EDGE_CURVE('',#5988,#5974,#1188,.T.);
#6815=EDGE_CURVE('',#5985,#5984,#1189,.T.);
#6816=EDGE_CURVE('',#5983,#5986,#1190,.T.);
#6817=EDGE_CURVE('',#5989,#5975,#580,.T.);
#6818=EDGE_CURVE('',#5989,#5990,#1191,.T.);
#6819=EDGE_CURVE('',#5990,#5981,#581,.T.);
#6820=EDGE_CURVE('',#5991,#5992,#7695,.T.);
#6821=EDGE_CURVE('',#5991,#5993,#1192,.T.);
#6822=EDGE_CURVE('',#5993,#5994,#7696,.T.);
#6823=EDGE_CURVE('',#5992,#5994,#1193,.T.);
#6824=EDGE_CURVE('',#5995,#5996,#7697,.T.);
#6825=EDGE_CURVE('',#5997,#5995,#1194,.T.);
#6826=EDGE_CURVE('',#5997,#5998,#7698,.T.);
#6827=EDGE_CURVE('',#5996,#5998,#1195,.T.);
#6828=EDGE_CURVE('',#5997,#5991,#1196,.T.);
#6829=EDGE_CURVE('',#5992,#5998,#1197,.T.);
#6830=EDGE_CURVE('',#5993,#5995,#1198,.T.);
#6831=EDGE_CURVE('',#5994,#5996,#1199,.T.);
#6832=EDGE_CURVE('',#5999,#5976,#7699,.T.);
#6833=EDGE_CURVE('',#5989,#5999,#1200,.T.);
#6834=EDGE_CURVE('',#6000,#5982,#7700,.T.);
#6835=EDGE_CURVE('',#6000,#5990,#1201,.T.);
#6836=EDGE_CURVE('',#5998,#6000,#1202,.T.);
#6837=EDGE_CURVE('',#5996,#5990,#1203,.T.);
#6838=EDGE_CURVE('',#5992,#5999,#1204,.T.);
#6839=EDGE_CURVE('',#5994,#5989,#1205,.T.);
#6840=EDGE_CURVE('',#5999,#6000,#1206,.T.);
#6841=EDGE_CURVE('',#6001,#6002,#7701,.T.);
#6842=EDGE_CURVE('',#6002,#6001,#7702,.T.);
#6843=EDGE_CURVE('',#6003,#6004,#7703,.T.);
#6844=EDGE_CURVE('',#6003,#6005,#1207,.T.);
#6845=EDGE_CURVE('',#6006,#6005,#7704,.T.);
#6846=EDGE_CURVE('',#6004,#6006,#1208,.T.);
#6847=EDGE_CURVE('',#6007,#6008,#7705,.T.);
#6848=EDGE_CURVE('',#6007,#6009,#7706,.T.);
#6849=EDGE_CURVE('',#6010,#6009,#7707,.T.);
#6850=EDGE_CURVE('',#6008,#6010,#7708,.T.);
#6851=EDGE_CURVE('',#6001,#6006,#1209,.T.);
#6852=EDGE_CURVE('',#6002,#6005,#1210,.T.);
#6853=EDGE_CURVE('',#6004,#6009,#1211,.T.);
#6854=EDGE_CURVE('',#6009,#6010,#7709,.T.);
#6855=EDGE_CURVE('',#6003,#6010,#1212,.T.);
#6856=EDGE_CURVE('',#6011,#6012,#7710,.T.);
#6857=EDGE_CURVE('',#6012,#6013,#1213,.T.);
#6858=EDGE_CURVE('',#6013,#6014,#7711,.T.);
#6859=EDGE_CURVE('',#6011,#6014,#1214,.T.);
#6860=EDGE_CURVE('',#6015,#6016,#1215,.T.);
#6861=EDGE_CURVE('',#6017,#6016,#7712,.T.);
#6862=EDGE_CURVE('',#6017,#6018,#7713,.T.);
#6863=EDGE_CURVE('',#6019,#6018,#7714,.T.);
#6864=EDGE_CURVE('',#6019,#6020,#7715,.T.);
#6865=EDGE_CURVE('',#6021,#6020,#7716,.T.);
#6866=EDGE_CURVE('',#6015,#6021,#1216,.T.);
#6867=EDGE_CURVE('',#6008,#6007,#7717,.T.);
#6868=EDGE_CURVE('',#6012,#6011,#7718,.T.);
#6869=EDGE_CURVE('',#6014,#6013,#7719,.T.);
#6870=EDGE_CURVE('',#6022,#6023,#7720,.T.);
#6871=EDGE_CURVE('',#6023,#6024,#7721,.T.);
#6872=EDGE_CURVE('',#6024,#6025,#7722,.T.);
#6873=EDGE_CURVE('',#6025,#6026,#7723,.T.);
#6874=EDGE_CURVE('',#6026,#6027,#7724,.T.);
#6875=EDGE_CURVE('',#6027,#6028,#7725,.T.);
#6876=EDGE_CURVE('',#6028,#6029,#7726,.T.);
#6877=EDGE_CURVE('',#6029,#6030,#582,.T.);
#6878=EDGE_CURVE('',#6030,#6031,#7727,.T.);
#6879=EDGE_CURVE('',#6031,#6032,#7728,.T.);
#6880=EDGE_CURVE('',#6032,#6033,#7729,.T.);
#6881=EDGE_CURVE('',#6033,#6034,#7730,.T.);
#6882=EDGE_CURVE('',#6034,#6035,#7731,.T.);
#6883=EDGE_CURVE('',#6035,#6036,#7732,.T.);
#6884=EDGE_CURVE('',#6036,#6037,#7733,.T.);
#6885=EDGE_CURVE('',#6037,#6022,#583,.T.);
#6886=EDGE_CURVE('',#6038,#6018,#1217,.T.);
#6887=EDGE_CURVE('',#6018,#6023,#584,.T.);
#6888=EDGE_CURVE('',#6022,#6038,#1218,.T.);
#6889=EDGE_CURVE('',#6024,#6017,#585,.T.);
#6890=EDGE_CURVE('',#6017,#6039,#1219,.T.);
#6891=EDGE_CURVE('',#6039,#6025,#1220,.T.);
#6892=EDGE_CURVE('',#6040,#6039,#1221,.T.);
#6893=EDGE_CURVE('',#6026,#6040,#1222,.T.);
#6894=EDGE_CURVE('',#6040,#6041,#1223,.T.);
#6895=EDGE_CURVE('',#6041,#6027,#586,.T.);
#6896=EDGE_CURVE('',#6028,#6042,#587,.T.);
#6897=EDGE_CURVE('',#6042,#6043,#1224,.T.);
#6898=EDGE_CURVE('',#6043,#6029,#1225,.T.);
#6899=EDGE_CURVE('',#6044,#6045,#1226,.T.);
#6900=EDGE_CURVE('',#6045,#6031,#588,.T.);
#6901=EDGE_CURVE('',#6030,#6044,#1227,.T.);
#6902=EDGE_CURVE('',#6032,#6046,#589,.T.);
#6903=EDGE_CURVE('',#6046,#6047,#1228,.T.);
#6904=EDGE_CURVE('',#6047,#6033,#1229,.T.);
#6905=EDGE_CURVE('',#6048,#6047,#1230,.T.);
#6906=EDGE_CURVE('',#6034,#6048,#1231,.T.);
#6907=EDGE_CURVE('',#6048,#6020,#1232,.T.);
#6908=EDGE_CURVE('',#6020,#6035,#590,.T.);
#6909=EDGE_CURVE('',#6036,#6019,#591,.T.);
#6910=EDGE_CURVE('',#6019,#6049,#1233,.T.);
#6911=EDGE_CURVE('',#6049,#6037,#1234,.T.);
#6912=EDGE_CURVE('',#6038,#6049,#1235,.T.);
#6913=EDGE_CURVE('',#6016,#6041,#7734,.T.);
#6914=EDGE_CURVE('',#6042,#6041,#7735,.T.);
#6915=EDGE_CURVE('',#6044,#6043,#1236,.T.);
#6916=EDGE_CURVE('',#6042,#6045,#7736,.T.);
#6917=EDGE_CURVE('',#6046,#6045,#7737,.T.);
#6918=EDGE_CURVE('',#6046,#6021,#7738,.T.);
#6919=EDGE_CURVE('',#6004,#6003,#7739,.T.);
#6920=EDGE_CURVE('',#6005,#6006,#7740,.T.);
#6921=EDGE_CURVE('',#6050,#6051,#1237,.T.);
#6922=EDGE_CURVE('',#6051,#6052,#7741,.T.);
#6923=EDGE_CURVE('',#6053,#6052,#1238,.T.);
#6924=EDGE_CURVE('',#6053,#6050,#1239,.T.);
#6925=EDGE_CURVE('',#6054,#6055,#7742,.T.);
#6926=EDGE_CURVE('',#6056,#6055,#1240,.T.);
#6927=EDGE_CURVE('',#6056,#6057,#7743,.T.);
#6928=EDGE_CURVE('',#6058,#6057,#1241,.T.);
#6929=EDGE_CURVE('',#6058,#6059,#7744,.T.);
#6930=EDGE_CURVE('',#6060,#6059,#1242,.T.);
#6931=EDGE_CURVE('',#6060,#6061,#7745,.T.);
#6932=EDGE_CURVE('',#6062,#6061,#1243,.T.);
#6933=EDGE_CURVE('',#6062,#6063,#7746,.T.);
#6934=EDGE_CURVE('',#6064,#6063,#1244,.T.);
#6935=EDGE_CURVE('',#6064,#6065,#7747,.T.);
#6936=EDGE_CURVE('',#6066,#6065,#1245,.T.);
#6937=EDGE_CURVE('',#6066,#6067,#7748,.T.);
#6938=EDGE_CURVE('',#6068,#6067,#1246,.T.);
#6939=EDGE_CURVE('',#6068,#6069,#7749,.T.);
#6940=EDGE_CURVE('',#6054,#6069,#1247,.T.);
#6941=EDGE_CURVE('',#6070,#6071,#1248,.T.);
#6942=EDGE_CURVE('',#6070,#6072,#1249,.T.);
#6943=EDGE_CURVE('',#6073,#6072,#1250,.T.);
#6944=EDGE_CURVE('',#6073,#6074,#7750,.T.);
#6945=EDGE_CURVE('',#6074,#6075,#1251,.T.);
#6946=EDGE_CURVE('',#6076,#6075,#7751,.T.);
#6947=EDGE_CURVE('',#6077,#6076,#1252,.T.);
#6948=EDGE_CURVE('',#6077,#6078,#7752,.T.);
#6949=EDGE_CURVE('',#6079,#6078,#1253,.T.);
#6950=EDGE_CURVE('',#6080,#6079,#7753,.T.);
#6951=EDGE_CURVE('',#6080,#6081,#1254,.T.);
#6952=EDGE_CURVE('',#6081,#6082,#7754,.T.);
#6953=EDGE_CURVE('',#6082,#6083,#1255,.T.);
#6954=EDGE_CURVE('',#6084,#6083,#7755,.T.);
#6955=EDGE_CURVE('',#6084,#6085,#1256,.T.);
#6956=EDGE_CURVE('',#6085,#6086,#7756,.T.);
#6957=EDGE_CURVE('',#6087,#6086,#1257,.T.);
#6958=EDGE_CURVE('',#6088,#6087,#7757,.T.);
#6959=EDGE_CURVE('',#6089,#6088,#1258,.T.);
#6960=EDGE_CURVE('',#6089,#6071,#1259,.T.);
#6961=EDGE_CURVE('',#6090,#6091,#1260,.T.);
#6962=EDGE_CURVE('',#6090,#6092,#7758,.T.);
#6963=EDGE_CURVE('',#6092,#6093,#1261,.T.);
#6964=EDGE_CURVE('',#6093,#6091,#1262,.T.);
#6965=EDGE_CURVE('',#6094,#6095,#1263,.T.);
#6966=EDGE_CURVE('',#6096,#6095,#1264,.T.);
#6967=EDGE_CURVE('',#6097,#6096,#1265,.T.);
#6968=EDGE_CURVE('',#6094,#6097,#1266,.T.);
#6969=EDGE_CURVE('',#6098,#6099,#7759,.T.);
#6970=EDGE_CURVE('',#6099,#6100,#1267,.T.);
#6971=EDGE_CURVE('',#6100,#6101,#7760,.T.);
#6972=EDGE_CURVE('',#6101,#6102,#1268,.T.);
#6973=EDGE_CURVE('',#6102,#6103,#7761,.T.);
#6974=EDGE_CURVE('',#6103,#6104,#1269,.T.);
#6975=EDGE_CURVE('',#6104,#6105,#7762,.T.);
#6976=EDGE_CURVE('',#6098,#6105,#1270,.T.);
#6977=EDGE_CURVE('',#6092,#6051,#592,.T.);
#6978=EDGE_CURVE('',#6106,#6050,#7763,.T.);
#6979=EDGE_CURVE('',#6107,#6106,#1271,.T.);
#6980=EDGE_CURVE('',#6107,#6093,#7764,.T.);
#6981=EDGE_CURVE('',#6108,#6109,#1272,.T.);
#6982=EDGE_CURVE('',#6109,#6107,#1273,.T.);
#6983=EDGE_CURVE('',#6110,#6106,#1274,.T.);
#6984=EDGE_CURVE('',#6110,#6111,#1275,.T.);
#6985=EDGE_CURVE('',#6112,#6111,#1276,.T.);
#6986=EDGE_CURVE('',#6113,#6112,#1277,.T.);
#6987=EDGE_CURVE('',#6108,#6113,#1278,.T.);
#6988=EDGE_CURVE('',#6114,#6115,#1279,.T.);
#6989=EDGE_CURVE('',#6114,#6109,#7765,.T.);
#6990=EDGE_CURVE('',#6115,#6108,#7766,.T.);
#6991=EDGE_CURVE('',#6116,#6117,#1280,.T.);
#6992=EDGE_CURVE('',#6117,#6114,#1281,.T.);
#6993=EDGE_CURVE('',#6116,#6115,#1282,.T.);
#6994=EDGE_CURVE('',#6118,#6119,#1283,.T.);
#6995=EDGE_CURVE('',#6118,#6117,#7767,.T.);
#6996=EDGE_CURVE('',#6119,#6116,#7768,.T.);
#6997=EDGE_CURVE('',#6120,#6121,#1284,.T.);
#6998=EDGE_CURVE('',#6121,#6118,#1285,.T.);
#6999=EDGE_CURVE('',#6119,#6120,#1286,.T.);
#7000=EDGE_CURVE('',#6122,#6123,#1287,.T.);
#7001=EDGE_CURVE('',#6122,#6121,#7769,.T.);
#7002=EDGE_CURVE('',#6123,#6120,#7770,.T.);
#7003=EDGE_CURVE('',#6124,#6125,#1288,.T.);
#7004=EDGE_CURVE('',#6124,#6122,#1289,.T.);
#7005=EDGE_CURVE('',#6126,#6123,#1290,.T.);
#7006=EDGE_CURVE('',#6126,#6070,#1291,.T.);
#7007=EDGE_CURVE('',#6071,#6127,#1292,.T.);
#7008=EDGE_CURVE('',#6125,#6127,#1293,.T.);
#7009=EDGE_CURVE('',#6128,#6129,#1294,.T.);
#7010=EDGE_CURVE('',#6128,#6124,#7771,.T.);
#7011=EDGE_CURVE('',#6125,#6129,#7772,.T.);
#7012=EDGE_CURVE('',#6130,#6131,#1295,.T.);
#7013=EDGE_CURVE('',#6131,#6128,#1296,.T.);
#7014=EDGE_CURVE('',#6130,#6129,#1297,.T.);
#7015=EDGE_CURVE('',#6132,#6133,#1298,.T.);
#7016=EDGE_CURVE('',#6132,#6131,#7773,.T.);
#7017=EDGE_CURVE('',#6130,#6133,#7774,.T.);
#7018=EDGE_CURVE('',#6134,#6135,#1299,.T.);
#7019=EDGE_CURVE('',#6135,#6132,#1300,.T.);
#7020=EDGE_CURVE('',#6133,#6134,#1301,.T.);
#7021=EDGE_CURVE('',#6136,#6137,#1302,.T.);
#7022=EDGE_CURVE('',#6137,#6135,#7775,.T.);
#7023=EDGE_CURVE('',#6134,#6136,#7776,.T.);
#7024=EDGE_CURVE('',#6138,#6139,#1303,.T.);
#7025=EDGE_CURVE('',#6138,#6137,#1304,.T.);
#7026=EDGE_CURVE('',#6136,#6140,#1305,.T.);
#7027=EDGE_CURVE('',#6140,#6141,#1306,.T.);
#7028=EDGE_CURVE('',#6141,#6142,#1307,.T.);
#7029=EDGE_CURVE('',#6143,#6142,#1308,.T.);
#7030=EDGE_CURVE('',#6143,#6139,#1309,.T.);
#7031=EDGE_CURVE('',#6052,#6090,#593,.T.);
#7032=EDGE_CURVE('',#6091,#6138,#7777,.T.);
#7033=EDGE_CURVE('',#6139,#6053,#7778,.T.);
#7034=EDGE_CURVE('',#6144,#6144,#7779,.T.);
#7035=EDGE_CURVE('',#6145,#6146,#1310,.T.);
#7036=EDGE_CURVE('',#6146,#6147,#1311,.T.);
#7037=EDGE_CURVE('',#6147,#6148,#1312,.T.);
#7038=EDGE_CURVE('',#6148,#6149,#7780,.T.);
#7039=EDGE_CURVE('',#6149,#6150,#1313,.T.);
#7040=EDGE_CURVE('',#6150,#6151,#1314,.T.);
#7041=EDGE_CURVE('',#6151,#6152,#1315,.T.);
#7042=EDGE_CURVE('',#6152,#6153,#7781,.T.);
#7043=EDGE_CURVE('',#6153,#6154,#1316,.T.);
#7044=EDGE_CURVE('',#6154,#6145,#1317,.T.);
#7045=EDGE_CURVE('',#6091,#6145,#7782,.T.);
#7046=EDGE_CURVE('',#6093,#6146,#7783,.T.);
#7047=EDGE_CURVE('',#6138,#6145,#7784,.T.);
#7048=EDGE_CURVE('',#6137,#6154,#7785,.T.);
#7049=EDGE_CURVE('',#6135,#6154,#7786,.T.);
#7050=EDGE_CURVE('',#6132,#6153,#7787,.T.);
#7051=EDGE_CURVE('',#6131,#6152,#7788,.T.);
#7052=EDGE_CURVE('',#6128,#6151,#7789,.T.);
#7053=EDGE_CURVE('',#6124,#6151,#7790,.T.);
#7054=EDGE_CURVE('',#6122,#6150,#7791,.T.);
#7055=EDGE_CURVE('',#6121,#6150,#7792,.T.);
#7056=EDGE_CURVE('',#6118,#6149,#7793,.T.);
#7057=EDGE_CURVE('',#6117,#6148,#7794,.T.);
#7058=EDGE_CURVE('',#6114,#6147,#7795,.T.);
#7059=EDGE_CURVE('',#6109,#6147,#7796,.T.);
#7060=EDGE_CURVE('',#6107,#6146,#7797,.T.);
#7061=EDGE_CURVE('',#6155,#6155,#7798,.T.);
#7062=EDGE_CURVE('',#6101,#6156,#1318,.T.);
#7063=EDGE_CURVE('',#6156,#6157,#1319,.T.);
#7064=EDGE_CURVE('',#6157,#6102,#1320,.T.);
#7065=EDGE_CURVE('',#6103,#6158,#1321,.T.);
#7066=EDGE_CURVE('',#6158,#6159,#1322,.T.);
#7067=EDGE_CURVE('',#6159,#6104,#1323,.T.);
#7068=EDGE_CURVE('',#6160,#6161,#7799,.T.);
#7069=EDGE_CURVE('',#6161,#6162,#1324,.T.);
#7070=EDGE_CURVE('',#6162,#6163,#7800,.T.);
#7071=EDGE_CURVE('',#6163,#6164,#1325,.T.);
#7072=EDGE_CURVE('',#6164,#6165,#7801,.T.);
#7073=EDGE_CURVE('',#6165,#6166,#1326,.T.);
#7074=EDGE_CURVE('',#6166,#6167,#7802,.T.);
#7075=EDGE_CURVE('',#6167,#6160,#1327,.T.);
#7076=EDGE_CURVE('',#6168,#6169,#7803,.T.);
#7077=EDGE_CURVE('',#6169,#6170,#1328,.T.);
#7078=EDGE_CURVE('',#6170,#6171,#7804,.T.);
#7079=EDGE_CURVE('',#6171,#6172,#1329,.T.);
#7080=EDGE_CURVE('',#6172,#6173,#7805,.T.);
#7081=EDGE_CURVE('',#6173,#6174,#1330,.T.);
#7082=EDGE_CURVE('',#6174,#6175,#7806,.T.);
#7083=EDGE_CURVE('',#6175,#6168,#1331,.T.);
#7084=EDGE_CURVE('',#6105,#6176,#1332,.T.);
#7085=EDGE_CURVE('',#6176,#6177,#1333,.T.);
#7086=EDGE_CURVE('',#6177,#6098,#1334,.T.);
#7087=EDGE_CURVE('',#6099,#6178,#1335,.T.);
#7088=EDGE_CURVE('',#6178,#6179,#1336,.T.);
#7089=EDGE_CURVE('',#6179,#6100,#1337,.T.);
#7090=EDGE_CURVE('',#6180,#6181,#1338,.T.);
#7091=EDGE_CURVE('',#6180,#6182,#7807,.T.);
#7092=EDGE_CURVE('',#6182,#6183,#1339,.T.);
#7093=EDGE_CURVE('',#6183,#6184,#7808,.T.);
#7094=EDGE_CURVE('',#6184,#6185,#1340,.T.);
#7095=EDGE_CURVE('',#6185,#6186,#7809,.T.);
#7096=EDGE_CURVE('',#6186,#6187,#1341,.T.);
#7097=EDGE_CURVE('',#6187,#6181,#7810,.T.);
#7098=EDGE_CURVE('',#6177,#6178,#7811,.T.);
#7099=EDGE_CURVE('',#6179,#6156,#7812,.T.);
#7100=EDGE_CURVE('',#6157,#6158,#7813,.T.);
#7101=EDGE_CURVE('',#6159,#6176,#7814,.T.);
#7102=EDGE_CURVE('',#6188,#6179,#1342,.T.);
#7103=EDGE_CURVE('',#6188,#6189,#7815,.T.);
#7104=EDGE_CURVE('',#6156,#6189,#1343,.T.);
#7105=EDGE_CURVE('',#6190,#6178,#1344,.T.);
#7106=EDGE_CURVE('',#6190,#6188,#1345,.T.);
#7107=EDGE_CURVE('',#6189,#6191,#1346,.T.);
#7108=EDGE_CURVE('',#6157,#6191,#1347,.T.);
#7109=EDGE_CURVE('',#6192,#6177,#1348,.T.);
#7110=EDGE_CURVE('',#6192,#6190,#7816,.T.);
#7111=EDGE_CURVE('',#6191,#6193,#7817,.T.);
#7112=EDGE_CURVE('',#6158,#6193,#1349,.T.);
#7113=EDGE_CURVE('',#6194,#6176,#1350,.T.);
#7114=EDGE_CURVE('',#6194,#6192,#1351,.T.);
#7115=EDGE_CURVE('',#6193,#6195,#1352,.T.);
#7116=EDGE_CURVE('',#6159,#6195,#1353,.T.);
#7117=EDGE_CURVE('',#6195,#6194,#7818,.T.);
#7118=EDGE_CURVE('',#6196,#6180,#1354,.T.);
#7119=EDGE_CURVE('',#6196,#6197,#7819,.T.);
#7120=EDGE_CURVE('',#6182,#6197,#1355,.T.);
#7121=EDGE_CURVE('',#6198,#6181,#1356,.T.);
#7122=EDGE_CURVE('',#6198,#6196,#1357,.T.);
#7123=EDGE_CURVE('',#6197,#6199,#1358,.T.);
#7124=EDGE_CURVE('',#6183,#6199,#1359,.T.);
#7125=EDGE_CURVE('',#6200,#6187,#1360,.T.);
#7126=EDGE_CURVE('',#6200,#6198,#7820,.T.);
#7127=EDGE_CURVE('',#6199,#6201,#7821,.T.);
#7128=EDGE_CURVE('',#6184,#6201,#1361,.T.);
#7129=EDGE_CURVE('',#6202,#6186,#1362,.T.);
#7130=EDGE_CURVE('',#6202,#6200,#1363,.T.);
#7131=EDGE_CURVE('',#6201,#6203,#1364,.T.);
#7132=EDGE_CURVE('',#6185,#6203,#1365,.T.);
#7133=EDGE_CURVE('',#6203,#6202,#7822,.T.);
#7134=EDGE_CURVE('',#6203,#6165,#7823,.T.);
#7135=EDGE_CURVE('',#6166,#6201,#7824,.T.);
#7136=EDGE_CURVE('',#6167,#6199,#7825,.T.);
#7137=EDGE_CURVE('',#6202,#6164,#7826,.T.);
#7138=EDGE_CURVE('',#6160,#6197,#7827,.T.);
#7139=EDGE_CURVE('',#6200,#6163,#7828,.T.);
#7140=EDGE_CURVE('',#6161,#6196,#7829,.T.);
#7141=EDGE_CURVE('',#6198,#6162,#7830,.T.);
#7142=EDGE_CURVE('',#6195,#6173,#7831,.T.);
#7143=EDGE_CURVE('',#6174,#6193,#7832,.T.);
#7144=EDGE_CURVE('',#6175,#6191,#7833,.T.);
#7145=EDGE_CURVE('',#6194,#6172,#7834,.T.);
#7146=EDGE_CURVE('',#6168,#6189,#7835,.T.);
#7147=EDGE_CURVE('',#6192,#6171,#7836,.T.);
#7148=EDGE_CURVE('',#6169,#6188,#7837,.T.);
#7149=EDGE_CURVE('',#6190,#6170,#7838,.T.);
#7150=EDGE_CURVE('',#6204,#6205,#1366,.T.);
#7151=EDGE_CURVE('',#6206,#6204,#1367,.T.);
#7152=EDGE_CURVE('',#6207,#6206,#1368,.T.);
#7153=EDGE_CURVE('',#6205,#6207,#1369,.T.);
#7154=EDGE_CURVE('',#6204,#6126,#1370,.T.);
#7155=EDGE_CURVE('',#6113,#6208,#1371,.T.);
#7156=EDGE_CURVE('',#6208,#6209,#1372,.T.);
#7157=EDGE_CURVE('',#6209,#6210,#1373,.T.);
#7158=EDGE_CURVE('',#6210,#6211,#1374,.T.);
#7159=EDGE_CURVE('',#6212,#6211,#7839,.T.);
#7160=EDGE_CURVE('',#6213,#6212,#7840,.T.);
#7161=EDGE_CURVE('',#6213,#6214,#7841,.T.);
#7162=EDGE_CURVE('',#6214,#6215,#7842,.T.);
#7163=EDGE_CURVE('',#6216,#6215,#1375,.T.);
#7164=EDGE_CURVE('',#6217,#6216,#1376,.T.);
#7165=EDGE_CURVE('',#6217,#6218,#1377,.T.);
#7166=EDGE_CURVE('',#6218,#6140,#1378,.T.);
#7167=EDGE_CURVE('',#6127,#6206,#1379,.T.);
#7168=EDGE_CURVE('',#6219,#6220,#1380,.T.);
#7169=EDGE_CURVE('',#6221,#6219,#1381,.T.);
#7170=EDGE_CURVE('',#6222,#6221,#1382,.T.);
#7171=EDGE_CURVE('',#6222,#6220,#1383,.T.);
#7172=EDGE_CURVE('',#6223,#6224,#1384,.T.);
#7173=EDGE_CURVE('',#6223,#6225,#1385,.T.);
#7174=EDGE_CURVE('',#6226,#6225,#1386,.T.);
#7175=EDGE_CURVE('',#6226,#6227,#1387,.T.);
#7176=EDGE_CURVE('',#6228,#6227,#7843,.T.);
#7177=EDGE_CURVE('',#6224,#6228,#1388,.T.);
#7178=EDGE_CURVE('',#6229,#6230,#1389,.T.);
#7179=EDGE_CURVE('',#6230,#6231,#1390,.T.);
#7180=EDGE_CURVE('',#6231,#6232,#1391,.T.);
#7181=EDGE_CURVE('',#6232,#6233,#1392,.T.);
#7182=EDGE_CURVE('',#6233,#6234,#7844,.T.);
#7183=EDGE_CURVE('',#6229,#6234,#1393,.T.);
#7184=EDGE_CURVE('',#6213,#6235,#1394,.T.);
#7185=EDGE_CURVE('',#6236,#6235,#7845,.T.);
#7186=EDGE_CURVE('',#6214,#6236,#1395,.T.);
#7187=EDGE_CURVE('',#6237,#6238,#1396,.T.);
#7188=EDGE_CURVE('',#6238,#6217,#1397,.T.);
#7189=EDGE_CURVE('',#6237,#6216,#1398,.T.);
#7190=EDGE_CURVE('',#6209,#6230,#1399,.T.);
#7191=EDGE_CURVE('',#6229,#6210,#1400,.T.);
#7192=EDGE_CURVE('',#6212,#6239,#1401,.T.);
#7193=EDGE_CURVE('',#6239,#6235,#7846,.T.);
#7194=EDGE_CURVE('',#6240,#6241,#1402,.T.);
#7195=EDGE_CURVE('',#6242,#6240,#1403,.T.);
#7196=EDGE_CURVE('',#6242,#6243,#1404,.T.);
#7197=EDGE_CURVE('',#6243,#6241,#1405,.T.);
#7198=EDGE_CURVE('',#6244,#6242,#368,.T.);
#7199=EDGE_CURVE('',#6245,#6244,#1406,.T.);
#7200=EDGE_CURVE('',#6245,#6243,#369,.T.);
#7201=EDGE_CURVE('',#6246,#6244,#1407,.T.);
#7202=EDGE_CURVE('',#6247,#6246,#1408,.T.);
#7203=EDGE_CURVE('',#6247,#6245,#1409,.T.);
#7204=EDGE_CURVE('',#6240,#6246,#370,.T.);
#7205=EDGE_CURVE('',#6241,#6247,#371,.T.);
#7206=EDGE_CURVE('',#6248,#6249,#1410,.T.);
#7207=EDGE_CURVE('',#6248,#6250,#7847,.T.);
#7208=EDGE_CURVE('',#6251,#6250,#1411,.T.);
#7209=EDGE_CURVE('',#6251,#6252,#7848,.T.);
#7210=EDGE_CURVE('',#6252,#6253,#1412,.T.);
#7211=EDGE_CURVE('',#6254,#6253,#1413,.T.);
#7212=EDGE_CURVE('',#6254,#6255,#1414,.T.);
#7213=EDGE_CURVE('',#6255,#6256,#1415,.T.);
#7214=EDGE_CURVE('',#6256,#6257,#1416,.T.);
#7215=EDGE_CURVE('',#6258,#6257,#7849,.T.);
#7216=EDGE_CURVE('',#6258,#6259,#1417,.T.);
#7217=EDGE_CURVE('',#6259,#6260,#7850,.T.);
#7218=EDGE_CURVE('',#6260,#6261,#1418,.T.);
#7219=EDGE_CURVE('',#6262,#6261,#7851,.T.);
#7220=EDGE_CURVE('',#6262,#6205,#1419,.T.);
#7221=EDGE_CURVE('',#6207,#6263,#1420,.T.);
#7222=EDGE_CURVE('',#6263,#6264,#7852,.T.);
#7223=EDGE_CURVE('',#6265,#6264,#1421,.T.);
#7224=EDGE_CURVE('',#6266,#6265,#7853,.T.);
#7225=EDGE_CURVE('',#6267,#6266,#1422,.T.);
#7226=EDGE_CURVE('',#6267,#6268,#7854,.T.);
#7227=EDGE_CURVE('',#6269,#6268,#1423,.T.);
#7228=EDGE_CURVE('',#6269,#6270,#1424,.T.);
#7229=EDGE_CURVE('',#6271,#6270,#1425,.T.);
#7230=EDGE_CURVE('',#6271,#6249,#1426,.T.);
#7231=EDGE_CURVE('',#6272,#6236,#7855,.T.);
#7232=EDGE_CURVE('',#6273,#6272,#1427,.T.);
#7233=EDGE_CURVE('',#6274,#6273,#7856,.T.);
#7234=EDGE_CURVE('',#6275,#6274,#1428,.T.);
#7235=EDGE_CURVE('',#6275,#6276,#7857,.T.);
#7236=EDGE_CURVE('',#6215,#6276,#1429,.T.);
#7237=EDGE_CURVE('',#6237,#6276,#1430,.T.);
#7238=EDGE_CURVE('',#6277,#6278,#1431,.T.);
#7239=EDGE_CURVE('',#6278,#6279,#1432,.T.);
#7240=EDGE_CURVE('',#6279,#6280,#1433,.T.);
#7241=EDGE_CURVE('',#6280,#6281,#1434,.T.);
#7242=EDGE_CURVE('',#6281,#6282,#1435,.T.);
#7243=EDGE_CURVE('',#6282,#6270,#1436,.T.);
#7244=EDGE_CURVE('',#6269,#6283,#1437,.T.);
#7245=EDGE_CURVE('',#6140,#6283,#1438,.T.);
#7246=EDGE_CURVE('',#6218,#6284,#1439,.T.);
#7247=EDGE_CURVE('',#6285,#6284,#1440,.T.);
#7248=EDGE_CURVE('',#6277,#6285,#1441,.T.);
#7249=EDGE_CURVE('',#6211,#6234,#1442,.T.);
#7250=EDGE_CURVE('',#6233,#6228,#1443,.T.);
#7251=EDGE_CURVE('',#6227,#6286,#1444,.T.);
#7252=EDGE_CURVE('',#6286,#6239,#7858,.T.);
#7253=EDGE_CURVE('',#6224,#6232,#1445,.T.);
#7254=EDGE_CURVE('',#6277,#6274,#1446,.T.);
#7255=EDGE_CURVE('',#6285,#6275,#1447,.T.);
#7256=EDGE_CURVE('',#6284,#6238,#1448,.T.);
#7257=EDGE_CURVE('',#6287,#6282,#1449,.T.);
#7258=EDGE_CURVE('',#6271,#6287,#1450,.T.);
#7259=EDGE_CURVE('',#6288,#6289,#1451,.T.);
#7260=EDGE_CURVE('',#6289,#6223,#1452,.T.);
#7261=EDGE_CURVE('',#6231,#6208,#1453,.T.);
#7262=EDGE_CURVE('',#6290,#6113,#1454,.T.);
#7263=EDGE_CURVE('',#6256,#6290,#1455,.T.);
#7264=EDGE_CURVE('',#6255,#6291,#1456,.T.);
#7265=EDGE_CURVE('',#6291,#6292,#1457,.T.);
#7266=EDGE_CURVE('',#6288,#6292,#1458,.T.);
#7267=EDGE_CURVE('',#6293,#6294,#1459,.T.);
#7268=EDGE_CURVE('',#6254,#6293,#1460,.T.);
#7269=EDGE_CURVE('',#6253,#6295,#1461,.T.);
#7270=EDGE_CURVE('',#6112,#6295,#1462,.T.);
#7271=EDGE_CURVE('',#6296,#6111,#1463,.T.);
#7272=EDGE_CURVE('',#6296,#6297,#1464,.T.);
#7273=EDGE_CURVE('',#6294,#6297,#1465,.T.);
#7274=EDGE_CURVE('',#6297,#6298,#1466,.T.);
#7275=EDGE_CURVE('',#6298,#6299,#1467,.T.);
#7276=EDGE_CURVE('',#6294,#6299,#1468,.T.);
#7277=EDGE_CURVE('',#6300,#6300,#7859,.T.);
#7278=EDGE_CURVE('',#6250,#6301,#1469,.T.);
#7279=EDGE_CURVE('',#6302,#6301,#1470,.T.);
#7280=EDGE_CURVE('',#6302,#6251,#1471,.T.);
#7281=EDGE_CURVE('',#6221,#6287,#1472,.T.);
#7282=EDGE_CURVE('',#6219,#6303,#1473,.T.);
#7283=EDGE_CURVE('',#6303,#6142,#1474,.T.);
#7284=EDGE_CURVE('',#6141,#6304,#1475,.T.);
#7285=EDGE_CURVE('',#6304,#6249,#1476,.T.);
#7286=EDGE_CURVE('',#6291,#6293,#1477,.T.);
#7287=EDGE_CURVE('',#6281,#6305,#1478,.T.);
#7288=EDGE_CURVE('',#6305,#6306,#7860,.T.);
#7289=EDGE_CURVE('',#6306,#6307,#1479,.T.);
#7290=EDGE_CURVE('',#6307,#6308,#7861,.T.);
#7291=EDGE_CURVE('',#6292,#6308,#1480,.T.);
#7292=EDGE_CURVE('',#6299,#6302,#7862,.T.);
#7293=EDGE_CURVE('',#6301,#6222,#7863,.T.);
#7294=EDGE_CURVE('',#6309,#6310,#1481,.T.);
#7295=EDGE_CURVE('',#6310,#6307,#1482,.T.);
#7296=EDGE_CURVE('',#6306,#6309,#1483,.T.);
#7297=EDGE_CURVE('',#6279,#6311,#1484,.T.);
#7298=EDGE_CURVE('',#6312,#6311,#1485,.T.);
#7299=EDGE_CURVE('',#6312,#6272,#1486,.T.);
#7300=EDGE_CURVE('',#6313,#6286,#1487,.T.);
#7301=EDGE_CURVE('',#6314,#6313,#1488,.T.);
#7302=EDGE_CURVE('',#6314,#6289,#1489,.T.);
#7303=EDGE_CURVE('',#6315,#6288,#1490,.T.);
#7304=EDGE_CURVE('',#6315,#6310,#7864,.T.);
#7305=EDGE_CURVE('',#6309,#6316,#7865,.T.);
#7306=EDGE_CURVE('',#6280,#6316,#1491,.T.);
#7307=EDGE_CURVE('',#6308,#6315,#1492,.T.);
#7308=EDGE_CURVE('',#6316,#6305,#1493,.T.);
#7309=EDGE_CURVE('',#6311,#6317,#1494,.T.);
#7310=EDGE_CURVE('',#6318,#6317,#1495,.T.);
#7311=EDGE_CURVE('',#6312,#6318,#1496,.T.);
#7312=EDGE_CURVE('',#6225,#6314,#1497,.T.);
#7313=EDGE_CURVE('',#6313,#6226,#1498,.T.);
#7314=EDGE_CURVE('',#6318,#6273,#1499,.T.);
#7315=EDGE_CURVE('',#6317,#6278,#1500,.T.);
#7316=EDGE_CURVE('',#6252,#6298,#1501,.T.);
#7317=EDGE_CURVE('',#6220,#6248,#1502,.T.);
#7318=EDGE_CURVE('',#6262,#6073,#1503,.T.);
#7319=EDGE_CURVE('',#6205,#6072,#1504,.T.);
#7320=EDGE_CURVE('',#6089,#6207,#1505,.T.);
#7321=EDGE_CURVE('',#6263,#6088,#1506,.T.);
#7322=EDGE_CURVE('',#6260,#6075,#1507,.T.);
#7323=EDGE_CURVE('',#6074,#6261,#1508,.T.);
#7324=EDGE_CURVE('',#6258,#6077,#1509,.T.);
#7325=EDGE_CURVE('',#6076,#6259,#1510,.T.);
#7326=EDGE_CURVE('',#6078,#6257,#1511,.T.);
#7327=EDGE_CURVE('',#6290,#6295,#1512,.T.);
#7328=EDGE_CURVE('',#6298,#6319,#1513,.T.);
#7329=EDGE_CURVE('',#6319,#6079,#1514,.T.);
#7330=EDGE_CURVE('',#6083,#6268,#1515,.T.);
#7331=EDGE_CURVE('',#6320,#6082,#1516,.T.);
#7332=EDGE_CURVE('',#6220,#6320,#1517,.T.);
#7333=EDGE_CURVE('',#6283,#6304,#1518,.T.);
#7334=EDGE_CURVE('',#6321,#6322,#1519,.T.);
#7335=EDGE_CURVE('',#6323,#6321,#1520,.T.);
#7336=EDGE_CURVE('',#6324,#6323,#1521,.T.);
#7337=EDGE_CURVE('',#6322,#6324,#1522,.T.);
#7338=EDGE_CURVE('',#6325,#6325,#7866,.T.);
#7339=EDGE_CURVE('',#6326,#6327,#7867,.T.);
#7340=EDGE_CURVE('',#6328,#6326,#1523,.T.);
#7341=EDGE_CURVE('',#6329,#6328,#7868,.T.);
#7342=EDGE_CURVE('',#6329,#6330,#1524,.T.);
#7343=EDGE_CURVE('',#6331,#6330,#7869,.T.);
#7344=EDGE_CURVE('',#6332,#6331,#1525,.T.);
#7345=EDGE_CURVE('',#6333,#6332,#7870,.T.);
#7346=EDGE_CURVE('',#6327,#6333,#1526,.T.);
#7347=EDGE_CURVE('',#6081,#6334,#1527,.T.);
#7348=EDGE_CURVE('',#6080,#6335,#1528,.T.);
#7349=EDGE_CURVE('',#6334,#6335,#1529,.T.);
#7350=EDGE_CURVE('',#6336,#6337,#1530,.T.);
#7351=EDGE_CURVE('',#6337,#6338,#1531,.T.);
#7352=EDGE_CURVE('',#6338,#6339,#1532,.T.);
#7353=EDGE_CURVE('',#6339,#6336,#1533,.T.);
#7354=EDGE_CURVE('',#6340,#6341,#1534,.T.);
#7355=EDGE_CURVE('',#6341,#6337,#1535,.T.);
#7356=EDGE_CURVE('',#6340,#6336,#1536,.T.);
#7357=EDGE_CURVE('',#6338,#6342,#1537,.T.);
#7358=EDGE_CURVE('',#6342,#6343,#1538,.T.);
#7359=EDGE_CURVE('',#6339,#6343,#1539,.T.);
#7360=EDGE_CURVE('',#6111,#6340,#7871,.T.);
#7361=EDGE_CURVE('',#6343,#6296,#7872,.T.);
#7362=EDGE_CURVE('',#6341,#6110,#7873,.T.);
#7363=EDGE_CURVE('',#6342,#6341,#1540,.T.);
#7364=EDGE_CURVE('',#6297,#6342,#7874,.T.);
#7365=EDGE_CURVE('',#6335,#6319,#7875,.T.);
#7366=EDGE_CURVE('',#6264,#6087,#1541,.T.);
#7367=EDGE_CURVE('',#6084,#6267,#1542,.T.);
#7368=EDGE_CURVE('',#6266,#6085,#1543,.T.);
#7369=EDGE_CURVE('',#6086,#6265,#1544,.T.);
#7370=EDGE_CURVE('',#6334,#6320,#7876,.T.);
#7371=EDGE_CURVE('',#6142,#6344,#7877,.T.);
#7372=EDGE_CURVE('',#6303,#6345,#7878,.T.);
#7373=EDGE_CURVE('',#6346,#6345,#1545,.T.);
#7374=EDGE_CURVE('',#6346,#6347,#1546,.T.);
#7375=EDGE_CURVE('',#6344,#6347,#1547,.T.);
#7376=EDGE_CURVE('',#6348,#6143,#7879,.T.);
#7377=EDGE_CURVE('',#6344,#6348,#1548,.T.);
#7378=EDGE_CURVE('',#6349,#6347,#1549,.T.);
#7379=EDGE_CURVE('',#6349,#6348,#1550,.T.);
#7380=EDGE_CURVE('',#6346,#6350,#1551,.T.);
#7381=EDGE_CURVE('',#6350,#6349,#1552,.T.);
#7382=EDGE_CURVE('',#6345,#6351,#1553,.T.);
#7383=EDGE_CURVE('',#6351,#6350,#1554,.T.);
#7384=EDGE_CURVE('',#6348,#6351,#1555,.T.);
#7385=EDGE_CURVE('',#6351,#6219,#7880,.T.);
#7386=EDGE_CURVE('',#6352,#6352,#7881,.T.);
#7387=EDGE_CURVE('',#6353,#6095,#1556,.T.);
#7388=EDGE_CURVE('',#6353,#6354,#1557,.T.);
#7389=EDGE_CURVE('',#6096,#6354,#1558,.T.);
#7390=EDGE_CURVE('',#6354,#6355,#1559,.T.);
#7391=EDGE_CURVE('',#6355,#6356,#1560,.T.);
#7392=EDGE_CURVE('',#6356,#6097,#1561,.T.);
#7393=EDGE_CURVE('',#6356,#6357,#1562,.T.);
#7394=EDGE_CURVE('',#6094,#6357,#1563,.T.);
#7395=EDGE_CURVE('',#6357,#6358,#1564,.T.);
#7396=EDGE_CURVE('',#6358,#6353,#1565,.T.);
#7397=EDGE_CURVE('',#6359,#6360,#1566,.T.);
#7398=EDGE_CURVE('',#6359,#6361,#1567,.T.);
#7399=EDGE_CURVE('',#6362,#6361,#1568,.T.);
#7400=EDGE_CURVE('',#6362,#6360,#1569,.T.);
#7401=EDGE_CURVE('',#6363,#6364,#1570,.T.);
#7402=EDGE_CURVE('',#6364,#6365,#1571,.T.);
#7403=EDGE_CURVE('',#6365,#6366,#1572,.T.);
#7404=EDGE_CURVE('',#6366,#6363,#1573,.T.);
#7405=EDGE_CURVE('',#6364,#6367,#7882,.T.);
#7406=EDGE_CURVE('',#6368,#6367,#1574,.T.);
#7407=EDGE_CURVE('',#6365,#6368,#7883,.T.);
#7408=EDGE_CURVE('',#6360,#6369,#7884,.T.);
#7409=EDGE_CURVE('',#6370,#6362,#7885,.T.);
#7410=EDGE_CURVE('',#6369,#6370,#1575,.T.);
#7411=EDGE_CURVE('',#6359,#6371,#7886,.T.);
#7412=EDGE_CURVE('',#6372,#6371,#1576,.T.);
#7413=EDGE_CURVE('',#6361,#6372,#7887,.T.);
#7414=EDGE_CURVE('',#6368,#6370,#1577,.T.);
#7415=EDGE_CURVE('',#6372,#6373,#1578,.T.);
#7416=EDGE_CURVE('',#6373,#6366,#7888,.T.);
#7417=EDGE_CURVE('',#6363,#6374,#7889,.T.);
#7418=EDGE_CURVE('',#6374,#6373,#1579,.T.);
#7419=EDGE_CURVE('',#6375,#6369,#1580,.T.);
#7420=EDGE_CURVE('',#6375,#6376,#7890,.T.);
#7421=EDGE_CURVE('',#6376,#6377,#1581,.T.);
#7422=EDGE_CURVE('',#6378,#6377,#7891,.T.);
#7423=EDGE_CURVE('',#6378,#6371,#1582,.T.);
#7424=EDGE_CURVE('',#6374,#6379,#1583,.T.);
#7425=EDGE_CURVE('',#6379,#6380,#7892,.T.);
#7426=EDGE_CURVE('',#6381,#6380,#1584,.T.);
#7427=EDGE_CURVE('',#6382,#6381,#7893,.T.);
#7428=EDGE_CURVE('',#6367,#6382,#1585,.T.);
#7429=EDGE_CURVE('',#6331,#6379,#1586,.T.);
#7430=EDGE_CURVE('',#6380,#6330,#1587,.T.);
#7431=EDGE_CURVE('',#6329,#6381,#1588,.T.);
#7432=EDGE_CURVE('',#6382,#6328,#1589,.T.);
#7433=EDGE_CURVE('',#6333,#6377,#1590,.T.);
#7434=EDGE_CURVE('',#6378,#6332,#1591,.T.);
#7435=EDGE_CURVE('',#6326,#6375,#1592,.T.);
#7436=EDGE_CURVE('',#6376,#6327,#1593,.T.);
#7437=EDGE_CURVE('',#6383,#6383,#7894,.T.);
#7438=EDGE_CURVE('',#6384,#6384,#7895,.T.);
#7439=EDGE_CURVE('',#6385,#6385,#7896,.T.);
#7440=EDGE_CURVE('',#6386,#6386,#7897,.T.);
#7441=EDGE_CURVE('',#6387,#6387,#7898,.T.);
#7442=EDGE_CURVE('',#6388,#6389,#1594,.T.);
#7443=EDGE_CURVE('',#6390,#6388,#1595,.T.);
#7444=EDGE_CURVE('',#6391,#6390,#1596,.T.);
#7445=EDGE_CURVE('',#6392,#6391,#1597,.T.);
#7446=EDGE_CURVE('',#6393,#6392,#1598,.T.);
#7447=EDGE_CURVE('',#6389,#6393,#1599,.T.);
#7448=EDGE_CURVE('',#6388,#6394,#1600,.T.);
#7449=EDGE_CURVE('',#6394,#6395,#1601,.T.);
#7450=EDGE_CURVE('',#6390,#6395,#1602,.T.);
#7451=EDGE_CURVE('',#6395,#6396,#1603,.T.);
#7452=EDGE_CURVE('',#6391,#6396,#1604,.T.);
#7453=EDGE_CURVE('',#6396,#6397,#1605,.T.);
#7454=EDGE_CURVE('',#6392,#6397,#1606,.T.);
#7455=EDGE_CURVE('',#6397,#6398,#1607,.T.);
#7456=EDGE_CURVE('',#6393,#6398,#1608,.T.);
#7457=EDGE_CURVE('',#6398,#6399,#1609,.T.);
#7458=EDGE_CURVE('',#6389,#6399,#1610,.T.);
#7459=EDGE_CURVE('',#6399,#6394,#1611,.T.);
#7460=EDGE_CURVE('',#6400,#6400,#7899,.T.);
#7461=EDGE_CURVE('',#6401,#6401,#7900,.T.);
#7462=EDGE_CURVE('',#6355,#6358,#1612,.T.);
#7463=EDGE_CURVE('',#6402,#6321,#1613,.T.);
#7464=EDGE_CURVE('',#6322,#6403,#1614,.T.);
#7465=EDGE_CURVE('',#6403,#6402,#1615,.T.);
#7466=EDGE_CURVE('',#6404,#6324,#1616,.T.);
#7467=EDGE_CURVE('',#6403,#6404,#1617,.T.);
#7468=EDGE_CURVE('',#6323,#6405,#1618,.T.);
#7469=EDGE_CURVE('',#6404,#6405,#1619,.T.);
#7470=EDGE_CURVE('',#6406,#6407,#1620,.T.);
#7471=EDGE_CURVE('',#6407,#6066,#1621,.T.);
#7472=EDGE_CURVE('',#6065,#6406,#1622,.T.);
#7473=EDGE_CURVE('',#6408,#6409,#1623,.T.);
#7474=EDGE_CURVE('',#6409,#6064,#1624,.T.);
#7475=EDGE_CURVE('',#6063,#6408,#1625,.T.);
#7476=EDGE_CURVE('',#6061,#6410,#1626,.T.);
#7477=EDGE_CURVE('',#6410,#6411,#1627,.T.);
#7478=EDGE_CURVE('',#6411,#6062,#1628,.T.);
#7479=EDGE_CURVE('',#6412,#6413,#1629,.T.);
#7480=EDGE_CURVE('',#6413,#6060,#1630,.T.);
#7481=EDGE_CURVE('',#6059,#6412,#1631,.T.);
#7482=EDGE_CURVE('',#6414,#6415,#1632,.T.);
#7483=EDGE_CURVE('',#6415,#6058,#1633,.T.);
#7484=EDGE_CURVE('',#6057,#6416,#1634,.T.);
#7485=EDGE_CURVE('',#6417,#6416,#1635,.T.);
#7486=EDGE_CURVE('',#6417,#6418,#1636,.T.);
#7487=EDGE_CURVE('',#6419,#6418,#1637,.T.);
#7488=EDGE_CURVE('',#6419,#6414,#1638,.T.);
#7489=EDGE_CURVE('',#6420,#6421,#1639,.T.);
#7490=EDGE_CURVE('',#6421,#6422,#1640,.T.);
#7491=EDGE_CURVE('',#6422,#6423,#1641,.T.);
#7492=EDGE_CURVE('',#6423,#6420,#1642,.T.);
#7493=EDGE_CURVE('',#6069,#6424,#1643,.T.);
#7494=EDGE_CURVE('',#6424,#6425,#1644,.T.);
#7495=EDGE_CURVE('',#6425,#6426,#1645,.T.);
#7496=EDGE_CURVE('',#6427,#6426,#1646,.T.);
#7497=EDGE_CURVE('',#6427,#6428,#1647,.T.);
#7498=EDGE_CURVE('',#6429,#6428,#1648,.T.);
#7499=EDGE_CURVE('',#6429,#6054,#1649,.T.);
#7500=EDGE_CURVE('',#6067,#6430,#1650,.T.);
#7501=EDGE_CURVE('',#6430,#6431,#1651,.T.);
#7502=EDGE_CURVE('',#6431,#6068,#1652,.T.);
#7503=EDGE_CURVE('',#6432,#6433,#1653,.T.);
#7504=EDGE_CURVE('',#6433,#6434,#372,.T.);
#7505=EDGE_CURVE('',#6434,#6435,#1654,.T.);
#7506=EDGE_CURVE('',#6435,#6436,#373,.T.);
#7507=EDGE_CURVE('',#6436,#6437,#1655,.T.);
#7508=EDGE_CURVE('',#6437,#6438,#374,.T.);
#7509=EDGE_CURVE('',#6438,#6439,#1656,.T.);
#7510=EDGE_CURVE('',#6439,#6440,#375,.T.);
#7511=EDGE_CURVE('',#6440,#6441,#1657,.T.);
#7512=EDGE_CURVE('',#6441,#6442,#376,.T.);
#7513=EDGE_CURVE('',#6442,#6443,#1658,.T.);
#7514=EDGE_CURVE('',#6443,#6444,#377,.T.);
#7515=EDGE_CURVE('',#6444,#6445,#1659,.T.);
#7516=EDGE_CURVE('',#6445,#6446,#378,.T.);
#7517=EDGE_CURVE('',#6446,#6447,#1660,.T.);
#7518=EDGE_CURVE('',#6447,#6432,#379,.T.);
#7519=EDGE_CURVE('',#6422,#6419,#7901,.T.);
#7520=EDGE_CURVE('',#6418,#6448,#7902,.T.);
#7521=EDGE_CURVE('',#6449,#6448,#1661,.T.);
#7522=EDGE_CURVE('',#6449,#6427,#7903,.T.);
#7523=EDGE_CURVE('',#6426,#6423,#7904,.T.);
#7524=EDGE_CURVE('',#6405,#6402,#1662,.T.);
#7525=EDGE_CURVE('',#6450,#6451,#1663,.T.);
#7526=EDGE_CURVE('',#6450,#6056,#1664,.T.);
#7527=EDGE_CURVE('',#6055,#6451,#1665,.T.);
#7528=EDGE_CURVE('',#6448,#6452,#1666,.T.);
#7529=EDGE_CURVE('',#6417,#6452,#7905,.T.);
#7530=EDGE_CURVE('',#6453,#6449,#1667,.T.);
#7531=EDGE_CURVE('',#6428,#6453,#7906,.T.);
#7532=EDGE_CURVE('',#6453,#6452,#1668,.T.);
#7533=EDGE_CURVE('',#6416,#6450,#7907,.T.);
#7534=EDGE_CURVE('',#6451,#6429,#7908,.T.);
#7535=EDGE_CURVE('',#6444,#6454,#1669,.T.);
#7536=EDGE_CURVE('',#6454,#6409,#380,.T.);
#7537=EDGE_CURVE('',#6408,#6455,#381,.T.);
#7538=EDGE_CURVE('',#6455,#6445,#1670,.T.);
#7539=EDGE_CURVE('',#6410,#6456,#382,.T.);
#7540=EDGE_CURVE('',#6456,#6447,#1671,.T.);
#7541=EDGE_CURVE('',#6446,#6457,#1672,.T.);
#7542=EDGE_CURVE('',#6457,#6411,#383,.T.);
#7543=EDGE_CURVE('',#6406,#6458,#384,.T.);
#7544=EDGE_CURVE('',#6458,#6443,#1673,.T.);
#7545=EDGE_CURVE('',#6442,#6459,#1674,.T.);
#7546=EDGE_CURVE('',#6459,#6407,#385,.T.);
#7547=EDGE_CURVE('',#6412,#6460,#386,.T.);
#7548=EDGE_CURVE('',#6460,#6433,#1675,.T.);
#7549=EDGE_CURVE('',#6432,#6461,#1676,.T.);
#7550=EDGE_CURVE('',#6461,#6413,#387,.T.);
#7551=EDGE_CURVE('',#6440,#6462,#1677,.T.);
#7552=EDGE_CURVE('',#6462,#6431,#388,.T.);
#7553=EDGE_CURVE('',#6430,#6463,#389,.T.);
#7554=EDGE_CURVE('',#6463,#6441,#1678,.T.);
#7555=EDGE_CURVE('',#6434,#6464,#1679,.T.);
#7556=EDGE_CURVE('',#6464,#6415,#390,.T.);
#7557=EDGE_CURVE('',#6414,#6465,#391,.T.);
#7558=EDGE_CURVE('',#6465,#6435,#1680,.T.);
#7559=EDGE_CURVE('',#6438,#6466,#1681,.T.);
#7560=EDGE_CURVE('',#6466,#6425,#392,.T.);
#7561=EDGE_CURVE('',#6424,#6467,#393,.T.);
#7562=EDGE_CURVE('',#6467,#6439,#1682,.T.);
#7563=EDGE_CURVE('',#6436,#6468,#1683,.T.);
#7564=EDGE_CURVE('',#6468,#6421,#394,.T.);
#7565=EDGE_CURVE('',#6420,#6469,#395,.T.);
#7566=EDGE_CURVE('',#6469,#6437,#1684,.T.);
#7567=EDGE_CURVE('',#6468,#6465,#396,.T.);
#7568=EDGE_CURVE('',#6466,#6469,#397,.T.);
#7569=EDGE_CURVE('',#6459,#6463,#398,.T.);
#7570=EDGE_CURVE('',#6462,#6467,#399,.T.);
#7571=EDGE_CURVE('',#6461,#6456,#400,.T.);
#7572=EDGE_CURVE('',#6464,#6460,#401,.T.);
#7573=EDGE_CURVE('',#6454,#6458,#402,.T.);
#7574=EDGE_CURVE('',#6457,#6455,#403,.T.);
#7575=CIRCLE('',#7910,1.6);
#7576=CIRCLE('',#7911,1.6);
#7577=CIRCLE('',#7912,1.75);
#7578=CIRCLE('',#7913,1.75);
#7579=CIRCLE('',#7915,0.5);
#7580=CIRCLE('',#7916,0.5);
#7581=CIRCLE('',#7918,0.5);
#7582=CIRCLE('',#7919,0.5);
#7583=CIRCLE('',#7921,1.5);
#7584=CIRCLE('',#7923,1.5);
#7585=CIRCLE('',#7925,1.);
#7586=CIRCLE('',#7926,1.);
#7587=CIRCLE('',#7929,0.5);
#7588=CIRCLE('',#7930,0.5);
#7589=CIRCLE('',#7932,1.6);
#7590=CIRCLE('',#7933,1.6);
#7591=CIRCLE('',#7935,1.);
#7592=CIRCLE('',#7936,1.);
#7593=CIRCLE('',#7941,1.5);
#7594=CIRCLE('',#7942,1.5);
#7595=CIRCLE('',#7949,0.5);
#7596=CIRCLE('',#7951,0.5);
#7597=CIRCLE('',#7952,0.5);
#7598=CIRCLE('',#7955,0.5);
#7599=CIRCLE('',#7957,0.5);
#7600=CIRCLE('',#7960,0.5);
#7601=CIRCLE('',#7962,0.5);
#7602=CIRCLE('',#7963,0.5);
#7603=CIRCLE('',#7964,0.75);
#7604=CIRCLE('',#7966,0.75);
#7605=CIRCLE('',#7969,0.75);
#7606=CIRCLE('',#7971,0.75);
#7607=CIRCLE('',#7977,0.5);
#7608=CIRCLE('',#7979,0.5);
#7609=CIRCLE('',#7994,1.75);
#7610=CIRCLE('',#7996,1.75);
#7611=CIRCLE('',#7999,0.5);
#7612=CIRCLE('',#8000,0.5);
#7613=CIRCLE('',#8002,0.5);
#7614=CIRCLE('',#8005,0.5);
#7615=CIRCLE('',#8007,0.5);
#7616=CIRCLE('',#8009,0.5);
#7617=CIRCLE('',#8010,0.5);
#7618=CIRCLE('',#8012,0.5);
#7619=CIRCLE('',#8014,0.5);
#7620=CIRCLE('',#8016,0.5);
#7621=CIRCLE('',#8018,0.5);
#7622=CIRCLE('',#8021,0.5);
#7623=CIRCLE('',#8022,0.5);
#7624=CIRCLE('',#8024,0.5);
#7625=CIRCLE('',#8026,0.5);
#7626=CIRCLE('',#8028,0.5);
#7627=CIRCLE('',#8030,0.5);
#7628=CIRCLE('',#8032,0.5);
#7629=CIRCLE('',#8034,0.5);
#7630=CIRCLE('',#8036,0.5);
#7631=CIRCLE('',#8039,0.5);
#7632=CIRCLE('',#8041,0.5);
#7633=CIRCLE('',#8043,0.5);
#7634=CIRCLE('',#8045,0.5);
#7635=CIRCLE('',#8047,0.5);
#7636=CIRCLE('',#8049,0.5);
#7637=CIRCLE('',#8052,0.2);
#7638=CIRCLE('',#8053,0.2);
#7639=CIRCLE('',#8055,0.2);
#7640=CIRCLE('',#8056,0.2);
#7641=CIRCLE('',#8058,0.2);
#7642=CIRCLE('',#8059,0.2);
#7643=CIRCLE('',#8063,0.2);
#7644=CIRCLE('',#8065,0.2);
#7645=CIRCLE('',#8069,0.2);
#7646=CIRCLE('',#8070,0.2);
#7647=CIRCLE('',#8072,0.2);
#7648=CIRCLE('',#8073,0.2);
#7649=CIRCLE('',#8074,0.2);
#7650=CIRCLE('',#8076,0.2);
#7651=CIRCLE('',#8077,0.2);
#7652=CIRCLE('',#8079,0.2);
#7653=CIRCLE('',#8080,0.2);
#7654=CIRCLE('',#8084,0.2);
#7655=CIRCLE('',#8086,0.2);
#7656=CIRCLE('',#8087,0.2);
#7657=CIRCLE('',#8089,0.2);
#7658=CIRCLE('',#8093,0.2);
#7659=CIRCLE('',#8095,0.2);
#7660=CIRCLE('',#8096,0.2);
#7661=CIRCLE('',#8098,0.2);
#7662=CIRCLE('',#8100,0.2);
#7663=CIRCLE('',#8101,0.2);
#7664=CIRCLE('',#8107,0.2);
#7665=CIRCLE('',#8109,0.2);
#7666=CIRCLE('',#8110,0.2);
#7667=CIRCLE('',#8112,0.75);
#7668=CIRCLE('',#8115,0.75);
#7669=CIRCLE('',#8118,0.75);
#7670=CIRCLE('',#8121,0.75);
#7671=CIRCLE('',#8125,1.75);
#7672=CIRCLE('',#8126,1.75);
#7673=CIRCLE('',#8129,16.2);
#7674=CIRCLE('',#8130,16.);
#7675=CIRCLE('',#8132,16.);
#7676=CIRCLE('',#8133,16.2);
#7677=CIRCLE('',#8137,0.1);
#7678=CIRCLE('',#8138,0.3);
#7679=CIRCLE('',#8140,0.1);
#7680=CIRCLE('',#8141,0.3);
#7681=CIRCLE('',#8153,1.5);
#7682=CIRCLE('',#8155,1.5);
#7683=CIRCLE('',#8157,1.);
#7684=CIRCLE('',#8158,1.);
#7685=CIRCLE('',#8161,1.6);
#7686=CIRCLE('',#8162,1.6);
#7687=CIRCLE('',#8163,0.5);
#7688=CIRCLE('',#8164,0.5);
#7689=CIRCLE('',#8166,1.6);
#7690=CIRCLE('',#8167,1.6);
#7691=CIRCLE('',#8168,0.5);
#7692=CIRCLE('',#8169,0.5);
#7693=CIRCLE('',#8171,1.);
#7694=CIRCLE('',#8172,1.);
#7695=CIRCLE('',#8183,16.2);
#7696=CIRCLE('',#8184,16.);
#7697=CIRCLE('',#8186,16.);
#7698=CIRCLE('',#8187,16.2);
#7699=CIRCLE('',#8191,0.1);
#7700=CIRCLE('',#8193,0.1);
#7701=CIRCLE('',#8201,1.5);
#7702=CIRCLE('',#8202,1.5);
#7703=CIRCLE('',#8204,1.3);
#7704=CIRCLE('',#8205,1.5);
#7705=CIRCLE('',#8207,1.4);
#7706=CIRCLE('',#8208,0.1);
#7707=CIRCLE('',#8209,1.3);
#7708=CIRCLE('',#8210,0.1);
#7709=CIRCLE('',#8213,1.3);
#7710=CIRCLE('',#8215,3.45);
#7711=CIRCLE('',#8216,3.45);
#7712=CIRCLE('',#8218,0.850999999999935);
#7713=CIRCLE('',#8219,0.851000000004376);
#7714=CIRCLE('',#8220,0.850999999999935);
#7715=CIRCLE('',#8221,0.851000000004376);
#7716=CIRCLE('',#8222,0.850999999999935);
#7717=CIRCLE('',#8224,1.4);
#7718=CIRCLE('',#8225,3.45);
#7719=CIRCLE('',#8227,3.45);
#7720=CIRCLE('',#8229,4.57108028807196);
#7721=CIRCLE('',#8230,0.95103827477061);
#7722=CIRCLE('',#8231,4.57108028807196);
#7723=CIRCLE('',#8232,4.58284687056505);
#7724=CIRCLE('',#8233,4.57108028807196);
#7725=CIRCLE('',#8234,0.95103827477061);
#7726=CIRCLE('',#8235,4.57108028807196);
#7727=CIRCLE('',#8236,4.57108028807196);
#7728=CIRCLE('',#8237,0.95103827477061);
#7729=CIRCLE('',#8238,4.57108028807196);
#7730=CIRCLE('',#8239,4.58284687056505);
#7731=CIRCLE('',#8240,4.57108028807196);
#7732=CIRCLE('',#8241,0.95103827477061);
#7733=CIRCLE('',#8242,4.57108028807196);
#7734=CIRCLE('',#8257,0.850999999999935);
#7735=CIRCLE('',#8259,0.851000000004376);
#7736=CIRCLE('',#8262,0.850999999999935);
#7737=CIRCLE('',#8264,0.851000000004376);
#7738=CIRCLE('',#8266,0.850999999999935);
#7739=CIRCLE('',#8270,1.3);
#7740=CIRCLE('',#8272,1.5);
#7741=CIRCLE('',#8276,3.);
#7742=CIRCLE('',#8278,0.3);
#7743=CIRCLE('',#8279,0.3);
#7744=CIRCLE('',#8280,0.3);
#7745=CIRCLE('',#8281,0.3);
#7746=CIRCLE('',#8282,0.3);
#7747=CIRCLE('',#8283,0.3);
#7748=CIRCLE('',#8284,0.3);
#7749=CIRCLE('',#8285,0.3);
#7750=CIRCLE('',#8286,0.1);
#7751=CIRCLE('',#8287,0.4);
#7752=CIRCLE('',#8288,0.1);
#7753=CIRCLE('',#8289,0.1);
#7754=CIRCLE('',#8290,0.1);
#7755=CIRCLE('',#8291,0.1);
#7756=CIRCLE('',#8292,0.4);
#7757=CIRCLE('',#8293,0.1);
#7758=CIRCLE('',#8295,3.);
#7759=CIRCLE('',#8296,1.3);
#7760=CIRCLE('',#8297,1.3);
#7761=CIRCLE('',#8298,1.3);
#7762=CIRCLE('',#8299,1.3);
#7763=CIRCLE('',#8301,0.4);
#7764=CIRCLE('',#8302,0.4);
#7765=CIRCLE('',#8305,0.4);
#7766=CIRCLE('',#8306,0.4);
#7767=CIRCLE('',#8309,0.1);
#7768=CIRCLE('',#8310,0.1);
#7769=CIRCLE('',#8313,0.4);
#7770=CIRCLE('',#8314,0.4);
#7771=CIRCLE('',#8317,0.4);
#7772=CIRCLE('',#8318,0.4);
#7773=CIRCLE('',#8321,0.1);
#7774=CIRCLE('',#8322,0.1);
#7775=CIRCLE('',#8325,0.4);
#7776=CIRCLE('',#8326,0.4);
#7777=CIRCLE('',#8329,0.4);
#7778=CIRCLE('',#8330,0.4);
#7779=CIRCLE('',#8332,1.75);
#7780=CIRCLE('',#8333,0.5);
#7781=CIRCLE('',#8334,0.5);
#7782=CIRCLE('',#8336,0.4);
#7783=CIRCLE('',#8337,0.4);
#7784=CIRCLE('',#8339,0.4);
#7785=CIRCLE('',#8341,0.4);
#7786=CIRCLE('',#8343,0.4);
#7787=CIRCLE('',#8345,0.4);
#7788=CIRCLE('',#8347,0.4);
#7789=CIRCLE('',#8349,0.4);
#7790=CIRCLE('',#8351,0.4);
#7791=CIRCLE('',#8353,0.4);
#7792=CIRCLE('',#8355,0.4);
#7793=CIRCLE('',#8357,0.4);
#7794=CIRCLE('',#8359,0.4);
#7795=CIRCLE('',#8361,0.4);
#7796=CIRCLE('',#8363,0.4);
#7797=CIRCLE('',#8365,0.4);
#7798=CIRCLE('',#8368,1.75);
#7799=CIRCLE('',#8373,0.741421356237307);
#7800=CIRCLE('',#8374,0.741421356237308);
#7801=CIRCLE('',#8375,0.741421356237308);
#7802=CIRCLE('',#8376,0.741421356237308);
#7803=CIRCLE('',#8377,1.03229670385731);
#7804=CIRCLE('',#8378,1.03229670385731);
#7805=CIRCLE('',#8379,1.03229670385731);
#7806=CIRCLE('',#8380,1.03229670385731);
#7807=CIRCLE('',#8384,0.1);
#7808=CIRCLE('',#8385,0.1);
#7809=CIRCLE('',#8386,0.1);
#7810=CIRCLE('',#8387,0.1);
#7811=CIRCLE('',#8389,1.3);
#7812=CIRCLE('',#8391,1.3);
#7813=CIRCLE('',#8393,1.3);
#7814=CIRCLE('',#8395,1.3);
#7815=CIRCLE('',#8397,1.12514437294582);
#7816=CIRCLE('',#8401,1.12514437294584);
#7817=CIRCLE('',#8403,1.12514437294584);
#7818=CIRCLE('',#8407,1.12514437294582);
#7819=CIRCLE('',#8409,0.670710678118653);
#7820=CIRCLE('',#8413,0.670710678118649);
#7821=CIRCLE('',#8415,0.670710678118649);
#7822=CIRCLE('',#8419,0.670710678118653);
#7823=CIRCLE('',#8421,0.1);
#7824=CIRCLE('',#8422,0.1);
#7825=CIRCLE('',#8424,0.1);
#7826=CIRCLE('',#8426,0.1);
#7827=CIRCLE('',#8428,0.1);
#7828=CIRCLE('',#8430,0.1);
#7829=CIRCLE('',#8432,0.1);
#7830=CIRCLE('',#8434,0.1);
#7831=CIRCLE('',#8437,0.1);
#7832=CIRCLE('',#8438,0.1);
#7833=CIRCLE('',#8440,0.1);
#7834=CIRCLE('',#8442,0.1);
#7835=CIRCLE('',#8444,0.1);
#7836=CIRCLE('',#8446,0.1);
#7837=CIRCLE('',#8448,0.1);
#7838=CIRCLE('',#8450,0.1);
#7839=CIRCLE('',#8454,25.);
#7840=CIRCLE('',#8455,6.05);
#7841=CIRCLE('',#8456,6.05);
#7842=CIRCLE('',#8457,25.);
#7843=CIRCLE('',#8460,25.);
#7844=CIRCLE('',#8462,25.);
#7845=CIRCLE('',#8464,6.05);
#7846=CIRCLE('',#8468,6.05);
#7847=CIRCLE('',#8478,0.2);
#7848=CIRCLE('',#8479,0.2);
#7849=CIRCLE('',#8480,0.1);
#7850=CIRCLE('',#8481,0.4);
#7851=CIRCLE('',#8482,0.1);
#7852=CIRCLE('',#8483,0.1);
#7853=CIRCLE('',#8484,0.4);
#7854=CIRCLE('',#8485,0.1);
#7855=CIRCLE('',#8487,25.);
#7856=CIRCLE('',#8488,25.);
#7857=CIRCLE('',#8489,25.);
#7858=CIRCLE('',#8494,25.);
#7859=CIRCLE('',#8503,2.1);
#7860=CIRCLE('',#8507,0.4);
#7861=CIRCLE('',#8508,0.4);
#7862=CIRCLE('',#8509,0.2);
#7863=CIRCLE('',#8510,0.2);
#7864=CIRCLE('',#8513,0.4);
#7865=CIRCLE('',#8514,0.4);
#7866=CIRCLE('',#8540,2.5);
#7867=CIRCLE('',#8541,0.5);
#7868=CIRCLE('',#8542,0.5);
#7869=CIRCLE('',#8543,0.5);
#7870=CIRCLE('',#8544,0.5);
#7871=CIRCLE('',#8550,0.4);
#7872=CIRCLE('',#8551,0.1);
#7873=CIRCLE('',#8553,0.4);
#7874=CIRCLE('',#8556,0.1);
#7875=CIRCLE('',#8558,0.1);
#7876=CIRCLE('',#8565,0.1);
#7877=CIRCLE('',#8567,0.4);
#7878=CIRCLE('',#8568,0.1);
#7879=CIRCLE('',#8570,0.4);
#7880=CIRCLE('',#8577,0.1);
#7881=CIRCLE('',#8579,2.5);
#7882=CIRCLE('',#8590,0.5);
#7883=CIRCLE('',#8591,0.5);
#7884=CIRCLE('',#8593,0.5);
#7885=CIRCLE('',#8594,0.5);
#7886=CIRCLE('',#8596,0.5);
#7887=CIRCLE('',#8597,0.5);
#7888=CIRCLE('',#8599,0.5);
#7889=CIRCLE('',#8601,0.5);
#7890=CIRCLE('',#8603,0.5);
#7891=CIRCLE('',#8604,0.5);
#7892=CIRCLE('',#8606,0.5);
#7893=CIRCLE('',#8607,0.5);
#7894=CIRCLE('',#8617,2.1);
#7895=CIRCLE('',#8620,3.);
#7896=CIRCLE('',#8622,1.35);
#7897=CIRCLE('',#8623,2.1);
#7898=CIRCLE('',#8625,2.);
#7899=CIRCLE('',#8634,1.35);
#7900=CIRCLE('',#8637,2.1);
#7901=CIRCLE('',#8662,0.3);
#7902=CIRCLE('',#8663,0.15);
#7903=CIRCLE('',#8664,0.15);
#7904=CIRCLE('',#8665,0.3);
#7905=CIRCLE('',#8668,0.15);
#7906=CIRCLE('',#8670,0.15);
#7907=CIRCLE('',#8673,0.3);
#7908=CIRCLE('',#8674,0.3);
#7909=AXIS2_PLACEMENT_3D('',#11047,#8727,#8728);
#7910=AXIS2_PLACEMENT_3D('',#11048,#8729,#8730);
#7911=AXIS2_PLACEMENT_3D('',#11051,#8731,#8732);
#7912=AXIS2_PLACEMENT_3D('',#11052,#8733,#8734);
#7913=AXIS2_PLACEMENT_3D('',#11055,#8735,#8736);
#7914=AXIS2_PLACEMENT_3D('',#11056,#8737,#8738);
#7915=AXIS2_PLACEMENT_3D('',#11057,#8739,#8740);
#7916=AXIS2_PLACEMENT_3D('',#11066,#8744,#8745);
#7917=AXIS2_PLACEMENT_3D('',#11069,#8747,#8748);
#7918=AXIS2_PLACEMENT_3D('',#11073,#8750,#8751);
#7919=AXIS2_PLACEMENT_3D('',#11077,#8753,#8754);
#7920=AXIS2_PLACEMENT_3D('',#11082,#8757,#8758);
#7921=AXIS2_PLACEMENT_3D('',#11093,#8764,#8765);
#7922=AXIS2_PLACEMENT_3D('',#11094,#8766,#8767);
#7923=AXIS2_PLACEMENT_3D('',#11099,#8770,#8771);
#7924=AXIS2_PLACEMENT_3D('',#11106,#8775,#8776);
#7925=AXIS2_PLACEMENT_3D('',#11107,#8777,#8778);
#7926=AXIS2_PLACEMENT_3D('',#11111,#8780,#8781);
#7927=AXIS2_PLACEMENT_3D('',#11113,#8783,#8784);
#7928=AXIS2_PLACEMENT_3D('',#11132,#8795,#8796);
#7929=AXIS2_PLACEMENT_3D('',#11135,#8798,#8799);
#7930=AXIS2_PLACEMENT_3D('',#11137,#8801,#8802);
#7931=AXIS2_PLACEMENT_3D('',#11145,#8807,#8808);
#7932=AXIS2_PLACEMENT_3D('',#11214,#8815,#8816);
#7933=AXIS2_PLACEMENT_3D('',#11217,#8817,#8818);
#7934=AXIS2_PLACEMENT_3D('',#11218,#8819,#8820);
#7935=AXIS2_PLACEMENT_3D('',#11222,#8822,#8823);
#7936=AXIS2_PLACEMENT_3D('',#11223,#8824,#8825);
#7937=AXIS2_PLACEMENT_3D('',#11224,#8826,#8827);
#7938=AXIS2_PLACEMENT_3D('',#11227,#8830,#8831);
#7939=AXIS2_PLACEMENT_3D('',#11230,#8834,#8835);
#7940=AXIS2_PLACEMENT_3D('',#11231,#8836,#8837);
#7941=AXIS2_PLACEMENT_3D('',#11232,#8838,#8839);
#7942=AXIS2_PLACEMENT_3D('',#11234,#8840,#8841);
#7943=AXIS2_PLACEMENT_3D('',#11316,#8844,#8845);
#7944=AXIS2_PLACEMENT_3D('',#11317,#8846,#8847);
#7945=AXIS2_PLACEMENT_3D('',#11318,#8848,#8849);
#7946=AXIS2_PLACEMENT_3D('',#11319,#8850,#8851);
#7947=AXIS2_PLACEMENT_3D('',#11320,#8852,#8853);
#7948=AXIS2_PLACEMENT_3D('',#11330,#8854,#8855);
#7949=AXIS2_PLACEMENT_3D('',#11332,#8856,#8857);
#7950=AXIS2_PLACEMENT_3D('',#11334,#8858,#8859);
#7951=AXIS2_PLACEMENT_3D('',#11336,#8860,#8861);
#7952=AXIS2_PLACEMENT_3D('',#11353,#8864,#8865);
#7953=AXIS2_PLACEMENT_3D('',#11354,#8866,#8867);
#7954=AXIS2_PLACEMENT_3D('',#11363,#8868,#8869);
#7955=AXIS2_PLACEMENT_3D('',#11365,#8870,#8871);
#7956=AXIS2_PLACEMENT_3D('',#11367,#8872,#8873);
#7957=AXIS2_PLACEMENT_3D('',#11380,#8874,#8875);
#7958=AXIS2_PLACEMENT_3D('',#11382,#8876,#8877);
#7959=AXIS2_PLACEMENT_3D('',#11386,#8879,#8880);
#7960=AXIS2_PLACEMENT_3D('',#11387,#8881,#8882);
#7961=AXIS2_PLACEMENT_3D('',#11390,#8884,#8885);
#7962=AXIS2_PLACEMENT_3D('',#11391,#8886,#8887);
#7963=AXIS2_PLACEMENT_3D('',#11393,#8888,#8889);
#7964=AXIS2_PLACEMENT_3D('',#11397,#8891,#8892);
#7965=AXIS2_PLACEMENT_3D('',#11402,#8895,#8896);
#7966=AXIS2_PLACEMENT_3D('',#11406,#8898,#8899);
#7967=AXIS2_PLACEMENT_3D('',#11410,#8901,#8902);
#7968=AXIS2_PLACEMENT_3D('',#11414,#8904,#8905);
#7969=AXIS2_PLACEMENT_3D('',#11418,#8907,#8908);
#7970=AXIS2_PLACEMENT_3D('',#11422,#8910,#8911);
#7971=AXIS2_PLACEMENT_3D('',#11427,#8914,#8915);
#7972=AXIS2_PLACEMENT_3D('',#11430,#8917,#8918);
#7973=AXIS2_PLACEMENT_3D('',#11432,#8920,#8921);
#7974=AXIS2_PLACEMENT_3D('',#11438,#8925,#8926);
#7975=AXIS2_PLACEMENT_3D('',#11445,#8931,#8932);
#7976=AXIS2_PLACEMENT_3D('',#11446,#8933,#8934);
#7977=AXIS2_PLACEMENT_3D('',#11447,#8935,#8936);
#7978=AXIS2_PLACEMENT_3D('',#11450,#8938,#8939);
#7979=AXIS2_PLACEMENT_3D('',#11453,#8941,#8942);
#7980=AXIS2_PLACEMENT_3D('',#11454,#8943,#8944);
#7981=AXIS2_PLACEMENT_3D('',#11461,#8949,#8950);
#7982=AXIS2_PLACEMENT_3D('',#11470,#8955,#8956);
#7983=AXIS2_PLACEMENT_3D('',#11479,#8961,#8962);
#7984=AXIS2_PLACEMENT_3D('',#11488,#8967,#8968);
#7985=AXIS2_PLACEMENT_3D('',#11497,#8973,#8974);
#7986=AXIS2_PLACEMENT_3D('',#11506,#8979,#8980);
#7987=AXIS2_PLACEMENT_3D('',#11515,#8985,#8986);
#7988=AXIS2_PLACEMENT_3D('',#11524,#8991,#8992);
#7989=AXIS2_PLACEMENT_3D('',#11532,#8997,#8998);
#7990=AXIS2_PLACEMENT_3D('',#11540,#9003,#9004);
#7991=AXIS2_PLACEMENT_3D('',#11549,#9009,#9010);
#7992=AXIS2_PLACEMENT_3D('',#11558,#9015,#9016);
#7993=AXIS2_PLACEMENT_3D('',#11564,#9020,#9021);
#7994=AXIS2_PLACEMENT_3D('',#11577,#9028,#9029);
#7995=AXIS2_PLACEMENT_3D('',#11579,#9030,#9031);
#7996=AXIS2_PLACEMENT_3D('',#11592,#9038,#9039);
#7997=AXIS2_PLACEMENT_3D('',#11594,#9040,#9041);
#7998=AXIS2_PLACEMENT_3D('',#11595,#9042,#9043);
#7999=AXIS2_PLACEMENT_3D('',#11606,#9044,#9045);
#8000=AXIS2_PLACEMENT_3D('',#11607,#9046,#9047);
#8001=AXIS2_PLACEMENT_3D('',#11608,#9048,#9049);
#8002=AXIS2_PLACEMENT_3D('',#11609,#9050,#9051);
#8003=AXIS2_PLACEMENT_3D('',#11610,#9052,#9053);
#8004=AXIS2_PLACEMENT_3D('',#11623,#9054,#9055);
#8005=AXIS2_PLACEMENT_3D('',#11624,#9056,#9057);
#8006=AXIS2_PLACEMENT_3D('',#11637,#9058,#9059);
#8007=AXIS2_PLACEMENT_3D('',#11638,#9060,#9061);
#8008=AXIS2_PLACEMENT_3D('',#11639,#9062,#9063);
#8009=AXIS2_PLACEMENT_3D('',#11640,#9064,#9065);
#8010=AXIS2_PLACEMENT_3D('',#11641,#9066,#9067);
#8011=AXIS2_PLACEMENT_3D('',#11642,#9068,#9069);
#8012=AXIS2_PLACEMENT_3D('',#11643,#9070,#9071);
#8013=AXIS2_PLACEMENT_3D('',#11644,#9072,#9073);
#8014=AXIS2_PLACEMENT_3D('',#11645,#9074,#9075);
#8015=AXIS2_PLACEMENT_3D('',#11646,#9076,#9077);
#8016=AXIS2_PLACEMENT_3D('',#11647,#9078,#9079);
#8017=AXIS2_PLACEMENT_3D('',#11648,#9080,#9081);
#8018=AXIS2_PLACEMENT_3D('',#11649,#9082,#9083);
#8019=AXIS2_PLACEMENT_3D('',#11650,#9084,#9085);
#8020=AXIS2_PLACEMENT_3D('',#11651,#9086,#9087);
#8021=AXIS2_PLACEMENT_3D('',#11652,#9088,#9089);
#8022=AXIS2_PLACEMENT_3D('',#11665,#9090,#9091);
#8023=AXIS2_PLACEMENT_3D('',#11666,#9092,#9093);
#8024=AXIS2_PLACEMENT_3D('',#11667,#9094,#9095);
#8025=AXIS2_PLACEMENT_3D('',#11668,#9096,#9097);
#8026=AXIS2_PLACEMENT_3D('',#11669,#9098,#9099);
#8027=AXIS2_PLACEMENT_3D('',#11670,#9100,#9101);
#8028=AXIS2_PLACEMENT_3D('',#11671,#9102,#9103);
#8029=AXIS2_PLACEMENT_3D('',#11672,#9104,#9105);
#8030=AXIS2_PLACEMENT_3D('',#11683,#9106,#9107);
#8031=AXIS2_PLACEMENT_3D('',#11684,#9108,#9109);
#8032=AXIS2_PLACEMENT_3D('',#11685,#9110,#9111);
#8033=AXIS2_PLACEMENT_3D('',#11686,#9112,#9113);
#8034=AXIS2_PLACEMENT_3D('',#11687,#9114,#9115);
#8035=AXIS2_PLACEMENT_3D('',#11688,#9116,#9117);
#8036=AXIS2_PLACEMENT_3D('',#11689,#9118,#9119);
#8037=AXIS2_PLACEMENT_3D('',#11690,#9120,#9121);
#8038=AXIS2_PLACEMENT_3D('',#11691,#9122,#9123);
#8039=AXIS2_PLACEMENT_3D('',#11704,#9124,#9125);
#8040=AXIS2_PLACEMENT_3D('',#11705,#9126,#9127);
#8041=AXIS2_PLACEMENT_3D('',#11706,#9128,#9129);
#8042=AXIS2_PLACEMENT_3D('',#11707,#9130,#9131);
#8043=AXIS2_PLACEMENT_3D('',#11708,#9132,#9133);
#8044=AXIS2_PLACEMENT_3D('',#11709,#9134,#9135);
#8045=AXIS2_PLACEMENT_3D('',#11710,#9136,#9137);
#8046=AXIS2_PLACEMENT_3D('',#11711,#9138,#9139);
#8047=AXIS2_PLACEMENT_3D('',#11712,#9140,#9141);
#8048=AXIS2_PLACEMENT_3D('',#11713,#9142,#9143);
#8049=AXIS2_PLACEMENT_3D('',#11714,#9144,#9145);
#8050=AXIS2_PLACEMENT_3D('',#11715,#9146,#9147);
#8051=AXIS2_PLACEMENT_3D('',#11716,#9148,#9149);
#8052=AXIS2_PLACEMENT_3D('',#11717,#9150,#9151);
#8053=AXIS2_PLACEMENT_3D('',#11718,#9152,#9153);
#8054=AXIS2_PLACEMENT_3D('',#11719,#9154,#9155);
#8055=AXIS2_PLACEMENT_3D('',#11720,#9156,#9157);
#8056=AXIS2_PLACEMENT_3D('',#11721,#9158,#9159);
#8057=AXIS2_PLACEMENT_3D('',#11722,#9160,#9161);
#8058=AXIS2_PLACEMENT_3D('',#11723,#9162,#9163);
#8059=AXIS2_PLACEMENT_3D('',#11724,#9164,#9165);
#8060=AXIS2_PLACEMENT_3D('',#11725,#9166,#9167);
#8061=AXIS2_PLACEMENT_3D('',#11726,#9168,#9169);
#8062=AXIS2_PLACEMENT_3D('',#11727,#9170,#9171);
#8063=AXIS2_PLACEMENT_3D('',#11728,#9172,#9173);
#8064=AXIS2_PLACEMENT_3D('',#11729,#9174,#9175);
#8065=AXIS2_PLACEMENT_3D('',#11730,#9176,#9177);
#8066=AXIS2_PLACEMENT_3D('',#11731,#9178,#9179);
#8067=AXIS2_PLACEMENT_3D('',#11732,#9180,#9181);
#8068=AXIS2_PLACEMENT_3D('',#11733,#9182,#9183);
#8069=AXIS2_PLACEMENT_3D('',#11734,#9184,#9185);
#8070=AXIS2_PLACEMENT_3D('',#11735,#9186,#9187);
#8071=AXIS2_PLACEMENT_3D('',#11736,#9188,#9189);
#8072=AXIS2_PLACEMENT_3D('',#11737,#9190,#9191);
#8073=AXIS2_PLACEMENT_3D('',#11750,#9192,#9193);
#8074=AXIS2_PLACEMENT_3D('',#11751,#9194,#9195);
#8075=AXIS2_PLACEMENT_3D('',#11752,#9196,#9197);
#8076=AXIS2_PLACEMENT_3D('',#11753,#9198,#9199);
#8077=AXIS2_PLACEMENT_3D('',#11754,#9200,#9201);
#8078=AXIS2_PLACEMENT_3D('',#11755,#9202,#9203);
#8079=AXIS2_PLACEMENT_3D('',#11756,#9204,#9205);
#8080=AXIS2_PLACEMENT_3D('',#11769,#9206,#9207);
#8081=AXIS2_PLACEMENT_3D('',#11770,#9208,#9209);
#8082=AXIS2_PLACEMENT_3D('',#11771,#9210,#9211);
#8083=AXIS2_PLACEMENT_3D('',#11772,#9212,#9213);
#8084=AXIS2_PLACEMENT_3D('',#11773,#9214,#9215);
#8085=AXIS2_PLACEMENT_3D('',#11774,#9216,#9217);
#8086=AXIS2_PLACEMENT_3D('',#11775,#9218,#9219);
#8087=AXIS2_PLACEMENT_3D('',#11776,#9220,#9221);
#8088=AXIS2_PLACEMENT_3D('',#11777,#9222,#9223);
#8089=AXIS2_PLACEMENT_3D('',#11778,#9224,#9225);
#8090=AXIS2_PLACEMENT_3D('',#11779,#9226,#9227);
#8091=AXIS2_PLACEMENT_3D('',#11780,#9228,#9229);
#8092=AXIS2_PLACEMENT_3D('',#11781,#9230,#9231);
#8093=AXIS2_PLACEMENT_3D('',#11782,#9232,#9233);
#8094=AXIS2_PLACEMENT_3D('',#11783,#9234,#9235);
#8095=AXIS2_PLACEMENT_3D('',#11784,#9236,#9237);
#8096=AXIS2_PLACEMENT_3D('',#11797,#9238,#9239);
#8097=AXIS2_PLACEMENT_3D('',#11798,#9240,#9241);
#8098=AXIS2_PLACEMENT_3D('',#11799,#9242,#9243);
#8099=AXIS2_PLACEMENT_3D('',#11800,#9244,#9245);
#8100=AXIS2_PLACEMENT_3D('',#11801,#9246,#9247);
#8101=AXIS2_PLACEMENT_3D('',#11814,#9248,#9249);
#8102=AXIS2_PLACEMENT_3D('',#11815,#9250,#9251);
#8103=AXIS2_PLACEMENT_3D('',#11816,#9252,#9253);
#8104=AXIS2_PLACEMENT_3D('',#11817,#9254,#9255);
#8105=AXIS2_PLACEMENT_3D('',#11818,#9256,#9257);
#8106=AXIS2_PLACEMENT_3D('',#11819,#9258,#9259);
#8107=AXIS2_PLACEMENT_3D('',#11820,#9260,#9261);
#8108=AXIS2_PLACEMENT_3D('',#11821,#9262,#9263);
#8109=AXIS2_PLACEMENT_3D('',#11822,#9264,#9265);
#8110=AXIS2_PLACEMENT_3D('',#11835,#9266,#9267);
#8111=AXIS2_PLACEMENT_3D('',#11848,#9268,#9269);
#8112=AXIS2_PLACEMENT_3D('',#11849,#9270,#9271);
#8113=AXIS2_PLACEMENT_3D('',#11850,#9272,#9273);
#8114=AXIS2_PLACEMENT_3D('',#11851,#9274,#9275);
#8115=AXIS2_PLACEMENT_3D('',#11852,#9276,#9277);
#8116=AXIS2_PLACEMENT_3D('',#11853,#9278,#9279);
#8117=AXIS2_PLACEMENT_3D('',#11854,#9280,#9281);
#8118=AXIS2_PLACEMENT_3D('',#11855,#9282,#9283);
#8119=AXIS2_PLACEMENT_3D('',#11857,#9284,#9285);
#8120=AXIS2_PLACEMENT_3D('',#11858,#9286,#9287);
#8121=AXIS2_PLACEMENT_3D('',#11859,#9288,#9289);
#8122=AXIS2_PLACEMENT_3D('',#11861,#9290,#9291);
#8123=AXIS2_PLACEMENT_3D('',#11862,#9292,#9293);
#8124=AXIS2_PLACEMENT_3D('',#11868,#9297,#9298);
#8125=AXIS2_PLACEMENT_3D('',#11869,#9299,#9300);
#8126=AXIS2_PLACEMENT_3D('',#11872,#9301,#9302);
#8127=AXIS2_PLACEMENT_3D('',#11878,#9306,#9307);
#8128=AXIS2_PLACEMENT_3D('',#11881,#9310,#9311);
#8129=AXIS2_PLACEMENT_3D('',#11882,#9312,#9313);
#8130=AXIS2_PLACEMENT_3D('',#11887,#9315,#9316);
#8131=AXIS2_PLACEMENT_3D('',#11890,#9318,#9319);
#8132=AXIS2_PLACEMENT_3D('',#11891,#9320,#9321);
#8133=AXIS2_PLACEMENT_3D('',#11896,#9323,#9324);
#8134=AXIS2_PLACEMENT_3D('',#11899,#9326,#9327);
#8135=AXIS2_PLACEMENT_3D('',#11902,#9330,#9331);
#8136=AXIS2_PLACEMENT_3D('',#11905,#9334,#9335);
#8137=AXIS2_PLACEMENT_3D('',#11906,#9336,#9337);
#8138=AXIS2_PLACEMENT_3D('',#11908,#9338,#9339);
#8139=AXIS2_PLACEMENT_3D('',#11911,#9341,#9342);
#8140=AXIS2_PLACEMENT_3D('',#11912,#9343,#9344);
#8141=AXIS2_PLACEMENT_3D('',#11916,#9346,#9347);
#8142=AXIS2_PLACEMENT_3D('',#11917,#9348,#9349);
#8143=AXIS2_PLACEMENT_3D('',#11920,#9352,#9353);
#8144=AXIS2_PLACEMENT_3D('',#11923,#9356,#9357);
#8145=AXIS2_PLACEMENT_3D('',#11925,#9359,#9360);
#8146=AXIS2_PLACEMENT_3D('',#11926,#9361,#9362);
#8147=AXIS2_PLACEMENT_3D('',#11928,#9364,#9365);
#8148=AXIS2_PLACEMENT_3D('',#11929,#9366,#9367);
#8149=AXIS2_PLACEMENT_3D('',#11930,#9368,#9369);
#8150=AXIS2_PLACEMENT_3D('',#11931,#9370,#9371);
#8151=AXIS2_PLACEMENT_3D('',#11934,#9374,#9375);
#8152=AXIS2_PLACEMENT_3D('',#11935,#9376,#9377);
#8153=AXIS2_PLACEMENT_3D('',#11943,#9381,#9382);
#8154=AXIS2_PLACEMENT_3D('',#11950,#9386,#9387);
#8155=AXIS2_PLACEMENT_3D('',#11964,#9394,#9395);
#8156=AXIS2_PLACEMENT_3D('',#11965,#9396,#9397);
#8157=AXIS2_PLACEMENT_3D('',#11966,#9398,#9399);
#8158=AXIS2_PLACEMENT_3D('',#11970,#9401,#9402);
#8159=AXIS2_PLACEMENT_3D('',#11972,#9404,#9405);
#8160=AXIS2_PLACEMENT_3D('',#11995,#9412,#9413);
#8161=AXIS2_PLACEMENT_3D('',#11996,#9414,#9415);
#8162=AXIS2_PLACEMENT_3D('',#11999,#9416,#9417);
#8163=AXIS2_PLACEMENT_3D('',#12004,#9418,#9419);
#8164=AXIS2_PLACEMENT_3D('',#12006,#9421,#9422);
#8165=AXIS2_PLACEMENT_3D('',#12007,#9423,#9424);
#8166=AXIS2_PLACEMENT_3D('',#12008,#9425,#9426);
#8167=AXIS2_PLACEMENT_3D('',#12011,#9427,#9428);
#8168=AXIS2_PLACEMENT_3D('',#12012,#9429,#9430);
#8169=AXIS2_PLACEMENT_3D('',#12014,#9432,#9433);
#8170=AXIS2_PLACEMENT_3D('',#12015,#9434,#9435);
#8171=AXIS2_PLACEMENT_3D('',#12019,#9437,#9438);
#8172=AXIS2_PLACEMENT_3D('',#12020,#9439,#9440);
#8173=AXIS2_PLACEMENT_3D('',#12021,#9441,#9442);
#8174=AXIS2_PLACEMENT_3D('',#12024,#9445,#9446);
#8175=AXIS2_PLACEMENT_3D('',#12027,#9449,#9450);
#8176=AXIS2_PLACEMENT_3D('',#12028,#9451,#9452);
#8177=AXIS2_PLACEMENT_3D('',#12029,#9453,#9454);
#8178=AXIS2_PLACEMENT_3D('',#12030,#9455,#9456);
#8179=AXIS2_PLACEMENT_3D('',#12031,#9457,#9458);
#8180=AXIS2_PLACEMENT_3D('',#12032,#9459,#9460);
#8181=AXIS2_PLACEMENT_3D('',#12033,#9461,#9462);
#8182=AXIS2_PLACEMENT_3D('',#12045,#9464,#9465);
#8183=AXIS2_PLACEMENT_3D('',#12046,#9466,#9467);
#8184=AXIS2_PLACEMENT_3D('',#12051,#9469,#9470);
#8185=AXIS2_PLACEMENT_3D('',#12054,#9472,#9473);
#8186=AXIS2_PLACEMENT_3D('',#12055,#9474,#9475);
#8187=AXIS2_PLACEMENT_3D('',#12060,#9477,#9478);
#8188=AXIS2_PLACEMENT_3D('',#12063,#9480,#9481);
#8189=AXIS2_PLACEMENT_3D('',#12066,#9484,#9485);
#8190=AXIS2_PLACEMENT_3D('',#12069,#9488,#9489);
#8191=AXIS2_PLACEMENT_3D('',#12070,#9490,#9491);
#8192=AXIS2_PLACEMENT_3D('',#12073,#9493,#9494);
#8193=AXIS2_PLACEMENT_3D('',#12074,#9495,#9496);
#8194=AXIS2_PLACEMENT_3D('',#12077,#9498,#9499);
#8195=AXIS2_PLACEMENT_3D('',#12080,#9502,#9503);
#8196=AXIS2_PLACEMENT_3D('',#12083,#9506,#9507);
#8197=AXIS2_PLACEMENT_3D('',#12085,#9509,#9510);
#8198=AXIS2_PLACEMENT_3D('',#12086,#9511,#9512);
#8199=AXIS2_PLACEMENT_3D('',#12087,#9513,#9514);
#8200=AXIS2_PLACEMENT_3D('',#12088,#9515,#9516);
#8201=AXIS2_PLACEMENT_3D('',#12089,#9517,#9518);
#8202=AXIS2_PLACEMENT_3D('',#12092,#9519,#9520);
#8203=AXIS2_PLACEMENT_3D('',#12093,#9521,#9522);
#8204=AXIS2_PLACEMENT_3D('',#12094,#9523,#9524);
#8205=AXIS2_PLACEMENT_3D('',#12099,#9526,#9527);
#8206=AXIS2_PLACEMENT_3D('',#12102,#9529,#9530);
#8207=AXIS2_PLACEMENT_3D('',#12103,#9531,#9532);
#8208=AXIS2_PLACEMENT_3D('',#12106,#9533,#9534);
#8209=AXIS2_PLACEMENT_3D('',#12108,#9535,#9536);
#8210=AXIS2_PLACEMENT_3D('',#12110,#9537,#9538);
#8211=AXIS2_PLACEMENT_3D('',#12111,#9539,#9540);
#8212=AXIS2_PLACEMENT_3D('',#12114,#9543,#9544);
#8213=AXIS2_PLACEMENT_3D('',#12116,#9546,#9547);
#8214=AXIS2_PLACEMENT_3D('',#12118,#9549,#9550);
#8215=AXIS2_PLACEMENT_3D('',#12119,#9551,#9552);
#8216=AXIS2_PLACEMENT_3D('',#12124,#9554,#9555);
#8217=AXIS2_PLACEMENT_3D('',#12127,#9557,#9558);
#8218=AXIS2_PLACEMENT_3D('',#12131,#9560,#9561);
#8219=AXIS2_PLACEMENT_3D('',#12133,#9562,#9563);
#8220=AXIS2_PLACEMENT_3D('',#12135,#9564,#9565);
#8221=AXIS2_PLACEMENT_3D('',#12137,#9566,#9567);
#8222=AXIS2_PLACEMENT_3D('',#12139,#9568,#9569);
#8223=AXIS2_PLACEMENT_3D('',#12142,#9571,#9572);
#8224=AXIS2_PLACEMENT_3D('',#12143,#9573,#9574);
#8225=AXIS2_PLACEMENT_3D('',#12144,#9575,#9576);
#8226=AXIS2_PLACEMENT_3D('',#12145,#9577,#9578);
#8227=AXIS2_PLACEMENT_3D('',#12146,#9579,#9580);
#8228=AXIS2_PLACEMENT_3D('',#12147,#9581,#9582);
#8229=AXIS2_PLACEMENT_3D('',#12148,#9583,#9584);
#8230=AXIS2_PLACEMENT_3D('',#12151,#9585,#9586);
#8231=AXIS2_PLACEMENT_3D('',#12153,#9587,#9588);
#8232=AXIS2_PLACEMENT_3D('',#12155,#9589,#9590);
#8233=AXIS2_PLACEMENT_3D('',#12157,#9591,#9592);
#8234=AXIS2_PLACEMENT_3D('',#12159,#9593,#9594);
#8235=AXIS2_PLACEMENT_3D('',#12161,#9595,#9596);
#8236=AXIS2_PLACEMENT_3D('',#12168,#9597,#9598);
#8237=AXIS2_PLACEMENT_3D('',#12170,#9599,#9600);
#8238=AXIS2_PLACEMENT_3D('',#12172,#9601,#9602);
#8239=AXIS2_PLACEMENT_3D('',#12174,#9603,#9604);
#8240=AXIS2_PLACEMENT_3D('',#12176,#9605,#9606);
#8241=AXIS2_PLACEMENT_3D('',#12178,#9607,#9608);
#8242=AXIS2_PLACEMENT_3D('',#12180,#9609,#9610);
#8243=AXIS2_PLACEMENT_3D('',#12186,#9611,#9612);
#8244=AXIS2_PLACEMENT_3D('',#12194,#9615,#9616);
#8245=AXIS2_PLACEMENT_3D('',#12202,#9619,#9620);
#8246=AXIS2_PLACEMENT_3D('',#12206,#9623,#9624);
#8247=AXIS2_PLACEMENT_3D('',#12213,#9626,#9627);
#8248=AXIS2_PLACEMENT_3D('',#12222,#9630,#9631);
#8249=AXIS2_PLACEMENT_3D('',#12231,#9634,#9635);
#8250=AXIS2_PLACEMENT_3D('',#12240,#9638,#9639);
#8251=AXIS2_PLACEMENT_3D('',#12244,#9642,#9643);
#8252=AXIS2_PLACEMENT_3D('',#12250,#9645,#9646);
#8253=AXIS2_PLACEMENT_3D('',#12258,#9649,#9650);
#8254=AXIS2_PLACEMENT_3D('',#12260,#9652,#9653);
#8255=AXIS2_PLACEMENT_3D('',#12261,#9654,#9655);
#8256=AXIS2_PLACEMENT_3D('',#12262,#9656,#9657);
#8257=AXIS2_PLACEMENT_3D('',#12263,#9658,#9659);
#8258=AXIS2_PLACEMENT_3D('',#12264,#9660,#9661);
#8259=AXIS2_PLACEMENT_3D('',#12265,#9662,#9663);
#8260=AXIS2_PLACEMENT_3D('',#12266,#9664,#9665);
#8261=AXIS2_PLACEMENT_3D('',#12268,#9667,#9668);
#8262=AXIS2_PLACEMENT_3D('',#12269,#9669,#9670);
#8263=AXIS2_PLACEMENT_3D('',#12270,#9671,#9672);
#8264=AXIS2_PLACEMENT_3D('',#12271,#9673,#9674);
#8265=AXIS2_PLACEMENT_3D('',#12272,#9675,#9676);
#8266=AXIS2_PLACEMENT_3D('',#12273,#9677,#9678);
#8267=AXIS2_PLACEMENT_3D('',#12274,#9679,#9680);
#8268=AXIS2_PLACEMENT_3D('',#12275,#9681,#9682);
#8269=AXIS2_PLACEMENT_3D('',#12276,#9683,#9684);
#8270=AXIS2_PLACEMENT_3D('',#12277,#9685,#9686);
#8271=AXIS2_PLACEMENT_3D('',#12278,#9687,#9688);
#8272=AXIS2_PLACEMENT_3D('',#12279,#9689,#9690);
#8273=AXIS2_PLACEMENT_3D('',#12280,#9691,#9692);
#8274=AXIS2_PLACEMENT_3D('',#12281,#9693,#9694);
#8275=AXIS2_PLACEMENT_3D('',#12282,#9695,#9696);
#8276=AXIS2_PLACEMENT_3D('',#12286,#9698,#9699);
#8277=AXIS2_PLACEMENT_3D('',#12291,#9702,#9703);
#8278=AXIS2_PLACEMENT_3D('',#12292,#9704,#9705);
#8279=AXIS2_PLACEMENT_3D('',#12297,#9707,#9708);
#8280=AXIS2_PLACEMENT_3D('',#12301,#9710,#9711);
#8281=AXIS2_PLACEMENT_3D('',#12305,#9713,#9714);
#8282=AXIS2_PLACEMENT_3D('',#12309,#9716,#9717);
#8283=AXIS2_PLACEMENT_3D('',#12313,#9719,#9720);
#8284=AXIS2_PLACEMENT_3D('',#12317,#9722,#9723);
#8285=AXIS2_PLACEMENT_3D('',#12321,#9725,#9726);
#8286=AXIS2_PLACEMENT_3D('',#12331,#9731,#9732);
#8287=AXIS2_PLACEMENT_3D('',#12335,#9734,#9735);
#8288=AXIS2_PLACEMENT_3D('',#12339,#9737,#9738);
#8289=AXIS2_PLACEMENT_3D('',#12343,#9740,#9741);
#8290=AXIS2_PLACEMENT_3D('',#12347,#9743,#9744);
#8291=AXIS2_PLACEMENT_3D('',#12351,#9746,#9747);
#8292=AXIS2_PLACEMENT_3D('',#12355,#9749,#9750);
#8293=AXIS2_PLACEMENT_3D('',#12359,#9752,#9753);
#8294=AXIS2_PLACEMENT_3D('',#12364,#9756,#9757);
#8295=AXIS2_PLACEMENT_3D('',#12368,#9759,#9760);
#8296=AXIS2_PLACEMENT_3D('',#12381,#9767,#9768);
#8297=AXIS2_PLACEMENT_3D('',#12386,#9770,#9771);
#8298=AXIS2_PLACEMENT_3D('',#12390,#9773,#9774);
#8299=AXIS2_PLACEMENT_3D('',#12394,#9776,#9777);
#8300=AXIS2_PLACEMENT_3D('',#12397,#9779,#9780);
#8301=AXIS2_PLACEMENT_3D('',#12405,#9781,#9782);
#8302=AXIS2_PLACEMENT_3D('',#12409,#9784,#9785);
#8303=AXIS2_PLACEMENT_3D('',#12410,#9786,#9787);
#8304=AXIS2_PLACEMENT_3D('',#12424,#9795,#9796);
#8305=AXIS2_PLACEMENT_3D('',#12428,#9798,#9799);
#8306=AXIS2_PLACEMENT_3D('',#12429,#9800,#9801);
#8307=AXIS2_PLACEMENT_3D('',#12430,#9802,#9803);
#8308=AXIS2_PLACEMENT_3D('',#12436,#9807,#9808);
#8309=AXIS2_PLACEMENT_3D('',#12440,#9810,#9811);
#8310=AXIS2_PLACEMENT_3D('',#12441,#9812,#9813);
#8311=AXIS2_PLACEMENT_3D('',#12442,#9814,#9815);
#8312=AXIS2_PLACEMENT_3D('',#12448,#9819,#9820);
#8313=AXIS2_PLACEMENT_3D('',#12452,#9822,#9823);
#8314=AXIS2_PLACEMENT_3D('',#12453,#9824,#9825);
#8315=AXIS2_PLACEMENT_3D('',#12454,#9826,#9827);
#8316=AXIS2_PLACEMENT_3D('',#12465,#9834,#9835);
#8317=AXIS2_PLACEMENT_3D('',#12469,#9837,#9838);
#8318=AXIS2_PLACEMENT_3D('',#12470,#9839,#9840);
#8319=AXIS2_PLACEMENT_3D('',#12471,#9841,#9842);
#8320=AXIS2_PLACEMENT_3D('',#12477,#9846,#9847);
#8321=AXIS2_PLACEMENT_3D('',#12481,#9849,#9850);
#8322=AXIS2_PLACEMENT_3D('',#12482,#9851,#9852);
#8323=AXIS2_PLACEMENT_3D('',#12483,#9853,#9854);
#8324=AXIS2_PLACEMENT_3D('',#12489,#9858,#9859);
#8325=AXIS2_PLACEMENT_3D('',#12493,#9861,#9862);
#8326=AXIS2_PLACEMENT_3D('',#12494,#9863,#9864);
#8327=AXIS2_PLACEMENT_3D('',#12495,#9865,#9866);
#8328=AXIS2_PLACEMENT_3D('',#12509,#9874,#9875);
#8329=AXIS2_PLACEMENT_3D('',#12517,#9876,#9877);
#8330=AXIS2_PLACEMENT_3D('',#12518,#9878,#9879);
#8331=AXIS2_PLACEMENT_3D('',#12519,#9880,#9881);
#8332=AXIS2_PLACEMENT_3D('',#12520,#9882,#9883);
#8333=AXIS2_PLACEMENT_3D('',#12529,#9887,#9888);
#8334=AXIS2_PLACEMENT_3D('',#12537,#9892,#9893);
#8335=AXIS2_PLACEMENT_3D('',#12542,#9896,#9897);
#8336=AXIS2_PLACEMENT_3D('',#12543,#9898,#9899);
#8337=AXIS2_PLACEMENT_3D('',#12544,#9900,#9901);
#8338=AXIS2_PLACEMENT_3D('',#12545,#9902,#9903);
#8339=AXIS2_PLACEMENT_3D('',#12546,#9904,#9905);
#8340=AXIS2_PLACEMENT_3D('',#12547,#9906,#9907);
#8341=AXIS2_PLACEMENT_3D('',#12548,#9908,#9909);
#8342=AXIS2_PLACEMENT_3D('',#12549,#9910,#9911);
#8343=AXIS2_PLACEMENT_3D('',#12550,#9912,#9913);
#8344=AXIS2_PLACEMENT_3D('',#12551,#9914,#9915);
#8345=AXIS2_PLACEMENT_3D('',#12552,#9916,#9917);
#8346=AXIS2_PLACEMENT_3D('',#12553,#9918,#9919);
#8347=AXIS2_PLACEMENT_3D('',#12554,#9920,#9921);
#8348=AXIS2_PLACEMENT_3D('',#12555,#9922,#9923);
#8349=AXIS2_PLACEMENT_3D('',#12556,#9924,#9925);
#8350=AXIS2_PLACEMENT_3D('',#12557,#9926,#9927);
#8351=AXIS2_PLACEMENT_3D('',#12558,#9928,#9929);
#8352=AXIS2_PLACEMENT_3D('',#12559,#9930,#9931);
#8353=AXIS2_PLACEMENT_3D('',#12560,#9932,#9933);
#8354=AXIS2_PLACEMENT_3D('',#12561,#9934,#9935);
#8355=AXIS2_PLACEMENT_3D('',#12562,#9936,#9937);
#8356=AXIS2_PLACEMENT_3D('',#12563,#9938,#9939);
#8357=AXIS2_PLACEMENT_3D('',#12564,#9940,#9941);
#8358=AXIS2_PLACEMENT_3D('',#12565,#9942,#9943);
#8359=AXIS2_PLACEMENT_3D('',#12566,#9944,#9945);
#8360=AXIS2_PLACEMENT_3D('',#12567,#9946,#9947);
#8361=AXIS2_PLACEMENT_3D('',#12568,#9948,#9949);
#8362=AXIS2_PLACEMENT_3D('',#12569,#9950,#9951);
#8363=AXIS2_PLACEMENT_3D('',#12570,#9952,#9953);
#8364=AXIS2_PLACEMENT_3D('',#12571,#9954,#9955);
#8365=AXIS2_PLACEMENT_3D('',#12572,#9956,#9957);
#8366=AXIS2_PLACEMENT_3D('',#12573,#9958,#9959);
#8367=AXIS2_PLACEMENT_3D('',#12574,#9960,#9961);
#8368=AXIS2_PLACEMENT_3D('',#12575,#9962,#9963);
#8369=AXIS2_PLACEMENT_3D('',#12577,#9964,#9965);
#8370=AXIS2_PLACEMENT_3D('',#12578,#9966,#9967);
#8371=AXIS2_PLACEMENT_3D('',#12584,#9971,#9972);
#8372=AXIS2_PLACEMENT_3D('',#12590,#9976,#9977);
#8373=AXIS2_PLACEMENT_3D('',#12591,#9978,#9979);
#8374=AXIS2_PLACEMENT_3D('',#12596,#9981,#9982);
#8375=AXIS2_PLACEMENT_3D('',#12600,#9984,#9985);
#8376=AXIS2_PLACEMENT_3D('',#12604,#9987,#9988);
#8377=AXIS2_PLACEMENT_3D('',#12607,#9990,#9991);
#8378=AXIS2_PLACEMENT_3D('',#12612,#9993,#9994);
#8379=AXIS2_PLACEMENT_3D('',#12616,#9996,#9997);
#8380=AXIS2_PLACEMENT_3D('',#12620,#9999,#10000);
#8381=AXIS2_PLACEMENT_3D('',#12623,#10002,#10003);
#8382=AXIS2_PLACEMENT_3D('',#12629,#10007,#10008);
#8383=AXIS2_PLACEMENT_3D('',#12635,#10012,#10013);
#8384=AXIS2_PLACEMENT_3D('',#12639,#10015,#10016);
#8385=AXIS2_PLACEMENT_3D('',#12643,#10018,#10019);
#8386=AXIS2_PLACEMENT_3D('',#12647,#10021,#10022);
#8387=AXIS2_PLACEMENT_3D('',#12651,#10024,#10025);
#8388=AXIS2_PLACEMENT_3D('',#12652,#10026,#10027);
#8389=AXIS2_PLACEMENT_3D('',#12653,#10028,#10029);
#8390=AXIS2_PLACEMENT_3D('',#12654,#10030,#10031);
#8391=AXIS2_PLACEMENT_3D('',#12655,#10032,#10033);
#8392=AXIS2_PLACEMENT_3D('',#12656,#10034,#10035);
#8393=AXIS2_PLACEMENT_3D('',#12657,#10036,#10037);
#8394=AXIS2_PLACEMENT_3D('',#12658,#10038,#10039);
#8395=AXIS2_PLACEMENT_3D('',#12659,#10040,#10041);
#8396=AXIS2_PLACEMENT_3D('',#12660,#10042,#10043);
#8397=AXIS2_PLACEMENT_3D('',#12663,#10045,#10046);
#8398=AXIS2_PLACEMENT_3D('',#12666,#10048,#10049);
#8399=AXIS2_PLACEMENT_3D('',#12670,#10052,#10053);
#8400=AXIS2_PLACEMENT_3D('',#12674,#10056,#10057);
#8401=AXIS2_PLACEMENT_3D('',#12677,#10059,#10060);
#8402=AXIS2_PLACEMENT_3D('',#12678,#10061,#10062);
#8403=AXIS2_PLACEMENT_3D('',#12679,#10063,#10064);
#8404=AXIS2_PLACEMENT_3D('',#12682,#10066,#10067);
#8405=AXIS2_PLACEMENT_3D('',#12686,#10070,#10071);
#8406=AXIS2_PLACEMENT_3D('',#12690,#10074,#10075);
#8407=AXIS2_PLACEMENT_3D('',#12691,#10076,#10077);
#8408=AXIS2_PLACEMENT_3D('',#12692,#10078,#10079);
#8409=AXIS2_PLACEMENT_3D('',#12695,#10081,#10082);
#8410=AXIS2_PLACEMENT_3D('',#12698,#10084,#10085);
#8411=AXIS2_PLACEMENT_3D('',#12702,#10088,#10089);
#8412=AXIS2_PLACEMENT_3D('',#12706,#10092,#10093);
#8413=AXIS2_PLACEMENT_3D('',#12709,#10095,#10096);
#8414=AXIS2_PLACEMENT_3D('',#12710,#10097,#10098);
#8415=AXIS2_PLACEMENT_3D('',#12711,#10099,#10100);
#8416=AXIS2_PLACEMENT_3D('',#12714,#10102,#10103);
#8417=AXIS2_PLACEMENT_3D('',#12718,#10106,#10107);
#8418=AXIS2_PLACEMENT_3D('',#12722,#10110,#10111);
#8419=AXIS2_PLACEMENT_3D('',#12723,#10112,#10113);
#8420=AXIS2_PLACEMENT_3D('',#12724,#10114,#10115);
#8421=AXIS2_PLACEMENT_3D('',#12725,#10116,#10117);
#8422=AXIS2_PLACEMENT_3D('',#12726,#10118,#10119);
#8423=AXIS2_PLACEMENT_3D('',#12727,#10120,#10121);
#8424=AXIS2_PLACEMENT_3D('',#12728,#10122,#10123);
#8425=AXIS2_PLACEMENT_3D('',#12729,#10124,#10125);
#8426=AXIS2_PLACEMENT_3D('',#12730,#10126,#10127);
#8427=AXIS2_PLACEMENT_3D('',#12731,#10128,#10129);
#8428=AXIS2_PLACEMENT_3D('',#12732,#10130,#10131);
#8429=AXIS2_PLACEMENT_3D('',#12733,#10132,#10133);
#8430=AXIS2_PLACEMENT_3D('',#12734,#10134,#10135);
#8431=AXIS2_PLACEMENT_3D('',#12735,#10136,#10137);
#8432=AXIS2_PLACEMENT_3D('',#12736,#10138,#10139);
#8433=AXIS2_PLACEMENT_3D('',#12737,#10140,#10141);
#8434=AXIS2_PLACEMENT_3D('',#12738,#10142,#10143);
#8435=AXIS2_PLACEMENT_3D('',#12739,#10144,#10145);
#8436=AXIS2_PLACEMENT_3D('',#12740,#10146,#10147);
#8437=AXIS2_PLACEMENT_3D('',#12741,#10148,#10149);
#8438=AXIS2_PLACEMENT_3D('',#12742,#10150,#10151);
#8439=AXIS2_PLACEMENT_3D('',#12743,#10152,#10153);
#8440=AXIS2_PLACEMENT_3D('',#12744,#10154,#10155);
#8441=AXIS2_PLACEMENT_3D('',#12745,#10156,#10157);
#8442=AXIS2_PLACEMENT_3D('',#12746,#10158,#10159);
#8443=AXIS2_PLACEMENT_3D('',#12747,#10160,#10161);
#8444=AXIS2_PLACEMENT_3D('',#12748,#10162,#10163);
#8445=AXIS2_PLACEMENT_3D('',#12749,#10164,#10165);
#8446=AXIS2_PLACEMENT_3D('',#12750,#10166,#10167);
#8447=AXIS2_PLACEMENT_3D('',#12751,#10168,#10169);
#8448=AXIS2_PLACEMENT_3D('',#12752,#10170,#10171);
#8449=AXIS2_PLACEMENT_3D('',#12753,#10172,#10173);
#8450=AXIS2_PLACEMENT_3D('',#12754,#10174,#10175);
#8451=AXIS2_PLACEMENT_3D('',#12755,#10176,#10177);
#8452=AXIS2_PLACEMENT_3D('',#12756,#10178,#10179);
#8453=AXIS2_PLACEMENT_3D('',#12765,#10184,#10185);
#8454=AXIS2_PLACEMENT_3D('',#12775,#10191,#10192);
#8455=AXIS2_PLACEMENT_3D('',#12777,#10193,#10194);
#8456=AXIS2_PLACEMENT_3D('',#12779,#10195,#10196);
#8457=AXIS2_PLACEMENT_3D('',#12781,#10197,#10198);
#8458=AXIS2_PLACEMENT_3D('',#12791,#10204,#10205);
#8459=AXIS2_PLACEMENT_3D('',#12800,#10210,#10211);
#8460=AXIS2_PLACEMENT_3D('',#12810,#10216,#10217);
#8461=AXIS2_PLACEMENT_3D('',#12813,#10219,#10220);
#8462=AXIS2_PLACEMENT_3D('',#12823,#10225,#10226);
#8463=AXIS2_PLACEMENT_3D('',#12826,#10228,#10229);
#8464=AXIS2_PLACEMENT_3D('',#12829,#10231,#10232);
#8465=AXIS2_PLACEMENT_3D('',#12832,#10234,#10235);
#8466=AXIS2_PLACEMENT_3D('',#12838,#10239,#10240);
#8467=AXIS2_PLACEMENT_3D('',#12841,#10243,#10244);
#8468=AXIS2_PLACEMENT_3D('',#12844,#10246,#10247);
#8469=AXIS2_PLACEMENT_3D('',#12845,#10248,#10249);
#8470=AXIS2_PLACEMENT_3D('',#12854,#10254,#10255);
#8471=AXIS2_PLACEMENT_3D('',#12855,#10256,#10257);
#8472=AXIS2_PLACEMENT_3D('',#12859,#10259,#10260);
#8473=AXIS2_PLACEMENT_3D('',#12860,#10261,#10262);
#8474=AXIS2_PLACEMENT_3D('',#12866,#10266,#10267);
#8475=AXIS2_PLACEMENT_3D('',#12867,#10268,#10269);
#8476=AXIS2_PLACEMENT_3D('',#12868,#10270,#10271);
#8477=AXIS2_PLACEMENT_3D('',#12869,#10272,#10273);
#8478=AXIS2_PLACEMENT_3D('',#12873,#10275,#10276);
#8479=AXIS2_PLACEMENT_3D('',#12877,#10278,#10279);
#8480=AXIS2_PLACEMENT_3D('',#12889,#10285,#10286);
#8481=AXIS2_PLACEMENT_3D('',#12893,#10288,#10289);
#8482=AXIS2_PLACEMENT_3D('',#12897,#10291,#10292);
#8483=AXIS2_PLACEMENT_3D('',#12902,#10295,#10296);
#8484=AXIS2_PLACEMENT_3D('',#12906,#10298,#10299);
#8485=AXIS2_PLACEMENT_3D('',#12910,#10301,#10302);
#8486=AXIS2_PLACEMENT_3D('',#12919,#10307,#10308);
#8487=AXIS2_PLACEMENT_3D('',#12920,#10309,#10310);
#8488=AXIS2_PLACEMENT_3D('',#12924,#10312,#10313);
#8489=AXIS2_PLACEMENT_3D('',#12928,#10315,#10316);
#8490=AXIS2_PLACEMENT_3D('',#12931,#10318,#10319);
#8491=AXIS2_PLACEMENT_3D('',#12933,#10321,#10322);
#8492=AXIS2_PLACEMENT_3D('',#12954,#10334,#10335);
#8493=AXIS2_PLACEMENT_3D('',#12956,#10337,#10338);
#8494=AXIS2_PLACEMENT_3D('',#12960,#10341,#10342);
#8495=AXIS2_PLACEMENT_3D('',#12961,#10343,#10344);
#8496=AXIS2_PLACEMENT_3D('',#12963,#10346,#10347);
#8497=AXIS2_PLACEMENT_3D('',#12966,#10350,#10351);
#8498=AXIS2_PLACEMENT_3D('',#12968,#10353,#10354);
#8499=AXIS2_PLACEMENT_3D('',#12972,#10357,#10358);
#8500=AXIS2_PLACEMENT_3D('',#12986,#10367,#10368);
#8501=AXIS2_PLACEMENT_3D('',#12999,#10376,#10377);
#8502=AXIS2_PLACEMENT_3D('',#13005,#10381,#10382);
#8503=AXIS2_PLACEMENT_3D('',#13006,#10383,#10384);
#8504=AXIS2_PLACEMENT_3D('',#13013,#10388,#10389);
#8505=AXIS2_PLACEMENT_3D('',#13021,#10395,#10396);
#8506=AXIS2_PLACEMENT_3D('',#13023,#10398,#10399);
#8507=AXIS2_PLACEMENT_3D('',#13026,#10401,#10402);
#8508=AXIS2_PLACEMENT_3D('',#13030,#10404,#10405);
#8509=AXIS2_PLACEMENT_3D('',#13033,#10407,#10408);
#8510=AXIS2_PLACEMENT_3D('',#13034,#10409,#10410);
#8511=AXIS2_PLACEMENT_3D('',#13035,#10411,#10412);
#8512=AXIS2_PLACEMENT_3D('',#13041,#10416,#10417);
#8513=AXIS2_PLACEMENT_3D('',#13054,#10425,#10426);
#8514=AXIS2_PLACEMENT_3D('',#13055,#10427,#10428);
#8515=AXIS2_PLACEMENT_3D('',#13058,#10430,#10431);
#8516=AXIS2_PLACEMENT_3D('',#13060,#10433,#10434);
#8517=AXIS2_PLACEMENT_3D('',#13062,#10436,#10437);
#8518=AXIS2_PLACEMENT_3D('',#13068,#10441,#10442);
#8519=AXIS2_PLACEMENT_3D('',#13071,#10445,#10446);
#8520=AXIS2_PLACEMENT_3D('',#13073,#10448,#10449);
#8521=AXIS2_PLACEMENT_3D('',#13075,#10451,#10452);
#8522=AXIS2_PLACEMENT_3D('',#13076,#10453,#10454);
#8523=AXIS2_PLACEMENT_3D('',#13077,#10455,#10456);
#8524=AXIS2_PLACEMENT_3D('',#13078,#10457,#10458);
#8525=AXIS2_PLACEMENT_3D('',#13080,#10460,#10461);
#8526=AXIS2_PLACEMENT_3D('',#13082,#10463,#10464);
#8527=AXIS2_PLACEMENT_3D('',#13083,#10465,#10466);
#8528=AXIS2_PLACEMENT_3D('',#13084,#10467,#10468);
#8529=AXIS2_PLACEMENT_3D('',#13085,#10469,#10470);
#8530=AXIS2_PLACEMENT_3D('',#13086,#10471,#10472);
#8531=AXIS2_PLACEMENT_3D('',#13089,#10475,#10476);
#8532=AXIS2_PLACEMENT_3D('',#13092,#10479,#10480);
#8533=AXIS2_PLACEMENT_3D('',#13095,#10483,#10484);
#8534=AXIS2_PLACEMENT_3D('',#13098,#10487,#10488);
#8535=AXIS2_PLACEMENT_3D('',#13100,#10490,#10491);
#8536=AXIS2_PLACEMENT_3D('',#13101,#10492,#10493);
#8537=AXIS2_PLACEMENT_3D('',#13102,#10494,#10495);
#8538=AXIS2_PLACEMENT_3D('',#13107,#10499,#10500);
#8539=AXIS2_PLACEMENT_3D('',#13113,#10505,#10506);
#8540=AXIS2_PLACEMENT_3D('',#13122,#10511,#10512);
#8541=AXIS2_PLACEMENT_3D('',#13124,#10513,#10514);
#8542=AXIS2_PLACEMENT_3D('',#13129,#10516,#10517);
#8543=AXIS2_PLACEMENT_3D('',#13133,#10519,#10520);
#8544=AXIS2_PLACEMENT_3D('',#13137,#10522,#10523);
#8545=AXIS2_PLACEMENT_3D('',#13145,#10528,#10529);
#8546=AXIS2_PLACEMENT_3D('',#13146,#10530,#10531);
#8547=AXIS2_PLACEMENT_3D('',#13155,#10536,#10537);
#8548=AXIS2_PLACEMENT_3D('',#13161,#10541,#10542);
#8549=AXIS2_PLACEMENT_3D('',#13167,#10546,#10547);
#8550=AXIS2_PLACEMENT_3D('',#13168,#10548,#10549);
#8551=AXIS2_PLACEMENT_3D('',#13169,#10550,#10551);
#8552=AXIS2_PLACEMENT_3D('',#13170,#10552,#10553);
#8553=AXIS2_PLACEMENT_3D('',#13171,#10554,#10555);
#8554=AXIS2_PLACEMENT_3D('',#13172,#10556,#10557);
#8555=AXIS2_PLACEMENT_3D('',#13174,#10559,#10560);
#8556=AXIS2_PLACEMENT_3D('',#13175,#10561,#10562);
#8557=AXIS2_PLACEMENT_3D('',#13176,#10563,#10564);
#8558=AXIS2_PLACEMENT_3D('',#13177,#10565,#10566);
#8559=AXIS2_PLACEMENT_3D('',#13178,#10567,#10568);
#8560=AXIS2_PLACEMENT_3D('',#13180,#10570,#10571);
#8561=AXIS2_PLACEMENT_3D('',#13182,#10573,#10574);
#8562=AXIS2_PLACEMENT_3D('',#13184,#10576,#10577);
#8563=AXIS2_PLACEMENT_3D('',#13186,#10579,#10580);
#8564=AXIS2_PLACEMENT_3D('',#13187,#10581,#10582);
#8565=AXIS2_PLACEMENT_3D('',#13188,#10583,#10584);
#8566=AXIS2_PLACEMENT_3D('',#13189,#10585,#10586);
#8567=AXIS2_PLACEMENT_3D('',#13190,#10587,#10588);
#8568=AXIS2_PLACEMENT_3D('',#13192,#10589,#10590);
#8569=AXIS2_PLACEMENT_3D('',#13199,#10594,#10595);
#8570=AXIS2_PLACEMENT_3D('',#13200,#10596,#10597);
#8571=AXIS2_PLACEMENT_3D('',#13203,#10599,#10600);
#8572=AXIS2_PLACEMENT_3D('',#13207,#10603,#10604);
#8573=AXIS2_PLACEMENT_3D('',#13211,#10607,#10608);
#8574=AXIS2_PLACEMENT_3D('',#13215,#10611,#10612);
#8575=AXIS2_PLACEMENT_3D('',#13216,#10613,#10614);
#8576=AXIS2_PLACEMENT_3D('',#13218,#10616,#10617);
#8577=AXIS2_PLACEMENT_3D('',#13219,#10618,#10619);
#8578=AXIS2_PLACEMENT_3D('',#13220,#10620,#10621);
#8579=AXIS2_PLACEMENT_3D('',#13221,#10622,#10623);
#8580=AXIS2_PLACEMENT_3D('',#13223,#10624,#10625);
#8581=AXIS2_PLACEMENT_3D('',#13224,#10626,#10627);
#8582=AXIS2_PLACEMENT_3D('',#13230,#10631,#10632);
#8583=AXIS2_PLACEMENT_3D('',#13236,#10636,#10637);
#8584=AXIS2_PLACEMENT_3D('',#13240,#10640,#10641);
#8585=AXIS2_PLACEMENT_3D('',#13244,#10644,#10645);
#8586=AXIS2_PLACEMENT_3D('',#13245,#10646,#10647);
#8587=AXIS2_PLACEMENT_3D('',#13246,#10648,#10649);
#8588=AXIS2_PLACEMENT_3D('',#13255,#10654,#10655);
#8589=AXIS2_PLACEMENT_3D('',#13264,#10660,#10661);
#8590=AXIS2_PLACEMENT_3D('',#13265,#10662,#10663);
#8591=AXIS2_PLACEMENT_3D('',#13269,#10665,#10666);
#8592=AXIS2_PLACEMENT_3D('',#13270,#10667,#10668);
#8593=AXIS2_PLACEMENT_3D('',#13271,#10669,#10670);
#8594=AXIS2_PLACEMENT_3D('',#13273,#10671,#10672);
#8595=AXIS2_PLACEMENT_3D('',#13276,#10674,#10675);
#8596=AXIS2_PLACEMENT_3D('',#13277,#10676,#10677);
#8597=AXIS2_PLACEMENT_3D('',#13281,#10679,#10680);
#8598=AXIS2_PLACEMENT_3D('',#13282,#10681,#10682);
#8599=AXIS2_PLACEMENT_3D('',#13286,#10685,#10686);
#8600=AXIS2_PLACEMENT_3D('',#13287,#10687,#10688);
#8601=AXIS2_PLACEMENT_3D('',#13288,#10689,#10690);
#8602=AXIS2_PLACEMENT_3D('',#13291,#10692,#10693);
#8603=AXIS2_PLACEMENT_3D('',#13294,#10695,#10696);
#8604=AXIS2_PLACEMENT_3D('',#13298,#10698,#10699);
#8605=AXIS2_PLACEMENT_3D('',#13301,#10701,#10702);
#8606=AXIS2_PLACEMENT_3D('',#13304,#10704,#10705);
#8607=AXIS2_PLACEMENT_3D('',#13308,#10707,#10708);
#8608=AXIS2_PLACEMENT_3D('',#13311,#10710,#10711);
#8609=AXIS2_PLACEMENT_3D('',#13314,#10714,#10715);
#8610=AXIS2_PLACEMENT_3D('',#13317,#10718,#10719);
#8611=AXIS2_PLACEMENT_3D('',#13318,#10720,#10721);
#8612=AXIS2_PLACEMENT_3D('',#13321,#10724,#10725);
#8613=AXIS2_PLACEMENT_3D('',#13324,#10728,#10729);
#8614=AXIS2_PLACEMENT_3D('',#13325,#10730,#10731);
#8615=AXIS2_PLACEMENT_3D('',#13326,#10732,#10733);
#8616=AXIS2_PLACEMENT_3D('',#13327,#10734,#10735);
#8617=AXIS2_PLACEMENT_3D('',#13328,#10736,#10737);
#8618=AXIS2_PLACEMENT_3D('',#13330,#10738,#10739);
#8619=AXIS2_PLACEMENT_3D('',#13331,#10740,#10741);
#8620=AXIS2_PLACEMENT_3D('',#13332,#10742,#10743);
#8621=AXIS2_PLACEMENT_3D('',#13334,#10744,#10745);
#8622=AXIS2_PLACEMENT_3D('',#13335,#10746,#10747);
#8623=AXIS2_PLACEMENT_3D('',#13337,#10748,#10749);
#8624=AXIS2_PLACEMENT_3D('',#13339,#10750,#10751);
#8625=AXIS2_PLACEMENT_3D('',#13340,#10752,#10753);
#8626=AXIS2_PLACEMENT_3D('',#13342,#10754,#10755);
#8627=AXIS2_PLACEMENT_3D('',#13355,#10762,#10763);
#8628=AXIS2_PLACEMENT_3D('',#13361,#10767,#10768);
#8629=AXIS2_PLACEMENT_3D('',#13365,#10771,#10772);
#8630=AXIS2_PLACEMENT_3D('',#13369,#10775,#10776);
#8631=AXIS2_PLACEMENT_3D('',#13373,#10779,#10780);
#8632=AXIS2_PLACEMENT_3D('',#13377,#10783,#10784);
#8633=AXIS2_PLACEMENT_3D('',#13379,#10786,#10787);
#8634=AXIS2_PLACEMENT_3D('',#13380,#10788,#10789);
#8635=AXIS2_PLACEMENT_3D('',#13382,#10790,#10791);
#8636=AXIS2_PLACEMENT_3D('',#13383,#10792,#10793);
#8637=AXIS2_PLACEMENT_3D('',#13384,#10794,#10795);
#8638=AXIS2_PLACEMENT_3D('',#13386,#10796,#10797);
#8639=AXIS2_PLACEMENT_3D('',#13387,#10798,#10799);
#8640=AXIS2_PLACEMENT_3D('',#13389,#10801,#10802);
#8641=AXIS2_PLACEMENT_3D('',#13390,#10803,#10804);
#8642=AXIS2_PLACEMENT_3D('',#13396,#10808,#10809);
#8643=AXIS2_PLACEMENT_3D('',#13400,#10812,#10813);
#8644=AXIS2_PLACEMENT_3D('',#13404,#10816,#10817);
#8645=AXIS2_PLACEMENT_3D('',#13410,#10821,#10822);
#8646=AXIS2_PLACEMENT_3D('',#13416,#10826,#10827);
#8647=AXIS2_PLACEMENT_3D('',#13422,#10831,#10832);
#8648=AXIS2_PLACEMENT_3D('',#13428,#10836,#10837);
#8649=AXIS2_PLACEMENT_3D('',#13442,#10845,#10846);
#8650=AXIS2_PLACEMENT_3D('',#13451,#10851,#10852);
#8651=AXIS2_PLACEMENT_3D('',#13465,#10860,#10861);
#8652=AXIS2_PLACEMENT_3D('',#13471,#10865,#10866);
#8653=AXIS2_PLACEMENT_3D('',#13475,#10868,#10869);
#8654=AXIS2_PLACEMENT_3D('',#13479,#10871,#10872);
#8655=AXIS2_PLACEMENT_3D('',#13483,#10874,#10875);
#8656=AXIS2_PLACEMENT_3D('',#13487,#10877,#10878);
#8657=AXIS2_PLACEMENT_3D('',#13491,#10880,#10881);
#8658=AXIS2_PLACEMENT_3D('',#13495,#10883,#10884);
#8659=AXIS2_PLACEMENT_3D('',#13499,#10886,#10887);
#8660=AXIS2_PLACEMENT_3D('',#13503,#10889,#10890);
#8661=AXIS2_PLACEMENT_3D('',#13504,#10891,#10892);
#8662=AXIS2_PLACEMENT_3D('',#13505,#10893,#10894);
#8663=AXIS2_PLACEMENT_3D('',#13506,#10895,#10896);
#8664=AXIS2_PLACEMENT_3D('',#13510,#10898,#10899);
#8665=AXIS2_PLACEMENT_3D('',#13511,#10900,#10901);
#8666=AXIS2_PLACEMENT_3D('',#13512,#10902,#10903);
#8667=AXIS2_PLACEMENT_3D('',#13519,#10908,#10909);
#8668=AXIS2_PLACEMENT_3D('',#13522,#10911,#10912);
#8669=AXIS2_PLACEMENT_3D('',#13523,#10913,#10914);
#8670=AXIS2_PLACEMENT_3D('',#13526,#10916,#10917);
#8671=AXIS2_PLACEMENT_3D('',#13527,#10918,#10919);
#8672=AXIS2_PLACEMENT_3D('',#13529,#10921,#10922);
#8673=AXIS2_PLACEMENT_3D('',#13530,#10923,#10924);
#8674=AXIS2_PLACEMENT_3D('',#13531,#10925,#10926);
#8675=AXIS2_PLACEMENT_3D('',#13532,#10927,#10928);
#8676=AXIS2_PLACEMENT_3D('',#13533,#10929,#10930);
#8677=AXIS2_PLACEMENT_3D('',#13536,#10932,#10933);
#8678=AXIS2_PLACEMENT_3D('',#13537,#10934,#10935);
#8679=AXIS2_PLACEMENT_3D('',#13540,#10937,#10938);
#8680=AXIS2_PLACEMENT_3D('',#13541,#10939,#10940);
#8681=AXIS2_PLACEMENT_3D('',#13546,#10943,#10944);
#8682=AXIS2_PLACEMENT_3D('',#13547,#10945,#10946);
#8683=AXIS2_PLACEMENT_3D('',#13548,#10947,#10948);
#8684=AXIS2_PLACEMENT_3D('',#13553,#10951,#10952);
#8685=AXIS2_PLACEMENT_3D('',#13554,#10953,#10954);
#8686=AXIS2_PLACEMENT_3D('',#13555,#10955,#10956);
#8687=AXIS2_PLACEMENT_3D('',#13560,#10959,#10960);
#8688=AXIS2_PLACEMENT_3D('',#13561,#10961,#10962);
#8689=AXIS2_PLACEMENT_3D('',#13564,#10964,#10965);
#8690=AXIS2_PLACEMENT_3D('',#13565,#10966,#10967);
#8691=AXIS2_PLACEMENT_3D('',#13568,#10969,#10970);
#8692=AXIS2_PLACEMENT_3D('',#13571,#10972,#10973);
#8693=AXIS2_PLACEMENT_3D('',#13572,#10974,#10975);
#8694=AXIS2_PLACEMENT_3D('',#13575,#10977,#10978);
#8695=AXIS2_PLACEMENT_3D('',#13578,#10980,#10981);
#8696=AXIS2_PLACEMENT_3D('',#13579,#10982,#10983);
#8697=AXIS2_PLACEMENT_3D('',#13582,#10985,#10986);
#8698=AXIS2_PLACEMENT_3D('',#13585,#10988,#10989);
#8699=AXIS2_PLACEMENT_3D('',#13586,#10990,#10991);
#8700=AXIS2_PLACEMENT_3D('',#13589,#10993,#10994);
#8701=AXIS2_PLACEMENT_3D('',#13590,#10995,#10996);
#8702=AXIS2_PLACEMENT_3D('',#13591,#10997,#10998);
#8703=AXIS2_PLACEMENT_3D('',#13592,#10999,#11000);
#8704=AXIS2_PLACEMENT_3D('',#13593,#11001,#11002);
#8705=AXIS2_PLACEMENT_3D('',#13594,#11003,#11004);
#8706=AXIS2_PLACEMENT_3D('',#13595,#11005,#11006);
#8707=AXIS2_PLACEMENT_3D('',#13596,#11007,#11008);
#8708=AXIS2_PLACEMENT_3D('',#13597,#11009,#11010);
#8709=AXIS2_PLACEMENT_3D('',#13598,#11011,#11012);
#8710=AXIS2_PLACEMENT_3D('',#13599,#11013,#11014);
#8711=AXIS2_PLACEMENT_3D('',#13600,#11015,#11016);
#8712=AXIS2_PLACEMENT_3D('',#13601,#11017,#11018);
#8713=AXIS2_PLACEMENT_3D('',#13602,#11019,#11020);
#8714=AXIS2_PLACEMENT_3D('',#13603,#11021,#11022);
#8715=AXIS2_PLACEMENT_3D('',#13604,#11023,#11024);
#8716=AXIS2_PLACEMENT_3D('',#13605,#11025,#11026);
#8717=AXIS2_PLACEMENT_3D('',#13606,#11027,#11028);
#8718=AXIS2_PLACEMENT_3D('',#13607,#11029,#11030);
#8719=AXIS2_PLACEMENT_3D('',#13608,#11031,#11032);
#8720=AXIS2_PLACEMENT_3D('',#13609,#11033,#11034);
#8721=AXIS2_PLACEMENT_3D('',#13610,#11035,#11036);
#8722=AXIS2_PLACEMENT_3D('',#13611,#11037,#11038);
#8723=AXIS2_PLACEMENT_3D('',#13612,#11039,#11040);
#8724=AXIS2_PLACEMENT_3D('',#13613,#11041,#11042);
#8725=AXIS2_PLACEMENT_3D('',#13614,#11043,#11044);
#8726=AXIS2_PLACEMENT_3D('',#13615,#11045,#11046);
#8727=DIRECTION('',(0.,0.,1.));
#8728=DIRECTION('',(1.,0.,0.));
#8729=DIRECTION('',(0.,0.,1.));
#8730=DIRECTION('',(0.,-1.,0.));
#8731=DIRECTION('',(0.,0.,1.));
#8732=DIRECTION('',(0.,-1.,0.));
#8733=DIRECTION('',(0.,0.,1.));
#8734=DIRECTION('',(1.,0.,0.));
#8735=DIRECTION('',(0.,0.,1.));
#8736=DIRECTION('',(1.,0.,0.));
#8737=DIRECTION('',(0.,0.,1.));
#8738=DIRECTION('',(-1.,0.,0.));
#8739=DIRECTION('',(0.,0.,-1.));
#8740=DIRECTION('',(-1.,0.,0.));
#8741=DIRECTION('',(-1.,0.,0.));
#8742=DIRECTION('',(0.,-1.,0.));
#8743=DIRECTION('',(1.,0.,0.));
#8744=DIRECTION('',(0.,0.,-1.));
#8745=DIRECTION('',(0.,1.,0.));
#8746=DIRECTION('',(0.,1.,0.));
#8747=DIRECTION('',(0.,0.,-1.));
#8748=DIRECTION('',(1.,0.,0.));
#8749=DIRECTION('',(1.,0.,0.));
#8750=DIRECTION('',(0.,0.,-1.));
#8751=DIRECTION('',(-1.,0.,0.));
#8752=DIRECTION('',(0.,1.,0.));
#8753=DIRECTION('',(0.,0.,-1.));
#8754=DIRECTION('',(0.,1.,0.));
#8755=DIRECTION('',(1.,0.,0.));
#8756=DIRECTION('',(0.,-1.,0.));
#8757=DIRECTION('',(0.,0.,-1.));
#8758=DIRECTION('',(1.,0.,0.));
#8759=DIRECTION('',(0.,0.,1.));
#8760=DIRECTION('',(1.,0.,0.));
#8761=DIRECTION('',(-0.707106781186548,0.,-0.707106781186547));
#8762=DIRECTION('',(0.707106781186547,0.,-0.707106781186548));
#8763=DIRECTION('',(0.707106781186547,0.,0.707106781186547));
#8764=DIRECTION('',(0.,1.,0.));
#8765=DIRECTION('',(0.,0.,1.));
#8766=DIRECTION('',(0.,1.,0.));
#8767=DIRECTION('',(-1.,0.,0.));
#8768=DIRECTION('',(1.,0.,0.));
#8769=DIRECTION('',(0.,0.,-1.));
#8770=DIRECTION('',(0.,-1.,0.));
#8771=DIRECTION('',(0.,0.,-1.));
#8772=DIRECTION('',(0.707106781186547,0.,0.707106781186547));
#8773=DIRECTION('',(-0.707106781186547,0.,0.707106781186548));
#8774=DIRECTION('',(-0.707106781186548,0.,-0.707106781186547));
#8775=DIRECTION('',(0.,-1.,0.));
#8776=DIRECTION('',(-1.,0.,0.));
#8777=DIRECTION('',(0.707106781186547,0.,-0.707106781186547));
#8778=DIRECTION('',(0.707106781186547,0.,0.707106781186545));
#8779=DIRECTION('',(0.,-1.,0.));
#8780=DIRECTION('',(0.707106781186547,0.,-0.707106781186547));
#8781=DIRECTION('',(0.707106781186547,0.,0.707106781186545));
#8782=DIRECTION('',(0.,1.,0.));
#8783=DIRECTION('',(-0.707106781186547,0.,0.707106781186547));
#8784=DIRECTION('',(-0.707106781186547,0.,-0.707106781186547));
#8785=DIRECTION('',(0.,0.,1.));
#8786=DIRECTION('',(0.,1.,0.));
#8787=DIRECTION('',(0.,0.,-1.));
#8788=DIRECTION('',(0.,-1.,0.));
#8789=DIRECTION('',(0.,0.,-1.));
#8790=DIRECTION('',(0.,0.,-1.));
#8791=DIRECTION('',(0.,-1.,0.));
#8792=DIRECTION('',(0.,0.,1.));
#8793=DIRECTION('',(0.,0.,1.));
#8794=DIRECTION('',(0.,-1.,0.));
#8795=DIRECTION('',(-1.,0.,0.));
#8796=DIRECTION('',(0.,0.,-1.));
#8797=DIRECTION('',(1.,0.,0.));
#8798=DIRECTION('',(0.,0.,1.));
#8799=DIRECTION('',(0.,-1.,0.));
#8800=DIRECTION('',(0.,1.,0.));
#8801=DIRECTION('',(0.,0.,1.));
#8802=DIRECTION('',(0.,-1.,0.));
#8803=DIRECTION('',(-1.,0.,0.));
#8804=DIRECTION('',(1.,0.,0.));
#8805=DIRECTION('',(0.,1.,0.));
#8806=DIRECTION('',(1.,0.,0.));
#8807=DIRECTION('',(0.,0.,1.));
#8808=DIRECTION('',(-1.,0.,0.));
#8809=DIRECTION('',(-0.866025403784439,0.499999999999999,-3.71372168807826E-15));
#8810=DIRECTION('',(0.,-1.,0.));
#8811=DIRECTION('',(0.866025403784437,0.500000000000002,3.71372168807826E-15));
#8812=DIRECTION('',(0.866025403784441,-0.499999999999996,3.71372168807827E-15));
#8813=DIRECTION('',(2.22747094218043E-15,-1.,9.55192204684864E-30));
#8814=DIRECTION('',(-0.866025403784438,-0.5,-3.71372168807826E-15));
#8815=DIRECTION('',(0.,0.,-1.));
#8816=DIRECTION('',(0.,1.,0.));
#8817=DIRECTION('',(0.,0.,-1.));
#8818=DIRECTION('',(0.,1.,0.));
#8819=DIRECTION('',(0.,0.,-1.));
#8820=DIRECTION('',(1.,0.,0.));
#8821=DIRECTION('',(0.,-1.,0.));
#8822=DIRECTION('',(-0.707106781186547,0.,0.707106781186548));
#8823=DIRECTION('',(-0.707106781186548,0.,-0.707106781186545));
#8824=DIRECTION('',(-0.707106781186547,0.,0.707106781186548));
#8825=DIRECTION('',(-0.707106781186548,0.,-0.707106781186545));
#8826=DIRECTION('',(0.707106781186547,0.,-0.707106781186548));
#8827=DIRECTION('',(0.707106781186548,0.,0.707106781186547));
#8828=DIRECTION('',(-0.707106781186547,0.,0.707106781186548));
#8829=DIRECTION('',(0.707106781186547,0.,-0.707106781186548));
#8830=DIRECTION('',(0.707106781186548,0.,0.707106781186547));
#8831=DIRECTION('',(-0.707106781186547,0.,0.707106781186548));
#8832=DIRECTION('',(0.,0.,1.));
#8833=DIRECTION('',(0.,0.,-1.));
#8834=DIRECTION('',(0.,0.,1.));
#8835=DIRECTION('',(0.107699708029577,-0.994183470437093,0.));
#8836=DIRECTION('',(0.,0.,1.));
#8837=DIRECTION('',(0.107699708029577,-0.994183470437093,0.));
#8838=DIRECTION('',(0.,-1.,0.));
#8839=DIRECTION('',(0.,0.,1.));
#8840=DIRECTION('',(0.,1.,0.));
#8841=DIRECTION('',(0.,0.,-1.));
#8842=DIRECTION('',(0.,-1.,0.));
#8843=DIRECTION('',(0.,-1.,0.));
#8844=DIRECTION('',(0.,1.,0.));
#8845=DIRECTION('',(0.,0.,1.));
#8846=DIRECTION('',(0.707106781186547,0.,-0.707106781186548));
#8847=DIRECTION('',(-0.707106781186548,0.,-0.707106781186545));
#8848=DIRECTION('',(0.707106781186547,0.,-0.707106781186548));
#8849=DIRECTION('',(-0.707106781186548,0.,-0.707106781186545));
#8850=DIRECTION('',(0.,0.,-1.));
#8851=DIRECTION('',(0.,1.,0.));
#8852=DIRECTION('',(0.,0.,1.));
#8853=DIRECTION('',(0.,-1.,0.));
#8854=DIRECTION('',(0.,0.,1.));
#8855=DIRECTION('',(-0.86602540378444,0.499999999999998,0.));
#8856=DIRECTION('',(-0.866025403784439,-0.5,0.));
#8857=DIRECTION('',(0.5,-0.866025403784436,0.));
#8858=DIRECTION('',(0.0174373588218927,-0.0100674638097758,-0.999797271795515));
#8859=DIRECTION('',(-0.865849836009294,0.499898635897753,-0.0201349276195516));
#8860=DIRECTION('',(0.,1.,0.));
#8861=DIRECTION('',(0.,0.,1.));
#8862=DIRECTION('',(-2.72004641033163E-15,1.,0.));
#8863=DIRECTION('',(2.72004641033163E-15,-1.,6.88469922126898E-33));
#8864=DIRECTION('',(0.,1.,0.));
#8865=DIRECTION('',(0.,0.,-1.));
#8866=DIRECTION('',(-2.72004641033163E-15,1.,0.));
#8867=DIRECTION('',(-1.,0.,0.));
#8868=DIRECTION('',(0.0174373588218926,0.0100674638097758,-0.999797271795515));
#8869=DIRECTION('',(-0.865849836009289,-0.499898635897762,-0.0201349276195516));
#8870=DIRECTION('',(-0.866025403784439,0.5,0.));
#8871=DIRECTION('',(-0.5,-0.866025403784436,0.));
#8872=DIRECTION('',(0.,0.,-1.));
#8873=DIRECTION('',(-0.866025403784438,-0.500000000000002,0.));
#8874=DIRECTION('',(-4.28823643261467E-15,0.,1.));
#8875=DIRECTION('',(1.,0.,0.));
#8876=DIRECTION('',(-4.28823643261467E-15,0.,1.));
#8877=DIRECTION('',(0.866025403784491,0.49999999999991,3.71372168807849E-15));
#8878=DIRECTION('',(2.71302151740151E-15,-1.,1.16340777133887E-29));
#8879=DIRECTION('',(4.28823643261467E-15,0.,-1.));
#8880=DIRECTION('',(0.866025403784493,-0.499999999999906,3.71372168807849E-15));
#8881=DIRECTION('',(-4.28823643261467E-15,0.,1.));
#8882=DIRECTION('',(1.,0.,0.));
#8883=DIRECTION('',(2.72004641033163E-15,-1.,1.16642021151869E-29));
#8884=DIRECTION('',(-4.28823643261467E-15,0.,1.));
#8885=DIRECTION('',(1.,0.,4.28823643261467E-15));
#8886=DIRECTION('',(0.,0.,-1.));
#8887=DIRECTION('',(0.,1.,0.));
#8888=DIRECTION('',(0.,0.,-1.));
#8889=DIRECTION('',(0.,1.,0.));
#8890=DIRECTION('',(-1.,0.,0.));
#8891=DIRECTION('',(0.,0.,-1.));
#8892=DIRECTION('',(0.,1.,0.));
#8893=DIRECTION('',(-2.72004641033163E-15,1.,0.));
#8894=DIRECTION('',(-0.866025403784439,0.499999999999999,0.));
#8895=DIRECTION('',(0.,0.,-1.));
#8896=DIRECTION('',(9.4441137984691E-16,-1.,0.));
#8897=DIRECTION('',(-0.866025403784438,-0.5,0.));
#8898=DIRECTION('',(0.,0.,-1.));
#8899=DIRECTION('',(0.,1.,0.));
#8900=DIRECTION('',(-0.866025403784438,-0.5,0.));
#8901=DIRECTION('',(0.,0.,-1.));
#8902=DIRECTION('',(0.866025403784439,-0.499999999999999,0.));
#8903=DIRECTION('',(2.22044604925031E-15,-1.,0.));
#8904=DIRECTION('',(0.,0.,-1.));
#8905=DIRECTION('',(0.866025403784437,0.500000000000003,0.));
#8906=DIRECTION('',(0.866025403784441,-0.499999999999996,0.));
#8907=DIRECTION('',(0.,0.,-1.));
#8908=DIRECTION('',(0.,1.,0.));
#8909=DIRECTION('',(0.866025403784441,-0.499999999999996,0.));
#8910=DIRECTION('',(0.,0.,1.));
#8911=DIRECTION('',(-3.57883561821693E-15,1.,0.));
#8912=DIRECTION('',(0.866025403784437,0.500000000000002,0.));
#8913=DIRECTION('',(-2.72004641033163E-15,1.,0.));
#8914=DIRECTION('',(0.,0.,-1.));
#8915=DIRECTION('',(0.,1.,0.));
#8916=DIRECTION('',(1.,0.,0.));
#8917=DIRECTION('',(0.,0.,-1.));
#8918=DIRECTION('',(0.,1.,0.));
#8919=DIRECTION('',(0.,0.,-1.));
#8920=DIRECTION('',(0.,0.,1.));
#8921=DIRECTION('',(0.,-1.,0.));
#8922=DIRECTION('',(0.,0.,-1.));
#8923=DIRECTION('',(-1.,0.,0.));
#8924=DIRECTION('',(-4.19109191795997E-15,0.,1.));
#8925=DIRECTION('',(0.,-1.,0.));
#8926=DIRECTION('',(-1.,0.,0.));
#8927=DIRECTION('',(0.,0.,1.));
#8928=DIRECTION('',(4.19109191795997E-15,0.,-1.));
#8929=DIRECTION('',(1.,0.,0.));
#8930=DIRECTION('',(0.,0.,1.));
#8931=DIRECTION('',(0.,1.,0.));
#8932=DIRECTION('',(-1.,0.,0.));
#8933=DIRECTION('',(0.,0.,1.));
#8934=DIRECTION('',(0.,-1.,0.));
#8935=DIRECTION('',(0.,0.,-1.));
#8936=DIRECTION('',(0.,-1.,0.));
#8937=DIRECTION('',(4.19109191795997E-15,0.,-1.));
#8938=DIRECTION('',(4.19109191795997E-15,0.,-1.));
#8939=DIRECTION('',(-1.,0.,0.));
#8940=DIRECTION('',(-4.19109191795997E-15,0.,1.));
#8941=DIRECTION('',(0.,0.,-1.));
#8942=DIRECTION('',(0.,-1.,0.));
#8943=DIRECTION('',(4.19109191795997E-15,0.,-1.));
#8944=DIRECTION('',(-1.,0.,0.));
#8945=DIRECTION('',(2.72004641033163E-15,-1.,0.));
#8946=DIRECTION('',(0.,0.,1.));
#8947=DIRECTION('',(0.,0.,-1.));
#8948=DIRECTION('',(2.72004641033163E-15,-1.,0.));
#8949=DIRECTION('',(1.,2.72004641033163E-15,4.19109191795997E-15));
#8950=DIRECTION('',(-2.55871712706579E-15,0.999389339935783,-0.0349420552160172));
#8951=DIRECTION('',(2.22747094218043E-15,-1.,9.55261158550962E-30));
#8952=DIRECTION('',(0.0174515205435363,0.010075640083579,-0.999796942337605));
#8953=DIRECTION('',(-2.22044604925031E-15,1.,-4.0245584642663E-16));
#8954=DIRECTION('',(-0.0174515205435363,0.010075640083579,0.999796942337605));
#8955=DIRECTION('',(0.999847695156391,2.22713168756694E-15,0.0174524064372835));
#8956=DIRECTION('',(0.0174524064372835,0.,-0.999847695156391));
#8957=DIRECTION('',(-0.0174515205435363,-0.010075640083579,0.999796942337605));
#8958=DIRECTION('',(0.866025403784441,-0.499999999999996,3.71404296206634E-15));
#8959=DIRECTION('',(-6.9621007447338E-17,0.0201512801671579,-0.999796942337605));
#8960=DIRECTION('',(-0.866025403784441,0.499999999999996,-4.49130065284245E-15));
#8961=DIRECTION('',(0.499923847578192,0.865893503920756,0.0174524064372835));
#8962=DIRECTION('',(-0.866025403784441,0.499999999999996,0.));
#8963=DIRECTION('',(6.76544797698832E-17,-0.0201512801671579,0.999796942337605));
#8964=DIRECTION('',(0.866025403784437,0.500000000000002,3.71394125642445E-15));
#8965=DIRECTION('',(-0.0174515205435363,0.0100756400835789,-0.999796942337605));
#8966=DIRECTION('',(-0.866025403784437,-0.500000000000002,-4.08971216815382E-15));
#8967=DIRECTION('',(-0.499923847578198,0.865893503920753,0.0174524064372835));
#8968=DIRECTION('',(-0.866025403784437,-0.500000000000002,0.));
#8969=DIRECTION('',(0.0174515205435363,-0.0100756400835789,0.999796942337605));
#8970=DIRECTION('',(-2.71302151740151E-15,1.,-1.1629536314839E-29));
#8971=DIRECTION('',(-0.0174515205435363,-0.010075640083579,-0.999796942337605));
#8972=DIRECTION('',(2.72004641033163E-15,-1.,4.02455846426633E-16));
#8973=DIRECTION('',(-0.999847695156391,-2.7126083110836E-15,0.0174524064372835));
#8974=DIRECTION('',(0.0174524064372835,0.,0.999847695156391));
#8975=DIRECTION('',(0.0174515205435363,0.010075640083579,0.999796942337605));
#8976=DIRECTION('',(-0.866025403784439,0.499999999999999,-3.71491019170094E-15));
#8977=DIRECTION('',(1.73474989665558E-17,-0.0201512801671579,-0.999796942337605));
#8978=DIRECTION('',(0.866025403784439,-0.499999999999999,4.49303524421503E-15));
#8979=DIRECTION('',(-0.499923847578194,-0.865893503920755,0.0174524064372835));
#8980=DIRECTION('',(0.866025403784439,-0.499999999999999,0.));
#8981=DIRECTION('',(0.866025403784438,0.5,4.09037625071142E-15));
#8982=DIRECTION('',(-1.90816940289572E-17,0.0201512801671579,0.999796942337605));
#8983=DIRECTION('',(-0.866025403784438,-0.500000000000001,-3.71144100895577E-15));
#8984=DIRECTION('',(0.0174515205435363,-0.0100756400835789,-0.999796942337605));
#8985=DIRECTION('',(0.499923847578196,-0.865893503920754,0.0174524064372835));
#8986=DIRECTION('',(0.866025403784438,0.5,0.));
#8987=DIRECTION('',(1.75795673748215E-17,-0.0201512801671579,-0.999796942337605));
#8988=DIRECTION('',(-0.866025403784438,-0.500000000000001,2.60195311057135E-18));
#8989=DIRECTION('',(-0.0174515205435363,0.010075640083579,0.999796942337605));
#8990=DIRECTION('',(0.866025403784438,0.500000000000001,-2.60195311057135E-18));
#8991=DIRECTION('',(-0.499923847578196,0.865893503920754,-0.0174524064372835));
#8992=DIRECTION('',(-0.866025403784438,-0.5,0.));
#8993=DIRECTION('',(-0.0174515205435363,-0.010075640083579,-0.999796942337605));
#8994=DIRECTION('',(-0.866025403784439,0.499999999999999,-7.65788199493528E-19));
#8995=DIRECTION('',(-1.73472347597681E-17,0.0201512801671579,0.999796942337605));
#8996=DIRECTION('',(0.866025403784439,-0.499999999999999,7.65788199493528E-19));
#8997=DIRECTION('',(0.499923847578194,0.865893503920755,-0.0174524064372835));
#8998=DIRECTION('',(-0.866025403784439,0.499999999999999,0.));
#8999=DIRECTION('',(0.866025403784437,0.500000000000002,-7.65788199493528E-19));
#9000=DIRECTION('',(0.0174515205435363,-0.0100756400835789,0.999796942337605));
#9001=DIRECTION('',(-0.866025403784437,-0.500000000000002,-1.01441435101019E-19));
#9002=DIRECTION('',(-7.28583859910259E-17,0.0201512801671579,-0.999796942337605));
#9003=DIRECTION('',(0.499923847578198,-0.865893503920753,-0.0174524064372835));
#9004=DIRECTION('',(0.866025403784437,0.500000000000002,0.));
#9005=DIRECTION('',(0.0174515205435363,0.010075640083579,-0.999796942337605));
#9006=DIRECTION('',(0.866025403784441,-0.499999999999996,0.));
#9007=DIRECTION('',(7.28581217842382E-17,-0.0201512801671579,0.999796942337605));
#9008=DIRECTION('',(-0.866025403784441,0.499999999999996,0.));
#9009=DIRECTION('',(-0.499923847578192,-0.865893503920756,-0.0174524064372835));
#9010=DIRECTION('',(0.866025403784441,-0.499999999999996,0.));
#9011=DIRECTION('',(0.0174515205435363,-0.010075640083579,-0.999796942337605));
#9012=DIRECTION('',(2.22044604925031E-15,-1.,9.3865106874006E-37));
#9013=DIRECTION('',(-0.0174515205435363,-0.010075640083579,0.999796942337605));
#9014=DIRECTION('',(-2.22044604925031E-15,1.,-9.3865106874006E-37));
#9015=DIRECTION('',(-0.999847695156391,-2.22010786456204E-15,-0.0174524064372835));
#9016=DIRECTION('',(-0.0174524064372835,0.,0.999847695156391));
#9017=DIRECTION('',(-0.0174515205435363,0.0100756400835789,-0.999796942337605));
#9018=DIRECTION('',(-2.72004641033163E-15,1.,-6.88469922126898E-33));
#9019=DIRECTION('',(0.0174515205435363,0.010075640083579,0.999796942337605));
#9020=DIRECTION('',(0.999847695156391,2.7196321340885E-15,-0.0174524064372835));
#9021=DIRECTION('',(-0.0174524064372835,0.,-0.999847695156391));
#9022=DIRECTION('',(2.72004641033163E-15,-1.,0.));
#9023=DIRECTION('',(-0.866025403784437,-0.500000000000002,0.));
#9024=DIRECTION('',(-0.866025403784441,0.499999999999996,0.));
#9025=DIRECTION('',(-2.22044604925031E-15,1.,0.));
#9026=DIRECTION('',(0.866025403784438,0.5,0.));
#9027=DIRECTION('',(0.866025403784439,-0.499999999999999,0.));
#9028=DIRECTION('',(0.,0.,-1.));
#9029=DIRECTION('',(0.,1.,0.));
#9030=DIRECTION('',(0.,0.,-1.));
#9031=DIRECTION('',(0.,1.,0.));
#9032=DIRECTION('',(-0.866025403784439,0.499999999999999,-4.49183841720664E-15));
#9033=DIRECTION('',(-0.866025403784438,-0.5,-4.08938257078002E-15));
#9034=DIRECTION('',(2.22044604925031E-15,-1.,4.0245584642663E-16));
#9035=DIRECTION('',(0.866025403784441,-0.499999999999996,4.49183841720665E-15));
#9036=DIRECTION('',(0.866025403784437,0.500000000000002,4.08938257078001E-15));
#9037=DIRECTION('',(-2.72004641033163E-15,1.,-4.02455846426633E-16));
#9038=DIRECTION('',(4.95437024738976E-15,-4.02455846426619E-16,-1.));
#9039=DIRECTION('',(-1.,0.,-7.93016446160826E-15));
#9040=DIRECTION('',(4.95437024738976E-15,-4.02455846426619E-16,-1.));
#9041=DIRECTION('',(-0.866025403784439,0.5,-4.52415882534751E-15));
#9042=DIRECTION('',(4.28823643261467E-15,0.,-1.));
#9043=DIRECTION('',(-0.069756473744121,0.997564050259824,0.));
#9044=DIRECTION('',(-0.866025403784439,-0.5,0.));
#9045=DIRECTION('',(0.5,-0.866025403784436,0.));
#9046=DIRECTION('',(0.866025403784439,0.5,0.));
#9047=DIRECTION('',(-0.5,0.866025403784436,0.));
#9048=DIRECTION('',(-0.866025403784438,-0.5,0.));
#9049=DIRECTION('',(0.5,-0.866025403784436,0.));
#9050=DIRECTION('',(-0.866025403784439,0.5,0.));
#9051=DIRECTION('',(0.5,0.866025403784436,0.));
#9052=DIRECTION('',(-1.90156547762983E-17,0.0201349276195515,-0.999797271795515));
#9053=DIRECTION('',(0.,-0.999797271795515,-0.0201349276195515));
#9054=DIRECTION('',(-0.0174373588218927,0.0100674638097758,-0.999797271795515));
#9055=DIRECTION('',(0.865849836009292,-0.499898635897757,-0.0201349276195517));
#9056=DIRECTION('',(0.,1.,0.));
#9057=DIRECTION('',(0.,0.,-1.));
#9058=DIRECTION('',(-0.866025403784439,0.499999999999999,0.));
#9059=DIRECTION('',(-0.499999999999999,-0.866025403784443,0.));
#9060=DIRECTION('',(-1.41375949650188E-16,-0.0201512801671469,-0.999796942337606));
#9061=DIRECTION('',(0.,0.999796942337608,-0.0201512801671355));
#9062=DIRECTION('',(1.90310983083473E-17,-0.0201512801671579,-0.999796942337605));
#9063=DIRECTION('',(0.,0.999796942337608,-0.0201512801671633));
#9064=DIRECTION('',(-0.866025403784439,-0.5,0.));
#9065=DIRECTION('',(0.5,-0.866025403784436,0.));
#9066=DIRECTION('',(0.866025403784436,0.500000000000005,0.));
#9067=DIRECTION('',(-0.500000000000006,0.866025403784436,0.));
#9068=DIRECTION('',(0.866025403784438,0.5,0.));
#9069=DIRECTION('',(-0.5,0.866025403784436,0.));
#9070=DIRECTION('',(0.0174515205435267,-0.0100756400835734,-0.999796942337606));
#9071=DIRECTION('',(-0.999847695156391,0.,-0.0174524064372739));
#9072=DIRECTION('',(0.0174515205435363,-0.010075640083579,-0.999796942337605));
#9073=DIRECTION('',(-0.999847695156391,0.,-0.0174524064372739));
#9074=DIRECTION('',(0.,1.,0.));
#9075=DIRECTION('',(0.,0.,1.));
#9076=DIRECTION('',(2.22044604925031E-15,-1.,0.));
#9077=DIRECTION('',(1.,0.,0.));
#9078=DIRECTION('',(0.866025403784438,-0.5,2.53981144299502E-15));
#9079=DIRECTION('',(-0.5,-0.866025403784436,0.));
#9080=DIRECTION('',(0.,1.,0.));
#9081=DIRECTION('',(0.,0.,1.));
#9082=DIRECTION('',(0.,-1.,0.));
#9083=DIRECTION('',(0.,0.,1.));
#9084=DIRECTION('',(0.,1.,0.));
#9085=DIRECTION('',(0.,0.,1.));
#9086=DIRECTION('',(-0.0174373588218926,-0.0100674638097758,-0.999797271795515));
#9087=DIRECTION('',(0.865849836009289,0.499898635897762,-0.0201349276195516));
#9088=DIRECTION('',(-0.86602540378444,0.499999999999997,0.));
#9089=DIRECTION('',(0.499999999999997,0.866025403784443,0.));
#9090=DIRECTION('',(-0.0174515205435267,-0.0100756400835734,-0.999796942337606));
#9091=DIRECTION('',(-0.999847695156392,0.,0.0174524064372739));
#9092=DIRECTION('',(-0.0174515205435363,-0.010075640083579,-0.999796942337605));
#9093=DIRECTION('',(-0.999847695156392,0.,0.0174524064372739));
#9094=DIRECTION('',(0.866025403784434,-0.500000000000008,0.));
#9095=DIRECTION('',(0.500000000000007,0.866025403784436,0.));
#9096=DIRECTION('',(0.866025403784439,-0.499999999999999,0.));
#9097=DIRECTION('',(0.499999999999999,0.866025403784443,0.));
#9098=DIRECTION('',(0.,-1.,0.));
#9099=DIRECTION('',(0.,0.,-1.));
#9100=DIRECTION('',(-2.22044604925031E-15,1.,0.));
#9101=DIRECTION('',(-1.,0.,0.));
#9102=DIRECTION('',(0.0174515205435267,0.0100756400835734,-0.999796942337606));
#9103=DIRECTION('',(-0.999847695156391,0.,-0.0174524064372739));
#9104=DIRECTION('',(0.0174515205435363,0.010075640083579,-0.999796942337605));
#9105=DIRECTION('',(-0.999847695156391,0.,-0.0174524064372739));
#9106=DIRECTION('',(-0.86602540378444,0.499999999999997,0.));
#9107=DIRECTION('',(-0.499999999999997,-0.866025403784443,0.));
#9108=DIRECTION('',(0.866025403784441,-0.499999999999996,0.));
#9109=DIRECTION('',(0.499999999999997,0.866025403784443,0.));
#9110=DIRECTION('',(0.866025403784439,0.5,0.));
#9111=DIRECTION('',(-0.5,0.866025403784436,0.));
#9112=DIRECTION('',(0.866025403784437,0.500000000000002,0.));
#9113=DIRECTION('',(-0.500000000000002,0.866025403784436,0.));
#9114=DIRECTION('',(-1.21118843622647E-16,-1.,-6.93889390390722E-15));
#9115=DIRECTION('',(0.,-6.93889390390723E-15,1.));
#9116=DIRECTION('',(0.,1.,0.));
#9117=DIRECTION('',(0.,0.,1.));
#9118=DIRECTION('',(0.86602540378444,-0.499999999999997,0.));
#9119=DIRECTION('',(-0.499999999999997,-0.866025403784443,0.));
#9120=DIRECTION('',(0.,1.,0.));
#9121=DIRECTION('',(0.,0.,1.));
#9122=DIRECTION('',(7.2059596135071E-17,-0.0201349276195515,-0.999797271795515));
#9123=DIRECTION('',(-6.93326306596566E-15,0.999797271795515,-0.0201349276195515));
#9124=DIRECTION('',(-0.0174515205435267,0.0100756400835734,-0.999796942337606));
#9125=DIRECTION('',(-0.999847695156392,0.,0.0174524064372739));
#9126=DIRECTION('',(-0.0174515205435363,0.0100756400835789,-0.999796942337605));
#9127=DIRECTION('',(-0.999847695156392,0.,0.0174524064372739));
#9128=DIRECTION('',(6.93995089204251E-15,-1.,0.));
#9129=DIRECTION('',(1.,6.93889390390723E-15,0.));
#9130=DIRECTION('',(2.72004641033163E-15,-1.,0.));
#9131=DIRECTION('',(1.,0.,0.));
#9132=DIRECTION('',(0.86602540378444,-0.499999999999997,-6.00925839494864E-15));
#9133=DIRECTION('',(0.499999999999997,0.866025403784443,0.));
#9134=DIRECTION('',(-0.866025403784441,0.499999999999996,0.));
#9135=DIRECTION('',(-0.499999999999997,-0.866025403784443,0.));
#9136=DIRECTION('',(-1.41375949650187E-16,0.0201512801671468,-0.999796942337606));
#9137=DIRECTION('',(0.,0.999796942337608,0.0201512801671355));
#9138=DIRECTION('',(-7.21181192148933E-17,0.0201512801671579,-0.999796942337605));
#9139=DIRECTION('',(0.,0.999796942337608,0.0201512801671633));
#9140=DIRECTION('',(-0.866025403784438,-0.5,3.46944695195361E-15));
#9141=DIRECTION('',(-0.5,0.866025403784436,0.));
#9142=DIRECTION('',(0.,1.,0.));
#9143=DIRECTION('',(0.,0.,1.));
#9144=DIRECTION('',(0.866025403784436,0.500000000000005,0.));
#9145=DIRECTION('',(0.500000000000006,-0.866025403784436,0.));
#9146=DIRECTION('',(0.,1.,0.));
#9147=DIRECTION('',(0.,0.,1.));
#9148=DIRECTION('',(-0.866025403784437,-0.500000000000002,0.));
#9149=DIRECTION('',(0.500000000000002,-0.866025403784436,0.));
#9150=DIRECTION('',(0.866025403784432,-0.500000000000011,0.));
#9151=DIRECTION('',(0.50000000000001,0.866025403784432,0.));
#9152=DIRECTION('',(-0.86602540378444,0.499999999999998,8.67361737988376E-15));
#9153=DIRECTION('',(-0.499999999999997,-0.866025403784432,0.));
#9154=DIRECTION('',(0.866025403784439,-0.499999999999999,4.49183841720664E-15));
#9155=DIRECTION('',(0.499999999999997,0.866025403784432,0.));
#9156=DIRECTION('',(0.86602540378444,0.499999999999998,-1.50231459873722E-14));
#9157=DIRECTION('',(0.499999999999997,-0.866025403784432,0.));
#9158=DIRECTION('',(6.93864563696977E-14,-0.0201512801672347,-0.999796942337604));
#9159=DIRECTION('',(0.,-0.999796942337608,0.0201512801672327));
#9160=DIRECTION('',(0.,0.999999999999994,0.));
#9161=DIRECTION('',(0.,0.,1.00000000000003));
#9162=DIRECTION('',(-0.0174515205435682,-0.0100756400835973,-0.999796942337605));
#9163=DIRECTION('',(0.999847695156387,0.,-0.0174524064373155));
#9164=DIRECTION('',(1.73498772301062E-14,1.,0.));
#9165=DIRECTION('',(1.,-1.73472347597681E-14,0.));
#9166=DIRECTION('',(0.,0.999999999999994,0.));
#9167=DIRECTION('',(0.,0.,1.00000000000003));
#9168=DIRECTION('',(8.55323863300667E-15,0.0201349276195516,-0.999797271795516));
#9169=DIRECTION('',(2.07997891978971E-13,0.999797271795515,0.0201349276195516));
#9170=DIRECTION('',(-1.80296060813993E-17,0.0201512801671579,0.999796942337605));
#9171=DIRECTION('',(0.,-0.999796942337608,0.0201512801671633));
#9172=DIRECTION('',(0.86602540378444,0.499999999999998,0.));
#9173=DIRECTION('',(-0.499999999999999,0.866025403784432,0.));
#9174=DIRECTION('',(0.866025403784438,0.500000000000001,4.08938257078002E-15));
#9175=DIRECTION('',(-0.500000000000001,0.866025403784432,0.));
#9176=DIRECTION('',(0.,1.,0.));
#9177=DIRECTION('',(0.,0.,1.00000000000003));
#9178=DIRECTION('',(2.72004641033163E-15,-1.,4.02455846426633E-16));
#9179=DIRECTION('',(1.,0.,0.));
#9180=DIRECTION('',(0.0174373588218949,0.0100674638097722,-0.999797271795515));
#9181=DIRECTION('',(0.865849836009343,0.499898635897667,0.0201349276195518));
#9182=DIRECTION('',(0.0174515205435363,0.010075640083579,0.999796942337605));
#9183=DIRECTION('',(0.999847695156387,0.,-0.0174524064373155));
#9184=DIRECTION('',(-0.86602540378444,0.499999999999998,0.));
#9185=DIRECTION('',(-0.499999999999997,-0.866025403784432,0.));
#9186=DIRECTION('',(0.86602540378444,-0.499999999999998,0.));
#9187=DIRECTION('',(0.499999999999997,0.866025403784432,0.));
#9188=DIRECTION('',(-0.866025403784439,0.499999999999999,-3.71372168807826E-15));
#9189=DIRECTION('',(-0.499999999999997,-0.866025403784432,0.));
#9190=DIRECTION('',(-0.86602540378444,-0.499999999999998,0.));
#9191=DIRECTION('',(-0.499999999999997,0.866025403784432,0.));
#9192=DIRECTION('',(0.,1.,0.));
#9193=DIRECTION('',(0.,0.,-1.00000000000003));
#9194=DIRECTION('',(0.0174515205434988,-0.0100756400836374,-0.999796942337605));
#9195=DIRECTION('',(0.999847695156391,0.,0.0174524064372461));
#9196=DIRECTION('',(0.,0.999999999999994,0.));
#9197=DIRECTION('',(0.,0.,1.00000000000003));
#9198=DIRECTION('',(-0.0174515205435685,0.0100756400835974,-0.999796942337605));
#9199=DIRECTION('',(0.999847695156387,0.,-0.0174524064373155));
#9200=DIRECTION('',(0.866025403784428,0.500000000000019,0.));
#9201=DIRECTION('',(0.500000000000023,-0.866025403784432,0.));
#9202=DIRECTION('',(0.,0.999999999999994,0.));
#9203=DIRECTION('',(0.,0.,1.00000000000003));
#9204=DIRECTION('',(0.,-1.,0.));
#9205=DIRECTION('',(0.,0.,1.00000000000003));
#9206=DIRECTION('',(-0.86602540378444,-0.499999999999998,6.34952860748787E-15));
#9207=DIRECTION('',(0.499999999999997,-0.866025403784432,0.));
#9208=DIRECTION('',(0.866025403784438,0.5,3.71372168807826E-15));
#9209=DIRECTION('',(-0.500000000000001,0.866025403784432,0.));
#9210=DIRECTION('',(-0.0174373588218905,0.0100674638097795,-0.999797271795515));
#9211=DIRECTION('',(-0.865849836009237,0.499898635897851,0.0201349276195515));
#9212=DIRECTION('',(-0.0174515205435363,0.010075640083579,0.999796942337605));
#9213=DIRECTION('',(0.999847695156391,0.,0.0174524064373155));
#9214=DIRECTION('',(0.,1.,0.));
#9215=DIRECTION('',(0.,0.,1.00000000000003));
#9216=DIRECTION('',(-2.22044604925031E-15,1.,-4.0245584642663E-16));
#9217=DIRECTION('',(-1.,0.,0.));
#9218=DIRECTION('',(-0.86602540378444,0.499999999999998,0.));
#9219=DIRECTION('',(-0.499999999999997,-0.866025403784432,0.));
#9220=DIRECTION('',(0.86602540378444,-0.499999999999998,0.));
#9221=DIRECTION('',(0.499999999999999,0.866025403784432,0.));
#9222=DIRECTION('',(-0.866025403784441,0.499999999999996,-4.49183841720665E-15));
#9223=DIRECTION('',(-0.499999999999997,-0.866025403784432,0.));
#9224=DIRECTION('',(0.866025403784435,0.500000000000006,8.67361737988388E-15));
#9225=DIRECTION('',(-0.500000000000006,0.866025403784432,0.));
#9226=DIRECTION('',(-0.866025403784437,-0.500000000000002,-4.08938257078001E-15));
#9227=DIRECTION('',(0.500000000000001,-0.866025403784432,0.));
#9228=DIRECTION('',(0.0174373588218948,-0.0100674638097721,-0.999797271795515));
#9229=DIRECTION('',(0.865849836009346,-0.499898635897663,0.0201349276195517));
#9230=DIRECTION('',(0.0174515205435363,-0.0100756400835789,0.999796942337605));
#9231=DIRECTION('',(0.999847695156387,0.,-0.0174524064373155));
#9232=DIRECTION('',(0.,-1.,0.));
#9233=DIRECTION('',(0.,0.,-1.00000000000003));
#9234=DIRECTION('',(-2.71302151740151E-15,1.,-1.16340777133887E-29));
#9235=DIRECTION('',(-1.,0.,0.));
#9236=DIRECTION('',(0.,-1.,0.));
#9237=DIRECTION('',(0.,0.,1.00000000000003));
#9238=DIRECTION('',(0.0174515205435682,0.0100756400835973,-0.999796942337605));
#9239=DIRECTION('',(0.999847695156391,0.,0.0174524064373155));
#9240=DIRECTION('',(0.,0.999999999999994,0.));
#9241=DIRECTION('',(0.,0.,1.00000000000003));
#9242=DIRECTION('',(0.,0.0201512801671947,-0.999796942337605));
#9243=DIRECTION('',(0.,-0.999796942337608,-0.0201512801671633));
#9244=DIRECTION('',(0.,0.999999999999994,0.));
#9245=DIRECTION('',(0.,0.,1.00000000000003));
#9246=DIRECTION('',(-0.866025403784435,-0.500000000000006,8.67361737988449E-15));
#9247=DIRECTION('',(-0.500000000000006,0.866025403784432,0.));
#9248=DIRECTION('',(0.,-1.,0.));
#9249=DIRECTION('',(0.,0.,-1.00000000000003));
#9250=DIRECTION('',(2.22747094218043E-15,-1.,9.55192204684864E-30));
#9251=DIRECTION('',(1.,0.,0.));
#9252=DIRECTION('',(-0.0174373588218905,-0.0100674638097796,-0.999797271795515));
#9253=DIRECTION('',(-0.865849836009235,-0.499898635897855,0.0201349276195517));
#9254=DIRECTION('',(-0.0174515205435363,-0.010075640083579,0.999796942337605));
#9255=DIRECTION('',(0.999847695156391,0.,0.0174524064373155));
#9256=DIRECTION('',(8.64131184533778E-15,-0.0201349276195516,-0.999797271795516));
#9257=DIRECTION('',(2.07997891978971E-13,-0.999797271795515,0.0201349276195516));
#9258=DIRECTION('',(7.01151347609972E-17,-0.0201512801671579,0.999796942337605));
#9259=DIRECTION('',(0.,-0.999796942337608,-0.0201512801671633));
#9260=DIRECTION('',(-0.866025403784439,-0.5,0.));
#9261=DIRECTION('',(0.500000000000001,-0.866025403784432,0.));
#9262=DIRECTION('',(-0.866025403784437,-0.500000000000002,-3.71372168807826E-15));
#9263=DIRECTION('',(0.500000000000001,-0.866025403784432,0.));
#9264=DIRECTION('',(0.86602540378444,-0.499999999999998,0.));
#9265=DIRECTION('',(-0.499999999999999,-0.866025403784432,0.));
#9266=DIRECTION('',(-0.86602540378444,0.499999999999998,0.));
#9267=DIRECTION('',(0.499999999999997,0.866025403784432,0.));
#9268=DIRECTION('',(0.866025403784441,-0.499999999999996,3.71372168807827E-15));
#9269=DIRECTION('',(0.499999999999997,0.866025403784432,0.));
#9270=DIRECTION('',(0.,0.,1.));
#9271=DIRECTION('',(0.,-1.,0.));
#9272=DIRECTION('',(0.,0.,1.));
#9273=DIRECTION('',(0.,-1.,0.));
#9274=DIRECTION('',(0.,0.,-1.));
#9275=DIRECTION('',(0.,1.,0.));
#9276=DIRECTION('',(0.,0.,1.));
#9277=DIRECTION('',(0.,-1.,0.));
#9278=DIRECTION('',(0.,0.,1.));
#9279=DIRECTION('',(0.,1.,0.));
#9280=DIRECTION('',(0.,0.,-1.));
#9281=DIRECTION('',(0.,-1.,0.));
#9282=DIRECTION('',(-6.88817142311637E-15,-2.65534948316351E-29,1.));
#9283=DIRECTION('',(1.,0.,0.));
#9284=DIRECTION('',(-6.88817142311637E-15,-2.65534948316351E-29,1.));
#9285=DIRECTION('',(-7.70997848897892E-15,1.,0.));
#9286=DIRECTION('',(6.88817142311637E-15,2.65534948316351E-29,-1.));
#9287=DIRECTION('',(7.51713506256616E-15,-1.,0.));
#9288=DIRECTION('',(-6.88817142311637E-15,-2.65534948316351E-29,1.));
#9289=DIRECTION('',(1.,0.,0.));
#9290=DIRECTION('',(-6.88817142311637E-15,-2.65534948316351E-29,1.));
#9291=DIRECTION('',(7.70997848897892E-15,-1.,0.));
#9292=DIRECTION('',(6.88817142311637E-15,2.65534948316351E-29,-1.));
#9293=DIRECTION('',(-7.51713506256616E-15,1.,0.));
#9294=DIRECTION('',(3.65472901416639E-15,0.,-1.));
#9295=DIRECTION('',(-6.89018569679533E-16,0.,-1.));
#9296=DIRECTION('',(-1.,0.,5.91874055024832E-16));
#9297=DIRECTION('',(0.,-1.,0.));
#9298=DIRECTION('',(1.,0.,-6.93889390390723E-16));
#9299=DIRECTION('',(-5.91874055024832E-16,0.,-1.));
#9300=DIRECTION('',(-1.,0.,0.));
#9301=DIRECTION('',(-5.91874055024832E-16,0.,-1.));
#9302=DIRECTION('',(-1.,0.,0.));
#9303=DIRECTION('',(0.,1.,0.));
#9304=DIRECTION('',(-1.,0.,5.91874055024832E-16));
#9305=DIRECTION('',(0.,-1.,0.));
#9306=DIRECTION('',(-5.91874055024832E-16,0.,-1.));
#9307=DIRECTION('',(1.,0.,-5.96744875736022E-16));
#9308=DIRECTION('',(-3.65472901416639E-15,0.,1.));
#9309=DIRECTION('',(-6.89018569679533E-16,0.,-1.));
#9310=DIRECTION('',(0.,-1.,0.));
#9311=DIRECTION('',(1.,0.,-6.93889390390723E-16));
#9312=DIRECTION('',(0.,1.,0.));
#9313=DIRECTION('',(-1.,0.,8.56653568383609E-16));
#9314=DIRECTION('',(0.722990842573283,0.,-0.690857613083315));
#9315=DIRECTION('',(0.,1.,0.));
#9316=DIRECTION('',(-1.,0.,8.67361737988404E-16));
#9317=DIRECTION('',(-1.,0.,6.89018569679533E-16));
#9318=DIRECTION('',(0.,-1.,0.));
#9319=DIRECTION('',(1.,0.,-6.93889390390723E-16));
#9320=DIRECTION('',(0.,1.,0.));
#9321=DIRECTION('',(-1.,0.,8.67361737988404E-16));
#9322=DIRECTION('',(-0.722990842573283,0.,0.690857613083315));
#9323=DIRECTION('',(0.,1.,0.));
#9324=DIRECTION('',(-1.,0.,8.56653568383609E-16));
#9325=DIRECTION('',(-1.,0.,6.89018569679533E-16));
#9326=DIRECTION('',(0.,1.,0.));
#9327=DIRECTION('',(-1.,0.,6.93889390390723E-16));
#9328=DIRECTION('',(0.,-1.,0.));
#9329=DIRECTION('',(0.,1.,0.));
#9330=DIRECTION('',(0.,1.,0.));
#9331=DIRECTION('',(-1.,0.,8.56653568383609E-16));
#9332=DIRECTION('',(0.,-1.,0.));
#9333=DIRECTION('',(0.,-1.,0.));
#9334=DIRECTION('',(0.,1.,0.));
#9335=DIRECTION('',(-1.,0.,8.67361737988404E-16));
#9336=DIRECTION('',(0.,-1.,0.));
#9337=DIRECTION('',(-1.,0.,0.));
#9338=DIRECTION('',(0.,-1.,0.));
#9339=DIRECTION('',(-1.,0.,0.));
#9340=DIRECTION('',(-0.722990842573281,0.,0.690857613083316));
#9341=DIRECTION('',(0.,-1.,0.));
#9342=DIRECTION('',(1.,0.,-6.93889390390723E-16));
#9343=DIRECTION('',(0.,-1.,0.));
#9344=DIRECTION('',(-1.,0.,0.));
#9345=DIRECTION('',(0.722990842573281,0.,-0.690857613083316));
#9346=DIRECTION('',(0.,-1.,0.));
#9347=DIRECTION('',(-1.,0.,0.));
#9348=DIRECTION('',(0.,1.,0.));
#9349=DIRECTION('',(-1.,0.,6.93889390390723E-16));
#9350=DIRECTION('',(-0.69085761308332,0.,-0.722990842573277));
#9351=DIRECTION('',(-0.69085761308332,0.,-0.722990842573277));
#9352=DIRECTION('',(0.,1.,0.));
#9353=DIRECTION('',(-1.,0.,6.93889390390723E-16));
#9354=DIRECTION('',(-0.69085761308332,0.,-0.722990842573277));
#9355=DIRECTION('',(-0.69085761308332,0.,-0.722990842573277));
#9356=DIRECTION('',(0.,-1.,0.));
#9357=DIRECTION('',(1.,0.,-6.93889390390723E-16));
#9358=DIRECTION('',(0.,-1.,0.));
#9359=DIRECTION('',(0.,1.,0.));
#9360=DIRECTION('',(-1.,0.,0.));
#9361=DIRECTION('',(0.722990842573276,0.,-0.690857613083321));
#9362=DIRECTION('',(0.69085761308332,0.,0.722990842573277));
#9363=DIRECTION('',(0.,-1.,0.));
#9364=DIRECTION('',(0.722990842573276,0.,-0.690857613083321));
#9365=DIRECTION('',(0.69085761308332,0.,0.722990842573277));
#9366=DIRECTION('',(0.,1.,0.));
#9367=DIRECTION('',(-1.,0.,0.));
#9368=DIRECTION('',(6.89018569679534E-16,0.,1.));
#9369=DIRECTION('',(0.,1.,0.));
#9370=DIRECTION('',(1.,0.,-6.89018569679533E-16));
#9371=DIRECTION('',(0.,1.,0.));
#9372=DIRECTION('',(-6.89018569679534E-16,0.,-1.));
#9373=DIRECTION('',(6.89018569679534E-16,0.,1.));
#9374=DIRECTION('',(-6.89018569679534E-16,0.,-1.));
#9375=DIRECTION('',(0.107699708029576,-0.994183470437094,0.));
#9376=DIRECTION('',(-6.89018569679534E-16,0.,-1.));
#9377=DIRECTION('',(0.107699708029576,-0.994183470437094,0.));
#9378=DIRECTION('',(-1.,0.,0.));
#9379=DIRECTION('',(0.,0.,1.));
#9380=DIRECTION('',(-1.,0.,0.));
#9381=DIRECTION('',(0.,1.,0.));
#9382=DIRECTION('',(0.,0.,1.));
#9383=DIRECTION('',(-0.707106781186547,0.,0.707106781186547));
#9384=DIRECTION('',(-0.707106781186547,0.,-0.707106781186548));
#9385=DIRECTION('',(0.707106781186548,0.,-0.707106781186547));
#9386=DIRECTION('',(0.,1.,0.));
#9387=DIRECTION('',(-1.,0.,0.));
#9388=DIRECTION('',(-1.,0.,0.));
#9389=DIRECTION('',(0.,0.,-1.));
#9390=DIRECTION('',(-1.,0.,0.));
#9391=DIRECTION('',(0.707106781186548,0.,-0.707106781186547));
#9392=DIRECTION('',(0.707106781186547,0.,0.707106781186548));
#9393=DIRECTION('',(-0.707106781186547,0.,0.707106781186547));
#9394=DIRECTION('',(0.,-1.,0.));
#9395=DIRECTION('',(0.,0.,-1.));
#9396=DIRECTION('',(0.,-1.,0.));
#9397=DIRECTION('',(-1.,0.,0.));
#9398=DIRECTION('',(0.707106781186547,0.,0.707106781186547));
#9399=DIRECTION('',(-0.707106781186547,0.,0.707106781186545));
#9400=DIRECTION('',(0.,1.,0.));
#9401=DIRECTION('',(0.707106781186547,0.,0.707106781186547));
#9402=DIRECTION('',(-0.707106781186547,0.,0.707106781186545));
#9403=DIRECTION('',(0.,-1.,0.));
#9404=DIRECTION('',(-0.707106781186547,0.,-0.707106781186547));
#9405=DIRECTION('',(-0.707106781186547,0.,0.707106781186547));
#9406=DIRECTION('',(0.,0.,1.));
#9407=DIRECTION('',(0.,0.,1.));
#9408=DIRECTION('',(0.,-1.,0.));
#9409=DIRECTION('',(0.,0.,-1.));
#9410=DIRECTION('',(0.,0.,-1.));
#9411=DIRECTION('',(0.,-1.,0.));
#9412=DIRECTION('',(-1.,0.,0.));
#9413=DIRECTION('',(0.,0.,1.));
#9414=DIRECTION('',(0.,0.,-1.));
#9415=DIRECTION('',(0.,1.,0.));
#9416=DIRECTION('',(0.,0.,-1.));
#9417=DIRECTION('',(0.,1.,0.));
#9418=DIRECTION('',(0.,0.,-1.));
#9419=DIRECTION('',(0.,1.,0.));
#9420=DIRECTION('',(0.,-1.,0.));
#9421=DIRECTION('',(0.,0.,-1.));
#9422=DIRECTION('',(0.,1.,0.));
#9423=DIRECTION('',(0.,0.,-1.));
#9424=DIRECTION('',(-1.,0.,0.));
#9425=DIRECTION('',(0.,0.,1.));
#9426=DIRECTION('',(0.,-1.,0.));
#9427=DIRECTION('',(0.,0.,1.));
#9428=DIRECTION('',(0.,-1.,0.));
#9429=DIRECTION('',(0.,0.,1.));
#9430=DIRECTION('',(0.,-1.,0.));
#9431=DIRECTION('',(0.,1.,0.));
#9432=DIRECTION('',(0.,0.,1.));
#9433=DIRECTION('',(0.,-1.,0.));
#9434=DIRECTION('',(0.,0.,1.));
#9435=DIRECTION('',(1.,0.,0.));
#9436=DIRECTION('',(0.,1.,0.));
#9437=DIRECTION('',(-0.707106781186547,0.,-0.707106781186548));
#9438=DIRECTION('',(0.707106781186548,0.,-0.707106781186545));
#9439=DIRECTION('',(-0.707106781186547,0.,-0.707106781186548));
#9440=DIRECTION('',(0.707106781186548,0.,-0.707106781186545));
#9441=DIRECTION('',(0.707106781186547,0.,0.707106781186548));
#9442=DIRECTION('',(0.707106781186548,0.,-0.707106781186547));
#9443=DIRECTION('',(-0.707106781186547,0.,-0.707106781186548));
#9444=DIRECTION('',(0.707106781186547,0.,0.707106781186548));
#9445=DIRECTION('',(0.707106781186548,0.,-0.707106781186547));
#9446=DIRECTION('',(-0.707106781186547,0.,-0.707106781186548));
#9447=DIRECTION('',(0.,0.,-1.));
#9448=DIRECTION('',(0.,0.,1.));
#9449=DIRECTION('',(0.,0.,-1.));
#9450=DIRECTION('',(0.107699708029577,-0.994183470437093,0.));
#9451=DIRECTION('',(0.,0.,-1.));
#9452=DIRECTION('',(0.107699708029577,-0.994183470437093,0.));
#9453=DIRECTION('',(0.,-1.,0.));
#9454=DIRECTION('',(0.,0.,-1.));
#9455=DIRECTION('',(-0.707106781186547,0.,-0.707106781186548));
#9456=DIRECTION('',(-0.707106781186548,0.,0.707106781186545));
#9457=DIRECTION('',(-0.707106781186547,0.,-0.707106781186548));
#9458=DIRECTION('',(-0.707106781186548,0.,0.707106781186545));
#9459=DIRECTION('',(0.,0.,-1.));
#9460=DIRECTION('',(0.,1.,0.));
#9461=DIRECTION('',(0.,0.,1.));
#9462=DIRECTION('',(0.,-1.,0.));
#9463=DIRECTION('',(0.,1.,0.));
#9464=DIRECTION('',(0.,1.,0.));
#9465=DIRECTION('',(-1.,0.,0.));
#9466=DIRECTION('',(0.,1.,0.));
#9467=DIRECTION('',(-1.,0.,0.));
#9468=DIRECTION('',(1.,0.,0.));
#9469=DIRECTION('',(0.,1.,0.));
#9470=DIRECTION('',(-1.,0.,0.));
#9471=DIRECTION('',(-0.722990842573283,0.,-0.690857613083314));
#9472=DIRECTION('',(0.,-1.,0.));
#9473=DIRECTION('',(1.,0.,0.));
#9474=DIRECTION('',(0.,1.,0.));
#9475=DIRECTION('',(-1.,0.,0.));
#9476=DIRECTION('',(1.,0.,0.));
#9477=DIRECTION('',(0.,1.,0.));
#9478=DIRECTION('',(-1.,0.,0.));
#9479=DIRECTION('',(0.722990842573283,0.,0.690857613083314));
#9480=DIRECTION('',(0.,1.,0.));
#9481=DIRECTION('',(-1.,0.,0.));
#9482=DIRECTION('',(0.,-1.,0.));
#9483=DIRECTION('',(0.,1.,0.));
#9484=DIRECTION('',(0.,1.,0.));
#9485=DIRECTION('',(-1.,0.,0.));
#9486=DIRECTION('',(0.,1.,0.));
#9487=DIRECTION('',(0.,1.,0.));
#9488=DIRECTION('',(0.,1.,0.));
#9489=DIRECTION('',(-1.,0.,0.));
#9490=DIRECTION('',(0.,-1.,0.));
#9491=DIRECTION('',(-1.,0.,0.));
#9492=DIRECTION('',(0.722990842573282,0.,0.690857613083315));
#9493=DIRECTION('',(0.,-1.,0.));
#9494=DIRECTION('',(1.,0.,0.));
#9495=DIRECTION('',(0.,-1.,0.));
#9496=DIRECTION('',(-1.,0.,0.));
#9497=DIRECTION('',(-0.722990842573282,0.,-0.690857613083315));
#9498=DIRECTION('',(0.,1.,0.));
#9499=DIRECTION('',(-1.,0.,0.));
#9500=DIRECTION('',(0.69085761308332,0.,-0.722990842573277));
#9501=DIRECTION('',(0.69085761308332,0.,-0.722990842573277));
#9502=DIRECTION('',(0.,1.,0.));
#9503=DIRECTION('',(-1.,0.,0.));
#9504=DIRECTION('',(0.69085761308332,0.,-0.722990842573277));
#9505=DIRECTION('',(0.69085761308332,0.,-0.722990842573277));
#9506=DIRECTION('',(0.,-1.,0.));
#9507=DIRECTION('',(1.,0.,0.));
#9508=DIRECTION('',(0.,1.,0.));
#9509=DIRECTION('',(0.,1.,0.));
#9510=DIRECTION('',(-1.,0.,0.));
#9511=DIRECTION('',(0.722990842573277,0.,0.69085761308332));
#9512=DIRECTION('',(0.69085761308332,0.,-0.722990842573277));
#9513=DIRECTION('',(0.722990842573277,0.,0.69085761308332));
#9514=DIRECTION('',(0.69085761308332,0.,-0.722990842573277));
#9515=DIRECTION('',(0.,0.,-1.));
#9516=DIRECTION('',(0.,1.,0.));
#9517=DIRECTION('',(0.,0.,-1.));
#9518=DIRECTION('',(-1.,0.,0.));
#9519=DIRECTION('',(0.,0.,-1.));
#9520=DIRECTION('',(-1.,0.,0.));
#9521=DIRECTION('',(0.,0.,-1.));
#9522=DIRECTION('',(-0.107699708029576,0.994183470437094,0.));
#9523=DIRECTION('',(0.,0.,1.));
#9524=DIRECTION('',(-0.107699708029577,0.994183470437094,0.));
#9525=DIRECTION('',(0.0761551938795252,-0.702993873689649,-0.707106781186543));
#9526=DIRECTION('',(0.,0.,-1.));
#9527=DIRECTION('',(-0.107699708029576,0.994183470437095,0.));
#9528=DIRECTION('',(-0.0761551938795251,0.702993873689649,-0.707106781186543));
#9529=DIRECTION('',(0.,0.,-1.));
#9530=DIRECTION('',(-0.107699708029576,0.994183470437094,-1.38570023043577E-17));
#9531=DIRECTION('',(0.,0.,1.));
#9532=DIRECTION('',(-0.107699708029576,0.994183470437094,0.));
#9533=DIRECTION('',(0.994183470437094,0.107699708029576,0.));
#9534=DIRECTION('',(0.107699708029579,-0.994183470437102,0.));
#9535=DIRECTION('',(0.,0.,-1.));
#9536=DIRECTION('',(-0.107699708029577,0.994183470437094,0.));
#9537=DIRECTION('',(-0.994183470437094,-0.107699708029577,0.));
#9538=DIRECTION('',(-0.107699708029579,0.994183470437102,0.));
#9539=DIRECTION('',(0.,0.,1.));
#9540=DIRECTION('',(0.107699708029576,-0.994183470437095,0.));
#9541=DIRECTION('',(0.,0.,1.));
#9542=DIRECTION('',(0.,0.,1.));
#9543=DIRECTION('',(0.,0.,1.));
#9544=DIRECTION('',(0.107699708029576,-0.994183470437095,0.));
#9545=DIRECTION('',(0.,0.,1.));
#9546=DIRECTION('',(0.,0.,-1.));
#9547=DIRECTION('',(-0.107699708029577,0.994183470437094,0.));
#9548=DIRECTION('',(0.,0.,1.));
#9549=DIRECTION('',(0.,0.,1.));
#9550=DIRECTION('',(0.107699708029577,-0.994183470437094,0.));
#9551=DIRECTION('',(0.,0.,1.));
#9552=DIRECTION('',(-0.107699708029576,0.994183470437094,0.));
#9553=DIRECTION('',(0.,0.,1.));
#9554=DIRECTION('',(0.,0.,-1.));
#9555=DIRECTION('',(-0.107699708029576,0.994183470437094,0.));
#9556=DIRECTION('',(0.,0.,1.));
#9557=DIRECTION('',(0.,0.,1.));
#9558=DIRECTION('',(0.107699708029576,-0.994183470437094,0.));
#9559=DIRECTION('',(-0.102428509124578,0.945524667951796,0.309016994375978));
#9560=DIRECTION('',(0.,0.,-1.));
#9561=DIRECTION('',(-0.107699708029577,0.994183470437092,0.));
#9562=DIRECTION('',(0.,0.,1.));
#9563=DIRECTION('',(-0.107699708029576,0.994183470437094,0.));
#9564=DIRECTION('',(0.,0.,-1.));
#9565=DIRECTION('',(-0.107699708029577,0.994183470437092,0.));
#9566=DIRECTION('',(0.,0.,1.));
#9567=DIRECTION('',(-0.107699708029576,0.994183470437094,0.));
#9568=DIRECTION('',(0.,0.,-1.));
#9569=DIRECTION('',(-0.107699708029577,0.994183470437092,0.));
#9570=DIRECTION('',(0.102428509124578,-0.945524667951796,0.309016994375978));
#9571=DIRECTION('',(0.,0.,1.));
#9572=DIRECTION('',(0.107699708029576,-0.994183470437094,-4.50792012897128E-18));
#9573=DIRECTION('',(0.,0.,1.));
#9574=DIRECTION('',(-0.107699708029576,0.994183470437094,0.));
#9575=DIRECTION('',(0.,0.,1.));
#9576=DIRECTION('',(-0.107699708029576,0.994183470437094,0.));
#9577=DIRECTION('',(0.,0.,1.));
#9578=DIRECTION('',(0.107699708029576,-0.994183470437094,0.));
#9579=DIRECTION('',(0.,0.,-1.));
#9580=DIRECTION('',(-0.107699708029576,0.994183470437094,0.));
#9581=DIRECTION('',(0.,0.,1.));
#9582=DIRECTION('',(0.107699708029576,-0.994183470437094,0.));
#9583=DIRECTION('',(-0.107699708029577,0.994183470437094,9.20037399700123E-17));
#9584=DIRECTION('',(0.994183470437094,0.107699708029577,0.));
#9585=DIRECTION('',(0.,0.,-1.));
#9586=DIRECTION('',(-0.107699708029577,0.994183470437095,0.));
#9587=DIRECTION('',(-0.994183470437094,-0.107699708029576,0.));
#9588=DIRECTION('',(-0.107699708029576,0.994183470437094,0.));
#9589=DIRECTION('',(-0.0963841726592421,0.889728979054012,-0.446197753347436));
#9590=DIRECTION('',(0.0480553677589719,-0.443602430924188,-0.894934391398443));
#9591=DIRECTION('',(0.994183470437094,0.107699708029576,0.));
#9592=DIRECTION('',(-0.107699708029576,0.994183470437094,0.));
#9593=DIRECTION('',(0.,0.,-1.));
#9594=DIRECTION('',(-0.107699708029581,0.994183470437092,0.));
#9595=DIRECTION('',(-0.107699708029577,0.994183470437094,9.20037399700123E-17));
#9596=DIRECTION('',(0.994183470437094,0.107699708029577,0.));
#9597=DIRECTION('',(0.107699708029576,-0.994183470437094,9.57239041961056E-17));
#9598=DIRECTION('',(0.,0.,-1.));
#9599=DIRECTION('',(0.,0.,-1.));
#9600=DIRECTION('',(-0.10769970802958,0.994183470437095,0.));
#9601=DIRECTION('',(0.994183470437094,0.107699708029576,0.));
#9602=DIRECTION('',(-0.107699708029576,0.994183470437094,0.));
#9603=DIRECTION('',(0.0963841726592422,-0.889728979054012,-0.446197753347436));
#9604=DIRECTION('',(0.0480553677589719,-0.443602430924188,0.894934391398443));
#9605=DIRECTION('',(-0.994183470437094,-0.107699708029576,0.));
#9606=DIRECTION('',(-0.107699708029576,0.994183470437094,0.));
#9607=DIRECTION('',(0.,0.,-1.));
#9608=DIRECTION('',(-0.107699708029577,0.994183470437095,0.));
#9609=DIRECTION('',(0.107699708029576,-0.994183470437094,9.57239041961056E-17));
#9610=DIRECTION('',(0.,0.,-1.));
#9611=DIRECTION('',(0.994183470437094,0.107699708029576,0.));
#9612=DIRECTION('',(0.0817073914364069,-0.754246594208981,0.651487511245467));
#9613=DIRECTION('',(0.994183470437094,0.107699708029577,0.));
#9614=DIRECTION('',(0.443602430924188,0.0480553677589719,-0.894934391398443));
#9615=DIRECTION('',(0.107699708029577,-0.994183470437094,-9.20037399700123E-17));
#9616=DIRECTION('',(-0.994183470437094,-0.107699708029577,0.));
#9617=DIRECTION('',(-0.10769970802958,0.994183470437094,0.));
#9618=DIRECTION('',(-0.0480553677589733,0.443602430924188,0.894934391398443));
#9619=DIRECTION('',(0.994183470437094,0.10769970802958,-9.20037399700123E-17));
#9620=DIRECTION('',(0.10769970802958,-0.994183470437094,0.));
#9621=DIRECTION('',(-0.994183470437094,-0.107699708029579,1.39421034961707E-15));
#9622=DIRECTION('',(0.0480553677589718,-0.443602430924188,-0.894934391398443));
#9623=DIRECTION('',(-0.0963841726592421,0.889728979054012,-0.446197753347436));
#9624=DIRECTION('',(-0.0480553677589718,0.443602430924188,0.894934391398443));
#9625=DIRECTION('',(0.10769970802958,-0.994183470437094,0.));
#9626=DIRECTION('',(-0.994183470437094,-0.10769970802958,-9.57239041961056E-17));
#9627=DIRECTION('',(-0.10769970802958,0.994183470437094,0.));
#9628=DIRECTION('',(0.994183470437094,0.107699708029577,0.));
#9629=DIRECTION('',(0.443602430924188,0.0480553677589717,0.894934391398443));
#9630=DIRECTION('',(0.107699708029577,-0.994183470437094,-9.20037399700123E-17));
#9631=DIRECTION('',(-0.994183470437094,-0.107699708029577,0.));
#9632=DIRECTION('',(-0.994183470437094,-0.107699708029576,-4.77312836888841E-33));
#9633=DIRECTION('',(-0.443602430924188,-0.0480553677589718,-0.894934391398443));
#9634=DIRECTION('',(-0.107699708029576,0.994183470437094,-9.57239041961056E-17));
#9635=DIRECTION('',(-1.04083408558608E-17,9.36750677027476E-17,1.));
#9636=DIRECTION('',(0.10769970802958,-0.994183470437094,0.));
#9637=DIRECTION('',(0.0480553677589732,-0.443602430924188,0.894934391398443));
#9638=DIRECTION('',(-0.994183470437094,-0.10769970802958,-9.57239041961056E-17));
#9639=DIRECTION('',(-0.10769970802958,0.994183470437094,0.));
#9640=DIRECTION('',(0.994183470437094,0.107699708029579,1.47827658921638E-15));
#9641=DIRECTION('',(-0.0480553677589718,0.443602430924188,-0.894934391398443));
#9642=DIRECTION('',(0.0963841726592422,-0.889728979054012,-0.446197753347436));
#9643=DIRECTION('',(-0.0480553677589718,0.443602430924188,-0.894934391398443));
#9644=DIRECTION('',(-0.10769970802958,0.994183470437094,0.));
#9645=DIRECTION('',(0.994183470437094,0.10769970802958,-9.20037399700123E-17));
#9646=DIRECTION('',(0.10769970802958,-0.994183470437094,0.));
#9647=DIRECTION('',(-0.994183470437094,-0.107699708029576,-4.77312836888841E-33));
#9648=DIRECTION('',(-0.443602430924188,-0.0480553677589717,0.894934391398443));
#9649=DIRECTION('',(-0.107699708029576,0.994183470437094,-9.57239041961056E-17));
#9650=DIRECTION('',(-1.04083408558608E-17,9.36750677027476E-17,1.));
#9651=DIRECTION('',(0.107699708029577,-0.994183470437094,8.40662395993054E-17));
#9652=DIRECTION('',(-0.889728979054013,-0.0963841726592391,-0.446197753347436));
#9653=DIRECTION('',(-0.443602430924188,-0.0480553677589718,0.894934391398443));
#9654=DIRECTION('',(0.,0.,1.));
#9655=DIRECTION('',(0.107699708029576,-0.994183470437094,0.));
#9656=DIRECTION('',(0.,0.,1.));
#9657=DIRECTION('',(0.107699708029576,-0.994183470437094,-1.95798655930481E-16));
#9658=DIRECTION('',(0.,0.,-1.));
#9659=DIRECTION('',(-0.10769970802958,0.994183470437092,0.));
#9660=DIRECTION('',(0.,0.,1.));
#9661=DIRECTION('',(0.107699708029576,-0.994183470437094,0.));
#9662=DIRECTION('',(0.,0.,1.));
#9663=DIRECTION('',(-0.107699708029576,0.994183470437094,0.));
#9664=DIRECTION('',(0.,0.,1.));
#9665=DIRECTION('',(0.107699708029576,-0.994183470437094,-1.95798655930481E-16));
#9666=DIRECTION('',(-0.107699708029576,0.994183470437094,0.));
#9667=DIRECTION('',(0.889728979054013,0.096384172659239,-0.446197753347436));
#9668=DIRECTION('',(-0.443602430924188,-0.0480553677589718,-0.894934391398443));
#9669=DIRECTION('',(0.,0.,-1.));
#9670=DIRECTION('',(-0.107699708029579,0.994183470437092,0.));
#9671=DIRECTION('',(0.,0.,1.));
#9672=DIRECTION('',(0.107699708029576,-0.994183470437094,0.));
#9673=DIRECTION('',(0.,0.,1.));
#9674=DIRECTION('',(-0.107699708029576,0.994183470437094,0.));
#9675=DIRECTION('',(0.,0.,1.));
#9676=DIRECTION('',(0.107699708029576,-0.994183470437094,-1.95798655930481E-16));
#9677=DIRECTION('',(0.,0.,-1.));
#9678=DIRECTION('',(-0.107699708029577,0.994183470437092,0.));
#9679=DIRECTION('',(0.,0.,1.));
#9680=DIRECTION('',(0.107699708029576,-0.994183470437094,0.));
#9681=DIRECTION('',(0.,0.,1.));
#9682=DIRECTION('',(0.107699708029576,-0.994183470437094,-1.95798655930481E-16));
#9683=DIRECTION('',(0.,0.,1.));
#9684=DIRECTION('',(0.107699708029576,-0.994183470437094,-4.50792012897128E-18));
#9685=DIRECTION('',(0.,0.,1.));
#9686=DIRECTION('',(-0.107699708029577,0.994183470437094,0.));
#9687=DIRECTION('',(0.,0.,1.));
#9688=DIRECTION('',(0.107699708029577,-0.994183470437094,0.));
#9689=DIRECTION('',(0.,0.,-1.));
#9690=DIRECTION('',(-0.107699708029576,0.994183470437095,0.));
#9691=DIRECTION('',(0.,0.,1.));
#9692=DIRECTION('',(0.107699708029576,-0.994183470437095,0.));
#9693=DIRECTION('',(0.,0.,1.));
#9694=DIRECTION('',(0.107699708029576,-0.994183470437095,0.));
#9695=DIRECTION('',(0.,0.,-1.));
#9696=DIRECTION('',(-0.107699708029576,0.994183470437094,-1.38570023043577E-17));
#9697=DIRECTION('',(0.,-1.,0.));
#9698=DIRECTION('',(-1.,0.,0.));
#9699=DIRECTION('',(0.,0.,1.));
#9700=DIRECTION('',(0.,-1.,0.));
#9701=DIRECTION('',(0.,0.,1.));
#9702=DIRECTION('',(-1.,0.,0.));
#9703=DIRECTION('',(0.,0.,1.));
#9704=DIRECTION('',(0.,-1.,0.));
#9705=DIRECTION('',(0.,0.,0.999999999999982));
#9706=DIRECTION('',(0.,0.,-1.));
#9707=DIRECTION('',(0.,-1.,0.));
#9708=DIRECTION('',(0.,0.,0.999999999999982));
#9709=DIRECTION('',(1.,0.,0.));
#9710=DIRECTION('',(0.,-1.,0.));
#9711=DIRECTION('',(0.,0.,0.999999999999982));
#9712=DIRECTION('',(0.707106781186558,0.,0.707106781186537));
#9713=DIRECTION('',(0.,1.,0.));
#9714=DIRECTION('',(0.,0.,0.999999999999982));
#9715=DIRECTION('',(1.,0.,2.35225441769357E-14));
#9716=DIRECTION('',(0.,-1.,0.));
#9717=DIRECTION('',(0.,0.,0.999999999999982));
#9718=DIRECTION('',(0.,0.,1.));
#9719=DIRECTION('',(0.,-1.,0.));
#9720=DIRECTION('',(0.,0.,0.999999999999982));
#9721=DIRECTION('',(-1.,0.,2.54827561916804E-14));
#9722=DIRECTION('',(0.,1.,0.));
#9723=DIRECTION('',(0.,0.,0.999999999999982));
#9724=DIRECTION('',(-0.707106781186555,0.,0.70710678118654));
#9725=DIRECTION('',(0.,-1.,0.));
#9726=DIRECTION('',(0.,0.,0.999999999999982));
#9727=DIRECTION('',(-1.,0.,0.));
#9728=DIRECTION('',(0.,0.,-1.));
#9729=DIRECTION('',(1.,0.,0.));
#9730=DIRECTION('',(0.,0.,-1.));
#9731=DIRECTION('',(0.,1.,0.));
#9732=DIRECTION('',(0.,0.,1.00000000000003));
#9733=DIRECTION('',(1.,0.,2.67974922552551E-14));
#9734=DIRECTION('',(0.,1.,0.));
#9735=DIRECTION('',(0.,0.,0.999999999999994));
#9736=DIRECTION('',(-0.707106781186559,0.,-0.707106781186536));
#9737=DIRECTION('',(0.,1.,0.));
#9738=DIRECTION('',(0.,0.,1.00000000000003));
#9739=DIRECTION('',(-1.,0.,0.));
#9740=DIRECTION('',(0.,-1.,0.));
#9741=DIRECTION('',(0.,0.,1.00000000000003));
#9742=DIRECTION('',(0.,0.,-1.));
#9743=DIRECTION('',(0.,1.,0.));
#9744=DIRECTION('',(0.,0.,1.00000000000003));
#9745=DIRECTION('',(-1.,0.,0.));
#9746=DIRECTION('',(0.,-1.,0.));
#9747=DIRECTION('',(0.,0.,1.00000000000003));
#9748=DIRECTION('',(-0.707106781186559,0.,0.707106781186536));
#9749=DIRECTION('',(0.,-1.,0.));
#9750=DIRECTION('',(0.,0.,0.999999999999994));
#9751=DIRECTION('',(1.,0.,-2.67974922552551E-14));
#9752=DIRECTION('',(0.,-1.,0.));
#9753=DIRECTION('',(0.,0.,1.00000000000003));
#9754=DIRECTION('',(0.,0.,-1.));
#9755=DIRECTION('',(-1.,0.,0.));
#9756=DIRECTION('',(0.,-1.,0.));
#9757=DIRECTION('',(0.,0.,-1.));
#9758=DIRECTION('',(0.,-1.,0.));
#9759=DIRECTION('',(-1.,0.,0.));
#9760=DIRECTION('',(0.,0.,1.));
#9761=DIRECTION('',(0.,-1.,0.));
#9762=DIRECTION('',(0.,0.,-1.));
#9763=DIRECTION('',(0.,1.,0.));
#9764=DIRECTION('',(0.,0.,1.));
#9765=DIRECTION('',(0.,1.,0.));
#9766=DIRECTION('',(0.,0.,-1.));
#9767=DIRECTION('',(-1.,0.,0.));
#9768=DIRECTION('',(0.,0.999999999999999,0.));
#9769=DIRECTION('',(0.,-1.,0.));
#9770=DIRECTION('',(-1.,0.,0.));
#9771=DIRECTION('',(0.,0.999999999999999,0.));
#9772=DIRECTION('',(0.,0.,1.));
#9773=DIRECTION('',(-1.,0.,0.));
#9774=DIRECTION('',(0.,0.999999999999999,0.));
#9775=DIRECTION('',(0.,1.,0.));
#9776=DIRECTION('',(-1.,0.,0.));
#9777=DIRECTION('',(0.,0.999999999999999,0.));
#9778=DIRECTION('',(0.,0.,1.));
#9779=DIRECTION('',(-1.,0.,0.));
#9780=DIRECTION('',(0.,0.,1.));
#9781=DIRECTION('',(0.,1.,0.));
#9782=DIRECTION('',(0.,0.,0.999999999999994));
#9783=DIRECTION('',(0.,1.,0.));
#9784=DIRECTION('',(0.,1.,0.));
#9785=DIRECTION('',(0.,0.,0.999999999999994));
#9786=DIRECTION('',(0.,1.,0.));
#9787=DIRECTION('',(0.,0.,0.999999999999994));
#9788=DIRECTION('',(0.,-1.,0.));
#9789=DIRECTION('',(1.,0.,0.));
#9790=DIRECTION('',(1.,0.,0.));
#9791=DIRECTION('',(0.,-1.,0.));
#9792=DIRECTION('',(0.,1.,0.));
#9793=DIRECTION('',(1.,0.,0.));
#9794=DIRECTION('',(1.,0.,0.));
#9795=DIRECTION('',(0.,0.,-1.));
#9796=DIRECTION('',(-1.,0.,0.));
#9797=DIRECTION('',(0.,1.,0.));
#9798=DIRECTION('',(0.,1.,0.));
#9799=DIRECTION('',(0.,0.,0.999999999999994));
#9800=DIRECTION('',(0.,1.,0.));
#9801=DIRECTION('',(0.,0.,0.999999999999994));
#9802=DIRECTION('',(0.,1.,0.));
#9803=DIRECTION('',(0.,0.,0.999999999999994));
#9804=DIRECTION('',(0.,-1.,0.));
#9805=DIRECTION('',(0.70710678118656,0.,0.707106781186535));
#9806=DIRECTION('',(0.707106781186559,0.,0.707106781186536));
#9807=DIRECTION('',(0.707106781186535,0.,-0.70710678118656));
#9808=DIRECTION('',(-0.70710678118656,0.,-0.707106781186535));
#9809=DIRECTION('',(0.,1.,0.));
#9810=DIRECTION('',(0.,-1.,0.));
#9811=DIRECTION('',(0.,0.,-1.00000000000003));
#9812=DIRECTION('',(0.,-1.,0.));
#9813=DIRECTION('',(0.,0.,1.00000000000003));
#9814=DIRECTION('',(0.,1.,0.));
#9815=DIRECTION('',(0.,0.,1.00000000000003));
#9816=DIRECTION('',(0.,-1.,0.));
#9817=DIRECTION('',(1.,0.,2.7442968206425E-14));
#9818=DIRECTION('',(-1.,0.,-2.67974922552551E-14));
#9819=DIRECTION('',(2.7442968206425E-14,0.,-1.));
#9820=DIRECTION('',(-1.,0.,-2.74363864960492E-14));
#9821=DIRECTION('',(0.,1.,0.));
#9822=DIRECTION('',(0.,1.,0.));
#9823=DIRECTION('',(0.,0.,0.999999999999994));
#9824=DIRECTION('',(0.,1.,0.));
#9825=DIRECTION('',(0.,0.,0.999999999999994));
#9826=DIRECTION('',(0.,1.,0.));
#9827=DIRECTION('',(0.,0.,0.999999999999994));
#9828=DIRECTION('',(0.,1.,0.));
#9829=DIRECTION('',(0.,0.,1.));
#9830=DIRECTION('',(0.,0.,1.));
#9831=DIRECTION('',(0.,-1.,0.));
#9832=DIRECTION('',(0.,1.,0.));
#9833=DIRECTION('',(0.,0.,1.));
#9834=DIRECTION('',(1.,0.,0.));
#9835=DIRECTION('',(0.,0.,-1.));
#9836=DIRECTION('',(0.,1.,0.));
#9837=DIRECTION('',(0.,1.,0.));
#9838=DIRECTION('',(0.,0.,0.999999999999994));
#9839=DIRECTION('',(0.,-1.,0.));
#9840=DIRECTION('',(0.,0.,0.999999999999994));
#9841=DIRECTION('',(0.,1.,0.));
#9842=DIRECTION('',(0.,0.,0.999999999999994));
#9843=DIRECTION('',(0.,-1.,0.));
#9844=DIRECTION('',(-1.,0.,2.7442968206425E-14));
#9845=DIRECTION('',(-1.,0.,2.67974922552551E-14));
#9846=DIRECTION('',(2.7442968206425E-14,0.,1.));
#9847=DIRECTION('',(1.,0.,-2.74363864960492E-14));
#9848=DIRECTION('',(0.,1.,0.));
#9849=DIRECTION('',(0.,-1.,0.));
#9850=DIRECTION('',(0.,0.,-1.00000000000003));
#9851=DIRECTION('',(0.,1.,0.));
#9852=DIRECTION('',(0.,0.,1.00000000000003));
#9853=DIRECTION('',(0.,1.,0.));
#9854=DIRECTION('',(0.,0.,1.00000000000003));
#9855=DIRECTION('',(0.,-1.,0.));
#9856=DIRECTION('',(-0.70710678118656,0.,0.707106781186535));
#9857=DIRECTION('',(0.707106781186559,0.,-0.707106781186536));
#9858=DIRECTION('',(0.707106781186535,0.,0.70710678118656));
#9859=DIRECTION('',(0.70710678118656,0.,-0.707106781186535));
#9860=DIRECTION('',(0.,-1.,0.));
#9861=DIRECTION('',(0.,1.,0.));
#9862=DIRECTION('',(0.,0.,0.999999999999994));
#9863=DIRECTION('',(0.,-1.,0.));
#9864=DIRECTION('',(0.,0.,0.999999999999994));
#9865=DIRECTION('',(0.,1.,0.));
#9866=DIRECTION('',(0.,0.,0.999999999999994));
#9867=DIRECTION('',(0.,1.,0.));
#9868=DIRECTION('',(-1.,0.,0.));
#9869=DIRECTION('',(1.,0.,0.));
#9870=DIRECTION('',(1.,0.,0.));
#9871=DIRECTION('',(0.,1.,0.));
#9872=DIRECTION('',(0.,-1.,0.));
#9873=DIRECTION('',(1.,0.,0.));
#9874=DIRECTION('',(0.,0.,1.));
#9875=DIRECTION('',(1.,0.,0.));
#9876=DIRECTION('',(0.,1.,0.));
#9877=DIRECTION('',(0.,0.,0.999999999999994));
#9878=DIRECTION('',(0.,-1.,0.));
#9879=DIRECTION('',(0.,0.,0.999999999999994));
#9880=DIRECTION('',(0.,1.,0.));
#9881=DIRECTION('',(0.,0.,0.999999999999994));
#9882=DIRECTION('',(0.,-1.,0.));
#9883=DIRECTION('',(0.,0.,-1.));
#9884=DIRECTION('',(0.,0.,1.));
#9885=DIRECTION('',(-1.,0.,0.));
#9886=DIRECTION('',(-0.70710678118656,0.,-0.707106781186535));
#9887=DIRECTION('',(0.,1.,0.));
#9888=DIRECTION('',(0.,0.,-1.));
#9889=DIRECTION('',(-1.,0.,-2.7442968206425E-14));
#9890=DIRECTION('',(0.,0.,-1.));
#9891=DIRECTION('',(1.,0.,-2.7442968206425E-14));
#9892=DIRECTION('',(0.,1.,0.));
#9893=DIRECTION('',(0.,0.,-1.));
#9894=DIRECTION('',(0.70710678118656,0.,-0.707106781186535));
#9895=DIRECTION('',(1.,0.,0.));
#9896=DIRECTION('',(0.,-1.,0.));
#9897=DIRECTION('',(0.,0.,-1.));
#9898=DIRECTION('',(0.,0.,-1.));
#9899=DIRECTION('',(-0.999999999999998,0.,0.));
#9900=DIRECTION('',(0.,0.,-1.));
#9901=DIRECTION('',(-0.999999999999998,0.,0.));
#9902=DIRECTION('',(0.,0.,-1.));
#9903=DIRECTION('',(-0.999999999999998,0.,0.));
#9904=DIRECTION('',(-1.,0.,0.));
#9905=DIRECTION('',(0.,0.,0.999999999999994));
#9906=DIRECTION('',(0.,0.,0.999999999999994));
#9907=DIRECTION('',(1.,0.,0.));
#9908=DIRECTION('',(-1.,-4.33680868994202E-15,0.));
#9909=DIRECTION('',(4.33680868994202E-15,-1.,0.));
#9910=DIRECTION('',(-1.,0.,0.));
#9911=DIRECTION('',(0.,0.,0.999999999999994));
#9912=DIRECTION('',(-0.707106781186565,-3.06658683336682E-15,0.70710678118653));
#9913=DIRECTION('',(0.707106781186531,0.,0.707106781186566));
#9914=DIRECTION('',(0.,-1.,0.));
#9915=DIRECTION('',(0.,0.,-0.999999999999994));
#9916=DIRECTION('',(-0.707106781186563,5.05986827505514E-14,0.707106781186532));
#9917=DIRECTION('',(0.707106781186533,0.,0.707106781186566));
#9918=DIRECTION('',(0.70710678118656,0.,-0.707106781186535));
#9919=DIRECTION('',(-0.707106781186535,0.,-0.707106781186566));
#9920=DIRECTION('',(-1.,-3.68628738645071E-14,-8.67361737988409E-15));
#9921=DIRECTION('',(3.68628738645072E-14,-1.,0.));
#9922=DIRECTION('',(0.,-1.,0.));
#9923=DIRECTION('',(0.,0.,-0.999999999999998));
#9924=DIRECTION('',(-1.,9.75781955236954E-15,2.73761048552592E-14));
#9925=DIRECTION('',(2.7376104855259E-14,0.,0.999999999999994));
#9926=DIRECTION('',(1.,0.,-2.7442968206425E-14));
#9927=DIRECTION('',(-2.7376104855259E-14,0.,-0.999999999999994));
#9928=DIRECTION('',(0.,0.,1.));
#9929=DIRECTION('',(1.,0.,0.));
#9930=DIRECTION('',(0.,-1.,0.));
#9931=DIRECTION('',(0.,0.,-0.999999999999994));
#9932=DIRECTION('',(0.,0.,1.));
#9933=DIRECTION('',(1.,0.,0.));
#9934=DIRECTION('',(0.,0.,-1.));
#9935=DIRECTION('',(-1.,0.,0.));
#9936=DIRECTION('',(1.,0.,1.68051336735254E-14));
#9937=DIRECTION('',(1.68051336735253E-14,0.,-0.999999999999994));
#9938=DIRECTION('',(0.,-1.,0.));
#9939=DIRECTION('',(0.,0.,-0.999999999999994));
#9940=DIRECTION('',(1.,4.98732999343332E-14,2.81892564846233E-14));
#9941=DIRECTION('',(-4.98732999343332E-14,1.,0.));
#9942=DIRECTION('',(-1.,0.,-2.7442968206425E-14));
#9943=DIRECTION('',(-2.81892564846231E-14,0.,0.999999999999994));
#9944=DIRECTION('',(0.707106781186567,2.91325749169835E-14,0.707106781186528));
#9945=DIRECTION('',(0.707106781186529,0.,-0.707106781186566));
#9946=DIRECTION('',(0.,-1.,0.));
#9947=DIRECTION('',(0.,0.,-0.999999999999998));
#9948=DIRECTION('',(0.707106781186563,4.9065389333868E-14,0.707106781186532));
#9949=DIRECTION('',(0.707106781186531,0.,-0.707106781186566));
#9950=DIRECTION('',(0.70710678118656,0.,0.707106781186535));
#9951=DIRECTION('',(0.707106781186535,0.,-0.707106781186566));
#9952=DIRECTION('',(1.,0.,0.));
#9953=DIRECTION('',(0.,0.,-0.999999999999994));
#9954=DIRECTION('',(0.,-1.,0.));
#9955=DIRECTION('',(0.,0.,-0.999999999999994));
#9956=DIRECTION('',(1.,0.,0.));
#9957=DIRECTION('',(0.,0.,-0.999999999999994));
#9958=DIRECTION('',(1.,0.,0.));
#9959=DIRECTION('',(0.,0.,-0.999999999999994));
#9960=DIRECTION('',(0.,0.,0.999999999999994));
#9961=DIRECTION('',(1.,0.,0.));
#9962=DIRECTION('',(0.,1.,0.));
#9963=DIRECTION('',(0.,0.,-1.));
#9964=DIRECTION('',(0.,-1.,0.));
#9965=DIRECTION('',(0.,0.,-1.));
#9966=DIRECTION('',(0.,-1.,0.));
#9967=DIRECTION('',(1.,0.,0.));
#9968=DIRECTION('',(1.,2.22044604925031E-16,0.));
#9969=DIRECTION('',(0.,0.,1.));
#9970=DIRECTION('',(-1.,-2.22044604925031E-16,0.));
#9971=DIRECTION('',(2.22044604925031E-16,-1.,0.));
#9972=DIRECTION('',(0.,0.,-1.));
#9973=DIRECTION('',(1.,2.22044604925031E-16,0.));
#9974=DIRECTION('',(-2.22044604925031E-16,1.,0.));
#9975=DIRECTION('',(-1.,-2.22044604925031E-16,0.));
#9976=DIRECTION('',(0.,0.,1.));
#9977=DIRECTION('',(2.22044604925031E-16,-1.,0.));
#9978=DIRECTION('',(-1.,-2.22044604925031E-16,0.));
#9979=DIRECTION('',(0.,1.,0.));
#9980=DIRECTION('',(0.,0.,-1.));
#9981=DIRECTION('',(-1.,-2.22044604925031E-16,0.));
#9982=DIRECTION('',(0.,1.,0.));
#9983=DIRECTION('',(2.22044604925031E-16,-1.,-4.71890076124991E-32));
#9984=DIRECTION('',(-1.,-2.22044604925031E-16,0.));
#9985=DIRECTION('',(0.,0.999999999999999,0.));
#9986=DIRECTION('',(0.,0.,1.));
#9987=DIRECTION('',(-1.,-2.22044604925031E-16,0.));
#9988=DIRECTION('',(0.,0.999999999999999,0.));
#9989=DIRECTION('',(-2.22044604925031E-16,1.,-4.71890076124991E-32));
#9990=DIRECTION('',(1.,2.22044604925031E-16,0.));
#9991=DIRECTION('',(0.,1.,0.));
#9992=DIRECTION('',(-2.22044604925031E-16,1.,0.));
#9993=DIRECTION('',(1.,2.22044604925031E-16,0.));
#9994=DIRECTION('',(0.,0.999999999999999,0.));
#9995=DIRECTION('',(0.,0.,1.));
#9996=DIRECTION('',(1.,2.22044604925031E-16,0.));
#9997=DIRECTION('',(0.,0.999999999999999,0.));
#9998=DIRECTION('',(2.22044604925031E-16,-1.,0.));
#9999=DIRECTION('',(1.,2.22044604925031E-16,0.));
#10000=DIRECTION('',(0.,1.,0.));
#10001=DIRECTION('',(0.,0.,-1.));
#10002=DIRECTION('',(1.,2.22044604925031E-16,0.));
#10003=DIRECTION('',(2.22044604925031E-16,-1.,0.));
#10004=DIRECTION('',(1.,2.22044604925031E-16,0.));
#10005=DIRECTION('',(0.,0.,-1.));
#10006=DIRECTION('',(-1.,-2.22044604925031E-16,0.));
#10007=DIRECTION('',(-2.22044604925031E-16,1.,0.));
#10008=DIRECTION('',(0.,0.,1.));
#10009=DIRECTION('',(1.,2.22044604925031E-16,0.));
#10010=DIRECTION('',(2.22044604925031E-16,-1.,0.));
#10011=DIRECTION('',(-1.,-2.22044604925031E-16,0.));
#10012=DIRECTION('',(0.,0.,-1.));
#10013=DIRECTION('',(-2.22044604925031E-16,1.,0.));
#10014=DIRECTION('',(0.,0.,-1.));
#10015=DIRECTION('',(1.,0.,0.));
#10016=DIRECTION('',(0.,-0.999999999999994,0.));
#10017=DIRECTION('',(0.,-1.,0.));
#10018=DIRECTION('',(1.,0.,0.));
#10019=DIRECTION('',(0.,-0.999999999999994,0.));
#10020=DIRECTION('',(0.,0.,-1.));
#10021=DIRECTION('',(1.,0.,0.));
#10022=DIRECTION('',(0.,-0.999999999999994,0.));
#10023=DIRECTION('',(0.,1.,0.));
#10024=DIRECTION('',(1.,0.,0.));
#10025=DIRECTION('',(0.,-0.999999999999994,0.));
#10026=DIRECTION('',(-1.,0.,0.));
#10027=DIRECTION('',(0.,-1.,0.));
#10028=DIRECTION('',(-1.,0.,0.));
#10029=DIRECTION('',(0.,-0.999999999999999,0.));
#10030=DIRECTION('',(1.,2.22044604925031E-16,0.));
#10031=DIRECTION('',(0.,0.999999999999999,0.));
#10032=DIRECTION('',(-1.,0.,0.));
#10033=DIRECTION('',(0.,-1.,0.));
#10034=DIRECTION('',(-1.,-2.22044604925031E-16,0.));
#10035=DIRECTION('',(0.,-1.,0.));
#10036=DIRECTION('',(-1.,0.,0.));
#10037=DIRECTION('',(0.,-1.,0.));
#10038=DIRECTION('',(1.,2.22044604925031E-16,0.));
#10039=DIRECTION('',(0.,0.999999999999999,0.));
#10040=DIRECTION('',(-1.,0.,0.));
#10041=DIRECTION('',(0.,-0.999999999999999,0.));
#10042=DIRECTION('',(-1.,-2.22044604925031E-16,0.));
#10043=DIRECTION('',(0.,-0.999999999999999,0.));
#10044=DIRECTION('',(-0.928476690885256,3.29861184015565E-17,-0.371390676354113));
#10045=DIRECTION('',(-1.,-2.22044604925031E-16,0.));
#10046=DIRECTION('',(0.,1.,0.));
#10047=DIRECTION('',(0.928476690885259,0.371390676354104,0.));
#10048=DIRECTION('',(-1.,0.,0.));
#10049=DIRECTION('',(1.2103727218378E-16,-1.,0.));
#10050=DIRECTION('',(-0.928476690885256,3.29861184015565E-17,-0.371390676354113));
#10051=DIRECTION('',(2.22044604925031E-16,-1.,0.));
#10052=DIRECTION('',(-0.371390676354113,-8.2465296003889E-17,0.928476690885256));
#10053=DIRECTION('',(0.928476690885256,0.,0.371390676354113));
#10054=DIRECTION('',(0.,0.,1.));
#10055=DIRECTION('',(0.928476690885259,0.371390676354104,0.));
#10056=DIRECTION('',(-0.371390676354104,0.928476690885259,0.));
#10057=DIRECTION('',(-0.928476690885259,-0.371390676354104,0.));
#10058=DIRECTION('',(-0.928476690885259,0.371390676354104,0.));
#10059=DIRECTION('',(-1.,-2.22044604925031E-16,0.));
#10060=DIRECTION('',(0.,1.,0.));
#10061=DIRECTION('',(-1.,0.,0.));
#10062=DIRECTION('',(1.2103727218378E-16,-1.,0.));
#10063=DIRECTION('',(-1.,-2.22044604925031E-16,0.));
#10064=DIRECTION('',(0.,1.,0.));
#10065=DIRECTION('',(0.928476690885256,0.,-0.371390676354113));
#10066=DIRECTION('',(-1.,0.,0.));
#10067=DIRECTION('',(1.2103727218378E-16,-1.,0.));
#10068=DIRECTION('',(-0.928476690885259,0.371390676354104,0.));
#10069=DIRECTION('',(0.,0.,-1.));
#10070=DIRECTION('',(-0.371390676354104,-0.928476690885259,0.));
#10071=DIRECTION('',(0.928476690885259,-0.371390676354104,0.));
#10072=DIRECTION('',(-2.22044604925031E-16,1.,0.));
#10073=DIRECTION('',(0.928476690885256,0.,-0.371390676354113));
#10074=DIRECTION('',(-0.371390676354113,-8.2465296003889E-17,-0.928476690885256));
#10075=DIRECTION('',(-0.928476690885256,0.,0.371390676354113));
#10076=DIRECTION('',(-1.,-2.22044604925031E-16,0.));
#10077=DIRECTION('',(0.,1.,0.));
#10078=DIRECTION('',(-1.,0.,0.));
#10079=DIRECTION('',(1.2103727218378E-16,-1.,0.));
#10080=DIRECTION('',(-0.707106781186547,-0.707106781186547,0.));
#10081=DIRECTION('',(1.,2.22044604925031E-16,0.));
#10082=DIRECTION('',(0.,-1.,0.));
#10083=DIRECTION('',(0.707106781186551,0.,0.707106781186544));
#10084=DIRECTION('',(1.,0.,0.));
#10085=DIRECTION('',(1.38708523816237E-17,1.,0.));
#10086=DIRECTION('',(-0.707106781186549,-0.707106781186546,0.));
#10087=DIRECTION('',(0.,0.,1.));
#10088=DIRECTION('',(0.707106781186546,-0.707106781186549,0.));
#10089=DIRECTION('',(0.,0.,-1.));
#10090=DIRECTION('',(2.22044604925031E-16,-1.,3.69778549322349E-32));
#10091=DIRECTION('',(0.707106781186551,0.,0.707106781186544));
#10092=DIRECTION('',(0.707106781186544,1.57009245868377E-16,-0.707106781186551));
#10093=DIRECTION('',(-2.22044604925031E-16,1.,0.));
#10094=DIRECTION('',(-0.707106781186551,0.,0.707106781186544));
#10095=DIRECTION('',(1.,2.22044604925031E-16,0.));
#10096=DIRECTION('',(0.,-1.,0.));
#10097=DIRECTION('',(1.,0.,0.));
#10098=DIRECTION('',(1.38708523816237E-17,1.,0.));
#10099=DIRECTION('',(1.,2.22044604925031E-16,0.));
#10100=DIRECTION('',(0.,-1.,0.));
#10101=DIRECTION('',(0.707106781186547,-0.707106781186547,0.));
#10102=DIRECTION('',(1.,0.,0.));
#10103=DIRECTION('',(1.38708523816237E-17,1.,0.));
#10104=DIRECTION('',(-0.707106781186551,0.,0.707106781186544));
#10105=DIRECTION('',(-2.22044604925031E-16,1.,3.69778549322349E-32));
#10106=DIRECTION('',(0.707106781186544,1.57009245868377E-16,0.707106781186551));
#10107=DIRECTION('',(2.22044604925031E-16,-1.,0.));
#10108=DIRECTION('',(0.,0.,-1.));
#10109=DIRECTION('',(0.707106781186549,-0.707106781186546,0.));
#10110=DIRECTION('',(0.707106781186546,0.707106781186549,0.));
#10111=DIRECTION('',(0.,0.,1.));
#10112=DIRECTION('',(1.,2.22044604925031E-16,0.));
#10113=DIRECTION('',(0.,-1.,0.));
#10114=DIRECTION('',(1.,0.,0.));
#10115=DIRECTION('',(1.38708523816237E-17,1.,0.));
#10116=DIRECTION('',(0.,0.,-1.));
#10117=DIRECTION('',(0.,1.,0.));
#10118=DIRECTION('',(0.,0.,1.));
#10119=DIRECTION('',(0.,-1.,0.));
#10120=DIRECTION('',(0.,0.,1.));
#10121=DIRECTION('',(0.,-1.,0.));
#10122=DIRECTION('',(-2.22044604925031E-16,1.,0.));
#10123=DIRECTION('',(0.999999999999994,0.,0.));
#10124=DIRECTION('',(1.,2.22044604925031E-16,0.));
#10125=DIRECTION('',(0.,1.,0.));
#10126=DIRECTION('',(-2.22044604925031E-16,1.,4.71890076124991E-32));
#10127=DIRECTION('',(0.999999999999994,0.,0.));
#10128=DIRECTION('',(1.,2.22044604925031E-16,0.));
#10129=DIRECTION('',(0.,1.,0.));
#10130=DIRECTION('',(-2.22044604925031E-16,1.,-4.71890076124991E-32));
#10131=DIRECTION('',(-0.999999999999994,0.,0.));
#10132=DIRECTION('',(-2.22044604925031E-16,1.,-4.71890076124991E-32));
#10133=DIRECTION('',(-0.999999999999994,0.,0.));
#10134=DIRECTION('',(-2.22044604925031E-16,1.,0.));
#10135=DIRECTION('',(-0.999999999999994,0.,0.));
#10136=DIRECTION('',(2.22044604925031E-16,-1.,-4.71890076124991E-32));
#10137=DIRECTION('',(0.999999999999994,0.,0.));
#10138=DIRECTION('',(0.,0.,-1.));
#10139=DIRECTION('',(0.,-0.999999999999994,0.));
#10140=DIRECTION('',(1.,2.22044604925031E-16,0.));
#10141=DIRECTION('',(0.,1.,0.));
#10142=DIRECTION('',(0.,0.,1.));
#10143=DIRECTION('',(0.,0.999999999999994,0.));
#10144=DIRECTION('',(1.,2.22044604925031E-16,0.));
#10145=DIRECTION('',(0.,0.999999999999999,0.));
#10146=DIRECTION('',(0.,0.,-1.));
#10147=DIRECTION('',(0.,0.999999999999994,0.));
#10148=DIRECTION('',(-2.22044604925031E-16,1.,0.));
#10149=DIRECTION('',(0.999999999999994,0.,0.));
#10150=DIRECTION('',(2.22044604925031E-16,-1.,0.));
#10151=DIRECTION('',(0.999999999999994,0.,0.));
#10152=DIRECTION('',(2.22044604925031E-16,-1.,0.));
#10153=DIRECTION('',(0.999999999999994,0.,0.));
#10154=DIRECTION('',(0.,0.,-1.));
#10155=DIRECTION('',(0.,1.,0.));
#10156=DIRECTION('',(1.,2.22044604925031E-16,0.));
#10157=DIRECTION('',(0.,1.,0.));
#10158=DIRECTION('',(0.,0.,-1.));
#10159=DIRECTION('',(0.,0.999999999999994,0.));
#10160=DIRECTION('',(1.,2.22044604925031E-16,0.));
#10161=DIRECTION('',(0.,1.,0.));
#10162=DIRECTION('',(0.,0.,-1.));
#10163=DIRECTION('',(0.,1.,0.));
#10164=DIRECTION('',(0.,0.,-1.));
#10165=DIRECTION('',(0.,1.,0.));
#10166=DIRECTION('',(0.,0.,-1.));
#10167=DIRECTION('',(0.,-0.999999999999994,0.));
#10168=DIRECTION('',(0.,0.,-1.));
#10169=DIRECTION('',(0.,0.999999999999994,0.));
#10170=DIRECTION('',(-2.22044604925031E-16,1.,0.));
#10171=DIRECTION('',(-0.999999999999994,0.,0.));
#10172=DIRECTION('',(1.,2.22044604925031E-16,0.));
#10173=DIRECTION('',(0.,1.,0.));
#10174=DIRECTION('',(2.22044604925031E-16,-1.,0.));
#10175=DIRECTION('',(-0.999999999999994,0.,0.));
#10176=DIRECTION('',(1.,2.22044604925031E-16,0.));
#10177=DIRECTION('',(0.,1.,0.));
#10178=DIRECTION('',(-2.22044604925031E-16,1.,0.));
#10179=DIRECTION('',(-0.999999999999994,0.,0.));
#10180=DIRECTION('',(0.,-1.,0.));
#10181=DIRECTION('',(0.,0.,1.));
#10182=DIRECTION('',(0.,1.,0.));
#10183=DIRECTION('',(0.,0.,-1.));
#10184=DIRECTION('',(1.,0.,0.));
#10185=DIRECTION('',(0.,1.,0.));
#10186=DIRECTION('',(-1.,0.,0.));
#10187=DIRECTION('',(0.,0.,1.));
#10188=DIRECTION('',(-0.707106781186548,0.,0.707106781186548));
#10189=DIRECTION('',(-1.,0.,0.));
#10190=DIRECTION('',(0.,0.,-1.));
#10191=DIRECTION('',(0.,-1.,0.));
#10192=DIRECTION('',(0.,0.,1.));
#10193=DIRECTION('',(0.,-1.,0.));
#10194=DIRECTION('',(0.,0.,1.));
#10195=DIRECTION('',(0.,1.,0.));
#10196=DIRECTION('',(0.,0.,1.));
#10197=DIRECTION('',(0.,1.,0.));
#10198=DIRECTION('',(0.,0.,1.));
#10199=DIRECTION('',(0.,0.,1.));
#10200=DIRECTION('',(-1.,0.,0.));
#10201=DIRECTION('',(0.707106781186548,0.,0.707106781186548));
#10202=DIRECTION('',(0.,0.,1.));
#10203=DIRECTION('',(1.,0.,0.));
#10204=DIRECTION('',(0.,1.,0.));
#10205=DIRECTION('',(0.,0.,1.));
#10206=DIRECTION('',(1.,0.,0.));
#10207=DIRECTION('',(0.,-1.,0.));
#10208=DIRECTION('',(-1.,0.,0.));
#10209=DIRECTION('',(0.,-1.,0.));
#10210=DIRECTION('',(0.,0.,1.));
#10211=DIRECTION('',(0.,1.,0.));
#10212=DIRECTION('',(0.,0.,-1.));
#10213=DIRECTION('',(-0.707106781186548,0.,0.707106781186548));
#10214=DIRECTION('',(1.,0.,0.));
#10215=DIRECTION('',(0.,0.,-1.));
#10216=DIRECTION('',(0.,-1.,0.));
#10217=DIRECTION('',(0.,0.,1.));
#10218=DIRECTION('',(-0.997564050259824,0.,-0.0697564737441253));
#10219=DIRECTION('',(0.,1.,0.));
#10220=DIRECTION('',(0.,0.,-1.));
#10221=DIRECTION('',(1.,0.,0.));
#10222=DIRECTION('',(0.707106781186548,0.,-0.707106781186548));
#10223=DIRECTION('',(0.,0.,-1.));
#10224=DIRECTION('',(-0.997564050259824,0.,-0.0697564737441253));
#10225=DIRECTION('',(0.,-1.,0.));
#10226=DIRECTION('',(0.,0.,-1.));
#10227=DIRECTION('',(0.,0.,-1.));
#10228=DIRECTION('',(0.,1.,0.));
#10229=DIRECTION('',(0.,0.,1.));
#10230=DIRECTION('',(0.,1.,0.));
#10231=DIRECTION('',(0.,-1.,0.));
#10232=DIRECTION('',(0.,0.,-1.));
#10233=DIRECTION('',(0.,1.,0.));
#10234=DIRECTION('',(0.,1.,0.));
#10235=DIRECTION('',(1.,0.,0.));
#10236=DIRECTION('',(1.,0.,0.));
#10237=DIRECTION('',(0.,-1.,0.));
#10238=DIRECTION('',(0.,-1.,0.));
#10239=DIRECTION('',(0.,0.,-1.));
#10240=DIRECTION('',(0.,1.,0.));
#10241=DIRECTION('',(0.,1.,0.));
#10242=DIRECTION('',(0.,-1.,0.));
#10243=DIRECTION('',(0.,0.,1.));
#10244=DIRECTION('',(0.,1.,0.));
#10245=DIRECTION('',(0.,1.,0.));
#10246=DIRECTION('',(0.,1.,0.));
#10247=DIRECTION('',(0.,0.,1.));
#10248=DIRECTION('',(0.,1.,0.));
#10249=DIRECTION('',(1.,0.,0.));
#10250=DIRECTION('',(-3.44509284839767E-16,0.,1.));
#10251=DIRECTION('',(0.997564050259824,0.,-0.0697564737441253));
#10252=DIRECTION('',(-3.44509284839767E-16,0.,1.));
#10253=DIRECTION('',(0.997564050259824,0.,0.0697564737441253));
#10254=DIRECTION('',(0.,-1.,0.));
#10255=DIRECTION('',(0.,0.,1.));
#10256=DIRECTION('',(0.0697564737441253,0.,0.997564050259825));
#10257=DIRECTION('',(-0.997564050259824,0.,0.0697564737441253));
#10258=DIRECTION('',(3.44509284839767E-16,0.,-1.));
#10259=DIRECTION('',(-0.0697564737441253,0.,0.997564050259825));
#10260=DIRECTION('',(0.997564050259824,0.,0.0697564737441253));
#10261=DIRECTION('',(-3.44509284839767E-16,0.,1.));
#10262=DIRECTION('',(1.,0.,0.));
#10263=DIRECTION('',(-0.997564050259824,0.,0.0697564737441253));
#10264=DIRECTION('',(3.44509284839767E-16,0.,-1.));
#10265=DIRECTION('',(-0.997564050259824,0.,-0.0697564737441253));
#10266=DIRECTION('',(0.,1.,0.));
#10267=DIRECTION('',(0.,0.,-1.));
#10268=DIRECTION('',(0.0697564737441253,0.,0.997564050259825));
#10269=DIRECTION('',(-0.997564050259824,0.,0.0697564737441253));
#10270=DIRECTION('',(-0.0697564737441253,0.,0.997564050259825));
#10271=DIRECTION('',(0.997564050259824,0.,0.0697564737441253));
#10272=DIRECTION('',(-3.44509284839767E-16,0.,1.));
#10273=DIRECTION('',(0.999999999999999,0.,0.));
#10274=DIRECTION('',(-1.,0.,0.));
#10275=DIRECTION('',(0.,-1.,0.));
#10276=DIRECTION('',(0.,0.,1.00000000000003));
#10277=DIRECTION('',(0.,0.,-1.));
#10278=DIRECTION('',(0.,-1.,0.));
#10279=DIRECTION('',(0.,0.,1.00000000000003));
#10280=DIRECTION('',(-1.,0.,0.));
#10281=DIRECTION('',(0.,0.,1.));
#10282=DIRECTION('',(-1.,0.,0.));
#10283=DIRECTION('',(0.,0.,1.));
#10284=DIRECTION('',(-1.,0.,0.));
#10285=DIRECTION('',(0.,1.,0.));
#10286=DIRECTION('',(0.,0.,1.00000000000003));
#10287=DIRECTION('',(-0.707106781186559,0.,-0.707106781186536));
#10288=DIRECTION('',(0.,1.,0.));
#10289=DIRECTION('',(0.,0.,0.999999999999994));
#10290=DIRECTION('',(-1.,0.,-2.67974922552551E-14));
#10291=DIRECTION('',(0.,1.,0.));
#10292=DIRECTION('',(0.,0.,1.00000000000003));
#10293=DIRECTION('',(0.,0.,-1.));
#10294=DIRECTION('',(0.,0.,-1.));
#10295=DIRECTION('',(0.,-1.,0.));
#10296=DIRECTION('',(0.,0.,1.00000000000003));
#10297=DIRECTION('',(-1.,0.,2.67974922552551E-14));
#10298=DIRECTION('',(0.,-1.,0.));
#10299=DIRECTION('',(0.,0.,0.999999999999994));
#10300=DIRECTION('',(-0.707106781186559,0.,0.707106781186536));
#10301=DIRECTION('',(0.,-1.,0.));
#10302=DIRECTION('',(0.,0.,1.00000000000003));
#10303=DIRECTION('',(-1.,0.,0.));
#10304=DIRECTION('',(0.,0.,1.));
#10305=DIRECTION('',(-1.,0.,0.));
#10306=DIRECTION('',(0.,0.,-1.));
#10307=DIRECTION('',(0.,1.,0.));
#10308=DIRECTION('',(0.,0.,1.));
#10309=DIRECTION('',(0.,-1.,0.));
#10310=DIRECTION('',(0.,0.,-1.));
#10311=DIRECTION('',(0.,1.,0.));
#10312=DIRECTION('',(0.,1.,0.));
#10313=DIRECTION('',(0.,0.,-1.));
#10314=DIRECTION('',(0.,1.,0.));
#10315=DIRECTION('',(0.,1.,0.));
#10316=DIRECTION('',(0.,0.,1.));
#10317=DIRECTION('',(0.,1.,0.));
#10318=DIRECTION('',(0.,-1.,0.));
#10319=DIRECTION('',(1.,0.,0.));
#10320=DIRECTION('',(0.,0.,1.));
#10321=DIRECTION('',(-1.,0.,0.));
#10322=DIRECTION('',(0.,0.,-1.));
#10323=DIRECTION('',(0.,0.,-1.));
#10324=DIRECTION('',(0.,1.,0.));
#10325=DIRECTION('',(0.,0.,1.));
#10326=DIRECTION('',(0.,-1.,0.));
#10327=DIRECTION('',(0.,0.,1.));
#10328=DIRECTION('',(0.,-1.,0.));
#10329=DIRECTION('',(0.,1.,0.));
#10330=DIRECTION('',(0.,0.,1.));
#10331=DIRECTION('',(0.,1.,0.));
#10332=DIRECTION('',(0.,0.,-1.));
#10333=DIRECTION('',(0.,-1.,0.));
#10334=DIRECTION('',(1.,0.,0.));
#10335=DIRECTION('',(0.,1.,0.));
#10336=DIRECTION('',(0.,1.,0.));
#10337=DIRECTION('',(-1.,0.,0.));
#10338=DIRECTION('',(0.,0.,1.));
#10339=DIRECTION('',(0.,1.,0.));
#10340=DIRECTION('',(0.,1.,0.));
#10341=DIRECTION('',(0.,1.,0.));
#10342=DIRECTION('',(0.,0.,1.));
#10343=DIRECTION('',(0.,-1.,0.));
#10344=DIRECTION('',(1.,0.,0.));
#10345=DIRECTION('',(0.,-1.,0.));
#10346=DIRECTION('',(-0.0697564737441253,0.,0.997564050259824));
#10347=DIRECTION('',(0.997564050259824,0.,0.0697564737441253));
#10348=DIRECTION('',(-0.997564050259824,0.,0.0697564737441253));
#10349=DIRECTION('',(-0.997564050259824,0.,0.0697564737441253));
#10350=DIRECTION('',(-0.0697564737441253,0.,-0.997564050259824));
#10351=DIRECTION('',(-0.997564050259824,0.,0.0697564737441253));
#10352=DIRECTION('',(-0.707106781186548,0.,-0.707106781186548));
#10353=DIRECTION('',(0.,1.,0.));
#10354=DIRECTION('',(0.,0.,1.));
#10355=DIRECTION('',(-1.,0.,0.));
#10356=DIRECTION('',(0.,1.,0.));
#10357=DIRECTION('',(0.,0.,1.));
#10358=DIRECTION('',(0.,1.,0.));
#10359=DIRECTION('',(0.,0.,1.));
#10360=DIRECTION('',(0.,-1.,0.));
#10361=DIRECTION('',(0.,-1.,0.));
#10362=DIRECTION('',(0.,0.,1.));
#10363=DIRECTION('',(0.,1.,0.));
#10364=DIRECTION('',(0.,1.,0.));
#10365=DIRECTION('',(0.,0.,1.));
#10366=DIRECTION('',(0.,-1.,0.));
#10367=DIRECTION('',(1.,0.,0.));
#10368=DIRECTION('',(0.,1.,0.));
#10369=DIRECTION('',(0.,0.,1.));
#10370=DIRECTION('',(0.,1.,0.));
#10371=DIRECTION('',(0.,1.,0.));
#10372=DIRECTION('',(0.,0.,-1.));
#10373=DIRECTION('',(0.,0.,1.));
#10374=DIRECTION('',(0.,1.,0.));
#10375=DIRECTION('',(0.,-1.,0.));
#10376=DIRECTION('',(1.,0.,0.));
#10377=DIRECTION('',(0.,1.,0.));
#10378=DIRECTION('',(1.,0.,0.));
#10379=DIRECTION('',(0.,1.,0.));
#10380=DIRECTION('',(1.,0.,0.));
#10381=DIRECTION('',(0.,0.,-1.));
#10382=DIRECTION('',(0.,1.,0.));
#10383=DIRECTION('',(-1.,0.,0.));
#10384=DIRECTION('',(0.,0.,-1.));
#10385=DIRECTION('',(0.,1.,0.));
#10386=DIRECTION('',(0.,0.,-1.));
#10387=DIRECTION('',(0.,-1.,0.));
#10388=DIRECTION('',(1.,0.,0.));
#10389=DIRECTION('',(0.,0.,-1.));
#10390=DIRECTION('',(0.,0.,1.));
#10391=DIRECTION('',(0.,-1.,0.));
#10392=DIRECTION('',(0.,0.,-1.));
#10393=DIRECTION('',(0.,0.,1.));
#10394=DIRECTION('',(0.,-1.,0.));
#10395=DIRECTION('',(1.,0.,0.));
#10396=DIRECTION('',(0.,1.,0.));
#10397=DIRECTION('',(1.,0.,0.));
#10398=DIRECTION('',(0.,0.,-1.));
#10399=DIRECTION('',(0.,1.,0.));
#10400=DIRECTION('',(1.,0.,0.));
#10401=DIRECTION('',(0.,-1.,0.));
#10402=DIRECTION('',(0.,0.,0.999999999999994));
#10403=DIRECTION('',(0.,0.,1.));
#10404=DIRECTION('',(0.,-1.,0.));
#10405=DIRECTION('',(0.,0.,0.999999999999994));
#10406=DIRECTION('',(1.,0.,0.));
#10407=DIRECTION('',(0.,1.,0.));
#10408=DIRECTION('',(0.,0.,1.00000000000003));
#10409=DIRECTION('',(0.,1.,0.));
#10410=DIRECTION('',(0.,0.,1.00000000000003));
#10411=DIRECTION('',(0.,1.,0.));
#10412=DIRECTION('',(1.,0.,3.46944695195361E-16));
#10413=DIRECTION('',(0.,0.,1.));
#10414=DIRECTION('',(0.,-1.,0.));
#10415=DIRECTION('',(0.,1.,0.));
#10416=DIRECTION('',(1.,0.,0.));
#10417=DIRECTION('',(0.,1.,0.));
#10418=DIRECTION('',(-0.707106781186548,0.,-0.707106781186548));
#10419=DIRECTION('',(1.,0.,0.));
#10420=DIRECTION('',(0.,0.,1.));
#10421=DIRECTION('',(0.,0.,-1.));
#10422=DIRECTION('',(-1.,0.,0.));
#10423=DIRECTION('',(0.707106781186548,0.,-0.707106781186548));
#10424=DIRECTION('',(-1.,0.,0.));
#10425=DIRECTION('',(0.,1.,0.));
#10426=DIRECTION('',(0.,0.,0.999999999999994));
#10427=DIRECTION('',(0.,1.,0.));
#10428=DIRECTION('',(0.,0.,0.999999999999994));
#10429=DIRECTION('',(1.,0.,0.));
#10430=DIRECTION('',(0.,1.,0.));
#10431=DIRECTION('',(0.,0.,-1.));
#10432=DIRECTION('',(0.,1.,0.));
#10433=DIRECTION('',(0.,0.,-1.));
#10434=DIRECTION('',(0.,1.,0.));
#10435=DIRECTION('',(0.,-1.,0.));
#10436=DIRECTION('',(0.,0.,1.));
#10437=DIRECTION('',(0.,1.,0.));
#10438=DIRECTION('',(0.,-1.,0.));
#10439=DIRECTION('',(1.,0.,0.));
#10440=DIRECTION('',(0.,-1.,0.));
#10441=DIRECTION('',(0.,0.,-1.));
#10442=DIRECTION('',(0.,1.,0.));
#10443=DIRECTION('',(0.,1.,0.));
#10444=DIRECTION('',(0.,-1.,0.));
#10445=DIRECTION('',(0.,0.,1.));
#10446=DIRECTION('',(0.,1.,0.));
#10447=DIRECTION('',(0.,0.,1.));
#10448=DIRECTION('',(-1.,0.,0.));
#10449=DIRECTION('',(0.,0.,-1.));
#10450=DIRECTION('',(0.707106781186548,0.,0.707106781186548));
#10451=DIRECTION('',(0.,1.,0.));
#10452=DIRECTION('',(0.,0.,-1.));
#10453=DIRECTION('',(-1.,0.,0.));
#10454=DIRECTION('',(0.,0.,1.));
#10455=DIRECTION('',(0.,-1.,0.));
#10456=DIRECTION('',(0.,0.,-0.999999999999994));
#10457=DIRECTION('',(0.,1.,0.));
#10458=DIRECTION('',(0.,0.,0.999999999999994));
#10459=DIRECTION('',(0.,1.,0.));
#10460=DIRECTION('',(0.,-1.,0.));
#10461=DIRECTION('',(0.,0.,-1.00000000000003));
#10462=DIRECTION('',(0.,-1.,0.));
#10463=DIRECTION('',(0.,-1.,0.));
#10464=DIRECTION('',(0.,0.,-1.00000000000003));
#10465=DIRECTION('',(-0.707106781186547,0.,-0.707106781186547));
#10466=DIRECTION('',(0.,-1.,0.));
#10467=DIRECTION('',(-0.707106781186547,0.,-0.707106781186547));
#10468=DIRECTION('',(0.,1.,0.));
#10469=DIRECTION('',(-0.707106781186547,0.,0.707106781186547));
#10470=DIRECTION('',(0.,1.,0.));
#10471=DIRECTION('',(-0.707106781186547,0.,0.707106781186547));
#10472=DIRECTION('',(0.,-1.,0.));
#10473=DIRECTION('',(0.,-1.,0.));
#10474=DIRECTION('',(0.,-1.,0.));
#10475=DIRECTION('',(1.,0.,0.));
#10476=DIRECTION('',(0.,1.,0.));
#10477=DIRECTION('',(0.,1.,0.));
#10478=DIRECTION('',(0.,-1.,0.));
#10479=DIRECTION('',(1.,0.,0.));
#10480=DIRECTION('',(0.,1.,0.));
#10481=DIRECTION('',(0.,-1.,0.));
#10482=DIRECTION('',(0.,1.,0.));
#10483=DIRECTION('',(2.67974922552551E-14,0.,-1.));
#10484=DIRECTION('',(-1.,0.,-2.67980082568897E-14));
#10485=DIRECTION('',(0.,-1.,0.));
#10486=DIRECTION('',(0.,1.,0.));
#10487=DIRECTION('',(0.707106781186536,0.,-0.707106781186559));
#10488=DIRECTION('',(-0.707106781186559,0.,-0.707106781186536));
#10489=DIRECTION('',(0.,1.,0.));
#10490=DIRECTION('',(0.,1.,0.));
#10491=DIRECTION('',(0.,0.,1.00000000000003));
#10492=DIRECTION('',(0.,-1.,0.));
#10493=DIRECTION('',(0.,0.,-0.999999999999994));
#10494=DIRECTION('',(0.,1.,0.));
#10495=DIRECTION('',(0.,0.,1.00000000000003));
#10496=DIRECTION('',(1.,0.,0.));
#10497=DIRECTION('',(1.,0.,0.));
#10498=DIRECTION('',(0.,-1.,0.));
#10499=DIRECTION('',(0.,0.,-1.));
#10500=DIRECTION('',(0.,1.,0.));
#10501=DIRECTION('',(0.,1.,0.));
#10502=DIRECTION('',(0.,-1.,0.));
#10503=DIRECTION('',(1.,0.,0.));
#10504=DIRECTION('',(1.,0.,0.));
#10505=DIRECTION('',(0.,0.,1.));
#10506=DIRECTION('',(0.,1.,0.));
#10507=DIRECTION('',(0.,-1.,0.));
#10508=DIRECTION('',(0.,0.,-1.));
#10509=DIRECTION('',(0.,1.,0.));
#10510=DIRECTION('',(0.,0.,1.));
#10511=DIRECTION('',(-1.,0.,0.));
#10512=DIRECTION('',(0.,0.,1.));
#10513=DIRECTION('',(-1.,0.,0.));
#10514=DIRECTION('',(0.,0.,1.));
#10515=DIRECTION('',(0.,0.,-1.));
#10516=DIRECTION('',(-1.,0.,0.));
#10517=DIRECTION('',(0.,0.,1.));
#10518=DIRECTION('',(0.,-1.,0.));
#10519=DIRECTION('',(-1.,0.,0.));
#10520=DIRECTION('',(0.,0.,1.));
#10521=DIRECTION('',(0.,0.,1.));
#10522=DIRECTION('',(-1.,0.,0.));
#10523=DIRECTION('',(0.,0.,1.));
#10524=DIRECTION('',(0.,-1.,0.));
#10525=DIRECTION('',(0.,1.,0.));
#10526=DIRECTION('',(0.,1.,0.));
#10527=DIRECTION('',(0.,0.,1.));
#10528=DIRECTION('',(-1.,0.,0.));
#10529=DIRECTION('',(0.,-1.,0.));
#10530=DIRECTION('',(0.,1.,0.));
#10531=DIRECTION('',(0.,0.,-1.));
#10532=DIRECTION('',(0.,1.,0.));
#10533=DIRECTION('',(1.,0.,0.));
#10534=DIRECTION('',(0.,-1.,0.));
#10535=DIRECTION('',(-1.,0.,0.));
#10536=DIRECTION('',(0.,0.,-1.));
#10537=DIRECTION('',(0.,1.,0.));
#10538=DIRECTION('',(0.,1.,0.));
#10539=DIRECTION('',(0.,-0.707106781186548,-0.707106781186548));
#10540=DIRECTION('',(0.,0.,-1.));
#10541=DIRECTION('',(1.,0.,0.));
#10542=DIRECTION('',(0.,1.,0.));
#10543=DIRECTION('',(0.,0.707106781186548,0.707106781186548));
#10544=DIRECTION('',(0.,-1.,0.));
#10545=DIRECTION('',(0.,0.,1.));
#10546=DIRECTION('',(1.,0.,0.));
#10547=DIRECTION('',(0.,1.,0.));
#10548=DIRECTION('',(0.,-1.,0.));
#10549=DIRECTION('',(0.,0.,0.999999999999994));
#10550=DIRECTION('',(0.,1.,0.));
#10551=DIRECTION('',(0.,0.,1.00000000000003));
#10552=DIRECTION('',(0.,1.,0.));
#10553=DIRECTION('',(0.,0.,1.));
#10554=DIRECTION('',(0.,1.,0.));
#10555=DIRECTION('',(0.,0.,0.999999999999994));
#10556=DIRECTION('',(0.,-1.,0.));
#10557=DIRECTION('',(0.,0.,-0.999999999999994));
#10558=DIRECTION('',(-1.,0.,0.));
#10559=DIRECTION('',(0.,-0.707106781186547,0.707106781186547));
#10560=DIRECTION('',(0.,-0.707106781186548,-0.707106781186548));
#10561=DIRECTION('',(0.,-1.,0.));
#10562=DIRECTION('',(0.,0.,1.00000000000003));
#10563=DIRECTION('',(0.,-1.,0.));
#10564=DIRECTION('',(0.,0.,-1.00000000000003));
#10565=DIRECTION('',(0.,-1.,0.));
#10566=DIRECTION('',(0.,0.,1.00000000000003));
#10567=DIRECTION('',(0.,1.,0.));
#10568=DIRECTION('',(0.,0.,1.00000000000003));
#10569=DIRECTION('',(0.,-1.,0.));
#10570=DIRECTION('',(0.,1.,0.));
#10571=DIRECTION('',(0.,0.,-1.00000000000003));
#10572=DIRECTION('',(0.,1.,0.));
#10573=DIRECTION('',(0.,1.,0.));
#10574=DIRECTION('',(0.,0.,-1.00000000000003));
#10575=DIRECTION('',(0.,-1.,0.));
#10576=DIRECTION('',(0.707106781186536,0.,0.707106781186559));
#10577=DIRECTION('',(-0.707106781186559,0.,0.707106781186536));
#10578=DIRECTION('',(0.,1.,0.));
#10579=DIRECTION('',(0.,-1.,0.));
#10580=DIRECTION('',(0.,0.,0.999999999999994));
#10581=DIRECTION('',(2.67974922552551E-14,0.,1.));
#10582=DIRECTION('',(-1.,0.,2.67980082568897E-14));
#10583=DIRECTION('',(0.,1.,0.));
#10584=DIRECTION('',(0.,0.,1.00000000000003));
#10585=DIRECTION('',(0.,1.,0.));
#10586=DIRECTION('',(0.,0.,-1.00000000000003));
#10587=DIRECTION('',(0.,1.,0.));
#10588=DIRECTION('',(0.,0.,0.999999999999994));
#10589=DIRECTION('',(0.,1.,0.));
#10590=DIRECTION('',(0.,0.,1.00000000000003));
#10591=DIRECTION('',(0.,0.,-1.));
#10592=DIRECTION('',(-1.,0.,0.));
#10593=DIRECTION('',(0.,0.,1.));
#10594=DIRECTION('',(0.,1.,0.));
#10595=DIRECTION('',(0.,0.,-1.));
#10596=DIRECTION('',(0.,-1.,0.));
#10597=DIRECTION('',(0.,0.,0.999999999999994));
#10598=DIRECTION('',(0.,1.,0.));
#10599=DIRECTION('',(0.,-1.,0.));
#10600=DIRECTION('',(0.,0.,0.999999999999994));
#10601=DIRECTION('',(0.,-1.,0.));
#10602=DIRECTION('',(0.,0.707106781186548,-0.707106781186548));
#10603=DIRECTION('',(1.,0.,0.));
#10604=DIRECTION('',(0.,1.,0.));
#10605=DIRECTION('',(0.,1.,0.));
#10606=DIRECTION('',(-1.,0.,0.));
#10607=DIRECTION('',(0.,0.,1.));
#10608=DIRECTION('',(0.,1.,0.));
#10609=DIRECTION('',(0.,1.,0.));
#10610=DIRECTION('',(0.,-0.707106781186548,0.707106781186548));
#10611=DIRECTION('',(1.,0.,0.));
#10612=DIRECTION('',(0.,1.,0.));
#10613=DIRECTION('',(0.,1.,0.));
#10614=DIRECTION('',(0.,0.,-1.));
#10615=DIRECTION('',(1.,0.,0.));
#10616=DIRECTION('',(0.,-0.707106781186547,-0.707106781186547));
#10617=DIRECTION('',(0.,0.707106781186548,-0.707106781186548));
#10618=DIRECTION('',(0.,-1.,0.));
#10619=DIRECTION('',(0.,0.,1.00000000000003));
#10620=DIRECTION('',(0.,-1.,0.));
#10621=DIRECTION('',(0.,0.,-1.00000000000003));
#10622=DIRECTION('',(1.,2.22044604925031E-16,0.));
#10623=DIRECTION('',(0.,-0.999999999999999,0.));
#10624=DIRECTION('',(-1.,0.,0.));
#10625=DIRECTION('',(0.,0.,1.));
#10626=DIRECTION('',(0.,1.,0.));
#10627=DIRECTION('',(0.,0.,1.));
#10628=DIRECTION('',(1.,0.,6.12323399573677E-17));
#10629=DIRECTION('',(0.,0.,-1.));
#10630=DIRECTION('',(-1.,0.,-6.12323399573677E-17));
#10631=DIRECTION('',(0.,1.,0.));
#10632=DIRECTION('',(-6.07153216591882E-17,0.,1.));
#10633=DIRECTION('',(0.503871025524086,-0.863778900898434,3.08532019295583E-17));
#10634=DIRECTION('',(0.,-1.,0.));
#10635=DIRECTION('',(1.,0.,6.12323399573677E-17));
#10636=DIRECTION('',(6.12323399573677E-17,0.,-1.));
#10637=DIRECTION('',(0.,1.,0.));
#10638=DIRECTION('',(0.,0.,1.));
#10639=DIRECTION('',(-1.,0.,-6.12323399573677E-17));
#10640=DIRECTION('',(0.,-1.,0.));
#10641=DIRECTION('',(6.07153216591882E-17,0.,-1.));
#10642=DIRECTION('',(0.,1.,0.));
#10643=DIRECTION('',(-0.503871025524086,0.863778900898434,-3.08532019295583E-17));
#10644=DIRECTION('',(-6.12323399573677E-17,0.,1.));
#10645=DIRECTION('',(0.,-1.,0.));
#10646=DIRECTION('',(0.,0.,-1.));
#10647=DIRECTION('',(0.,1.,0.));
#10648=DIRECTION('',(0.,0.,-1.));
#10649=DIRECTION('',(0.,1.,0.));
#10650=DIRECTION('',(0.,1.,0.));
#10651=DIRECTION('',(-1.,-2.22044604925031E-16,0.));
#10652=DIRECTION('',(2.22044604925031E-16,-1.,0.));
#10653=DIRECTION('',(1.,2.22044604925031E-16,0.));
#10654=DIRECTION('',(0.,0.,-1.));
#10655=DIRECTION('',(-2.22044604925031E-16,1.,0.));
#10656=DIRECTION('',(0.,1.,0.));
#10657=DIRECTION('',(-1.,-2.22044604925031E-16,0.));
#10658=DIRECTION('',(2.22044604925031E-16,-1.,0.));
#10659=DIRECTION('',(1.,2.22044604925031E-16,0.));
#10660=DIRECTION('',(0.,0.,1.));
#10661=DIRECTION('',(2.22044604925031E-16,-1.,0.));
#10662=DIRECTION('',(-1.,0.,0.));
#10663=DIRECTION('',(0.,-1.,0.));
#10664=DIRECTION('',(1.,2.22044604925031E-16,0.));
#10665=DIRECTION('',(-1.,-2.22044604925031E-16,0.));
#10666=DIRECTION('',(0.,-1.,0.));
#10667=DIRECTION('',(-1.,-2.22044604925031E-16,0.));
#10668=DIRECTION('',(0.,-1.,0.));
#10669=DIRECTION('',(1.,0.,0.));
#10670=DIRECTION('',(0.,-1.,0.));
#10671=DIRECTION('',(-1.,-2.22044604925031E-16,0.));
#10672=DIRECTION('',(0.,-1.,0.));
#10673=DIRECTION('',(-1.,-2.22044604925031E-16,0.));
#10674=DIRECTION('',(1.,2.22044604925031E-16,0.));
#10675=DIRECTION('',(0.,1.,0.));
#10676=DIRECTION('',(-1.,0.,0.));
#10677=DIRECTION('',(0.,-1.,0.));
#10678=DIRECTION('',(1.,2.22044604925031E-16,0.));
#10679=DIRECTION('',(-1.,-2.22044604925031E-16,0.));
#10680=DIRECTION('',(0.,-1.,0.));
#10681=DIRECTION('',(-1.,-2.22044604925031E-16,0.));
#10682=DIRECTION('',(0.,-1.,0.));
#10683=DIRECTION('',(0.,0.,-1.));
#10684=DIRECTION('',(0.,0.,1.));
#10685=DIRECTION('',(-1.,-2.22044604925031E-16,0.));
#10686=DIRECTION('',(0.,-1.,0.));
#10687=DIRECTION('',(-1.,-2.22044604925031E-16,0.));
#10688=DIRECTION('',(-2.22044604925031E-16,1.,0.));
#10689=DIRECTION('',(1.,0.,0.));
#10690=DIRECTION('',(0.,-1.,0.));
#10691=DIRECTION('',(-1.,-2.22044604925031E-16,0.));
#10692=DIRECTION('',(1.,2.22044604925031E-16,0.));
#10693=DIRECTION('',(0.,1.,0.));
#10694=DIRECTION('',(0.,0.,-1.));
#10695=DIRECTION('',(-1.,0.,0.));
#10696=DIRECTION('',(0.,-1.,0.));
#10697=DIRECTION('',(0.,-1.,0.));
#10698=DIRECTION('',(1.,0.,0.));
#10699=DIRECTION('',(0.,-1.,0.));
#10700=DIRECTION('',(0.,0.,-1.));
#10701=DIRECTION('',(-1.,0.,0.));
#10702=DIRECTION('',(0.,-1.,0.));
#10703=DIRECTION('',(0.,0.,-1.));
#10704=DIRECTION('',(-1.,0.,0.));
#10705=DIRECTION('',(0.,-1.,0.));
#10706=DIRECTION('',(0.,-1.,0.));
#10707=DIRECTION('',(1.,0.,0.));
#10708=DIRECTION('',(0.,-1.,0.));
#10709=DIRECTION('',(0.,0.,-1.));
#10710=DIRECTION('',(-1.,0.,0.));
#10711=DIRECTION('',(0.,-1.,0.));
#10712=DIRECTION('',(-1.,-2.22044604925031E-16,0.));
#10713=DIRECTION('',(1.,2.22044604925031E-16,0.));
#10714=DIRECTION('',(1.,2.22044604925031E-16,0.));
#10715=DIRECTION('',(0.,1.,0.));
#10716=DIRECTION('',(-1.,-2.22044604925031E-16,0.));
#10717=DIRECTION('',(1.,2.22044604925031E-16,0.));
#10718=DIRECTION('',(-1.,-2.22044604925031E-16,0.));
#10719=DIRECTION('',(0.,-1.,0.));
#10720=DIRECTION('',(0.,0.,1.));
#10721=DIRECTION('',(2.22044604925031E-16,-1.,0.));
#10722=DIRECTION('',(-1.,-2.22044604925031E-16,0.));
#10723=DIRECTION('',(1.,2.22044604925031E-16,0.));
#10724=DIRECTION('',(-1.,-2.22044604925031E-16,0.));
#10725=DIRECTION('',(0.,-1.,0.));
#10726=DIRECTION('',(-1.,-2.22044604925031E-16,0.));
#10727=DIRECTION('',(1.,2.22044604925031E-16,0.));
#10728=DIRECTION('',(1.,2.22044604925031E-16,0.));
#10729=DIRECTION('',(0.,1.,0.));
#10730=DIRECTION('',(0.,0.,-1.));
#10731=DIRECTION('',(-2.22044604925031E-16,1.,0.));
#10732=DIRECTION('',(2.22044604925031E-16,-1.,0.));
#10733=DIRECTION('',(0.,0.,-1.));
#10734=DIRECTION('',(-2.22044604925031E-16,1.,0.));
#10735=DIRECTION('',(0.,0.,1.));
#10736=DIRECTION('',(-1.,0.,0.));
#10737=DIRECTION('',(0.,1.,0.));
#10738=DIRECTION('',(-1.,-2.22044604925031E-16,0.));
#10739=DIRECTION('',(2.22044604925031E-16,-1.,0.));
#10740=DIRECTION('',(-1.,0.,0.));
#10741=DIRECTION('',(0.,0.,1.));
#10742=DIRECTION('',(-1.,-2.22044604925031E-16,0.));
#10743=DIRECTION('',(0.,1.,0.));
#10744=DIRECTION('',(1.,2.22044604925031E-16,0.));
#10745=DIRECTION('',(0.,0.,1.));
#10746=DIRECTION('',(-1.,0.,0.));
#10747=DIRECTION('',(0.,-1.,0.));
#10748=DIRECTION('',(1.,0.,0.));
#10749=DIRECTION('',(0.,0.,1.));
#10750=DIRECTION('',(-1.,0.,0.));
#10751=DIRECTION('',(0.,-1.,0.));
#10752=DIRECTION('',(1.,2.22044604925031E-16,0.));
#10753=DIRECTION('',(0.,1.,0.));
#10754=DIRECTION('',(1.,2.22044604925031E-16,0.));
#10755=DIRECTION('',(0.,1.,0.));
#10756=DIRECTION('',(-2.22387234366467E-31,1.00154306582478E-15,1.));
#10757=DIRECTION('',(-1.92296268638356E-16,0.866025403784437,0.500000000000002));
#10758=DIRECTION('',(-1.92296268638356E-16,0.866025403784438,-0.500000000000001));
#10759=DIRECTION('',(8.548009320961E-31,-3.84968115926395E-15,-1.));
#10760=DIRECTION('',(1.92296268638357E-16,-0.866025403784441,-0.499999999999996));
#10761=DIRECTION('',(1.92296268638356E-16,-0.866025403784437,0.500000000000003));
#10762=DIRECTION('',(1.,2.22044604925031E-16,0.));
#10763=DIRECTION('',(-2.22044604925031E-16,1.,0.));
#10764=DIRECTION('',(-1.,0.,0.));
#10765=DIRECTION('',(1.92296268638356E-16,-0.866025403784437,-0.500000000000002));
#10766=DIRECTION('',(-1.,0.,0.));
#10767=DIRECTION('',(0.,0.500000000000002,-0.866025403784438));
#10768=DIRECTION('',(0.,0.866025403784437,0.500000000000002));
#10769=DIRECTION('',(1.92296268638356E-16,-0.866025403784438,0.500000000000001));
#10770=DIRECTION('',(-1.,0.,0.));
#10771=DIRECTION('',(0.,-0.500000000000001,-0.866025403784438));
#10772=DIRECTION('',(0.,0.866025403784438,-0.500000000000001));
#10773=DIRECTION('',(-8.548009320961E-31,3.84968115926395E-15,1.));
#10774=DIRECTION('',(-1.,0.,0.));
#10775=DIRECTION('',(0.,-1.,3.84968115926395E-15));
#10776=DIRECTION('',(0.,-3.85108611666851E-15,-1.));
#10777=DIRECTION('',(-1.92296268638357E-16,0.866025403784441,0.499999999999996));
#10778=DIRECTION('',(-1.,0.,0.));
#10779=DIRECTION('',(0.,-0.499999999999996,0.866025403784441));
#10780=DIRECTION('',(0.,-0.866025403784441,-0.499999999999996));
#10781=DIRECTION('',(-1.92296268638356E-16,0.866025403784437,-0.500000000000003));
#10782=DIRECTION('',(-1.,0.,0.));
#10783=DIRECTION('',(0.,0.500000000000003,0.866025403784437));
#10784=DIRECTION('',(0.,-0.866025403784437,0.500000000000003));
#10785=DIRECTION('',(2.22387234366467E-31,-1.00154306582478E-15,-1.));
#10786=DIRECTION('',(0.,1.,-1.00154306582478E-15));
#10787=DIRECTION('',(0.,1.00267016911459E-15,1.));
#10788=DIRECTION('',(-1.,-2.22044604925031E-16,0.));
#10789=DIRECTION('',(0.,-1.,0.));
#10790=DIRECTION('',(-1.,-2.22044604925031E-16,0.));
#10791=DIRECTION('',(2.22044604925031E-16,-1.,0.));
#10792=DIRECTION('',(-1.,0.,0.));
#10793=DIRECTION('',(0.,0.,1.));
#10794=DIRECTION('',(1.,0.,0.));
#10795=DIRECTION('',(0.,0.,-1.));
#10796=DIRECTION('',(1.,0.,0.));
#10797=DIRECTION('',(0.,1.,0.));
#10798=DIRECTION('',(1.,-1.49975978266186E-32,-1.83667601732677E-48));
#10799=DIRECTION('',(8.26058798084194E-16,0.,-1.));
#10800=DIRECTION('',(0.,0.,1.));
#10801=DIRECTION('',(0.863778900898434,0.503871025524086,0.));
#10802=DIRECTION('',(0.,0.,-1.));
#10803=DIRECTION('',(-1.,0.,0.));
#10804=DIRECTION('',(0.,-1.,0.));
#10805=DIRECTION('',(0.503871025524086,-0.863778900898434,3.08532019295583E-17));
#10806=DIRECTION('',(-1.,0.,-6.12323399573677E-17));
#10807=DIRECTION('',(0.,1.,0.));
#10808=DIRECTION('',(6.12323399573677E-17,0.,-1.));
#10809=DIRECTION('',(0.,1.,0.));
#10810=DIRECTION('',(1.,0.,6.12323399573677E-17));
#10811=DIRECTION('',(0.,0.,1.));
#10812=DIRECTION('',(0.,-1.,0.));
#10813=DIRECTION('',(6.07153216591882E-17,0.,-1.));
#10814=DIRECTION('',(-0.503871025524086,0.863778900898434,-3.08532019295583E-17));
#10815=DIRECTION('',(0.,1.,0.));
#10816=DIRECTION('',(-6.12323399573677E-17,0.,1.));
#10817=DIRECTION('',(0.,-1.,0.));
#10818=DIRECTION('',(1.,0.,-2.54827561916804E-14));
#10819=DIRECTION('',(0.,-1.,0.));
#10820=DIRECTION('',(0.,1.,0.));
#10821=DIRECTION('',(-2.54827561916804E-14,0.,-1.));
#10822=DIRECTION('',(-1.,0.,2.54796184151473E-14));
#10823=DIRECTION('',(0.,0.,-1.));
#10824=DIRECTION('',(0.,-1.,0.));
#10825=DIRECTION('',(0.,1.,0.));
#10826=DIRECTION('',(-1.,0.,0.));
#10827=DIRECTION('',(0.,0.,1.));
#10828=DIRECTION('',(0.,1.,0.));
#10829=DIRECTION('',(-1.,0.,-2.35225441769357E-14));
#10830=DIRECTION('',(0.,-1.,0.));
#10831=DIRECTION('',(-2.35225441769357E-14,0.,1.));
#10832=DIRECTION('',(1.,0.,2.35228503342455E-14));
#10833=DIRECTION('',(-0.707106781186558,0.,-0.707106781186537));
#10834=DIRECTION('',(0.,-1.,0.));
#10835=DIRECTION('',(0.,1.,0.));
#10836=DIRECTION('',(-0.707106781186537,0.,0.707106781186558));
#10837=DIRECTION('',(0.707106781186558,0.,0.707106781186537));
#10838=DIRECTION('',(-1.,0.,0.));
#10839=DIRECTION('',(0.,-1.,0.));
#10840=DIRECTION('',(0.,1.,0.));
#10841=DIRECTION('',(1.,0.,0.));
#10842=DIRECTION('',(0.,1.,0.));
#10843=DIRECTION('',(-1.,0.,0.));
#10844=DIRECTION('',(0.,1.,0.));
#10845=DIRECTION('',(0.,0.,1.));
#10846=DIRECTION('',(1.,0.,0.));
#10847=DIRECTION('',(0.,0.,1.));
#10848=DIRECTION('',(0.,-1.,0.));
#10849=DIRECTION('',(0.,0.,-1.));
#10850=DIRECTION('',(0.,1.,0.));
#10851=DIRECTION('',(1.,0.,0.));
#10852=DIRECTION('',(0.,0.,-1.));
#10853=DIRECTION('',(0.,1.,0.));
#10854=DIRECTION('',(1.,0.,0.));
#10855=DIRECTION('',(0.,-1.,0.));
#10856=DIRECTION('',(1.,0.,0.));
#10857=DIRECTION('',(0.,-1.,0.));
#10858=DIRECTION('',(-1.,0.,0.));
#10859=DIRECTION('',(0.,-1.,0.));
#10860=DIRECTION('',(0.,0.,-1.));
#10861=DIRECTION('',(-1.,0.,0.));
#10862=DIRECTION('',(0.,1.,0.));
#10863=DIRECTION('',(0.707106781186555,0.,-0.70710678118654));
#10864=DIRECTION('',(0.,-1.,0.));
#10865=DIRECTION('',(-0.70710678118654,0.,-0.707106781186555));
#10866=DIRECTION('',(-0.707106781186555,0.,0.70710678118654));
#10867=DIRECTION('',(0.707106781186558,0.,0.707106781186537));
#10868=DIRECTION('',(0.,1.,0.));
#10869=DIRECTION('',(-0.382683432365093,0.,0.923879532511286));
#10870=DIRECTION('',(1.,0.,0.));
#10871=DIRECTION('',(0.,1.,0.));
#10872=DIRECTION('',(0.707106781186535,0.,0.70710678118656));
#10873=DIRECTION('',(0.,0.,-1.));
#10874=DIRECTION('',(0.,1.,0.));
#10875=DIRECTION('',(-0.707106781186535,0.,0.70710678118656));
#10876=DIRECTION('',(-1.,0.,0.));
#10877=DIRECTION('',(0.,1.,0.));
#10878=DIRECTION('',(0.382683432365094,0.,0.923879532511285));
#10879=DIRECTION('',(-0.707106781186555,0.,0.70710678118654));
#10880=DIRECTION('',(0.,-1.,0.));
#10881=DIRECTION('',(-0.382683432365106,0.,-0.92387953251128));
#10882=DIRECTION('',(-1.,0.,2.54827561916804E-14));
#10883=DIRECTION('',(0.,1.,0.));
#10884=DIRECTION('',(0.707106781186546,0.,0.707106781186549));
#10885=DIRECTION('',(0.,0.,1.));
#10886=DIRECTION('',(0.,1.,0.));
#10887=DIRECTION('',(-0.707106781186546,0.,0.707106781186549));
#10888=DIRECTION('',(1.,0.,2.35225441769357E-14));
#10889=DIRECTION('',(0.,-1.,0.));
#10890=DIRECTION('',(0.382683432365103,0.,-0.923879532511281));
#10891=DIRECTION('',(0.,1.,0.));
#10892=DIRECTION('',(0.,0.,1.));
#10893=DIRECTION('',(0.,-1.,0.));
#10894=DIRECTION('',(0.,0.,0.999999999999982));
#10895=DIRECTION('',(0.,1.,0.));
#10896=DIRECTION('',(0.,0.,0.999999999999982));
#10897=DIRECTION('',(0.,0.,1.));
#10898=DIRECTION('',(0.,1.,0.));
#10899=DIRECTION('',(0.,0.,0.999999999999982));
#10900=DIRECTION('',(0.,-1.,0.));
#10901=DIRECTION('',(0.,0.,0.999999999999982));
#10902=DIRECTION('',(0.,1.,0.));
#10903=DIRECTION('',(0.,0.,1.));
#10904=DIRECTION('',(0.,0.,-1.));
#10905=DIRECTION('',(0.,0.,-1.));
#10906=DIRECTION('',(0.,-1.,0.));
#10907=DIRECTION('',(0.,1.,0.));
#10908=DIRECTION('',(1.,0.,0.));
#10909=DIRECTION('',(0.,0.,-1.));
#10910=DIRECTION('',(0.,-1.,0.));
#10911=DIRECTION('',(0.,1.,0.));
#10912=DIRECTION('',(0.,0.,-0.999999999999982));
#10913=DIRECTION('',(0.,1.,0.));
#10914=DIRECTION('',(0.,0.,0.999999999999982));
#10915=DIRECTION('',(0.,1.,0.));
#10916=DIRECTION('',(0.,-1.,0.));
#10917=DIRECTION('',(0.,0.,-0.999999999999982));
#10918=DIRECTION('',(0.,1.,0.));
#10919=DIRECTION('',(0.,0.,0.999999999999982));
#10920=DIRECTION('',(0.,0.,1.));
#10921=DIRECTION('',(1.,0.,0.));
#10922=DIRECTION('',(0.,0.,-1.));
#10923=DIRECTION('',(0.,1.,0.));
#10924=DIRECTION('',(0.,0.,-0.999999999999982));
#10925=DIRECTION('',(0.,1.,0.));
#10926=DIRECTION('',(0.,0.,-0.999999999999982));
#10927=DIRECTION('',(0.,-1.,0.));
#10928=DIRECTION('',(0.,0.,-1.));
#10929=DIRECTION('',(0.863778900898434,0.503871025524086,0.));
#10930=DIRECTION('',(0.,0.,-1.));
#10931=DIRECTION('',(-0.192450089729875,-0.962250448649376,-0.192450089729876));
#10932=DIRECTION('',(-0.98058067569092,0.196116135138184,0.));
#10933=DIRECTION('',(0.196116135138184,0.98058067569092,0.));
#10934=DIRECTION('',(-0.98058067569092,0.196116135138184,0.));
#10935=DIRECTION('',(0.196116135138184,0.98058067569092,0.));
#10936=DIRECTION('',(0.192450089729875,0.962250448649376,-0.192450089729876));
#10937=DIRECTION('',(0.98058067569092,-0.196116135138184,0.));
#10938=DIRECTION('',(0.,0.,1.));
#10939=DIRECTION('',(2.30657522629891E-14,-0.196116135138189,-0.980580675690919));
#10940=DIRECTION('',(-4.61315045259795E-15,-0.980580675690919,0.196116135138189));
#10941=DIRECTION('',(0.0809672525550557,0.977361196132457,-0.195472239226495));
#10942=DIRECTION('',(-0.192450089729875,-0.962250448649376,0.192450089729876));
#10943=DIRECTION('',(-2.30657522629891E-14,0.196116135138189,0.980580675690919));
#10944=DIRECTION('',(4.61315045259795E-15,0.980580675690919,-0.196116135138189));
#10945=DIRECTION('',(2.30657522629891E-14,-0.196116135138189,-0.980580675690919));
#10946=DIRECTION('',(1.,0.,2.35228503342455E-14));
#10947=DIRECTION('',(-2.49878982849049E-14,0.196116135138189,-0.980580675690919));
#10948=DIRECTION('',(4.99757965698111E-15,0.980580675690919,0.196116135138189));
#10949=DIRECTION('',(0.192450089729875,0.962250448649376,0.192450089729876));
#10950=DIRECTION('',(-0.0809672525550563,-0.977361196132457,-0.195472239226495));
#10951=DIRECTION('',(2.49878982849049E-14,-0.196116135138189,0.980580675690919));
#10952=DIRECTION('',(-4.99757965698111E-15,-0.980580675690919,-0.196116135138189));
#10953=DIRECTION('',(2.49878982849049E-14,-0.196116135138189,0.980580675690919));
#10954=DIRECTION('',(-1.,0.,2.54796184151473E-14));
#10955=DIRECTION('',(-0.693375245281525,0.196116135138191,0.693375245281546));
#10956=DIRECTION('',(0.13867504905631,0.980580675690919,-0.138675049056314));
#10957=DIRECTION('',(0.0809672525550537,0.977361196132456,-0.195472239226497));
#10958=DIRECTION('',(-0.0809672525550556,-0.977361196132456,0.195472239226495));
#10959=DIRECTION('',(0.693375245281525,-0.196116135138191,-0.693375245281546));
#10960=DIRECTION('',(-0.13867504905631,-0.980580675690919,0.138675049056314));
#10961=DIRECTION('',(0.693375245281525,-0.196116135138191,-0.693375245281546));
#10962=DIRECTION('',(0.707106781186558,0.,0.707106781186537));
#10963=DIRECTION('',(-0.0809672525550542,-0.977361196132456,-0.195472239226497));
#10964=DIRECTION('',(-0.693375245281528,0.196116135138191,-0.693375245281543));
#10965=DIRECTION('',(0.138675049056311,0.980580675690919,0.138675049056314));
#10966=DIRECTION('',(0.693375245281528,-0.196116135138191,0.693375245281543));
#10967=DIRECTION('',(-0.138675049056311,-0.980580675690919,-0.138675049056314));
#10968=DIRECTION('',(0.0809672525550563,0.977361196132456,0.195472239226495));
#10969=DIRECTION('',(0.693375245281528,-0.196116135138191,0.693375245281543));
#10970=DIRECTION('',(-0.707106781186555,0.,0.70710678118654));
#10971=DIRECTION('',(-0.0809672525550537,-0.977361196132456,0.195472239226497));
#10972=DIRECTION('',(0.,0.196116135138189,0.980580675690919));
#10973=DIRECTION('',(0.,0.980580675690919,-0.196116135138189));
#10974=DIRECTION('',(0.,0.196116135138189,0.980580675690919));
#10975=DIRECTION('',(0.,0.980580675690919,-0.196116135138189));
#10976=DIRECTION('',(-0.192450089729874,0.962250448649376,-0.19245008972988));
#10977=DIRECTION('',(0.,-0.196116135138189,-0.980580675690919));
#10978=DIRECTION('',(1.,0.,0.));
#10979=DIRECTION('',(0.192450089729874,-0.962250448649376,-0.19245008972988));
#10980=DIRECTION('',(0.,0.196116135138189,-0.980580675690919));
#10981=DIRECTION('',(0.,0.980580675690919,0.196116135138189));
#10982=DIRECTION('',(0.,0.196116135138189,-0.980580675690919));
#10983=DIRECTION('',(0.,0.980580675690919,0.196116135138189));
#10984=DIRECTION('',(0.0809672525550542,0.977361196132456,0.195472239226497));
#10985=DIRECTION('',(0.,-0.196116135138189,0.980580675690919));
#10986=DIRECTION('',(-1.,0.,0.));
#10987=DIRECTION('',(0.192450089729874,-0.962250448649376,0.19245008972988));
#10988=DIRECTION('',(0.980580675690921,0.196116135138183,0.));
#10989=DIRECTION('',(-0.196116135138183,0.980580675690921,0.));
#10990=DIRECTION('',(0.980580675690921,0.196116135138183,0.));
#10991=DIRECTION('',(-0.196116135138183,0.980580675690921,0.));
#10992=DIRECTION('',(-0.192450089729874,0.962250448649376,0.19245008972988));
#10993=DIRECTION('',(-0.98058067569092,-0.196116135138183,0.));
#10994=DIRECTION('',(0.,0.,-1.));
#10995=DIRECTION('',(0.0971462188541366,-0.9905176547264,0.09714621885414));
#10996=DIRECTION('',(0.70040175054202,0.137385500236787,0.700401750542045));
#10997=DIRECTION('',(0.,1.,0.));
#10998=DIRECTION('',(0.,0.,0.999999999999982));
#10999=DIRECTION('',(0.0971462188541366,-0.9905176547264,-0.09714621885414));
#11000=DIRECTION('',(0.70040175054202,0.137385500236787,-0.700401750542045));
#11001=DIRECTION('',(0.,1.,0.));
#11002=DIRECTION('',(0.,0.,0.999999999999982));
#11003=DIRECTION('',(0.,1.,0.));
#11004=DIRECTION('',(0.,0.,0.999999999999982));
#11005=DIRECTION('',(0.,1.,0.));
#11006=DIRECTION('',(0.,0.,0.999999999999982));
#11007=DIRECTION('',(0.0407147151987211,0.994324191632803,0.0982940176209055));
#11008=DIRECTION('',(0.380511394537701,-0.106392678008272,0.918635769330371));
#11009=DIRECTION('',(0.,-1.,0.));
#11010=DIRECTION('',(0.,0.,-0.999999999999982));
#11011=DIRECTION('',(-0.04071471519872,-0.994324191632803,-0.0982940176209065));
#11012=DIRECTION('',(-0.380511394537689,0.106392678008273,-0.918635769330376));
#11013=DIRECTION('',(0.,1.,0.));
#11014=DIRECTION('',(0.,0.,0.999999999999982));
#11015=DIRECTION('',(0.0407147151987208,0.994324191632804,-0.0982940176209057));
#11016=DIRECTION('',(0.380511394537698,-0.106392678008272,-0.918635769330372));
#11017=DIRECTION('',(0.,-1.,0.));
#11018=DIRECTION('',(0.,0.,-0.999999999999982));
#11019=DIRECTION('',(-0.0407147151987199,-0.994324191632804,0.0982940176209067));
#11020=DIRECTION('',(-0.380511394537687,0.106392678008273,0.918635769330376));
#11021=DIRECTION('',(0.,1.,0.));
#11022=DIRECTION('',(0.,0.,0.999999999999982));
#11023=DIRECTION('',(-0.0971462188541368,-0.9905176547264,-0.0971462188541371));
#11024=DIRECTION('',(-0.700401750542032,0.137385500236785,-0.700401750542034));
#11025=DIRECTION('',(0.,1.,0.));
#11026=DIRECTION('',(0.,0.,0.999999999999982));
#11027=DIRECTION('',(-0.0971462188541372,-0.990517654726401,0.0971462188541377));
#11028=DIRECTION('',(-0.700401750542031,0.137385500236786,0.700401750542035));
#11029=DIRECTION('',(0.,1.,0.));
#11030=DIRECTION('',(0.,0.,0.999999999999982));
#11031=DIRECTION('',(-0.0809672525550562,-0.977361196132456,-0.195472239226495));
#11032=DIRECTION('',(0.,0.196116135138189,-0.980580675690919));
#11033=DIRECTION('',(0.0809672525550542,0.977361196132456,0.195472239226497));
#11034=DIRECTION('',(0.,-0.196116135138189,0.980580675690919));
#11035=DIRECTION('',(-0.192450089729875,-0.962250448649376,0.192450089729876));
#11036=DIRECTION('',(0.,-0.196116135138189,-0.980580675690919));
#11037=DIRECTION('',(0.192450089729875,0.962250448649376,0.192450089729876));
#11038=DIRECTION('',(0.,-0.196116135138189,0.980580675690919));
#11039=DIRECTION('',(0.0809672525550556,0.977361196132456,-0.195472239226495));
#11040=DIRECTION('',(0.,0.196116135138189,0.980580675690919));
#11041=DIRECTION('',(-0.192450089729874,0.962250448649375,0.19245008972988));
#11042=DIRECTION('',(0.,-0.196116135138189,0.980580675690919));
#11043=DIRECTION('',(0.192450089729874,-0.962250448649375,0.19245008972988));
#11044=DIRECTION('',(0.,-0.196116135138189,-0.980580675690919));
#11045=DIRECTION('',(-0.0809672525550537,-0.977361196132456,0.195472239226497));
#11046=DIRECTION('',(0.,-0.196116135138189,-0.980580675690919));
#11047=CARTESIAN_POINT('',(0.,0.,0.));
#11048=CARTESIAN_POINT('',(6.18276053796131,24.5948106553202,-100.535925));
#11049=CARTESIAN_POINT('',(6.35508007080863,23.0041171026208,-100.535925));
#11050=CARTESIAN_POINT('',(6.01044100511398,26.1855042080195,-100.535925));
#11051=CARTESIAN_POINT('',(6.18276053796131,24.5948106553202,-100.535925));
#11052=CARTESIAN_POINT('',(6.23856571695655,24.5948106553202,-100.535925));
#11053=CARTESIAN_POINT('',(6.05009122790479,26.3346317285851,-100.535925));
#11054=CARTESIAN_POINT('',(6.42704020600831,22.8549895820553,-100.535925));
#11055=CARTESIAN_POINT('',(6.23856571695655,24.5948106553202,-100.535925));
#11056=CARTESIAN_POINT('',(0.582760537961259,20.9948106553202,-100.535925));
#11057=CARTESIAN_POINT('',(1.98276053796126,21.0448106553202,-101.535925));
#11058=CARTESIAN_POINT('',(1.98276053796126,20.5448106553202,-101.535925));
#11059=CARTESIAN_POINT('',(1.48276053796126,21.0448106553202,-101.535925));
#11060=CARTESIAN_POINT('',(0.582760537961259,20.5448106553202,-101.535925));
#11061=CARTESIAN_POINT('',(8.82608979568304,20.5448106553202,-101.535925));
#11062=CARTESIAN_POINT('',(8.82608979568304,20.3948106553202,-101.535925));
#11063=CARTESIAN_POINT('',(8.82608979568304,20.3948106553202,-101.535925));
#11064=CARTESIAN_POINT('',(0.582760537961259,20.3948106553202,-101.535925));
#11065=CARTESIAN_POINT('',(1.98276053796126,20.3948106553202,-101.535925));
#11066=CARTESIAN_POINT('',(1.98276053796126,20.8948106553202,-101.535925));
#11067=CARTESIAN_POINT('',(1.48276053796126,20.8948106553202,-101.535925));
#11068=CARTESIAN_POINT('',(1.48276053796126,20.9948106553202,-101.535925));
#11069=CARTESIAN_POINT('',(0.582760537961259,20.9948106553202,-101.535925));
#11070=CARTESIAN_POINT('',(0.582760537961259,28.7448106553202,-101.535925));
#11071=CARTESIAN_POINT('',(1.98276053796126,28.7448106553202,-101.535925));
#11072=CARTESIAN_POINT('',(8.82608979568304,28.7448106553202,-101.535925));
#11073=CARTESIAN_POINT('',(1.98276053796126,28.2448106553202,-101.535925));
#11074=CARTESIAN_POINT('',(1.48276053796126,28.2448106553202,-101.535925));
#11075=CARTESIAN_POINT('',(1.48276053796126,20.9948106553202,-101.535925));
#11076=CARTESIAN_POINT('',(1.48276053796126,28.2948106553202,-101.535925));
#11077=CARTESIAN_POINT('',(1.98276053796126,28.2948106553202,-101.535925));
#11078=CARTESIAN_POINT('',(1.98276053796126,28.7948106553202,-101.535925));
#11079=CARTESIAN_POINT('',(-0.917239462038691,28.7948106553202,-101.535925));
#11080=CARTESIAN_POINT('',(8.82608979568304,28.7948106553202,-101.535925));
#11081=CARTESIAN_POINT('',(8.82608979568304,20.3948106553202,-101.535925));
#11082=CARTESIAN_POINT('',(0.582760537961259,20.9948106553202,-101.535925));
#11083=CARTESIAN_POINT('',(1.98276053796126,28.7948106553202,-95.1121532958055));
#11084=CARTESIAN_POINT('',(1.98276053796126,28.7948106553202,-100.535925));
#11085=CARTESIAN_POINT('',(-0.917239462038691,28.7948106553202,-100.535925));
#11086=CARTESIAN_POINT('',(9.03325290247873,28.7948106553202,-100.535925));
#11087=CARTESIAN_POINT('',(6.76989257231727,28.7948106553202,-102.799285330162));
#11088=CARTESIAN_POINT('',(10.4604606963429,28.7948106553202,-99.1087172061359));
#11089=CARTESIAN_POINT('',(2.77332866198699,28.7948106553202,-91.4215851717799));
#11090=CARTESIAN_POINT('',(11.1675393147249,28.7948106553202,-99.8157958245178));
#11091=CARTESIAN_POINT('',(7.47697119069925,28.7948106553202,-103.506363948543));
#11092=CARTESIAN_POINT('',(9.88674996746286,28.7948106553202,-101.09658517178));
#11093=CARTESIAN_POINT('',(8.82608979568304,28.7948106553202,-100.035925));
#11094=CARTESIAN_POINT('',(-0.917239462038691,28.7948106553202,-95.1121532958055));
#11095=CARTESIAN_POINT('',(0.582760537961259,20.3948106553202,-100.535925));
#11096=CARTESIAN_POINT('',(1.98276053796126,20.3948106553202,-100.535925));
#11097=CARTESIAN_POINT('',(9.03325290247873,20.3948106553202,-100.535925));
#11098=CARTESIAN_POINT('',(1.98276053796126,20.3948106553202,-100.785925));
#11099=CARTESIAN_POINT('',(8.82608979568304,20.3948106553202,-100.035925));
#11100=CARTESIAN_POINT('',(9.88674996746286,20.3948106553202,-101.09658517178));
#11101=CARTESIAN_POINT('',(9.27819948650475,20.3948106553202,-101.705135652738));
#11102=CARTESIAN_POINT('',(11.1675393147249,20.3948106553202,-99.8157958245178));
#11103=CARTESIAN_POINT('',(6.36021451408422,20.3948106553202,-95.0084710238771));
#11104=CARTESIAN_POINT('',(10.460460696343,20.3948106553202,-99.1087172061358));
#11105=CARTESIAN_POINT('',(11.2448925723173,20.3948106553202,-98.3242853301615));
#11106=CARTESIAN_POINT('',(0.582760537961259,20.3948106553202,-100.785925));
#11107=CARTESIAN_POINT('',(11.1675393147249,27.7948106553202,-99.8157958245178));
#11108=CARTESIAN_POINT('',(11.8746460959115,27.7948106553202,-99.1086890433313));
#11109=CARTESIAN_POINT('',(11.8746460959115,20.3948106553202,-99.1086890433313));
#11110=CARTESIAN_POINT('',(11.8746460959115,21.3948106553202,-99.1086890433313));
#11111=CARTESIAN_POINT('',(11.1675393147249,21.3948106553202,-99.8157958245178));
#11112=CARTESIAN_POINT('',(9.88674996746286,28.7948106553202,-101.09658517178));
#11113=CARTESIAN_POINT('',(9.27819948650475,20.3948106553202,-101.705135652738));
#11114=CARTESIAN_POINT('',(1.48276053796126,21.3948106553202,-100.785925));
#11115=CARTESIAN_POINT('',(1.48276053796126,21.3948106553202,-100.557163319533));
#11116=CARTESIAN_POINT('',(1.48276053796126,21.3948106553202,-100.535925));
#11117=CARTESIAN_POINT('',(1.48276053796126,21.3948106553202,-100.557163319533));
#11118=CARTESIAN_POINT('',(1.48276053796126,27.7948106553202,-100.557163319533));
#11119=CARTESIAN_POINT('',(1.48276053796126,27.7948106553202,-100.785925));
#11120=CARTESIAN_POINT('',(1.48276053796126,27.7948106553202,-100.535925));
#11121=CARTESIAN_POINT('',(1.48276053796126,20.9948106553202,-100.535925));
#11122=CARTESIAN_POINT('',(1.48276053796126,28.2948106553202,-100.535925));
#11123=CARTESIAN_POINT('',(1.48276053796126,28.2948106553202,-100.785925));
#11124=CARTESIAN_POINT('',(1.48276053796126,28.2448106553202,-100.785925));
#11125=CARTESIAN_POINT('',(1.48276053796126,28.2448106553202,-101.814998057877));
#11126=CARTESIAN_POINT('',(1.48276053796126,21.0448106553202,-101.814998057877));
#11127=CARTESIAN_POINT('',(1.48276053796126,21.0448106553202,-101.814998057877));
#11128=CARTESIAN_POINT('',(1.48276053796126,21.0448106553202,-100.785925));
#11129=CARTESIAN_POINT('',(1.48276053796126,20.8948106553202,-100.785925));
#11130=CARTESIAN_POINT('',(1.48276053796126,20.8948106553202,-100.535925));
#11131=CARTESIAN_POINT('',(1.48276053796126,20.9948106553202,-100.535925));
#11132=CARTESIAN_POINT('',(1.48276053796126,20.9948106553202,-100.785925));
#11133=CARTESIAN_POINT('',(0.582760537961259,21.3948106553202,-100.535925));
#11134=CARTESIAN_POINT('',(1.53856571695655,21.3948106553202,-100.535925));
#11135=CARTESIAN_POINT('',(1.98276053796126,20.8948106553202,-100.535925));
#11136=CARTESIAN_POINT('',(9.03325290247873,20.9948106553202,-100.535925));
#11137=CARTESIAN_POINT('',(1.98276053796126,28.2948106553202,-100.535925));
#11138=CARTESIAN_POINT('',(0.582760537961259,27.7948106553202,-100.535925));
#11139=CARTESIAN_POINT('',(1.53856571695655,27.7948106553202,-100.535925));
#11140=CARTESIAN_POINT('',(0.582760537961259,27.7948106553202,-100.535925));
#11141=CARTESIAN_POINT('',(8.78195130028742,27.7948106553202,-100.535925));
#11142=CARTESIAN_POINT('',(8.78195130028742,20.9948106553202,-100.535925));
#11143=CARTESIAN_POINT('',(8.78195130028742,21.3948106553202,-100.535925));
#11144=CARTESIAN_POINT('',(0.582760537961259,21.3948106553202,-100.535925));
#11145=CARTESIAN_POINT('',(0.582760537961259,20.9948106553202,-100.535925));
#11146=CARTESIAN_POINT('',(7.61747708066797,27.1647933721378,-101.535925));
#11147=CARTESIAN_POINT('',(8.82608979568304,26.4670004957769,-101.535925));
#11148=CARTESIAN_POINT('',(6.31800067394451,27.9150464253652,-101.535925));
#11149=CARTESIAN_POINT('',(8.82608979568304,20.3948106553202,-101.535925));
#11150=CARTESIAN_POINT('',(8.82608979568304,22.8226208148625,-101.535925));
#11151=CARTESIAN_POINT('',(7.31618498915259,21.9508768683615,-101.535925));
#11152=CARTESIAN_POINT('',(6.31800067394453,21.3745748852752,-101.535925));
#11153=CARTESIAN_POINT('',(6.00712808757577,21.3745748852752,-101.535925));
#11154=CARTESIAN_POINT('',(6.03638694285717,21.3576822773023,-101.535925));
#11155=CARTESIAN_POINT('',(6.0688538920083,21.3454664627924,-101.535925));
#11156=CARTESIAN_POINT('',(6.10199148972129,21.3388831175701,-101.535925));
#11157=CARTESIAN_POINT('',(6.13611995820146,21.3321029190819,-101.535925));
#11158=CARTESIAN_POINT('',(6.17188990066737,21.3311220970838,-101.535925));
#11159=CARTESIAN_POINT('',(6.20633862627385,21.3360219701873,-101.535925));
#11160=CARTESIAN_POINT('',(6.24078393192045,21.3409213568469,-101.535925));
#11161=CARTESIAN_POINT('',(6.27485823453924,21.3518353036053,-101.535925));
#11162=CARTESIAN_POINT('',(6.3057404867248,21.3678593346423,-101.535925));
#11163=CARTESIAN_POINT('',(6.3098765068562,21.370005412414,-101.535925));
#11164=CARTESIAN_POINT('',(6.31396530106868,21.372245061659,-101.535925));
#11165=CARTESIAN_POINT('',(6.31800067394453,21.3745748852752,-101.535925));
#11166=CARTESIAN_POINT('',(6.00712808757577,21.3745748852752,-101.535925));
#11167=CARTESIAN_POINT('',(4.70765168085227,22.1248279385026,-101.535925));
#11168=CARTESIAN_POINT('',(3.4081752741288,22.8750809917299,-101.535925));
#11169=CARTESIAN_POINT('',(3.25273898094439,23.1443045488654,-101.535925));
#11170=CARTESIAN_POINT('',(3.25273898094439,23.1105193329196,-101.535925));
#11171=CARTESIAN_POINT('',(3.25839324982647,23.0762942229164,-101.535925));
#11172=CARTESIAN_POINT('',(3.26926070447854,23.0443045488654,-101.535925));
#11173=CARTESIAN_POINT('',(3.28045311458519,23.0113583289253,-101.535925));
#11174=CARTESIAN_POINT('',(3.29748866905117,22.9798902390588,-101.535925));
#11175=CARTESIAN_POINT('',(3.31895644643733,22.9525067041073,-101.535925));
#11176=CARTESIAN_POINT('',(3.34042209257086,22.9251258877061,-101.535925));
#11177=CARTESIAN_POINT('',(3.36691099902857,22.9010736494012,-101.535925));
#11178=CARTESIAN_POINT('',(3.39622934307045,22.8823408500009,-101.535925));
#11179=CARTESIAN_POINT('',(3.40015591100494,22.8798319903824,-101.535925));
#11180=CARTESIAN_POINT('',(3.40413990125295,22.8774108153461,-101.535925));
#11181=CARTESIAN_POINT('',(3.4081752741288,22.8750809917299,-101.535925));
#11182=CARTESIAN_POINT('',(3.25273898094439,23.1443045488654,-101.535925));
#11183=CARTESIAN_POINT('',(3.25273898094439,24.6448106553202,-101.535925));
#11184=CARTESIAN_POINT('',(3.25273898094438,26.1453167617749,-101.535925));
#11185=CARTESIAN_POINT('',(3.40817527412877,26.4145403189105,-101.535925));
#11186=CARTESIAN_POINT('',(3.37891641884737,26.3976477109376,-101.535925));
#11187=CARTESIAN_POINT('',(3.35210373857832,26.3756384154443,-101.535925));
#11188=CARTESIAN_POINT('',(3.3298335955174,26.3502320866156,-101.535925));
#11189=CARTESIAN_POINT('',(3.30689753714388,26.3240660651636,-101.535925));
#11190=CARTESIAN_POINT('',(3.28816314914393,26.2935787972953,-101.535925));
#11191=CARTESIAN_POINT('',(3.27518220092361,26.2612953892403,-101.535925));
#11192=CARTESIAN_POINT('',(3.26220254141054,26.2290151861794,-101.535925));
#11193=CARTESIAN_POINT('',(3.25461714524945,26.1940490011161,-101.535925));
#11194=CARTESIAN_POINT('',(3.25305323710577,26.1592921706788,-101.535925));
#11195=CARTESIAN_POINT('',(3.25284378490886,26.1546372332886,-101.535925));
#11196=CARTESIAN_POINT('',(3.25273898094438,26.1499764090072,-101.535925));
#11197=CARTESIAN_POINT('',(3.25273898094438,26.1453167617749,-101.535925));
#11198=CARTESIAN_POINT('',(3.40817527412877,26.4145403189105,-101.535925));
#11199=CARTESIAN_POINT('',(4.40635958933687,26.9908423019967,-101.535925));
#11200=CARTESIAN_POINT('',(6.00712808757575,27.9150464253652,-101.535925));
#11201=CARTESIAN_POINT('',(6.31800067394451,27.9150464253652,-101.535925));
#11202=CARTESIAN_POINT('',(6.2887418186631,27.9319390333381,-101.535925));
#11203=CARTESIAN_POINT('',(6.25627486951198,27.944154847848,-101.535925));
#11204=CARTESIAN_POINT('',(6.22313727179899,27.9507381930703,-101.535925));
#11205=CARTESIAN_POINT('',(6.18900880331882,27.9575183915585,-101.535925));
#11206=CARTESIAN_POINT('',(6.1532388608529,27.9584992135566,-101.535925));
#11207=CARTESIAN_POINT('',(6.11879013524642,27.9535993404531,-101.535925));
#11208=CARTESIAN_POINT('',(6.08434482959982,27.9486999537935,-101.535925));
#11209=CARTESIAN_POINT('',(6.05027052698103,27.9377860070351,-101.535925));
#11210=CARTESIAN_POINT('',(6.01938827479547,27.9217619759981,-101.535925));
#11211=CARTESIAN_POINT('',(6.01525225466408,27.9196158982264,-101.535925));
#11212=CARTESIAN_POINT('',(6.0111634604516,27.9173762489813,-101.535925));
#11213=CARTESIAN_POINT('',(6.00712808757575,27.9150464253652,-101.535925));
#11214=CARTESIAN_POINT('',(6.18276053796131,24.5948106553202,-101.535925));
#11215=CARTESIAN_POINT('',(6.01044100511398,26.1855042080195,-101.535925));
#11216=CARTESIAN_POINT('',(6.35508007080863,23.0041171026208,-101.535925));
#11217=CARTESIAN_POINT('',(6.18276053796131,24.5948106553202,-101.535925));
#11218=CARTESIAN_POINT('',(0.582760537961259,20.9948106553202,-101.535925));
#11219=CARTESIAN_POINT('',(11.1675674775295,24.5948106553202,-98.4016104249493));
#11220=CARTESIAN_POINT('',(11.1675674775295,27.7948106553202,-98.4016104249493));
#11221=CARTESIAN_POINT('',(11.1675674775295,21.3948106553202,-98.4016104249493));
#11222=CARTESIAN_POINT('',(10.4604606963429,27.7948106553202,-99.1087172061359));
#11223=CARTESIAN_POINT('',(10.4604606963429,21.3948106553202,-99.1087172061358));
#11224=CARTESIAN_POINT('',(11.2448925723173,24.5948106553202,-98.3242853301615));
#11225=CARTESIAN_POINT('',(10.9554354431735,27.7948106553202,-98.1894783905933));
#11226=CARTESIAN_POINT('',(10.9554354431735,21.3948106553202,-98.1894783905933));
#11227=CARTESIAN_POINT('',(10.9554354431735,20.3948106553202,-98.1894783905933));
#11228=CARTESIAN_POINT('',(6.01044100511398,26.1855042080195,-60.6727641297783));
#11229=CARTESIAN_POINT('',(6.35508007080863,23.0041171026208,-60.6727641297783));
#11230=CARTESIAN_POINT('',(6.18276053796131,24.5948106553202,-60.6727641297783));
#11231=CARTESIAN_POINT('',(6.18276053796131,24.5948106553202,-60.6727641297783));
#11232=CARTESIAN_POINT('',(8.82608979568304,28.7448106553202,-100.035925));
#11233=CARTESIAN_POINT('',(9.01256438076011,28.7448106553202,-101.524288943772));
#11234=CARTESIAN_POINT('',(8.82608979568304,20.5448106553202,-100.035925));
#11235=CARTESIAN_POINT('',(9.01256438076014,20.5448106553202,-101.524288943772));
#11236=CARTESIAN_POINT('',(9.07577537689057,20.5488223792811,-101.514998057877));
#11237=CARTESIAN_POINT('',(9.05489861977245,20.546161750639,-101.518522309236));
#11238=CARTESIAN_POINT('',(9.03373750582969,20.5448106553202,-101.521636198972));
#11239=CARTESIAN_POINT('',(9.01256438076014,20.5448106553202,-101.524288943772));
#11240=CARTESIAN_POINT('',(9.07577537689057,20.5488223792811,-101.514998057877));
#11241=CARTESIAN_POINT('',(9.07577537689057,20.9948106553202,-101.514998057877));
#11242=CARTESIAN_POINT('',(9.07577537689056,22.8969302268929,-101.514998057877));
#11243=CARTESIAN_POINT('',(8.92004627901115,22.8697241195075,-101.532979501093));
#11244=CARTESIAN_POINT('',(8.94066058133346,22.8783449278459,-101.531685728988));
#11245=CARTESIAN_POINT('',(8.96072912914868,22.8882268447217,-101.530001914048));
#11246=CARTESIAN_POINT('',(8.98046251819311,22.8985886224169,-101.527960208212));
#11247=CARTESIAN_POINT('',(8.99320222504742,22.9052780972977,-101.526642100422));
#11248=CARTESIAN_POINT('',(9.00579522227926,22.9122344741378,-101.525178210906));
#11249=CARTESIAN_POINT('',(9.01869396041072,22.9185289219089,-101.523508152543));
#11250=CARTESIAN_POINT('',(9.02462479975369,22.9214231087745,-101.522740259766));
#11251=CARTESIAN_POINT('',(9.03063842939858,22.9241854789394,-101.521926059394));
#11252=CARTESIAN_POINT('',(9.03684458792555,22.9263874684797,-101.521045337733));
#11253=CARTESIAN_POINT('',(9.0416906407078,22.9281068827505,-101.520357629928));
#11254=CARTESIAN_POINT('',(9.04673325320513,22.9295390925718,-101.519617443486));
#11255=CARTESIAN_POINT('',(9.05185136487674,22.9298727826295,-101.51883825231));
#11256=CARTESIAN_POINT('',(9.05414572826638,22.9300223702706,-101.518488954009));
#11257=CARTESIAN_POINT('',(9.05648420838505,22.929934510191,-101.518127281543));
#11258=CARTESIAN_POINT('',(9.05873454163513,22.9294658175272,-101.517773987644));
#11259=CARTESIAN_POINT('',(9.0610084840237,22.9289922076228,-101.517416987198));
#11260=CARTESIAN_POINT('',(9.06324698725918,22.9280888218886,-101.517059786475));
#11261=CARTESIAN_POINT('',(9.06516869485655,22.9267722548914,-101.516749527069));
#11262=CARTESIAN_POINT('',(9.06682953029565,22.9256344121052,-101.516481385435));
#11263=CARTESIAN_POINT('',(9.06829676582736,22.9241691968535,-101.516241610426));
#11264=CARTESIAN_POINT('',(9.06949860793667,22.922543936176,-101.516043964853));
#11265=CARTESIAN_POINT('',(9.07115699606516,22.9203012846726,-101.515771239286));
#11266=CARTESIAN_POINT('',(9.07237672680353,22.9177074667236,-101.515568052583));
#11267=CARTESIAN_POINT('',(9.07326743050404,22.915054427148,-101.5154192436));
#11268=CARTESIAN_POINT('',(9.07488395567085,22.9102394642821,-101.515149172344));
#11269=CARTESIAN_POINT('',(9.07553257739147,22.9050823846483,-101.515039037101));
#11270=CARTESIAN_POINT('',(9.07571991754089,22.8999996822703,-101.515007419022));
#11271=CARTESIAN_POINT('',(9.07575760926072,22.8989770728907,-101.515001057654));
#11272=CARTESIAN_POINT('',(9.07577537689056,22.8979535504371,-101.514998057877));
#11273=CARTESIAN_POINT('',(9.07577537689056,22.8969302268929,-101.514998057877));
#11274=CARTESIAN_POINT('',(8.92004627901115,22.8697241195075,-101.532979501093));
#11275=CARTESIAN_POINT('',(8.82608979568304,22.8226208148625,-101.535925));
#11276=CARTESIAN_POINT('',(8.856442195412,22.8401447810166,-101.535925));
#11277=CARTESIAN_POINT('',(8.88776598553461,22.8562246462379,-101.535005441266));
#11278=CARTESIAN_POINT('',(8.92004627901115,22.8697241195075,-101.532979501093));
#11279=CARTESIAN_POINT('',(8.92004627901165,26.4198971911338,-101.532979501092));
#11280=CARTESIAN_POINT('',(8.88776598553516,26.4333966644032,-101.535005441266));
#11281=CARTESIAN_POINT('',(8.85644219541188,26.4494765296229,-101.535925));
#11282=CARTESIAN_POINT('',(8.82608979568304,26.4670004957769,-101.535925));
#11283=CARTESIAN_POINT('',(8.92004627901165,26.4198971911338,-101.532979501092));
#11284=CARTESIAN_POINT('',(9.07577537689056,26.3926910837474,-101.514998057877));
#11285=CARTESIAN_POINT('',(9.07577537689056,26.3878343497836,-101.514998057877));
#11286=CARTESIAN_POINT('',(9.07539770947741,26.3829243354827,-101.515062187825));
#11287=CARTESIAN_POINT('',(9.07429231762986,26.3781987057071,-101.51524765179));
#11288=CARTESIAN_POINT('',(9.07359973456296,26.3752378632056,-101.515363854205));
#11289=CARTESIAN_POINT('',(9.07260204756359,26.3723049283499,-101.515530998024));
#11290=CARTESIAN_POINT('',(9.0711388288948,26.3696478535056,-101.515773293347));
#11291=CARTESIAN_POINT('',(9.07008309698672,26.3677307383435,-101.515948112675));
#11292=CARTESIAN_POINT('',(9.06875280418982,26.3659271618398,-101.516167304457));
#11293=CARTESIAN_POINT('',(9.06715654466312,26.3644422841366,-101.5164272197));
#11294=CARTESIAN_POINT('',(9.06554841290195,26.3629463626051,-101.516689068072));
#11295=CARTESIAN_POINT('',(9.06361659807338,26.3617496026743,-101.517000727908));
#11296=CARTESIAN_POINT('',(9.06157017803274,26.3609757926258,-101.517326022522));
#11297=CARTESIAN_POINT('',(9.05978236276482,26.3602997684512,-101.517610209866));
#11298=CARTESIAN_POINT('',(9.05787338574785,26.3599163088748,-101.517910181494));
#11299=CARTESIAN_POINT('',(9.05596980010831,26.359763788575,-101.518205399778));
#11300=CARTESIAN_POINT('',(9.05244024286221,26.3594809911435,-101.51875278247));
#11301=CARTESIAN_POINT('',(9.04884508460218,26.3599448893116,-101.519296942923));
#11302=CARTESIAN_POINT('',(9.04538413295592,26.3607179255828,-101.519808416458));
#11303=CARTESIAN_POINT('',(9.03337382791577,26.363400540763,-101.521583348272));
#11304=CARTESIAN_POINT('',(9.02218235754684,26.3692250606795,-101.523093650887));
#11305=CARTESIAN_POINT('',(9.01118154546051,26.3748558008571,-101.52446154445));
#11306=CARTESIAN_POINT('',(8.9810953039881,26.3902553738453,-101.52820261154));
#11307=CARTESIAN_POINT('',(8.95136578549168,26.4067995146565,-101.531013860772));
#11308=CARTESIAN_POINT('',(8.92004627901165,26.4198971911338,-101.532979501092));
#11309=CARTESIAN_POINT('',(9.07577537689056,26.3926910837474,-101.514998057877));
#11310=CARTESIAN_POINT('',(9.07577537689057,20.9948106553202,-101.514998057877));
#11311=CARTESIAN_POINT('',(9.07577537689057,28.7407989313593,-101.514998057877));
#11312=CARTESIAN_POINT('',(9.01256438076011,28.7448106553202,-101.524288943772));
#11313=CARTESIAN_POINT('',(9.03373750582967,28.7448106553202,-101.521636198972));
#11314=CARTESIAN_POINT('',(9.05489861977244,28.7434595600014,-101.518522309236));
#11315=CARTESIAN_POINT('',(9.07577537689057,28.7407989313593,-101.514998057877));
#11316=CARTESIAN_POINT('',(8.82608979568304,20.9948106553202,-100.035925));
#11317=CARTESIAN_POINT('',(2.77332866198699,27.7948106553202,-91.4215851717799));
#11318=CARTESIAN_POINT('',(10.248328661987,21.3948106553202,-98.8965851717799));
#11319=CARTESIAN_POINT('',(1.98276053796126,28.2948106553202,-100.785925));
#11320=CARTESIAN_POINT('',(1.98276053796126,20.8948106553202,-100.785925));
#11321=CARTESIAN_POINT('',(9.51256438076013,22.4930529535909,-101.814998057877));
#11322=CARTESIAN_POINT('',(9.51256438076013,22.5766721920455,-101.814998057877));
#11323=CARTESIAN_POINT('',(9.51256438076013,22.6602428425131,-101.824120272775));
#11324=CARTESIAN_POINT('',(9.51256438076013,22.7430529535909,-101.835724691891));
#11325=CARTESIAN_POINT('',(9.51256438076013,22.8772209332537,-101.854526036892));
#11326=CARTESIAN_POINT('',(9.51256438076013,23.0117624278018,-101.878416369244));
#11327=CARTESIAN_POINT('',(9.51256438076013,23.147241346238,-101.878416369244));
#11328=CARTESIAN_POINT('',(9.51256438076013,22.4930529535909,-101.814998057877));
#11329=CARTESIAN_POINT('',(9.51256438076013,23.147241346238,-101.878416369244));
#11330=CARTESIAN_POINT('',(8.75612587905873,23.1474172261177,-101.814998057877));
#11331=CARTESIAN_POINT('',(9.25635435952445,22.2813478423173,-101.814998057877));
#11332=CARTESIAN_POINT('',(9.25635435952445,22.2813478423173,-102.314998057877));
#11333=CARTESIAN_POINT('',(9.00639243573535,22.7142945942777,-102.306271854658));
#11334=CARTESIAN_POINT('',(8.75612587905873,23.1474172261177,-102.314998057877));
#11335=CARTESIAN_POINT('',(9.25635435952445,23.147241346238,-102.306271854658));
#11336=CARTESIAN_POINT('',(9.75627820710264,23.147241346238,-102.314998057877));
#11337=CARTESIAN_POINT('',(9.00639243573535,22.7142945942777,-102.306271854658));
#11338=CARTESIAN_POINT('',(9.01068004374553,22.7068682393611,-101.814998057877));
#11339=CARTESIAN_POINT('',(9.25635435952445,22.2813478423173,-101.814998057877));
#11340=CARTESIAN_POINT('',(9.15964524827072,22.8027392244825,-102.304489582172));
#11341=CARTESIAN_POINT('',(9.16739984993151,22.7953277375719,-101.814998057874));
#11342=CARTESIAN_POINT('',(9.56279613961245,22.4582720866438,-101.814998057877));
#11343=CARTESIAN_POINT('',(9.25638546920641,22.9702982022786,-102.304489582172));
#11344=CARTESIAN_POINT('',(9.26668130598416,22.967288263698,-101.814998057877));
#11345=CARTESIAN_POINT('',(9.75627820701456,22.7933928577376,-101.814998057877));
#11346=CARTESIAN_POINT('',(9.25635435952444,23.1472413462381,-102.306271854658));
#11347=CARTESIAN_POINT('',(9.26492957554479,23.147241346238,-101.814998057877));
#11348=CARTESIAN_POINT('',(9.75627820710264,23.147241346238,-101.814998057877));
#11349=CARTESIAN_POINT('',(9.51256438076013,24.6448106553202,-101.878416369244));
#11350=CARTESIAN_POINT('',(9.51256438076012,26.1423799644023,-101.878416369244));
#11351=CARTESIAN_POINT('',(9.25635435952445,22.8536592749868,-102.306271854658));
#11352=CARTESIAN_POINT('',(9.25635435952444,26.1423799644023,-102.306271854658));
#11353=CARTESIAN_POINT('',(9.75627820710263,26.1423799644023,-102.314998057877));
#11354=CARTESIAN_POINT('',(9.75627820710264,24.6448106553202,-102.314998057877));
#11355=CARTESIAN_POINT('',(9.51256438076012,26.1423799644023,-101.878416369244));
#11356=CARTESIAN_POINT('',(9.51256438076012,26.2301722865141,-101.878416369244));
#11357=CARTESIAN_POINT('',(9.51256438076012,26.3179314277569,-101.868903111648));
#11358=CARTESIAN_POINT('',(9.51256438076012,26.4048438970555,-101.856504946373));
#11359=CARTESIAN_POINT('',(9.51256438076012,26.5348337347858,-101.837961744168));
#11360=CARTESIAN_POINT('',(9.51256438076012,26.6652625755274,-101.814998057877));
#11361=CARTESIAN_POINT('',(9.51256438076012,26.7965683570495,-101.814998057877));
#11362=CARTESIAN_POINT('',(9.51256438076012,26.7965683570495,-101.814998057877));
#11363=CARTESIAN_POINT('',(8.75612587905873,26.1422040845227,-102.314998057877));
#11364=CARTESIAN_POINT('',(9.00639243573534,26.5753267163627,-102.306271854658));
#11365=CARTESIAN_POINT('',(9.25635435952444,27.0082734683231,-102.314998057877));
#11366=CARTESIAN_POINT('',(9.25635435952444,27.0082734683231,-101.814998057877));
#11367=CARTESIAN_POINT('',(8.75612587905873,26.1422040845227,-101.814998057877));
#11368=CARTESIAN_POINT('',(9.25635435952444,26.1423799644023,-102.306271854658));
#11369=CARTESIAN_POINT('',(9.26492957554478,26.1423799644023,-101.814998057877));
#11370=CARTESIAN_POINT('',(9.75627820710263,26.1423799644023,-101.814998057877));
#11371=CARTESIAN_POINT('',(9.25638546920641,26.3193231083618,-102.304489582172));
#11372=CARTESIAN_POINT('',(9.26668130598413,26.3223330469407,-101.814998057877));
#11373=CARTESIAN_POINT('',(9.75627820701455,26.4962284529017,-101.814998057877));
#11374=CARTESIAN_POINT('',(9.1596452482707,26.4868820861579,-102.304489582172));
#11375=CARTESIAN_POINT('',(9.16739984993205,26.4942935730707,-101.814998057877));
#11376=CARTESIAN_POINT('',(9.56279613961282,26.831349223998,-101.814998057877));
#11377=CARTESIAN_POINT('',(9.00639243573534,26.5753267163627,-102.306271854658));
#11378=CARTESIAN_POINT('',(9.01068004374551,26.5827530712793,-101.814998057877));
#11379=CARTESIAN_POINT('',(9.25635435952444,27.0082734683231,-101.814998057877));
#11380=CARTESIAN_POINT('',(9.01256438076011,28.2448106553202,-101.514998057877));
#11381=CARTESIAN_POINT('',(9.51256438076012,28.2448106553202,-101.514998057877));
#11382=CARTESIAN_POINT('',(8.7613953410521,26.1452464098231,-101.514998057877));
#11383=CARTESIAN_POINT('',(9.16145627226967,26.1453167617749,-101.514998057877));
#11384=CARTESIAN_POINT('',(9.16145627226968,23.0268717203649,-101.514998057877));
#11385=CARTESIAN_POINT('',(9.16145627226968,23.1443045488655,-101.514998057877));
#11386=CARTESIAN_POINT('',(8.76139534105211,23.1443749008173,-101.514998057877));
#11387=CARTESIAN_POINT('',(9.01256438076014,21.0448106553202,-101.514998057877));
#11388=CARTESIAN_POINT('',(9.51256438076014,21.0448106553202,-101.514998057877));
#11389=CARTESIAN_POINT('',(9.51256438076012,26.4057289763486,-101.514998057877));
#11390=CARTESIAN_POINT('',(5.18349132288331,25.6448106553202,-101.514998057877));
#11391=CARTESIAN_POINT('',(1.98276053796126,21.0448106553202,-101.814998057877));
#11392=CARTESIAN_POINT('',(1.98276053796126,20.5448106553202,-101.814998057877));
#11393=CARTESIAN_POINT('',(1.98276053796126,28.2448106553202,-101.814998057877));
#11394=CARTESIAN_POINT('',(1.98276053796126,28.7448106553202,-101.814998057877));
#11395=CARTESIAN_POINT('',(-1.23743561923987,28.7448106553202,-101.814998057877));
#11396=CARTESIAN_POINT('',(8.37813550373761,28.7448106553202,-101.814998057877));
#11397=CARTESIAN_POINT('',(9.01256438076009,28.3448106553202,-101.814998057877));
#11398=CARTESIAN_POINT('',(9.51256438076012,27.7857936609453,-101.814998057877));
#11399=CARTESIAN_POINT('',(9.51256438076012,26.4057289763486,-101.814998057877));
#11400=CARTESIAN_POINT('',(6.40823869653905,28.6526338130309,-101.814998057877));
#11401=CARTESIAN_POINT('',(6.66248822833833,28.5058427774053,-101.814998057877));
#11402=CARTESIAN_POINT('',(6.16256438076013,27.6395975137253,-101.814998057877));
#11403=CARTESIAN_POINT('',(5.66264053318194,28.5058427774053,-101.814998057877));
#11404=CARTESIAN_POINT('',(2.81452487019657,26.8614824326975,-101.814998057877));
#11405=CARTESIAN_POINT('',(3.81270202231107,27.4377802801697,-101.814998057877));
#11406=CARTESIAN_POINT('',(3.18276053796124,27.8448106553202,-101.814998057877));
#11407=CARTESIAN_POINT('',(3.22028844077854,27.0957501394003,-101.814998057877));
#11408=CARTESIAN_POINT('',(2.81452487019657,26.8614824326975,-101.814998057877));
#11409=CARTESIAN_POINT('',(3.06877440199584,27.0082734683231,-101.814998057877));
#11410=CARTESIAN_POINT('',(3.56900288246156,26.1422040845227,-101.814998057877));
#11411=CARTESIAN_POINT('',(2.56885055441765,26.1423799644024,-101.814998057877));
#11412=CARTESIAN_POINT('',(2.56885055441766,22.8536592749867,-101.814998057877));
#11413=CARTESIAN_POINT('',(2.56885055441766,23.147241346238,-101.814998057877));
#11414=CARTESIAN_POINT('',(3.56900288246156,23.1474172261176,-101.814998057877));
#11415=CARTESIAN_POINT('',(3.06877440199585,22.2813478423173,-101.814998057877));
#11416=CARTESIAN_POINT('',(5.91689006498123,20.6369874976095,-101.814998057877));
#11417=CARTESIAN_POINT('',(3.22028844077862,22.19387117124,-101.814998057877));
#11418=CARTESIAN_POINT('',(3.1827605379613,21.4448106553202,-101.814998057877));
#11419=CARTESIAN_POINT('',(3.81270202231111,21.8518410304707,-101.814998057877));
#11420=CARTESIAN_POINT('',(5.91689006498123,20.6369874976095,-101.814998057877));
#11421=CARTESIAN_POINT('',(5.66264053318196,20.7837785332351,-101.814998057877));
#11422=CARTESIAN_POINT('',(6.16256438076015,21.6500237969151,-101.814998057877));
#11423=CARTESIAN_POINT('',(6.66248822833835,20.7837785332351,-101.814998057877));
#11424=CARTESIAN_POINT('',(9.51060389132372,22.4281388779429,-101.814998057877));
#11425=CARTESIAN_POINT('',(9.51256438076012,26.4057289763486,-101.814998057877));
#11426=CARTESIAN_POINT('',(9.51256438076014,21.5038276496951,-101.814998057877));
#11427=CARTESIAN_POINT('',(9.01256438076009,20.9448106553202,-101.814998057877));
#11428=CARTESIAN_POINT('',(8.37813550373761,20.5448106553202,-101.814998057877));
#11429=CARTESIAN_POINT('',(0.262564380760076,20.5448106553202,-101.814998057877));
#11430=CARTESIAN_POINT('',(5.19805285182172,24.6448106553202,-101.814998057877));
#11431=CARTESIAN_POINT('',(1.98276053796126,20.5448106553202,-101.064267272955));
#11432=CARTESIAN_POINT('',(1.98276053796126,21.0448106553202,-100.785925));
#11433=CARTESIAN_POINT('',(8.37813550373761,20.5448106553202,-101.814998057877));
#11434=CARTESIAN_POINT('',(8.37813550373761,20.5448106553202,-101.784998057877));
#11435=CARTESIAN_POINT('',(0.262564380760076,20.5448106553202,-101.784998057877));
#11436=CARTESIAN_POINT('',(9.01256438076014,20.5448106553202,-101.784998057877));
#11437=CARTESIAN_POINT('',(9.01256438076014,20.5448106553202,-101.064267272955));
#11438=CARTESIAN_POINT('',(0.262564380760076,20.5448106553202,-101.064267272955));
#11439=CARTESIAN_POINT('',(1.98276053796126,28.7448106553202,-95.3904955687603));
#11440=CARTESIAN_POINT('',(9.01256438076009,28.7448106553202,-95.3904955687602));
#11441=CARTESIAN_POINT('',(9.01256438076011,28.7448106553202,-101.784998057877));
#11442=CARTESIAN_POINT('',(-1.23743561923987,28.7448106553202,-101.784998057877));
#11443=CARTESIAN_POINT('',(8.37813550373761,28.7448106553202,-101.784998057877));
#11444=CARTESIAN_POINT('',(8.37813550373761,28.7448106553202,-101.814998057877));
#11445=CARTESIAN_POINT('',(-1.23743561923987,28.7448106553202,-95.3904955687603));
#11446=CARTESIAN_POINT('',(1.98276053796126,28.2448106553202,-95.3904955687603));
#11447=CARTESIAN_POINT('',(9.01256438076014,21.0448106553202,-101.784998057877));
#11448=CARTESIAN_POINT('',(9.51256438076014,21.0448106553202,-101.784998057877));
#11449=CARTESIAN_POINT('',(9.51256438076014,21.0448106553202,-101.814267272955));
#11450=CARTESIAN_POINT('',(9.01256438076014,21.0448106553202,-101.814267272955));
#11451=CARTESIAN_POINT('',(9.51256438076012,28.2448106553202,-101.814267272955));
#11452=CARTESIAN_POINT('',(9.51256438076012,28.2448106553202,-101.784998057877));
#11453=CARTESIAN_POINT('',(9.01256438076011,28.2448106553202,-101.784998057877));
#11454=CARTESIAN_POINT('',(9.01256438076009,28.2448106553202,-95.3904955687602));
#11455=CARTESIAN_POINT('',(9.51256438076012,26.4057289763486,-101.784998057877));
#11456=CARTESIAN_POINT('',(9.51256438076014,21.5038276496951,-101.784998057877));
#11457=CARTESIAN_POINT('',(9.51256438076014,21.5038276496951,-101.814998057877));
#11458=CARTESIAN_POINT('',(9.51256438076012,27.7857936609453,-101.814998057877));
#11459=CARTESIAN_POINT('',(9.51256438076012,27.7857936609453,-101.784998057877));
#11460=CARTESIAN_POINT('',(9.51256438076012,26.4057289763486,-101.784998057877));
#11461=CARTESIAN_POINT('',(9.51256438076012,26.4057289763486,-101.814267272955));
#11462=CARTESIAN_POINT('',(3.3636420282819,23.0268717203649,-101.711507576589));
#11463=CARTESIAN_POINT('',(3.36364202828189,26.1453167617749,-101.711507576589));
#11464=CARTESIAN_POINT('',(3.3636420282819,23.1443045488654,-101.711507576589));
#11465=CARTESIAN_POINT('',(3.41254408014788,23.1725381616742,-104.513104251657));
#11466=CARTESIAN_POINT('',(3.40913429435201,23.1705695209271,-104.317757754242));
#11467=CARTESIAN_POINT('',(3.409134294352,26.2325238955917,-104.317757754242));
#11468=CARTESIAN_POINT('',(3.409134294352,26.1190517897133,-104.317757754242));
#11469=CARTESIAN_POINT('',(3.36019164126149,26.14730884365,-101.513835036579));
#11470=CARTESIAN_POINT('',(3.41256438076014,24.6448106553202,-104.514267272955));
#11471=CARTESIAN_POINT('',(3.46017641077713,22.9691337662063,-101.513835036579));
#11472=CARTESIAN_POINT('',(3.50911906386765,22.9973908201429,-104.317757754242));
#11473=CARTESIAN_POINT('',(3.46362679779754,22.9711258480813,-101.711507576589));
#11474=CARTESIAN_POINT('',(6.16427942396422,21.4119033273763,-101.711507576589));
#11475=CARTESIAN_POINT('',(6.06257961124451,21.4706197416266,-101.711507576589));
#11476=CARTESIAN_POINT('',(6.06257961124451,21.5270869672441,-104.513104251657));
#11477=CARTESIAN_POINT('',(6.06257961124451,21.5231496857498,-104.317757754242));
#11478=CARTESIAN_POINT('',(3.41084933755608,23.0541268730821,-104.317757754242));
#11479=CARTESIAN_POINT('',(4.78756438076015,22.263240794913,-104.514267272955));
#11480=CARTESIAN_POINT('',(6.26254915027579,21.4666355778765,-101.513835036579));
#11481=CARTESIAN_POINT('',(6.26254915027579,21.5231496857498,-104.317757754242));
#11482=CARTESIAN_POINT('',(6.26254915027579,21.4706197416266,-101.711507576589));
#11483=CARTESIAN_POINT('',(8.96320177644247,23.0298422623316,-101.711507576589));
#11484=CARTESIAN_POINT('',(8.86150196372276,22.9711258480813,-101.711507576589));
#11485=CARTESIAN_POINT('',(8.81259991185678,22.9993594608901,-104.513104251657));
#11486=CARTESIAN_POINT('',(8.81600969765265,22.9973908201429,-104.317757754242));
#11487=CARTESIAN_POINT('',(6.16427942396422,21.4664136328106,-104.317757754242));
#11488=CARTESIAN_POINT('',(7.53756438076013,22.263240794913,-104.514267272955));
#11489=CARTESIAN_POINT('',(8.96493712025881,23.1423124669904,-101.513835036579));
#11490=CARTESIAN_POINT('',(8.91599446716829,23.1705695209271,-104.317757754242));
#11491=CARTESIAN_POINT('',(8.9614867332384,23.1443045488655,-101.711507576589));
#11492=CARTESIAN_POINT('',(8.96148673323839,26.2627495902755,-101.711507576589));
#11493=CARTESIAN_POINT('',(8.96148673323839,26.1453167617749,-101.711507576589));
#11494=CARTESIAN_POINT('',(8.91258468137241,26.1170831489662,-104.513104251657));
#11495=CARTESIAN_POINT('',(8.91599446716828,26.1190517897133,-104.317757754242));
#11496=CARTESIAN_POINT('',(8.91599446716829,23.0570974150487,-104.317757754242));
#11497=CARTESIAN_POINT('',(8.91256438076015,24.6448106553202,-104.514267272955));
#11498=CARTESIAN_POINT('',(8.86495235074316,26.3204875444341,-101.513835036579));
#11499=CARTESIAN_POINT('',(8.81600969765264,26.2922304904975,-104.317757754242));
#11500=CARTESIAN_POINT('',(8.86150196372275,26.3184954625591,-101.711507576589));
#11501=CARTESIAN_POINT('',(6.16084933755606,27.8777179832641,-101.711507576589));
#11502=CARTESIAN_POINT('',(6.26254915027577,27.8190015690138,-101.711507576589));
#11503=CARTESIAN_POINT('',(6.26254915027577,27.7625343433963,-104.513104251657));
#11504=CARTESIAN_POINT('',(6.26254915027577,27.7664716248906,-104.317757754242));
#11505=CARTESIAN_POINT('',(8.91427942396421,26.2354944375583,-104.317757754242));
#11506=CARTESIAN_POINT('',(7.53756438076013,27.0263805157274,-104.514267272955));
#11507=CARTESIAN_POINT('',(6.16084933755606,27.8232076778298,-104.317757754242));
#11508=CARTESIAN_POINT('',(3.50911906386764,26.2922304904975,-104.317757754242));
#11509=CARTESIAN_POINT('',(6.06257961124449,27.7664716248906,-104.317757754242));
#11510=CARTESIAN_POINT('',(6.06257961124449,27.8229857327639,-101.513835036579));
#11511=CARTESIAN_POINT('',(6.06257961124449,27.8190015690138,-101.711507576589));
#11512=CARTESIAN_POINT('',(3.36192698507782,26.2597790483088,-101.711507576589));
#11513=CARTESIAN_POINT('',(3.46362679779753,26.3184954625591,-101.711507576589));
#11514=CARTESIAN_POINT('',(3.51252884966351,26.2902618497503,-104.513104251657));
#11515=CARTESIAN_POINT('',(4.78756438076013,27.0263805157274,-104.514267272955));
#11516=CARTESIAN_POINT('',(5.91260245697103,28.0220327845554,-104.829829281126));
#11517=CARTESIAN_POINT('',(5.91260245697103,28.0728960254449,-102.306271854658));
#11518=CARTESIAN_POINT('',(5.91260245697103,28.0322335199455,-104.323724261095));
#11519=CARTESIAN_POINT('',(4.63327677274996,27.2936144917793,-104.323724261095));
#11520=CARTESIAN_POINT('',(3.35395108852889,26.5549954636131,-104.323724261095));
#11521=CARTESIAN_POINT('',(3.36278518451401,26.549895095918,-104.829829281126));
#11522=CARTESIAN_POINT('',(3.31873632578494,26.5753267163627,-102.306271854658));
#11523=CARTESIAN_POINT('',(6.16685198877031,28.2196870610705,-102.306271854658));
#11524=CARTESIAN_POINT('',(4.63756438076014,27.2861881368627,-104.814998057877));
#11525=CARTESIAN_POINT('',(8.96234357700627,26.549895095918,-104.829829281126));
#11526=CARTESIAN_POINT('',(8.97117767299139,26.5549954636131,-104.323724261095));
#11527=CARTESIAN_POINT('',(7.69185198877032,27.2936144917793,-104.323724261095));
#11528=CARTESIAN_POINT('',(6.41252630454923,28.0322335199455,-104.323724261095));
#11529=CARTESIAN_POINT('',(6.41252630454923,28.0220327845554,-104.829829281126));
#11530=CARTESIAN_POINT('',(6.41252630454923,28.0728960254449,-102.306271854658));
#11531=CARTESIAN_POINT('',(9.26064196753461,26.4285356807371,-102.306271854658));
#11532=CARTESIAN_POINT('',(7.68756438076014,27.2861881368627,-104.814998057877));
#11533=CARTESIAN_POINT('',(7.69185198877033,21.9960068188611,-104.323724261095));
#11534=CARTESIAN_POINT('',(6.41252630454925,21.2573877906949,-104.323724261095));
#11535=CARTESIAN_POINT('',(8.9711776729914,22.7346258470273,-104.323724261095));
#11536=CARTESIAN_POINT('',(8.96234357700628,22.7397262147224,-104.829829281126));
#11537=CARTESIAN_POINT('',(6.15827677274997,21.0699342495699,-102.306271854658));
#11538=CARTESIAN_POINT('',(6.41252630454925,21.2167252851955,-102.306271854658));
#11539=CARTESIAN_POINT('',(6.41252630454925,21.267588526085,-104.829829281126));
#11540=CARTESIAN_POINT('',(7.68756438076015,22.0034331737777,-104.814998057877));
#11541=CARTESIAN_POINT('',(3.36278518451402,22.7397262147224,-104.829829281126));
#11542=CARTESIAN_POINT('',(3.31873632578495,22.7142945942776,-102.306271854658));
#11543=CARTESIAN_POINT('',(3.3539510885289,22.7346258470273,-104.323724261095));
#11544=CARTESIAN_POINT('',(4.63327677274998,21.9960068188611,-104.323724261095));
#11545=CARTESIAN_POINT('',(5.91260245697106,21.2573877906949,-104.323724261095));
#11546=CARTESIAN_POINT('',(5.91260245697106,21.267588526085,-104.829829281126));
#11547=CARTESIAN_POINT('',(5.91260245697106,21.2167252851955,-102.306271854658));
#11548=CARTESIAN_POINT('',(3.06448679398568,22.8610856299033,-102.306271854658));
#11549=CARTESIAN_POINT('',(4.63756438076015,22.0034331737776,-104.814998057877));
#11550=CARTESIAN_POINT('',(3.11282326072492,26.1169483439576,-104.829829281126));
#11551=CARTESIAN_POINT('',(3.06877440199584,26.1423799644024,-102.306271854658));
#11552=CARTESIAN_POINT('',(3.10398916473979,26.1220487116527,-104.323724261095));
#11553=CARTESIAN_POINT('',(3.1039891647398,24.6448106553202,-104.323724261095));
#11554=CARTESIAN_POINT('',(3.1039891647398,23.1675725989877,-104.323724261095));
#11555=CARTESIAN_POINT('',(3.11282326072492,23.1726729666828,-104.829829281126));
#11556=CARTESIAN_POINT('',(3.06877440199585,23.147241346238,-102.306271854658));
#11557=CARTESIAN_POINT('',(3.06877440199584,26.4359620356536,-102.306271854658));
#11558=CARTESIAN_POINT('',(3.11256438076015,24.6448106553202,-104.814998057877));
#11559=CARTESIAN_POINT('',(9.21230550079537,23.1726729666828,-104.829829281126));
#11560=CARTESIAN_POINT('',(9.2211395967805,23.1675725989877,-104.323724261095));
#11561=CARTESIAN_POINT('',(9.22113959678049,24.6448106553202,-104.323724261095));
#11562=CARTESIAN_POINT('',(9.22113959678049,26.1220487116527,-104.323724261095));
#11563=CARTESIAN_POINT('',(9.21230550079537,26.1169483439576,-104.829829281126));
#11564=CARTESIAN_POINT('',(9.21256438076014,24.6448106553202,-104.814998057877));
#11565=CARTESIAN_POINT('',(8.7212157492023,24.6448106553202,-104.814998057877));
#11566=CARTESIAN_POINT('',(8.72121574920229,26.1220487116527,-104.814998057877));
#11567=CARTESIAN_POINT('',(8.7212157492023,23.1675725989877,-104.814998057877));
#11568=CARTESIAN_POINT('',(6.75598766827739,22.0329476374467,-104.814998057877));
#11569=CARTESIAN_POINT('',(6.16256438076015,21.6903345426552,-104.814998057877));
#11570=CARTESIAN_POINT('',(4.19733629983523,22.8249595041962,-104.814998057877));
#11571=CARTESIAN_POINT('',(3.603913012318,23.1675725989877,-104.814998057877));
#11572=CARTESIAN_POINT('',(3.60391301231799,24.6448106553202,-104.814998057877));
#11573=CARTESIAN_POINT('',(3.60391301231799,26.1220487116527,-104.814998057877));
#11574=CARTESIAN_POINT('',(4.19733629983522,26.4646618064442,-104.814998057877));
#11575=CARTESIAN_POINT('',(6.16256438076014,27.5992867679852,-104.814998057877));
#11576=CARTESIAN_POINT('',(6.75598766827738,27.2566736731937,-104.814998057877));
#11577=CARTESIAN_POINT('',(6.16256438076011,24.6448106553202,-104.814998057877));
#11578=CARTESIAN_POINT('',(6.16256438076011,26.3948106553202,-104.814998057877));
#11579=CARTESIAN_POINT('',(5.24802785182169,24.6448106553202,-104.814998057877));
#11580=CARTESIAN_POINT('',(6.06429465444856,27.6500289770456,-104.514267272955));
#11581=CARTESIAN_POINT('',(8.716024928137,26.1190517897133,-104.514267272955));
#11582=CARTESIAN_POINT('',(6.16256438076013,27.5932929241064,-104.514267272955));
#11583=CARTESIAN_POINT('',(3.51083410707171,26.0623157367741,-104.514267272955));
#11584=CARTESIAN_POINT('',(3.60910383338328,26.1190517897133,-104.514267272955));
#11585=CARTESIAN_POINT('',(3.60910383338329,23.0570974150487,-104.514267272955));
#11586=CARTESIAN_POINT('',(3.60910383338329,23.1705695209271,-104.514267272955));
#11587=CARTESIAN_POINT('',(6.26083410707172,21.6395923335948,-104.514267272955));
#11588=CARTESIAN_POINT('',(6.16256438076015,21.696328386534,-104.514267272955));
#11589=CARTESIAN_POINT('',(8.81429465444858,23.2273055738663,-104.514267272955));
#11590=CARTESIAN_POINT('',(8.71602492813701,23.1705695209271,-104.514267272955));
#11591=CARTESIAN_POINT('',(8.716024928137,26.2325238955917,-104.514267272955));
#11592=CARTESIAN_POINT('',(6.16256438076011,24.6448106553202,-104.514267272955));
#11593=CARTESIAN_POINT('',(4.41256438076011,24.6448106553202,-104.514267272955));
#11594=CARTESIAN_POINT('',(3.11817593557423,55.2700026031473,-104.514267272955));
#11595=CARTESIAN_POINT('',(6.1625643807601,24.6448106553202,-101.814267272955));
#11596=CARTESIAN_POINT('',(3.22028844077854,27.0957501394003,-101.814998057877));
#11597=CARTESIAN_POINT('',(3.30475547446931,27.0999819345146,-101.814998057877));
#11598=CARTESIAN_POINT('',(3.38961969894432,27.1189601998116,-101.819053114022));
#11599=CARTESIAN_POINT('',(3.46782902268896,27.1510989291579,-101.820782745723));
#11600=CARTESIAN_POINT('',(3.5451472306613,27.1828714703408,-101.822492670028));
#11601=CARTESIAN_POINT('',(3.61811294753524,27.228406883772,-101.821818085987));
#11602=CARTESIAN_POINT('',(3.68062096388038,27.2838873126934,-101.819539183247));
#11603=CARTESIAN_POINT('',(3.73117311512205,27.3287560383029,-101.81769616466));
#11604=CARTESIAN_POINT('',(3.77600554877065,27.3809868995678,-101.814998057877));
#11605=CARTESIAN_POINT('',(3.81270202231107,27.4377802801697,-101.814998057877));
#11606=CARTESIAN_POINT('',(5.66264053318194,28.5058427774053,-102.314998057877));
#11607=CARTESIAN_POINT('',(3.06877440199584,27.0082734683231,-102.314998057877));
#11608=CARTESIAN_POINT('',(4.36570746758889,27.7570581228642,-102.314998057877));
#11609=CARTESIAN_POINT('',(6.66248822833833,28.5058427774053,-102.314998057877));
#11610=CARTESIAN_POINT('',(6.16256438076013,27.6395975137253,-102.314998057877));
#11611=CARTESIAN_POINT('',(6.41252630454923,28.0728960254449,-102.306271854658));
#11612=CARTESIAN_POINT('',(6.41681391255941,28.0803223803614,-101.814998057877));
#11613=CARTESIAN_POINT('',(6.66248822833833,28.5058427774053,-101.814998057877));
#11614=CARTESIAN_POINT('',(6.25930460169585,28.1613945391995,-102.304489582172));
#11615=CARTESIAN_POINT('',(6.26184583681128,28.1718159646915,-101.814998057877));
#11616=CARTESIAN_POINT('',(6.35604644816181,28.6827670215791,-101.814998057877));
#11617=CARTESIAN_POINT('',(6.06582415982442,28.1613945391995,-102.304489582172));
#11618=CARTESIAN_POINT('',(6.06328292470904,28.1718159646909,-101.814998057877));
#11619=CARTESIAN_POINT('',(5.96908231335846,28.682767021579,-101.814998057877));
#11620=CARTESIAN_POINT('',(5.91260245697103,28.0728960254449,-102.306271854658));
#11621=CARTESIAN_POINT('',(5.90831484896086,28.0803223803614,-101.814998057877));
#11622=CARTESIAN_POINT('',(5.66264053318193,28.5058427774053,-101.814998057877));
#11623=CARTESIAN_POINT('',(3.56900288246156,26.1422040845227,-102.314998057877));
#11624=CARTESIAN_POINT('',(2.56885055441765,26.1423799644024,-102.314998057877));
#11625=CARTESIAN_POINT('',(3.31873632578494,26.5753267163627,-102.306271854658));
#11626=CARTESIAN_POINT('',(3.31444871777477,26.5827530712793,-101.814998057877));
#11627=CARTESIAN_POINT('',(3.06877440199584,27.0082734683231,-101.814998057877));
#11628=CARTESIAN_POINT('',(3.16548351324958,26.4868820861579,-102.304489582172));
#11629=CARTESIAN_POINT('',(3.15772891158809,26.4942935730677,-101.814998057874));
#11630=CARTESIAN_POINT('',(2.76233262190775,26.8313492239958,-101.814998057877));
#11631=CARTESIAN_POINT('',(3.06874329231388,26.3193231083618,-102.304489582172));
#11632=CARTESIAN_POINT('',(3.05844745553735,26.322333046943,-101.814998057877));
#11633=CARTESIAN_POINT('',(2.56885055450612,26.4962284529033,-101.814998057877));
#11634=CARTESIAN_POINT('',(3.06877440199584,26.1423799644024,-102.306271854658));
#11635=CARTESIAN_POINT('',(3.0601991859755,26.1423799644023,-101.814998057877));
#11636=CARTESIAN_POINT('',(2.56885055441765,26.1423799644024,-101.814998057877));
#11637=CARTESIAN_POINT('',(7.95942129393139,27.7570581228642,-102.314998057877));
#11638=CARTESIAN_POINT('',(6.16256438076013,27.5992867679852,-104.314998057877));
#11639=CARTESIAN_POINT('',(6.16256438076013,27.589086032595,-104.821103077907));
#11640=CARTESIAN_POINT('',(3.60391301231799,26.1220487116527,-104.314998057877));
#11641=CARTESIAN_POINT('',(6.16256438076014,27.5992867679852,-104.314998057877));
#11642=CARTESIAN_POINT('',(4.19733629983522,26.4646618064442,-104.314998057877));
#11643=CARTESIAN_POINT('',(3.60391301231799,26.1220487116527,-104.314998057877));
#11644=CARTESIAN_POINT('',(3.61274710830311,26.1169483439576,-104.821103077907));
#11645=CARTESIAN_POINT('',(2.56885055441766,23.147241346238,-102.314998057877));
#11646=CARTESIAN_POINT('',(2.56885055441765,24.6448106553202,-102.314998057877));
#11647=CARTESIAN_POINT('',(6.16256438076013,27.5992867679852,-104.314998057877));
#11648=CARTESIAN_POINT('',(6.16256438076013,27.5992867679852,-104.314998057877));
#11649=CARTESIAN_POINT('',(3.60391301231799,26.1220487116527,-104.314998057877));
#11650=CARTESIAN_POINT('',(3.60391301231799,26.1220487116527,-104.314998057877));
#11651=CARTESIAN_POINT('',(3.56900288246156,23.1474172261176,-102.314998057877));
#11652=CARTESIAN_POINT('',(3.06877440199585,22.2813478423173,-102.314998057877));
#11653=CARTESIAN_POINT('',(3.06877440199585,23.147241346238,-102.306271854658));
#11654=CARTESIAN_POINT('',(3.0601991859755,23.147241346238,-101.814998057877));
#11655=CARTESIAN_POINT('',(2.56885055441765,23.147241346238,-101.814998057877));
#11656=CARTESIAN_POINT('',(3.06874329231388,22.9702982022786,-102.304489582172));
#11657=CARTESIAN_POINT('',(3.0584474555373,22.9672882636989,-101.814998057877));
#11658=CARTESIAN_POINT('',(2.56885055450605,22.7933928577371,-101.814998057877));
#11659=CARTESIAN_POINT('',(3.16548351324959,22.8027392244825,-102.304489582172));
#11660=CARTESIAN_POINT('',(3.15772891158763,22.7953277375707,-101.814998057874));
#11661=CARTESIAN_POINT('',(2.76233262190779,22.4582720866445,-101.814998057877));
#11662=CARTESIAN_POINT('',(3.31873632578495,22.7142945942777,-102.306271854658));
#11663=CARTESIAN_POINT('',(3.31444871777477,22.7068682393611,-101.814998057877));
#11664=CARTESIAN_POINT('',(3.06877440199585,22.2813478423173,-101.814998057877));
#11665=CARTESIAN_POINT('',(8.72121574920229,26.1220487116527,-104.314998057877));
#11666=CARTESIAN_POINT('',(8.71238165321717,26.1169483439576,-104.821103077907));
#11667=CARTESIAN_POINT('',(8.72121574920229,26.1220487116527,-104.314998057877));
#11668=CARTESIAN_POINT('',(6.75598766827738,27.2566736731937,-104.314998057877));
#11669=CARTESIAN_POINT('',(3.603913012318,23.1675725989877,-104.314998057877));
#11670=CARTESIAN_POINT('',(3.60391301231799,24.6448106553202,-104.314998057877));
#11671=CARTESIAN_POINT('',(3.603913012318,23.1675725989877,-104.314998057877));
#11672=CARTESIAN_POINT('',(3.61274710830312,23.1726729666828,-104.821103077907));
#11673=CARTESIAN_POINT('',(3.81270202231111,21.8518410304707,-101.814998057877));
#11674=CARTESIAN_POINT('',(3.7668036633931,21.922875729872,-101.814998057877));
#11675=CARTESIAN_POINT('',(3.70793589128864,21.9868811714913,-101.819053114022));
#11676=CARTESIAN_POINT('',(3.64099827335709,22.0385430679939,-101.820782745723));
#11677=CARTESIAN_POINT('',(3.57482334156376,22.0896163296816,-101.822492670028));
#11678=CARTESIAN_POINT('',(3.49890565832353,22.1300387873841,-101.821818085987));
#11679=CARTESIAN_POINT('',(3.41960418929219,22.1564321030185,-101.819539183247));
#11680=CARTESIAN_POINT('',(3.35547065745807,22.1777771874049,-101.81769616466));
#11681=CARTESIAN_POINT('',(3.28782118791687,22.1904877832257,-101.814998057877));
#11682=CARTESIAN_POINT('',(3.22028844077862,22.19387117124,-101.814998057877));
#11683=CARTESIAN_POINT('',(5.66264053318196,20.7837785332351,-102.314998057877));
#11684=CARTESIAN_POINT('',(4.36570746758891,21.5325631877762,-102.314998057877));
#11685=CARTESIAN_POINT('',(6.66248822833835,20.7837785332351,-102.314998057877));
#11686=CARTESIAN_POINT('',(7.9594212939314,21.5325631877762,-102.314998057877));
#11687=CARTESIAN_POINT('',(8.72121574920229,26.1220487116527,-104.314998057877));
#11688=CARTESIAN_POINT('',(8.72121574920229,26.1220487116527,-104.314998057877));
#11689=CARTESIAN_POINT('',(3.603913012318,23.1675725989877,-104.314998057877));
#11690=CARTESIAN_POINT('',(3.603913012318,23.1675725989877,-104.314998057877));
#11691=CARTESIAN_POINT('',(6.16256438076015,21.6500237969151,-102.314998057877));
#11692=CARTESIAN_POINT('',(5.91260245697106,21.2167252851955,-102.306271854658));
#11693=CARTESIAN_POINT('',(5.90831484896089,21.209298930279,-101.814998057877));
#11694=CARTESIAN_POINT('',(5.66264053318197,20.7837785332351,-101.814998057877));
#11695=CARTESIAN_POINT('',(6.06582415982444,21.1282267714409,-102.304489582172));
#11696=CARTESIAN_POINT('',(6.0632829247085,21.1178053459492,-101.814998057877));
#11697=CARTESIAN_POINT('',(5.96908231335871,20.6068542890615,-101.814998057877));
#11698=CARTESIAN_POINT('',(6.25930460169587,21.1282267714409,-102.304489582172));
#11699=CARTESIAN_POINT('',(6.26184583681184,21.1178053459489,-101.814998057877));
#11700=CARTESIAN_POINT('',(6.35604644816163,20.6068542890613,-101.814998057877));
#11701=CARTESIAN_POINT('',(6.41252630454925,21.2167252851955,-102.306271854658));
#11702=CARTESIAN_POINT('',(6.41681391255942,21.209298930279,-101.814998057877));
#11703=CARTESIAN_POINT('',(6.66248822833835,20.7837785332351,-101.814998057877));
#11704=CARTESIAN_POINT('',(8.7212157492023,23.1675725989877,-104.314998057877));
#11705=CARTESIAN_POINT('',(8.71238165321718,23.1726729666828,-104.821103077907));
#11706=CARTESIAN_POINT('',(8.7212157492023,23.1675725989877,-104.314998057877));
#11707=CARTESIAN_POINT('',(8.7212157492023,24.6448106553202,-104.314998057877));
#11708=CARTESIAN_POINT('',(6.16256438076015,21.6903345426552,-104.314998057877));
#11709=CARTESIAN_POINT('',(4.19733629983523,22.8249595041962,-104.314998057877));
#11710=CARTESIAN_POINT('',(6.16256438076015,21.6903345426552,-104.314998057877));
#11711=CARTESIAN_POINT('',(6.16256438076015,21.7005352780453,-104.821103077907));
#11712=CARTESIAN_POINT('',(8.7212157492023,23.1675725989877,-104.314998057877));
#11713=CARTESIAN_POINT('',(8.7212157492023,23.1675725989877,-104.314998057877));
#11714=CARTESIAN_POINT('',(6.16256438076015,21.6903345426552,-104.314998057877));
#11715=CARTESIAN_POINT('',(6.16256438076015,21.6903345426552,-104.314998057877));
#11716=CARTESIAN_POINT('',(6.75598766827739,22.0329476374467,-104.314998057877));
#11717=CARTESIAN_POINT('',(6.16256438076013,27.5932929241064,-104.314267272955));
#11718=CARTESIAN_POINT('',(8.716024928137,26.1190517897133,-104.314267272955));
#11719=CARTESIAN_POINT('',(7.43929465444856,26.8561723569099,-104.314267272955));
#11720=CARTESIAN_POINT('',(6.16256438076013,27.5932929241064,-104.314267272955));
#11721=CARTESIAN_POINT('',(6.16256438076013,27.5932929241064,-104.314267272955));
#11722=CARTESIAN_POINT('',(6.16256438076013,27.5932929241064,-104.314267272955));
#11723=CARTESIAN_POINT('',(8.716024928137,26.1190517897133,-104.314267272955));
#11724=CARTESIAN_POINT('',(8.716024928137,26.1190517897133,-104.314267272955));
#11725=CARTESIAN_POINT('',(8.716024928137,26.1190517897133,-104.314267272955));
#11726=CARTESIAN_POINT('',(6.16256438076013,27.645682164326,-101.714998057877));
#11727=CARTESIAN_POINT('',(6.16256438076013,27.5890332780057,-104.525607749175));
#11728=CARTESIAN_POINT('',(3.60910383338328,26.1190517897133,-104.314267272955));
#11729=CARTESIAN_POINT('',(4.8858341070717,26.8561723569099,-104.314267272955));
#11730=CARTESIAN_POINT('',(8.71602492813701,23.1705695209271,-104.314267272955));
#11731=CARTESIAN_POINT('',(8.71602492813701,24.6448106553202,-104.314267272955));
#11732=CARTESIAN_POINT('',(8.7613953410521,26.1452464098231,-101.714998057877));
#11733=CARTESIAN_POINT('',(8.71233596640262,26.1169219666629,-104.525607749175));
#11734=CARTESIAN_POINT('',(6.36253391979141,27.992180269798,-101.714998057877));
#11735=CARTESIAN_POINT('',(8.96148673323839,26.4916741633432,-101.714998057877));
#11736=CARTESIAN_POINT('',(7.66201032651489,27.2419272165706,-101.714998057877));
#11737=CARTESIAN_POINT('',(5.96259484172885,27.992180269798,-101.714998057877));
#11738=CARTESIAN_POINT('',(6.31858815981817,27.9160639807471,-101.535345390985));
#11739=CARTESIAN_POINT('',(6.26361718430336,27.8208514582138,-101.589132319668));
#11740=CARTESIAN_POINT('',(6.26254915027577,27.8190015690138,-101.711507576589));
#11741=CARTESIAN_POINT('',(6.22305710681392,27.971421748545,-101.535259372605));
#11742=CARTESIAN_POINT('',(6.20189390831843,27.8569986533809,-101.588782428297));
#11743=CARTESIAN_POINT('',(6.20126046913385,27.8544009745158,-101.710794667606));
#11744=CARTESIAN_POINT('',(6.1020716547063,27.9714217485449,-101.535259372605));
#11745=CARTESIAN_POINT('',(6.12323485320179,27.8569986533811,-101.588782428297));
#11746=CARTESIAN_POINT('',(6.1238682923864,27.8544009745158,-101.710794667606));
#11747=CARTESIAN_POINT('',(6.00654060170206,27.9160639807471,-101.535345390985));
#11748=CARTESIAN_POINT('',(6.06151157721688,27.8208514582138,-101.589132319668));
#11749=CARTESIAN_POINT('',(6.06257961124447,27.8190015690138,-101.711507576589));
#11750=CARTESIAN_POINT('',(3.60910383338328,26.1190517897133,-104.314267272955));
#11751=CARTESIAN_POINT('',(3.60910383338328,26.1190517897133,-104.314267272955));
#11752=CARTESIAN_POINT('',(3.60910383338328,26.1190517897133,-104.314267272955));
#11753=CARTESIAN_POINT('',(8.71602492813701,23.1705695209271,-104.314267272955));
#11754=CARTESIAN_POINT('',(8.71602492813701,23.1705695209271,-104.314267272955));
#11755=CARTESIAN_POINT('',(8.71602492813701,23.1705695209271,-104.314267272955));
#11756=CARTESIAN_POINT('',(9.16145627226967,26.1453167617749,-101.714998057877));
#11757=CARTESIAN_POINT('',(9.16145627226967,26.1453167617749,-101.514998057877));
#11758=CARTESIAN_POINT('',(8.96491681964653,26.1453167617749,-101.514998057877));
#11759=CARTESIAN_POINT('',(8.96148673323839,26.1453167617749,-101.711507576589));
#11760=CARTESIAN_POINT('',(9.16145627171685,26.2868561577092,-101.514998057877));
#11761=CARTESIAN_POINT('',(8.96561751492094,26.2172979915629,-101.514998057877));
#11762=CARTESIAN_POINT('',(8.96149917711097,26.2160940193592,-101.710794667606));
#11763=CARTESIAN_POINT('',(9.08406344547711,26.4209044648972,-101.514998057877));
#11764=CARTESIAN_POINT('',(8.92590492815688,26.2860822095403,-101.514998057877));
#11765=CARTESIAN_POINT('',(8.92280308873725,26.2831176104767,-101.710794667606));
#11766=CARTESIAN_POINT('',(8.96148673323839,26.4916741633432,-101.514998057877));
#11767=CARTESIAN_POINT('',(8.86321700692682,26.3214660045257,-101.514998057877));
#11768=CARTESIAN_POINT('',(8.86150196372275,26.3184954625591,-101.711507576589));
#11769=CARTESIAN_POINT('',(3.36364202828189,26.4916741633432,-101.714998057877));
#11770=CARTESIAN_POINT('',(4.36182634348997,27.0679761464295,-101.714998057877));
#11771=CARTESIAN_POINT('',(3.56373342046818,26.1452464098231,-101.714998057877));
#11772=CARTESIAN_POINT('',(3.61279279511766,26.1169219666629,-104.525607749175));
#11773=CARTESIAN_POINT('',(3.60910383338329,23.1705695209271,-104.314267272955));
#11774=CARTESIAN_POINT('',(3.60910383338328,24.6448106553202,-104.314267272955));
#11775=CARTESIAN_POINT('',(6.16256438076015,21.696328386534,-104.314267272955));
#11776=CARTESIAN_POINT('',(3.60910383338329,23.1705695209271,-104.314267272955));
#11777=CARTESIAN_POINT('',(4.88583410707172,22.4334489537305,-104.314267272955));
#11778=CARTESIAN_POINT('',(6.16256438076015,21.696328386534,-104.314267272955));
#11779=CARTESIAN_POINT('',(7.43929465444856,22.4334489537305,-104.314267272955));
#11780=CARTESIAN_POINT('',(8.76139534105211,23.1443749008173,-101.714998057877));
#11781=CARTESIAN_POINT('',(8.71233596640263,23.1726993439775,-104.525607749175));
#11782=CARTESIAN_POINT('',(9.16145627226968,23.1443045488655,-101.714998057877));
#11783=CARTESIAN_POINT('',(9.16145627226967,24.6448106553202,-101.714998057877));
#11784=CARTESIAN_POINT('',(3.16367248925061,26.1453167617749,-101.714998057877));
#11785=CARTESIAN_POINT('',(3.40758778825511,26.4155578742924,-101.535345390985));
#11786=CARTESIAN_POINT('',(3.46255876376994,26.3203453517591,-101.589132319668));
#11787=CARTESIAN_POINT('',(3.46362679779753,26.3184954625591,-101.711507576589));
#11788=CARTESIAN_POINT('',(3.31188102854329,26.3605044394389,-101.535259372605));
#11789=CARTESIAN_POINT('',(3.40039273648722,26.2849650243346,-101.588782428297));
#11790=CARTESIAN_POINT('',(3.40232567278303,26.2831176104767,-101.710794667607));
#11791=CARTESIAN_POINT('',(3.25138830248957,26.2557279644261,-101.535259372605));
#11792=CARTESIAN_POINT('',(3.36106320892882,26.2168442843665,-101.588782428297));
#11793=CARTESIAN_POINT('',(3.3636295844093,26.2160940193592,-101.710794667607));
#11794=CARTESIAN_POINT('',(3.25156400919707,26.1453167617749,-101.535345390985));
#11795=CARTESIAN_POINT('',(3.36150596022671,26.1453167617749,-101.589132319668));
#11796=CARTESIAN_POINT('',(3.36364202828189,26.1453167617749,-101.711507576589));
#11797=CARTESIAN_POINT('',(3.60910383338329,23.1705695209271,-104.314267272955));
#11798=CARTESIAN_POINT('',(3.60910383338329,23.1705695209271,-104.314267272955));
#11799=CARTESIAN_POINT('',(6.16256438076015,21.696328386534,-104.314267272955));
#11800=CARTESIAN_POINT('',(6.16256438076015,21.696328386534,-104.314267272955));
#11801=CARTESIAN_POINT('',(8.9614867332384,22.7979471472972,-101.714998057877));
#11802=CARTESIAN_POINT('',(8.9614867332384,22.7979471472972,-101.514998057877));
#11803=CARTESIAN_POINT('',(8.86321700692683,22.9681553061147,-101.514998057877));
#11804=CARTESIAN_POINT('',(8.86150196372276,22.9711258480813,-101.711507576589));
#11805=CARTESIAN_POINT('',(9.08406344547715,22.868716845743,-101.514998057877));
#11806=CARTESIAN_POINT('',(8.92590492815697,23.0035391011009,-101.514998057877));
#11807=CARTESIAN_POINT('',(8.92280308873725,23.0065037001637,-101.710794667606));
#11808=CARTESIAN_POINT('',(9.16145627171686,23.0027651529314,-101.514998057877));
#11809=CARTESIAN_POINT('',(8.96561751492059,23.0723233190769,-101.514998057877));
#11810=CARTESIAN_POINT('',(8.96149917711098,23.0735272912812,-101.710794667606));
#11811=CARTESIAN_POINT('',(9.16145627226967,23.1443045488655,-101.514998057877));
#11812=CARTESIAN_POINT('',(8.96491681964655,23.1443045488655,-101.514998057877));
#11813=CARTESIAN_POINT('',(8.9614867332384,23.1443045488655,-101.711507576589));
#11814=CARTESIAN_POINT('',(3.16367248925062,23.1443045488654,-101.714998057877));
#11815=CARTESIAN_POINT('',(3.16367248925062,24.6448106553202,-101.714998057877));
#11816=CARTESIAN_POINT('',(3.56373342046819,23.1443749008173,-101.714998057877));
#11817=CARTESIAN_POINT('',(3.61279279511767,23.1726993439774,-104.525607749175));
#11818=CARTESIAN_POINT('',(6.16256438076015,21.6439391463144,-101.714998057877));
#11819=CARTESIAN_POINT('',(6.16256438076015,21.7005880326347,-104.525607749175));
#11820=CARTESIAN_POINT('',(6.36253391979143,21.2974410408424,-101.714998057877));
#11821=CARTESIAN_POINT('',(7.36071823499951,21.8737430239287,-101.714998057877));
#11822=CARTESIAN_POINT('',(3.3636420282819,22.7979471472971,-101.714998057877));
#11823=CARTESIAN_POINT('',(3.25156400919707,23.1443045488654,-101.535345390985));
#11824=CARTESIAN_POINT('',(3.36150596022671,23.1443045488654,-101.589132319668));
#11825=CARTESIAN_POINT('',(3.3636420282819,23.1443045488654,-101.711507576589));
#11826=CARTESIAN_POINT('',(3.25138830248953,23.0338933462147,-101.535259372605));
#11827=CARTESIAN_POINT('',(3.36106320892878,23.0727770262743,-101.588782428297));
#11828=CARTESIAN_POINT('',(3.36362958440932,23.0735272912811,-101.710794667606));
#11829=CARTESIAN_POINT('',(3.31188102854318,22.9291168712008,-101.535259372605));
#11830=CARTESIAN_POINT('',(3.40039273648712,23.0046562863052,-101.588782428297));
#11831=CARTESIAN_POINT('',(3.40232567278306,23.0065037001636,-101.710794667606));
#11832=CARTESIAN_POINT('',(3.40758778825516,22.874063436348,-101.535345390985));
#11833=CARTESIAN_POINT('',(3.46255876376997,22.9692759588813,-101.589132319668));
#11834=CARTESIAN_POINT('',(3.46362679779756,22.9711258480813,-101.711507576589));
#11835=CARTESIAN_POINT('',(5.96259484172887,21.2974410408424,-101.714998057877));
#11836=CARTESIAN_POINT('',(6.0065406017021,21.3735573298933,-101.535345390985));
#11837=CARTESIAN_POINT('',(6.06151157721692,21.4687698524266,-101.589132319668));
#11838=CARTESIAN_POINT('',(6.06257961124451,21.4706197416266,-101.711507576589));
#11839=CARTESIAN_POINT('',(6.10207165470491,21.3181995620952,-101.535259372605));
#11840=CARTESIAN_POINT('',(6.12323485319935,21.4326226572589,-101.588782428296));
#11841=CARTESIAN_POINT('',(6.12386829238628,21.4352203361246,-101.710794667604));
#11842=CARTESIAN_POINT('',(6.22305710681543,21.318199562095,-101.535259372604));
#11843=CARTESIAN_POINT('',(6.20189390832098,21.4326226572587,-101.588782428295));
#11844=CARTESIAN_POINT('',(6.20126046913404,21.4352203361247,-101.710794667604));
#11845=CARTESIAN_POINT('',(6.31858815981822,21.3735573298933,-101.535345390985));
#11846=CARTESIAN_POINT('',(6.2636171843034,21.4687698524266,-101.589132319668));
#11847=CARTESIAN_POINT('',(6.26254915027581,21.4706197416266,-101.711507576589));
#11848=CARTESIAN_POINT('',(4.66311843500537,22.0476940940698,-101.714998057877));
#11849=CARTESIAN_POINT('',(9.01256438076009,28.3448106553202,-101.784998057877));
#11850=CARTESIAN_POINT('',(9.01256438076009,28.3448106553202,-101.784998057877));
#11851=CARTESIAN_POINT('',(9.01256438076009,28.3448106553202,-101.814998057877));
#11852=CARTESIAN_POINT('',(9.01256438076009,20.9448106553202,-101.784998057877));
#11853=CARTESIAN_POINT('',(9.01256438076009,20.9448106553202,-101.784998057877));
#11854=CARTESIAN_POINT('',(9.01256438076009,20.9448106553202,-101.814998057877));
#11855=CARTESIAN_POINT('',(3.1827605379613,21.4448106553202,-101.784998057877));
#11856=CARTESIAN_POINT('',(3.9327605379613,21.4448106553202,-101.784998057877));
#11857=CARTESIAN_POINT('',(3.1827605379613,21.4448106553202,-101.784998057877));
#11858=CARTESIAN_POINT('',(3.1827605379613,21.4448106553202,-101.814998057877));
#11859=CARTESIAN_POINT('',(3.18276053796124,27.8448106553202,-101.784998057877));
#11860=CARTESIAN_POINT('',(3.93276053796124,27.8448106553202,-101.784998057877));
#11861=CARTESIAN_POINT('',(3.18276053796124,27.8448106553202,-101.784998057877));
#11862=CARTESIAN_POINT('',(3.18276053796124,27.8448106553202,-101.814998057877));
#11863=CARTESIAN_POINT('',(1.53856571695655,21.3948106553202,-100.54014393171));
#11864=CARTESIAN_POINT('',(1.53856571695655,21.3948106553202,-100.34014393171));
#11865=CARTESIAN_POINT('',(8.78195130028742,21.3948106553202,-100.692740587513));
#11866=CARTESIAN_POINT('',(8.78195130028742,21.3948106553202,-100.34014393171));
#11867=CARTESIAN_POINT('',(10.9385657169566,21.3948106553202,-100.34014393171));
#11868=CARTESIAN_POINT('',(1.32166846418458,21.3948106553202,-100.432886647785));
#11869=CARTESIAN_POINT('',(6.23856571695655,24.5948106553202,-100.34014393171));
#11870=CARTESIAN_POINT('',(6.42704020600831,22.8549895820553,-100.34014393171));
#11871=CARTESIAN_POINT('',(6.05009122790479,26.3346317285851,-100.34014393171));
#11872=CARTESIAN_POINT('',(6.23856571695655,24.5948106553202,-100.34014393171));
#11873=CARTESIAN_POINT('',(8.78195130028742,20.3948106553202,-100.34014393171));
#11874=CARTESIAN_POINT('',(8.78195130028742,27.7948106553202,-100.34014393171));
#11875=CARTESIAN_POINT('',(10.9385657169566,27.7948106553202,-100.34014393171));
#11876=CARTESIAN_POINT('',(1.53856571695655,27.7948106553202,-100.34014393171));
#11877=CARTESIAN_POINT('',(1.53856571695655,21.3948106553202,-100.34014393171));
#11878=CARTESIAN_POINT('',(10.9385657169566,21.3948106553202,-100.34014393171));
#11879=CARTESIAN_POINT('',(1.53856571695655,27.7948106553202,-100.34014393171));
#11880=CARTESIAN_POINT('',(8.78195130028742,27.7948106553202,-100.692740587513));
#11881=CARTESIAN_POINT('',(1.53856571695655,27.7948106553202,-100.64014393171));
#11882=CARTESIAN_POINT('',(-16.7066733156362,21.3948106553202,-96.1401439317101));
#11883=CARTESIAN_POINT('',(-4.99422166594909,21.3948106553202,-107.33203726366));
#11884=CARTESIAN_POINT('',(-32.9066733156362,21.3948106553202,-96.1401439317101));
#11885=CARTESIAN_POINT('',(-4.99422166594909,21.3948106553202,-107.33203726366));
#11886=CARTESIAN_POINT('',(-5.13881983446374,21.3948106553202,-107.193865741043));
#11887=CARTESIAN_POINT('',(-16.7066733156362,21.3948106553202,-96.1401439317101));
#11888=CARTESIAN_POINT('',(-32.7066733156362,21.3948106553202,-96.14014393171));
#11889=CARTESIAN_POINT('',(-4.99422166594908,21.3948106553202,-96.1401439317101));
#11890=CARTESIAN_POINT('',(-4.99422166594909,21.3948106553202,-107.33203726366));
#11891=CARTESIAN_POINT('',(-16.7066733156362,27.7948106553202,-96.1401439317101));
#11892=CARTESIAN_POINT('',(-5.13881983446374,27.7948106553202,-107.193865741043));
#11893=CARTESIAN_POINT('',(-32.7066733156362,27.7948106553202,-96.14014393171));
#11894=CARTESIAN_POINT('',(-5.13881983446374,27.7948106553202,-107.193865741043));
#11895=CARTESIAN_POINT('',(-4.99422166594909,27.7948106553202,-107.33203726366));
#11896=CARTESIAN_POINT('',(-16.7066733156362,27.7948106553202,-96.1401439317101));
#11897=CARTESIAN_POINT('',(-32.9066733156362,27.7948106553202,-96.1401439317101));
#11898=CARTESIAN_POINT('',(-5.44892838399408,27.7948106553202,-96.1401439317101));
#11899=CARTESIAN_POINT('',(-5.44892838399407,27.7948106553202,-84.49097318637));
#11900=CARTESIAN_POINT('',(-4.99422166594909,21.3948106553202,-107.33203726366));
#11901=CARTESIAN_POINT('',(-32.9066733156362,21.3948106553202,-96.1401439317101));
#11902=CARTESIAN_POINT('',(-16.7066733156362,21.3948106553202,-96.1401439317101));
#11903=CARTESIAN_POINT('',(-32.7066733156362,21.3948106553202,-96.14014393171));
#11904=CARTESIAN_POINT('',(-5.13881983446374,21.3948106553202,-107.193865741043));
#11905=CARTESIAN_POINT('',(-16.7066733156362,21.3948106553202,-96.1401439317101));
#11906=CARTESIAN_POINT('',(1.53856571695655,21.3948106553202,-100.64014393171));
#11907=CARTESIAN_POINT('',(1.46626663269923,21.3948106553202,-100.571058170402));
#11908=CARTESIAN_POINT('',(1.53856571695655,21.3948106553202,-100.64014393171));
#11909=CARTESIAN_POINT('',(1.32166846418458,21.3948106553202,-100.432886647785));
#11910=CARTESIAN_POINT('',(1.32166846418458,21.3948106553202,-100.432886647785));
#11911=CARTESIAN_POINT('',(1.53856571695655,21.3948106553202,-100.54014393171));
#11912=CARTESIAN_POINT('',(1.53856571695655,27.7948106553202,-100.64014393171));
#11913=CARTESIAN_POINT('',(1.46626663269923,27.7948106553202,-100.571058170402));
#11914=CARTESIAN_POINT('',(1.46626663269923,27.7948106553202,-100.571058170402));
#11915=CARTESIAN_POINT('',(1.32166846418458,27.7948106553202,-100.432886647785));
#11916=CARTESIAN_POINT('',(1.53856571695655,27.7948106553202,-100.64014393171));
#11917=CARTESIAN_POINT('',(1.46626663269923,27.7948106553202,-100.571058170402));
#11918=CARTESIAN_POINT('',(1.46626663269923,27.7948106553202,-100.571058170402));
#11919=CARTESIAN_POINT('',(1.32166846418458,27.7948106553202,-100.432886647785));
#11920=CARTESIAN_POINT('',(1.53856571695655,27.7948106553202,-100.34014393171));
#11921=CARTESIAN_POINT('',(1.46626663269923,21.3948106553202,-100.571058170402));
#11922=CARTESIAN_POINT('',(1.32166846418458,21.3948106553202,-100.432886647785));
#11923=CARTESIAN_POINT('',(-5.58791288932298,21.3948106553202,-84.634790109152));
#11924=CARTESIAN_POINT('',(1.46626663269923,21.3948106553202,-100.571058170402));
#11925=CARTESIAN_POINT('',(1.53856571695655,21.3948106553202,-100.64014393171));
#11926=CARTESIAN_POINT('',(1.46626663269923,21.3948106553202,-100.571058170402));
#11927=CARTESIAN_POINT('',(1.32166846418458,21.3948106553202,-100.432886647785));
#11928=CARTESIAN_POINT('',(1.32166846418458,21.3948106553202,-100.432886647785));
#11929=CARTESIAN_POINT('',(1.53856571695655,21.3948106553202,-100.64014393171));
#11930=CARTESIAN_POINT('',(-16.7066733156362,49.5948106553202,-96.1401439317101));
#11931=CARTESIAN_POINT('',(8.78195130028742,20.3948106553202,-100.692740587513));
#11932=CARTESIAN_POINT('',(6.42704020600831,22.8549895820553,-104.179533097737));
#11933=CARTESIAN_POINT('',(6.05009122790479,26.3346317285851,-104.179533097737));
#11934=CARTESIAN_POINT('',(6.23856571695655,24.5948106553202,-104.179533097737));
#11935=CARTESIAN_POINT('',(6.23856571695655,24.5948106553202,-104.179533097737));
#11936=CARTESIAN_POINT('',(-0.875385577792223,28.7948106553202,-89.632193258238));
#11937=CARTESIAN_POINT('',(9.0751067867252,28.7948106553202,-89.632193258238));
#11938=CARTESIAN_POINT('',(2.02461442220773,28.7948106553202,-89.632193258238));
#11939=CARTESIAN_POINT('',(2.02461442220773,28.7948106553202,-95.0559649624326));
#11940=CARTESIAN_POINT('',(2.02461442220773,28.7948106553202,-88.632193258238));
#11941=CARTESIAN_POINT('',(-0.875385577792223,28.7948106553202,-88.632193258238));
#11942=CARTESIAN_POINT('',(8.86794367992951,28.7948106553202,-88.632193258238));
#11943=CARTESIAN_POINT('',(8.86794367992951,28.7948106553202,-90.132193258238));
#11944=CARTESIAN_POINT('',(9.92860385170933,28.7948106553202,-89.0715330864582));
#11945=CARTESIAN_POINT('',(7.51882507494572,28.7948106553202,-86.6617543096946));
#11946=CARTESIAN_POINT('',(11.2093931989714,28.7948106553202,-90.3523224337203));
#11947=CARTESIAN_POINT('',(2.81518254623345,28.7948106553202,-98.7465330864582));
#11948=CARTESIAN_POINT('',(10.5023145805894,28.7948106553202,-91.0594010521023));
#11949=CARTESIAN_POINT('',(6.81174645656374,28.7948106553202,-87.3688329280766));
#11950=CARTESIAN_POINT('',(-0.875385577792223,28.7948106553202,-95.0559649624326));
#11951=CARTESIAN_POINT('',(0.624614422207728,20.3948106553202,-88.632193258238));
#11952=CARTESIAN_POINT('',(8.86794367992951,20.3948106553202,-88.632193258238));
#11953=CARTESIAN_POINT('',(2.02461442220773,20.3948106553202,-88.632193258238));
#11954=CARTESIAN_POINT('',(2.02461442220773,20.3948106553202,-89.3821932582381));
#11955=CARTESIAN_POINT('',(2.02461442220773,20.3948106553202,-89.632193258238));
#11956=CARTESIAN_POINT('',(0.624614422207725,20.3948106553202,-89.632193258238));
#11957=CARTESIAN_POINT('',(9.0751067867252,20.3948106553202,-89.632193258238));
#11958=CARTESIAN_POINT('',(11.2867464565637,20.3948106553202,-91.8438329280766));
#11959=CARTESIAN_POINT('',(10.5023145805894,20.3948106553202,-91.0594010521023));
#11960=CARTESIAN_POINT('',(6.40206839833069,20.3948106553202,-95.159647234361));
#11961=CARTESIAN_POINT('',(11.2093931989714,20.3948106553202,-90.3523224337203));
#11962=CARTESIAN_POINT('',(9.32005337075121,20.3948106553202,-88.4629826055001));
#11963=CARTESIAN_POINT('',(9.92860385170933,20.3948106553202,-89.0715330864582));
#11964=CARTESIAN_POINT('',(8.86794367992951,20.3948106553202,-90.132193258238));
#11965=CARTESIAN_POINT('',(0.624614422207728,20.3948106553202,-89.3821932582381));
#11966=CARTESIAN_POINT('',(11.2093931989714,21.3948106553202,-90.3523224337203));
#11967=CARTESIAN_POINT('',(11.9164999801579,21.3948106553202,-91.0594292149068));
#11968=CARTESIAN_POINT('',(11.9164999801579,20.3948106553202,-91.0594292149069));
#11969=CARTESIAN_POINT('',(11.9164999801579,27.7948106553202,-91.0594292149068));
#11970=CARTESIAN_POINT('',(11.2093931989714,27.7948106553202,-90.3523224337203));
#11971=CARTESIAN_POINT('',(9.92860385170933,20.3948106553202,-89.0715330864582));
#11972=CARTESIAN_POINT('',(9.32005337075121,20.3948106553202,-88.4629826055001));
#11973=CARTESIAN_POINT('',(1.52461442220773,21.3948106553202,-89.3821932582381));
#11974=CARTESIAN_POINT('',(1.52464319397559,21.3948106553202,-89.6317617357265));
#11975=CARTESIAN_POINT('',(1.52461442220773,21.3948106553202,-89.4307280929857));
#11976=CARTESIAN_POINT('',(1.52461442220773,20.8948106553202,-89.632193258238));
#11977=CARTESIAN_POINT('',(1.52461442220773,21.0614773219869,-89.632193258238));
#11978=CARTESIAN_POINT('',(1.52461442220773,21.2281439886535,-89.632193258238));
#11979=CARTESIAN_POINT('',(1.52461442220773,21.3948106553202,-89.632193258238));
#11980=CARTESIAN_POINT('',(1.52461442220773,20.8948106553202,-89.632193258238));
#11981=CARTESIAN_POINT('',(1.52461442220773,20.8948106553202,-89.3821932582381));
#11982=CARTESIAN_POINT('',(1.52461442220773,20.8948106553202,-88.632193258238));
#11983=CARTESIAN_POINT('',(1.52461442220773,20.9948106553202,-88.632193258238));
#11984=CARTESIAN_POINT('',(1.52461442220773,28.2948106553202,-88.632193258238));
#11985=CARTESIAN_POINT('',(1.52461442220773,28.2948106553202,-89.3821932582381));
#11986=CARTESIAN_POINT('',(1.52461442220773,28.2948106553202,-89.632193258238));
#11987=CARTESIAN_POINT('',(1.52461442220773,27.7948106553202,-89.632193258238));
#11988=CARTESIAN_POINT('',(1.52461442220773,27.9614773219869,-89.632193258238));
#11989=CARTESIAN_POINT('',(1.52461442220773,28.1281439886535,-89.632193258238));
#11990=CARTESIAN_POINT('',(1.52461442220773,28.2948106553202,-89.632193258238));
#11991=CARTESIAN_POINT('',(1.5246631326647,27.7948106553202,-89.6317457723477));
#11992=CARTESIAN_POINT('',(1.52461442220773,27.7948106553202,-89.3821932582381));
#11993=CARTESIAN_POINT('',(1.52461442220773,27.7948106553202,-89.4307280929857));
#11994=CARTESIAN_POINT('',(1.52461442220773,21.3948106553202,-89.4307280929857));
#11995=CARTESIAN_POINT('',(1.52461442220773,20.9948106553202,-89.3821932582381));
#11996=CARTESIAN_POINT('',(6.22461442220778,24.5948106553202,-89.6321932582381));
#11997=CARTESIAN_POINT('',(6.05229488936046,26.1855042080195,-89.6321932582381));
#11998=CARTESIAN_POINT('',(6.3969339550551,23.0041171026209,-89.6321932582381));
#11999=CARTESIAN_POINT('',(6.22461442220778,24.5948106553202,-89.6321932582381));
#12000=CARTESIAN_POINT('',(1.52461442220773,21.3948106553202,-89.632193258238));
#12001=CARTESIAN_POINT('',(1.52461442220773,23.5281439886535,-89.632193258238));
#12002=CARTESIAN_POINT('',(1.52461442220773,25.6614773219869,-89.632193258238));
#12003=CARTESIAN_POINT('',(1.52461442220773,27.7948106553202,-89.632193258238));
#12004=CARTESIAN_POINT('',(2.02461442220773,28.2948106553202,-89.632193258238));
#12005=CARTESIAN_POINT('',(9.07510678672519,20.9948106553202,-89.632193258238));
#12006=CARTESIAN_POINT('',(2.02461442220773,20.8948106553202,-89.632193258238));
#12007=CARTESIAN_POINT('',(0.624614422207725,20.9948106553202,-89.632193258238));
#12008=CARTESIAN_POINT('',(6.22461442220778,24.5948106553202,-88.632193258238));
#12009=CARTESIAN_POINT('',(6.3969339550551,23.0041171026209,-88.632193258238));
#12010=CARTESIAN_POINT('',(6.05229488936046,26.1855042080195,-88.632193258238));
#12011=CARTESIAN_POINT('',(6.22461442220778,24.5948106553202,-88.632193258238));
#12012=CARTESIAN_POINT('',(2.02461442220773,20.8948106553202,-88.632193258238));
#12013=CARTESIAN_POINT('',(8.86794367992951,28.7948106553202,-88.632193258238));
#12014=CARTESIAN_POINT('',(2.02461442220773,28.2948106553202,-88.632193258238));
#12015=CARTESIAN_POINT('',(0.624614422207728,20.9948106553202,-88.632193258238));
#12016=CARTESIAN_POINT('',(11.209421361776,24.5948106553202,-91.7665078332888));
#12017=CARTESIAN_POINT('',(11.209421361776,21.3948106553202,-91.7665078332888));
#12018=CARTESIAN_POINT('',(11.209421361776,27.7948106553202,-91.7665078332888));
#12019=CARTESIAN_POINT('',(10.5023145805894,21.3948106553202,-91.0594010521023));
#12020=CARTESIAN_POINT('',(10.5023145805894,27.7948106553202,-91.0594010521023));
#12021=CARTESIAN_POINT('',(11.2867464565637,24.5948106553202,-91.8438329280766));
#12022=CARTESIAN_POINT('',(10.99728932742,21.3948106553202,-91.9786398676448));
#12023=CARTESIAN_POINT('',(10.99728932742,27.7948106553202,-91.9786398676448));
#12024=CARTESIAN_POINT('',(10.99728932742,20.3948106553202,-91.9786398676448));
#12025=CARTESIAN_POINT('',(6.3969339550551,23.0041171026209,-129.49535412846));
#12026=CARTESIAN_POINT('',(6.05229488936046,26.1855042080195,-129.49535412846));
#12027=CARTESIAN_POINT('',(6.22461442220778,24.5948106553202,-129.49535412846));
#12028=CARTESIAN_POINT('',(6.22461442220778,24.5948106553202,-129.49535412846));
#12029=CARTESIAN_POINT('',(8.86794367992951,20.9948106553202,-90.132193258238));
#12030=CARTESIAN_POINT('',(10.2901825462335,21.3948106553202,-91.2715330864582));
#12031=CARTESIAN_POINT('',(2.81518254623345,27.7948106553202,-98.7465330864582));
#12032=CARTESIAN_POINT('',(2.02461442220773,28.2948106553202,-89.3821932582381));
#12033=CARTESIAN_POINT('',(2.02461442220773,20.8948106553202,-89.3821932582381));
#12034=CARTESIAN_POINT('',(1.32166846418456,21.3948106553202,-89.538963352215));
#12035=CARTESIAN_POINT('',(1.37481835535476,21.3948106553202,-89.5945853557539));
#12036=CARTESIAN_POINT('',(1.44779899248278,21.3948106553202,-89.6279586628042));
#12037=CARTESIAN_POINT('',(1.52466765417091,21.3948106553202,-89.6313968329058));
#12038=CARTESIAN_POINT('',(1.32166846418458,21.3948106553202,-89.538963352215));
#12039=CARTESIAN_POINT('',(1.32166846418458,21.3948106553202,-89.538963352215));
#12040=CARTESIAN_POINT('',(1.32166846418458,27.7948106553202,-89.538963352215));
#12041=CARTESIAN_POINT('',(1.32166846418456,27.7948106553202,-89.538963352215));
#12042=CARTESIAN_POINT('',(1.37430443771958,27.7948106553202,-89.5940475347369));
#12043=CARTESIAN_POINT('',(1.44859417492488,27.7948106553202,-89.6278646989232));
#12044=CARTESIAN_POINT('',(1.52470210081449,27.7948106553202,-89.6313855639975));
#12045=CARTESIAN_POINT('',(1.53856571695655,21.3948106553202,-89.33170606829));
#12046=CARTESIAN_POINT('',(-16.7066733156362,21.3948106553202,-93.83170606829));
#12047=CARTESIAN_POINT('',(-32.9066733156362,21.3948106553202,-93.83170606829));
#12048=CARTESIAN_POINT('',(-4.99422166594908,21.3948106553202,-82.6398127363402));
#12049=CARTESIAN_POINT('',(-4.99422166594908,21.3948106553202,-93.83170606829));
#12050=CARTESIAN_POINT('',(-32.7066733156362,21.3948106553202,-93.83170606829));
#12051=CARTESIAN_POINT('',(-16.7066733156362,21.3948106553202,-93.83170606829));
#12052=CARTESIAN_POINT('',(-5.13881983446373,21.3948106553202,-82.7779842589569));
#12053=CARTESIAN_POINT('',(-4.99422166594908,21.3948106553202,-82.6398127363402));
#12054=CARTESIAN_POINT('',(-4.99422166594908,21.3948106553202,-82.6398127363402));
#12055=CARTESIAN_POINT('',(-16.7066733156362,27.7948106553202,-93.83170606829));
#12056=CARTESIAN_POINT('',(-32.7066733156362,27.7948106553202,-93.83170606829));
#12057=CARTESIAN_POINT('',(-5.13881983446373,27.7948106553202,-82.7779842589569));
#12058=CARTESIAN_POINT('',(-5.44892838399408,27.7948106553202,-93.83170606829));
#12059=CARTESIAN_POINT('',(-32.9066733156362,27.7948106553202,-93.83170606829));
#12060=CARTESIAN_POINT('',(-16.7066733156362,27.7948106553202,-93.83170606829));
#12061=CARTESIAN_POINT('',(-4.99422166594908,27.7948106553202,-82.6398127363402));
#12062=CARTESIAN_POINT('',(-5.13881983446373,27.7948106553202,-82.7779842589569));
#12063=CARTESIAN_POINT('',(-5.44892838399407,27.7948106553202,-105.48087681363));
#12064=CARTESIAN_POINT('',(-32.9066733156362,21.3948106553202,-93.83170606829));
#12065=CARTESIAN_POINT('',(-4.99422166594908,21.3948106553202,-82.6398127363402));
#12066=CARTESIAN_POINT('',(-16.7066733156362,21.3948106553202,-93.83170606829));
#12067=CARTESIAN_POINT('',(-32.7066733156362,21.3948106553202,-93.83170606829));
#12068=CARTESIAN_POINT('',(-5.13881983446373,21.3948106553202,-82.7779842589569));
#12069=CARTESIAN_POINT('',(-16.7066733156362,21.3948106553202,-93.83170606829));
#12070=CARTESIAN_POINT('',(1.53856571695655,21.3948106553202,-89.33170606829));
#12071=CARTESIAN_POINT('',(1.46626663269923,21.3948106553202,-89.4007918295983));
#12072=CARTESIAN_POINT('',(1.32166846418458,21.3948106553202,-89.538963352215));
#12073=CARTESIAN_POINT('',(1.53856571695655,21.3948106553202,-89.43170606829));
#12074=CARTESIAN_POINT('',(1.53856571695655,27.7948106553202,-89.33170606829));
#12075=CARTESIAN_POINT('',(1.46626663269923,27.7948106553202,-89.4007918295983));
#12076=CARTESIAN_POINT('',(1.46626663269923,27.7948106553202,-89.4007918295983));
#12077=CARTESIAN_POINT('',(1.46626663269923,27.7948106553202,-89.4007918295983));
#12078=CARTESIAN_POINT('',(1.46626663269923,27.7948106553202,-89.4007918295983));
#12079=CARTESIAN_POINT('',(1.32166846418458,27.7948106553202,-89.538963352215));
#12080=CARTESIAN_POINT('',(1.53856571695655,27.7948106553202,-89.63170606829));
#12081=CARTESIAN_POINT('',(1.46626663269923,21.3948106553202,-89.4007918295983));
#12082=CARTESIAN_POINT('',(1.32166846418458,21.3948106553202,-89.538963352215));
#12083=CARTESIAN_POINT('',(-5.58791288932299,21.3948106553202,-105.337059890848));
#12084=CARTESIAN_POINT('',(1.46626663269923,21.3948106553202,-89.4007918295983));
#12085=CARTESIAN_POINT('',(1.53856571695655,21.3948106553202,-89.33170606829));
#12086=CARTESIAN_POINT('',(1.46626663269923,21.3948106553202,-89.4007918295983));
#12087=CARTESIAN_POINT('',(1.32166846418458,21.3948106553202,-89.538963352215));
#12088=CARTESIAN_POINT('',(-16.7066733156362,49.5948106553202,-93.83170606829));
#12089=CARTESIAN_POINT('',(6.2044182650066,24.5948106553202,-104.593743020969));
#12090=CARTESIAN_POINT('',(6.04286870296223,26.0860858609758,-104.593743020969));
#12091=CARTESIAN_POINT('',(6.36596782705096,23.1035354496646,-104.593743020969));
#12092=CARTESIAN_POINT('',(6.2044182650066,24.5948106553202,-104.593743020969));
#12093=CARTESIAN_POINT('',(7.69569347066224,24.7563602173646,-104.593743020969));
#12094=CARTESIAN_POINT('',(6.2044182650066,24.5948106553202,-94.5937430209686));
#12095=CARTESIAN_POINT('',(6.34442788544505,23.302372143752,-94.5937430209686));
#12096=CARTESIAN_POINT('',(6.06440864456814,25.8872491668884,-94.5937430209686));
#12097=CARTESIAN_POINT('',(6.36596782705096,23.1035354496646,-94.7937430209686));
#12098=CARTESIAN_POINT('',(6.36596782705096,23.1035354496646,-94.7937430209686));
#12099=CARTESIAN_POINT('',(6.2044182650066,24.5948106553202,-94.7937430209686));
#12100=CARTESIAN_POINT('',(6.04286870296223,26.0860858609758,-94.7937430209686));
#12101=CARTESIAN_POINT('',(6.04286870296223,26.0860858609758,-94.7937430209686));
#12102=CARTESIAN_POINT('',(6.2044182650066,24.5948106553202,-94.7937430209686));
#12103=CARTESIAN_POINT('',(6.2044182650066,24.5948106553202,-87.5937430209686));
#12104=CARTESIAN_POINT('',(6.05363867376519,25.9866675139321,-87.5937430209686));
#12105=CARTESIAN_POINT('',(6.355197856248,23.2029537967083,-87.5937430209686));
#12106=CARTESIAN_POINT('',(6.05363867376519,25.9866675139321,-87.6937430209687));
#12107=CARTESIAN_POINT('',(6.06440864456814,25.8872491668884,-87.6937430209687));
#12108=CARTESIAN_POINT('',(6.2044182650066,24.5948106553202,-87.6937430209687));
#12109=CARTESIAN_POINT('',(6.34442788544505,23.302372143752,-87.6937430209687));
#12110=CARTESIAN_POINT('',(6.355197856248,23.2029537967083,-87.6937430209687));
#12111=CARTESIAN_POINT('',(6.2044182650066,24.5948106553202,-87.6937430209687));
#12112=CARTESIAN_POINT('',(6.04286870296223,26.0860858609758,-60.2937430209686));
#12113=CARTESIAN_POINT('',(6.36596782705096,23.1035354496646,-60.2937430209686));
#12114=CARTESIAN_POINT('',(6.2044182650066,24.5948106553202,-60.2937430209686));
#12115=CARTESIAN_POINT('',(6.06440864456814,25.8872491668884,-85.6937430209686));
#12116=CARTESIAN_POINT('',(6.2044182650066,24.5948106553202,-87.6937430209687));
#12117=CARTESIAN_POINT('',(6.34442788544505,23.302372143752,-85.6937430209686));
#12118=CARTESIAN_POINT('',(6.2044182650066,24.5948106553202,-85.6937430209686));
#12119=CARTESIAN_POINT('',(6.2044182650066,24.5948106553202,-87.5937430209686));
#12120=CARTESIAN_POINT('',(6.57598225770864,21.1648776823122,-87.5937430209686));
#12121=CARTESIAN_POINT('',(5.83285427230456,28.0247436283282,-87.5937430209686));
#12122=CARTESIAN_POINT('',(5.83285427230456,28.0247436283282,-60.2937430209686));
#12123=CARTESIAN_POINT('',(5.83285427230456,28.0247436283282,-87.2511290132444));
#12124=CARTESIAN_POINT('',(6.2044182650066,24.5948106553202,-87.2511290132444));
#12125=CARTESIAN_POINT('',(6.57598225770864,21.1648776823122,-87.2511290132444));
#12126=CARTESIAN_POINT('',(6.57598225770864,21.1648776823122,-60.2937430209686));
#12127=CARTESIAN_POINT('',(6.2044182650066,24.5948106553202,-60.2937430209686));
#12128=CARTESIAN_POINT('',(6.11276581347353,25.4408607886612,-87.2237430209688));
#12129=CARTESIAN_POINT('',(6.20441826500707,24.5948106553158,-87.5002496824629));
#12130=CARTESIAN_POINT('',(6.11276581347343,25.4408607886621,-87.2237430209685));
#12131=CARTESIAN_POINT('',(6.2044182650066,24.5948106553202,-87.2237430209685));
#12132=CARTESIAN_POINT('',(5.61944962994695,25.2128824116723,-87.2237430209698));
#12133=CARTESIAN_POINT('',(6.2044182650066,24.5948106553202,-87.2237430209711));
#12134=CARTESIAN_POINT('',(5.47541580938407,25.0338509948108,-87.2237430209698));
#12135=CARTESIAN_POINT('',(6.2044182650066,24.5948106553202,-87.2237430209685));
#12136=CARTESIAN_POINT('',(5.58634650865453,24.0098420202606,-87.2237430209698));
#12137=CARTESIAN_POINT('',(6.2044182650066,24.5948106553202,-87.2237430209711));
#12138=CARTESIAN_POINT('',(5.76537792551603,23.8658081996977,-87.2237430209698));
#12139=CARTESIAN_POINT('',(6.2044182650066,24.5948106553202,-87.2237430209685));
#12140=CARTESIAN_POINT('',(6.29607071653976,23.7487605219783,-87.2237430209685));
#12141=CARTESIAN_POINT('',(6.29607071653966,23.7487605219792,-87.2237430209688));
#12142=CARTESIAN_POINT('',(6.2044182650066,24.5948106553202,-87.2237430209688));
#12143=CARTESIAN_POINT('',(6.2044182650066,24.5948106553202,-87.5937430209686));
#12144=CARTESIAN_POINT('',(6.2044182650066,24.5948106553202,-87.5937430209686));
#12145=CARTESIAN_POINT('',(7.69569347066224,24.7563602173646,-87.5937430209686));
#12146=CARTESIAN_POINT('',(6.2044182650066,24.5948106553202,-87.2511290132444));
#12147=CARTESIAN_POINT('',(6.2044182650066,24.5948106553202,-60.2937430209686));
#12148=CARTESIAN_POINT('',(6.14895291537136,25.1068151425953,-90.2937430209686));
#12149=CARTESIAN_POINT('',(4.48198464384724,24.9262327838293,-86.0412870490115));
#12150=CARTESIAN_POINT('',(5.35407304518423,25.0207059560283,-85.7931290406325));
#12151=CARTESIAN_POINT('',(6.2044182650066,24.5948106553202,-85.7931290406245));
#12152=CARTESIAN_POINT('',(5.60630459116438,25.3342251758727,-85.7931290406311));
#12153=CARTESIAN_POINT('',(5.69241377773149,24.539345305685,-90.2937430209686));
#12154=CARTESIAN_POINT('',(5.51183141896547,26.2063135772091,-86.0412870490114));
#12155=CARTESIAN_POINT('',(6.2426713158175,24.2416940916286,-90.1166555919894));
#12156=CARTESIAN_POINT('',(6.53584039351568,26.3172442764796,-86.0412870490114));
#12157=CARTESIAN_POINT('',(6.7164227522817,24.6502760049554,-90.2937430209686));
#12158=CARTESIAN_POINT('',(6.63031356571459,25.4451558751431,-85.7931290406311));
#12159=CARTESIAN_POINT('',(6.2044182650066,24.5948106553202,-85.7931290406245));
#12160=CARTESIAN_POINT('',(6.9438327855585,25.1929243291623,-85.7931290406325));
#12161=CARTESIAN_POINT('',(6.14895291537136,25.1068151425953,-90.2937430209686));
#12162=CARTESIAN_POINT('',(7.81592118689549,25.2873975013613,-86.0412870490115));
#12163=CARTESIAN_POINT('',(7.81592118689549,25.2873975013613,-86.0412870490114));
#12164=CARTESIAN_POINT('',(7.86995017463009,24.9490056327561,-86.0066487396736));
#12165=CARTESIAN_POINT('',(7.90716203741864,24.6055003478727,-86.0066487396736));
#12166=CARTESIAN_POINT('',(7.92685188616595,24.2633885268111,-86.0412870490114));
#12167=CARTESIAN_POINT('',(7.92685188616594,24.2633885268111,-86.0412870490115));
#12168=CARTESIAN_POINT('',(6.25988361464183,24.0828061680451,-90.2937430209686));
#12169=CARTESIAN_POINT('',(7.05476348482896,24.1689153546121,-85.7931290406325));
#12170=CARTESIAN_POINT('',(6.2044182650066,24.5948106553202,-85.7931290406245));
#12171=CARTESIAN_POINT('',(6.80253193884881,23.8553961347677,-85.7931290406311));
#12172=CARTESIAN_POINT('',(6.7164227522817,24.6502760049554,-90.2937430209686));
#12173=CARTESIAN_POINT('',(6.89700511104772,22.9833077334313,-86.0412870490114));
#12174=CARTESIAN_POINT('',(6.16616521419569,24.9479272190118,-90.1166555919894));
#12175=CARTESIAN_POINT('',(5.87299613649751,22.8723770341608,-86.0412870490115));
#12176=CARTESIAN_POINT('',(5.69241377773149,24.539345305685,-90.2937430209686));
#12177=CARTESIAN_POINT('',(5.7785229642986,23.7444654354973,-85.7931290406311));
#12178=CARTESIAN_POINT('',(6.2044182650066,24.5948106553202,-85.7931290406245));
#12179=CARTESIAN_POINT('',(5.46500374445469,23.996696981478,-85.7931290406325));
#12180=CARTESIAN_POINT('',(6.25988361464183,24.0828061680451,-90.2937430209686));
#12181=CARTESIAN_POINT('',(4.59291534311771,23.9022238092791,-86.0412870490115));
#12182=CARTESIAN_POINT('',(4.59291534311771,23.9022238092791,-86.0412870490115));
#12183=CARTESIAN_POINT('',(4.5388863553831,24.2406156778843,-86.0066487396736));
#12184=CARTESIAN_POINT('',(4.50167449259455,24.5841209627677,-86.0066487396736));
#12185=CARTESIAN_POINT('',(4.48198464384724,24.9262327838293,-86.0412870490115));
#12186=CARTESIAN_POINT('',(6.2044182650066,24.5948106553202,-90.2937430209686));
#12187=CARTESIAN_POINT('',(5.06810620612331,24.9897272222343,-87.2237430209687));
#12188=CARTESIAN_POINT('',(5.06810620612331,24.9897272222343,-87.2237430209687));
#12189=CARTESIAN_POINT('',(5.47541580938407,25.0338509948108,-87.2237430209698));
#12190=CARTESIAN_POINT('',(5.43378144695488,25.0293407521735,-86.7469750413651));
#12191=CARTESIAN_POINT('',(5.39351443013727,25.0249786338287,-86.2700856321373));
#12192=CARTESIAN_POINT('',(5.35407304516071,25.0207059560257,-85.7931290406311));
#12193=CARTESIAN_POINT('',(5.06810620612331,24.9897272222343,-87.2237430209687));
#12194=CARTESIAN_POINT('',(5.06810620612331,24.9897272222343,-87.2237430209687));
#12195=CARTESIAN_POINT('',(5.60630459116438,25.3342251758727,-85.7931290406311));
#12196=CARTESIAN_POINT('',(5.6105772689648,25.29478379092,-86.2700856321374));
#12197=CARTESIAN_POINT('',(5.61493938730987,25.2545167740999,-86.746975041365));
#12198=CARTESIAN_POINT('',(5.61944962994695,25.2128824116723,-87.2237430209698));
#12199=CARTESIAN_POINT('',(5.80950169809247,23.4584985964369,-87.2237430209687));
#12200=CARTESIAN_POINT('',(5.57532585737051,25.620192014933,-87.2237430209687));
#12201=CARTESIAN_POINT('',(5.51183141896547,26.2063135772091,-86.0412870490114));
#12202=CARTESIAN_POINT('',(5.80950169809247,23.4584985964369,-87.2237430209687));
#12203=CARTESIAN_POINT('',(5.57532585737051,25.620192014933,-87.2237430209687));
#12204=CARTESIAN_POINT('',(6.59933483192072,25.7311227142035,-87.2237430209687));
#12205=CARTESIAN_POINT('',(6.59933483192072,25.7311227142035,-87.2237430209687));
#12206=CARTESIAN_POINT('',(5.57532585737051,25.620192014933,-87.2237430209687));
#12207=CARTESIAN_POINT('',(6.59933483192072,25.7311227142035,-87.2237430209687));
#12208=CARTESIAN_POINT('',(6.64345860449716,25.3238131109427,-87.2237430209698));
#12209=CARTESIAN_POINT('',(6.64345860449716,25.3238131109427,-87.2237430209698));
#12210=CARTESIAN_POINT('',(6.6389483618599,25.3654474733719,-86.7469750413651));
#12211=CARTESIAN_POINT('',(6.63458624351511,25.4057144901895,-86.2700856321373));
#12212=CARTESIAN_POINT('',(6.63031356571459,25.4451558751431,-85.7931290406311));
#12213=CARTESIAN_POINT('',(6.59933483192072,25.7311227142035,-87.2237430209687));
#12214=CARTESIAN_POINT('',(6.94383278558202,25.1929243291649,-85.7931290406311));
#12215=CARTESIAN_POINT('',(6.90439140060644,25.188651651362,-86.2700856321374));
#12216=CARTESIAN_POINT('',(6.86412438378628,25.1842895330169,-86.746975041365));
#12217=CARTESIAN_POINT('',(6.82249002135866,25.1797792903798,-87.2237430209698));
#12218=CARTESIAN_POINT('',(6.82249002135866,25.1797792903798,-87.2237430209698));
#12219=CARTESIAN_POINT('',(5.06810620612331,24.9897272222343,-87.2237430209687));
#12220=CARTESIAN_POINT('',(7.22979962461942,25.2239030629563,-87.2237430209687));
#12221=CARTESIAN_POINT('',(7.81592118689549,25.2873975013613,-86.0412870490114));
#12222=CARTESIAN_POINT('',(5.06810620612331,24.9897272222343,-87.2237430209687));
#12223=CARTESIAN_POINT('',(7.34073032388988,24.1998940884061,-87.2237430209687));
#12224=CARTESIAN_POINT('',(7.34073032388988,24.1998940884061,-87.2237430209687));
#12225=CARTESIAN_POINT('',(6.93342072062912,24.1557703158296,-87.2237430209698));
#12226=CARTESIAN_POINT('',(6.93342072062912,24.1557703158296,-87.2237430209698));
#12227=CARTESIAN_POINT('',(6.97505508305831,24.1602805584669,-86.7469750413651));
#12228=CARTESIAN_POINT('',(7.01532209987592,24.1646426768117,-86.2700856321373));
#12229=CARTESIAN_POINT('',(7.05476348485248,24.1689153546147,-85.7931290406311));
#12230=CARTESIAN_POINT('',(7.34073032388988,24.1998940884061,-87.2237430209687));
#12231=CARTESIAN_POINT('',(7.34073032388988,24.1998940884061,-87.2237430209687));
#12232=CARTESIAN_POINT('',(6.80253193884881,23.8553961347677,-85.7931290406311));
#12233=CARTESIAN_POINT('',(6.79825926104839,23.8948375197204,-86.2700856321374));
#12234=CARTESIAN_POINT('',(6.79389714270332,23.9351045365405,-86.746975041365));
#12235=CARTESIAN_POINT('',(6.78938690006624,23.9767388989681,-87.2237430209698));
#12236=CARTESIAN_POINT('',(6.78938690006624,23.9767388989681,-87.2237430209698));
#12237=CARTESIAN_POINT('',(6.59933483192072,25.7311227142035,-87.2237430209687));
#12238=CARTESIAN_POINT('',(6.83351067264268,23.5694292957074,-87.2237430209687));
#12239=CARTESIAN_POINT('',(6.89700511104772,22.9833077334313,-86.0412870490115));
#12240=CARTESIAN_POINT('',(6.59933483192072,25.7311227142035,-87.2237430209687));
#12241=CARTESIAN_POINT('',(6.83351067264268,23.5694292957074,-87.2237430209687));
#12242=CARTESIAN_POINT('',(5.80950169809247,23.4584985964369,-87.2237430209687));
#12243=CARTESIAN_POINT('',(5.80950169809247,23.4584985964369,-87.2237430209687));
#12244=CARTESIAN_POINT('',(6.83351067264268,23.5694292957074,-87.2237430209687));
#12245=CARTESIAN_POINT('',(5.80950169809247,23.4584985964369,-87.2237430209687));
#12246=CARTESIAN_POINT('',(5.76537792551603,23.8658081996977,-87.2237430209698));
#12247=CARTESIAN_POINT('',(5.76988816815329,23.8241738372685,-86.7469750413651));
#12248=CARTESIAN_POINT('',(5.77425028649808,23.7839068204509,-86.2700856321373));
#12249=CARTESIAN_POINT('',(5.7785229642986,23.7444654354973,-85.7931290406311));
#12250=CARTESIAN_POINT('',(5.80950169809247,23.4584985964369,-87.2237430209687));
#12251=CARTESIAN_POINT('',(5.46500374443117,23.9966969814755,-85.7931290406311));
#12252=CARTESIAN_POINT('',(5.50444512940676,24.0009696592784,-86.2700856321374));
#12253=CARTESIAN_POINT('',(5.54471214622692,24.0053317776235,-86.746975041365));
#12254=CARTESIAN_POINT('',(5.58634650865453,24.0098420202606,-87.2237430209698));
#12255=CARTESIAN_POINT('',(7.34073032388988,24.1998940884061,-87.2237430209687));
#12256=CARTESIAN_POINT('',(5.17903690539377,23.9657182476841,-87.2237430209687));
#12257=CARTESIAN_POINT('',(4.59291534311771,23.9022238092791,-86.0412870490114));
#12258=CARTESIAN_POINT('',(7.34073032388988,24.1998940884061,-87.2237430209687));
#12259=CARTESIAN_POINT('',(5.17903690539377,23.9657182476841,-87.2237430209687));
#12260=CARTESIAN_POINT('',(5.17903690539377,23.9657182476841,-87.2237430209687));
#12261=CARTESIAN_POINT('',(7.34073032388988,24.1998940884061,-87.2237430209687));
#12262=CARTESIAN_POINT('',(6.2044182650066,24.5948106553202,-85.7931290406245));
#12263=CARTESIAN_POINT('',(6.2044182650066,24.5948106553202,-87.2237430209685));
#12264=CARTESIAN_POINT('',(7.34073032388988,24.1998940884061,-87.2237430209687));
#12265=CARTESIAN_POINT('',(6.2044182650066,24.5948106553202,-87.2237430209711));
#12266=CARTESIAN_POINT('',(6.2044182650066,24.5948106553202,-85.7931290406245));
#12267=CARTESIAN_POINT('',(7.22979962461942,25.2239030629563,-87.2237430209687));
#12268=CARTESIAN_POINT('',(7.22979962461942,25.2239030629563,-87.2237430209687));
#12269=CARTESIAN_POINT('',(6.2044182650066,24.5948106553202,-87.2237430209685));
#12270=CARTESIAN_POINT('',(7.34073032388988,24.1998940884061,-87.2237430209687));
#12271=CARTESIAN_POINT('',(6.2044182650066,24.5948106553202,-87.2237430209711));
#12272=CARTESIAN_POINT('',(6.2044182650066,24.5948106553202,-85.7931290406245));
#12273=CARTESIAN_POINT('',(6.2044182650066,24.5948106553202,-87.2237430209685));
#12274=CARTESIAN_POINT('',(7.34073032388988,24.1998940884061,-87.2237430209687));
#12275=CARTESIAN_POINT('',(6.2044182650066,24.5948106553202,-85.7931290406245));
#12276=CARTESIAN_POINT('',(6.2044182650066,24.5948106553202,-87.2237430209688));
#12277=CARTESIAN_POINT('',(6.2044182650066,24.5948106553202,-94.5937430209686));
#12278=CARTESIAN_POINT('',(6.2044182650066,24.5948106553202,-85.6937430209686));
#12279=CARTESIAN_POINT('',(6.2044182650066,24.5948106553202,-94.7937430209686));
#12280=CARTESIAN_POINT('',(6.2044182650066,24.5948106553202,-60.2937430209686));
#12281=CARTESIAN_POINT('',(6.2044182650066,24.5948106553202,-87.6937430209687));
#12282=CARTESIAN_POINT('',(6.2044182650066,24.5948106553202,-94.7937430209686));
#12283=CARTESIAN_POINT('',(15.9044124214382,-5.0046168320265,-92.0860000000001));
#12284=CARTESIAN_POINT('',(15.9044124214382,26.4953831679735,-92.0860000000001));
#12285=CARTESIAN_POINT('',(15.9044124214382,23.2634977427606,-92.0860000000001));
#12286=CARTESIAN_POINT('',(15.9044124214382,22.4953831679735,-94.986));
#12287=CARTESIAN_POINT('',(15.9044124214382,23.2634977427602,-97.8860000000001));
#12288=CARTESIAN_POINT('',(15.9044124214382,-5.0046168320265,-97.8860000000001));
#12289=CARTESIAN_POINT('',(15.9044124214382,26.4953831679735,-97.8860000000001));
#12290=CARTESIAN_POINT('',(15.9044124214382,26.4953831679735,-98.1859999999999));
#12291=CARTESIAN_POINT('',(15.9044124214382,-5.0046168320265,-97.8860000000001));
#12292=CARTESIAN_POINT('',(15.2544124214382,-3.5046168320265,-97.6360000000001));
#12293=CARTESIAN_POINT('',(15.2544124214382,-3.5046168320265,-97.9360000000001));
#12294=CARTESIAN_POINT('',(15.5544124214382,-3.5046168320265,-97.6360000000001));
#12295=CARTESIAN_POINT('',(15.5544124214382,-3.5046168320265,-95.1360000000001));
#12296=CARTESIAN_POINT('',(15.5544124214382,-3.5046168320265,-92.336));
#12297=CARTESIAN_POINT('',(15.2544124214382,-3.5046168320265,-92.336));
#12298=CARTESIAN_POINT('',(15.2544124214382,-3.5046168320265,-92.036));
#12299=CARTESIAN_POINT('',(15.4044124214382,-3.5046168320265,-92.036));
#12300=CARTESIAN_POINT('',(8.77365123698066,-3.5046168320265,-92.036));
#12301=CARTESIAN_POINT('',(8.77365123698066,-3.5046168320265,-92.336));
#12302=CARTESIAN_POINT('',(8.56151920262469,-3.5046168320265,-92.1238679656441));
#12303=CARTESIAN_POINT('',(10.4768997948535,-3.5046168320265,-90.2084873734153));
#12304=CARTESIAN_POINT('',(6.88725513391288,-3.5046168320265,-93.7981320343558));
#12305=CARTESIAN_POINT('',(6.67512309955692,-3.5046168320265,-93.5859999999999));
#12306=CARTESIAN_POINT('',(6.67512309955692,-3.5046168320265,-93.8859999999999));
#12307=CARTESIAN_POINT('',(15.4044124214381,-3.5046168320265,-93.8859999999997));
#12308=CARTESIAN_POINT('',(-0.216747097521341,-3.5046168320265,-93.886));
#12309=CARTESIAN_POINT('',(-0.216747097521335,-3.5046168320265,-94.186));
#12310=CARTESIAN_POINT('',(-0.516747097521335,-3.5046168320265,-94.186));
#12311=CARTESIAN_POINT('',(-0.516747097521334,-3.5046168320265,-95.1360000000001));
#12312=CARTESIAN_POINT('',(-0.516747097521334,-3.5046168320265,-95.7860000000001));
#12313=CARTESIAN_POINT('',(-0.216747097521335,-3.5046168320265,-95.7860000000001));
#12314=CARTESIAN_POINT('',(-0.216747097521343,-3.5046168320265,-96.0860000000001));
#12315=CARTESIAN_POINT('',(15.4044124214381,-3.5046168320265,-96.0860000000005));
#12316=CARTESIAN_POINT('',(6.67512309955696,-3.5046168320265,-96.0860000000003));
#12317=CARTESIAN_POINT('',(6.67512309955695,-3.5046168320265,-96.3860000000003));
#12318=CARTESIAN_POINT('',(6.88725513391292,-3.5046168320265,-96.1738679656443));
#12319=CARTESIAN_POINT('',(10.6268997948535,-3.5046168320265,-99.9135126265848));
#12320=CARTESIAN_POINT('',(8.56151920262466,-3.5046168320265,-97.848132034356));
#12321=CARTESIAN_POINT('',(8.77365123698062,-3.5046168320265,-97.6360000000001));
#12322=CARTESIAN_POINT('',(8.77365123698062,-3.5046168320265,-97.9360000000001));
#12323=CARTESIAN_POINT('',(15.4044124214382,-3.5046168320265,-97.9360000000001));
#12324=CARTESIAN_POINT('',(-0.866747097521337,-3.5046168320265,-95.0360000000001));
#12325=CARTESIAN_POINT('',(-0.866747097521337,-3.5046168320265,-94.9360000000001));
#12326=CARTESIAN_POINT('',(-0.866747097521337,-3.5046168320265,-95.036));
#12327=CARTESIAN_POINT('',(-0.866747097521337,-3.5046168320265,-94.9360000000001));
#12328=CARTESIAN_POINT('',(-0.566747097521336,-3.5046168320265,-94.9360000000001));
#12329=CARTESIAN_POINT('',(-0.566747097521335,-3.5046168320265,-95.1360000000001));
#12330=CARTESIAN_POINT('',(-0.566747097521335,-3.5046168320265,-93.9360000000001));
#12331=CARTESIAN_POINT('',(-0.466747097521339,-3.5046168320265,-93.9360000000001));
#12332=CARTESIAN_POINT('',(-0.466747097521346,-3.5046168320265,-93.8360000000001));
#12333=CARTESIAN_POINT('',(-0.766747097521306,-3.5046168320265,-93.8360000000001));
#12334=CARTESIAN_POINT('',(6.61299106520098,-3.5046168320265,-93.8359999999999));
#12335=CARTESIAN_POINT('',(6.61299106520096,-3.5046168320265,-93.4359999999999));
#12336=CARTESIAN_POINT('',(6.89583377767559,-3.5046168320265,-93.7188427124745));
#12337=CARTESIAN_POINT('',(10.4415444557942,-3.5046168320265,-90.173132034356));
#12338=CARTESIAN_POINT('',(8.59938716826871,-3.5046168320265,-92.0152893218814));
#12339=CARTESIAN_POINT('',(8.67009784638736,-3.5046168320265,-92.0860000000001));
#12340=CARTESIAN_POINT('',(8.67009784638736,-3.5046168320265,-91.986));
#12341=CARTESIAN_POINT('',(15.4044124214382,-3.5046168320265,-91.986));
#12342=CARTESIAN_POINT('',(15.5044124214382,-3.5046168320265,-91.9860000000001));
#12343=CARTESIAN_POINT('',(15.5044124214382,-3.5046168320265,-92.0860000000001));
#12344=CARTESIAN_POINT('',(15.6044124214382,-3.5046168320265,-92.0860000000001));
#12345=CARTESIAN_POINT('',(15.6044124214382,-3.5046168320265,-98.1860000000001));
#12346=CARTESIAN_POINT('',(15.6044124214382,-3.5046168320265,-97.8860000000001));
#12347=CARTESIAN_POINT('',(15.5044124214382,-3.5046168320265,-97.8860000000001));
#12348=CARTESIAN_POINT('',(15.5044124214382,-3.5046168320265,-97.9860000000001));
#12349=CARTESIAN_POINT('',(8.54583377767546,-3.5046168320265,-97.9860000000001));
#12350=CARTESIAN_POINT('',(8.67009784638736,-3.5046168320265,-97.9860000000001));
#12351=CARTESIAN_POINT('',(8.67009784638736,-3.5046168320265,-97.8860000000001));
#12352=CARTESIAN_POINT('',(8.59938716826871,-3.5046168320265,-97.9567106781187));
#12353=CARTESIAN_POINT('',(6.8958337776754,-3.5046168320265,-96.2531572875255));
#12354=CARTESIAN_POINT('',(6.89583377767558,-3.5046168320265,-96.2531572875257));
#12355=CARTESIAN_POINT('',(6.61299106520096,-3.5046168320265,-96.5360000000003));
#12356=CARTESIAN_POINT('',(6.61299106520098,-3.5046168320265,-96.1360000000003));
#12357=CARTESIAN_POINT('',(15.4044124214381,-3.5046168320265,-96.1360000000005));
#12358=CARTESIAN_POINT('',(-0.466747097521347,-3.5046168320265,-96.1360000000001));
#12359=CARTESIAN_POINT('',(-0.466747097521339,-3.5046168320265,-96.0360000000001));
#12360=CARTESIAN_POINT('',(-0.566747097521335,-3.5046168320265,-96.0360000000001));
#12361=CARTESIAN_POINT('',(-0.566747097521335,-3.5046168320265,-95.1360000000001));
#12362=CARTESIAN_POINT('',(-0.566747097521336,-3.5046168320265,-95.036));
#12363=CARTESIAN_POINT('',(15.4044124214382,-3.5046168320265,-95.036));
#12364=CARTESIAN_POINT('',(15.0044124214382,-3.5046168320265,-92.0860000000001));
#12365=CARTESIAN_POINT('',(15.9044124214382,-5.0046168320265,-97.8860000000001));
#12366=CARTESIAN_POINT('',(15.9044124214382,21.7272685931869,-97.8860000000001));
#12367=CARTESIAN_POINT('',(15.9044124214382,-4.6046168320265,-97.8860000000001));
#12368=CARTESIAN_POINT('',(15.9044124214382,22.4953831679735,-94.986));
#12369=CARTESIAN_POINT('',(15.9044124214382,21.7272685931864,-92.0860000000001));
#12370=CARTESIAN_POINT('',(15.9044124214382,-5.0046168320265,-92.0860000000001));
#12371=CARTESIAN_POINT('',(15.9044124214382,-4.6046168320265,-92.0860000000001));
#12372=CARTESIAN_POINT('',(15.9044124214382,-4.6046168320265,-93.9860000000001));
#12373=CARTESIAN_POINT('',(15.9044124214382,21.8953831679735,-93.386));
#12374=CARTESIAN_POINT('',(15.9044124214382,-2.5046168320265,-93.386));
#12375=CARTESIAN_POINT('',(15.9044124214382,-1.5046168320265,-93.386));
#12376=CARTESIAN_POINT('',(15.9044124214382,-1.5046168320265,-94.486));
#12377=CARTESIAN_POINT('',(15.9044124214382,-1.5046168320265,-96.586));
#12378=CARTESIAN_POINT('',(15.9044124214382,-2.0046168320265,-96.586));
#12379=CARTESIAN_POINT('',(15.9044124214382,-2.5046168320265,-96.586));
#12380=CARTESIAN_POINT('',(15.9044124214382,-2.5046168320265,-94.486));
#12381=CARTESIAN_POINT('',(15.9044124214382,10.8953831679735,-95.986));
#12382=CARTESIAN_POINT('',(15.9044124214382,12.1953831679735,-95.986));
#12383=CARTESIAN_POINT('',(15.9044124214382,10.8953831679735,-97.286));
#12384=CARTESIAN_POINT('',(15.9044124214382,10.8953831679735,-97.286));
#12385=CARTESIAN_POINT('',(15.9044124214382,7.8953831679735,-97.286));
#12386=CARTESIAN_POINT('',(15.9044124214382,7.8953831679735,-95.986));
#12387=CARTESIAN_POINT('',(15.9044124214382,6.5953831679735,-95.986));
#12388=CARTESIAN_POINT('',(15.9044124214382,6.5953831679735,-95.736));
#12389=CARTESIAN_POINT('',(15.9044124214382,6.5953831679735,-93.986));
#12390=CARTESIAN_POINT('',(15.9044124214382,7.8953831679735,-93.986));
#12391=CARTESIAN_POINT('',(15.9044124214382,7.8953831679735,-92.686));
#12392=CARTESIAN_POINT('',(15.9044124214382,10.8953831679735,-92.686));
#12393=CARTESIAN_POINT('',(15.9044124214382,10.8953831679735,-92.686));
#12394=CARTESIAN_POINT('',(15.9044124214382,10.8953831679735,-93.986));
#12395=CARTESIAN_POINT('',(15.9044124214382,12.1953831679735,-93.986));
#12396=CARTESIAN_POINT('',(15.9044124214382,12.1953831679735,-94.986));
#12397=CARTESIAN_POINT('',(15.9044124214382,-5.0046168320265,-97.8860000000001));
#12398=CARTESIAN_POINT('',(15.9044124214382,21.7272685931864,-92.0860000000001));
#12399=CARTESIAN_POINT('',(15.9044124214382,21.9874441104264,-92.0170880666226));
#12400=CARTESIAN_POINT('',(15.8909939614445,22.2592865751341,-91.9832182946586));
#12401=CARTESIAN_POINT('',(15.8917576690779,22.5284162619142,-91.9861818697287));
#12402=CARTESIAN_POINT('',(15.8924594191453,22.7757121740591,-91.9889050178471));
#12403=CARTESIAN_POINT('',(15.9044124214382,23.0244295722314,-92.0226787082238));
#12404=CARTESIAN_POINT('',(15.9044124214382,23.2634977427606,-92.0860000000001));
#12405=CARTESIAN_POINT('',(15.5044124214382,26.4953831679735,-92.0860000000001));
#12406=CARTESIAN_POINT('',(15.5044124214382,26.4953831679735,-91.6860000000001));
#12407=CARTESIAN_POINT('',(15.5044124214382,-5.0046168320265,-91.6860000000001));
#12408=CARTESIAN_POINT('',(15.5044124214382,-4.6046168320265,-91.6860000000001));
#12409=CARTESIAN_POINT('',(15.5044124214382,-4.6046168320265,-92.0860000000001));
#12410=CARTESIAN_POINT('',(15.5044124214382,-5.0046168320265,-92.0860000000001));
#12411=CARTESIAN_POINT('',(8.67009784638737,-5.0046168320265,-91.6860000000001));
#12412=CARTESIAN_POINT('',(8.67009784638737,18.8953831679735,-91.6860000000001));
#12413=CARTESIAN_POINT('',(8.67009784638737,-4.6046168320265,-91.6860000000001));
#12414=CARTESIAN_POINT('',(15.0044124214382,-4.6046168320265,-91.6860000000001));
#12415=CARTESIAN_POINT('',(8.54583377767546,26.4953831679735,-91.6860000000001));
#12416=CARTESIAN_POINT('',(10.8044124214382,26.4953831679735,-91.6860000000001));
#12417=CARTESIAN_POINT('',(10.8044124214382,21.8953831679735,-91.6860000000001));
#12418=CARTESIAN_POINT('',(10.8044124214382,19.4953831679735,-91.6860000000001));
#12419=CARTESIAN_POINT('',(10.8044124214382,26.8953831679735,-91.6860000000001));
#12420=CARTESIAN_POINT('',(10.8044124214382,18.8953831679735,-91.6860000000001));
#12421=CARTESIAN_POINT('',(8.54583377767546,18.8953831679735,-91.6860000000001));
#12422=CARTESIAN_POINT('',(10.0044124214382,18.8953831679735,-91.6860000000001));
#12423=CARTESIAN_POINT('',(8.54583377767546,18.8953831679735,-91.6860000000001));
#12424=CARTESIAN_POINT('',(15.0044124214382,-5.0046168320265,-91.6860000000001));
#12425=CARTESIAN_POINT('',(8.38725513391274,-5.0046168320265,-91.8031572875255));
#12426=CARTESIAN_POINT('',(8.38725513391274,-4.6046168320265,-91.8031572875255));
#12427=CARTESIAN_POINT('',(8.38725513391275,18.8953831679735,-91.8031572875255));
#12428=CARTESIAN_POINT('',(8.67009784638737,-4.6046168320265,-92.0860000000001));
#12429=CARTESIAN_POINT('',(8.67009784638737,18.8953831679735,-92.0860000000001));
#12430=CARTESIAN_POINT('',(8.67009784638737,-5.0046168320265,-92.0860000000001));
#12431=CARTESIAN_POINT('',(6.68370174331962,-5.0046168320265,-93.5067106781185));
#12432=CARTESIAN_POINT('',(6.68370174331962,18.8953831679735,-93.5067106781185));
#12433=CARTESIAN_POINT('',(6.68370174331962,-4.6046168320265,-93.5067106781185));
#12434=CARTESIAN_POINT('',(8.38725513391274,-4.6046168320265,-91.8031572875255));
#12435=CARTESIAN_POINT('',(6.68370174331943,18.8953831679735,-93.5067106781187));
#12436=CARTESIAN_POINT('',(8.38725513391274,-5.0046168320265,-91.8031572875255));
#12437=CARTESIAN_POINT('',(6.61299106520098,-5.0046168320265,-93.5359999999999));
#12438=CARTESIAN_POINT('',(6.61299106520098,-4.6046168320265,-93.5359999999999));
#12439=CARTESIAN_POINT('',(6.61299106520098,18.8953831679735,-93.5359999999999));
#12440=CARTESIAN_POINT('',(6.61299106520098,-4.6046168320265,-93.4359999999999));
#12441=CARTESIAN_POINT('',(6.61299106520097,18.8953831679735,-93.4359999999999));
#12442=CARTESIAN_POINT('',(6.61299106520098,-5.0046168320265,-93.4359999999999));
#12443=CARTESIAN_POINT('',(-0.466747097521346,-5.0046168320265,-93.536));
#12444=CARTESIAN_POINT('',(-0.466747097521346,18.8953831679735,-93.536));
#12445=CARTESIAN_POINT('',(-0.466747097521346,-4.6046168320265,-93.536));
#12446=CARTESIAN_POINT('',(6.61299106520098,-4.6046168320265,-93.5359999999998));
#12447=CARTESIAN_POINT('',(14.6544374214382,18.8953831679735,-93.5359999999997));
#12448=CARTESIAN_POINT('',(6.61299106520098,-5.0046168320265,-93.5359999999998));
#12449=CARTESIAN_POINT('',(-0.866747097521339,-5.0046168320265,-93.9360000000001));
#12450=CARTESIAN_POINT('',(-0.866747097521339,-4.6046168320265,-93.9360000000001));
#12451=CARTESIAN_POINT('',(-0.866747097521337,18.8953831679735,-93.9360000000001));
#12452=CARTESIAN_POINT('',(-0.466747097521339,-4.6046168320265,-93.9360000000001));
#12453=CARTESIAN_POINT('',(-0.466747097521339,18.8953831679735,-93.9360000000001));
#12454=CARTESIAN_POINT('',(-0.466747097521339,-5.0046168320265,-93.9360000000001));
#12455=CARTESIAN_POINT('',(-0.866747097521337,-5.0046168320265,-96.0360000000001));
#12456=CARTESIAN_POINT('',(-0.866747097521337,-4.6046168320265,-96.0360000000001));
#12457=CARTESIAN_POINT('',(-0.866747097521337,18.8953831679735,-96.0360000000001));
#12458=CARTESIAN_POINT('',(-0.866747097521337,-4.6046168320265,-93.9360000000001));
#12459=CARTESIAN_POINT('',(-0.866747097521337,18.8953831679735,-93.6360000000001));
#12460=CARTESIAN_POINT('',(-0.866747097521337,18.8953831679735,-94.9360000000001));
#12461=CARTESIAN_POINT('',(-0.866747097521337,-3.5046168320265,-94.9360000000001));
#12462=CARTESIAN_POINT('',(-0.866747097521337,21.8953831679735,-95.036));
#12463=CARTESIAN_POINT('',(-0.866747097521337,18.8953831679735,-95.036));
#12464=CARTESIAN_POINT('',(-0.866747097521337,18.8953831679735,-93.6360000000001));
#12465=CARTESIAN_POINT('',(-0.866747097521337,-5.0046168320265,-95.0360000000001));
#12466=CARTESIAN_POINT('',(-0.466747097521346,-5.0046168320265,-96.4360000000001));
#12467=CARTESIAN_POINT('',(-0.466747097521346,-4.6046168320265,-96.4360000000001));
#12468=CARTESIAN_POINT('',(-0.466747097521346,18.8953831679735,-96.4360000000001));
#12469=CARTESIAN_POINT('',(-0.466747097521339,-4.6046168320265,-96.0360000000001));
#12470=CARTESIAN_POINT('',(-0.466747097521339,18.8953831679735,-96.0360000000001));
#12471=CARTESIAN_POINT('',(-0.466747097521339,-5.0046168320265,-96.0360000000001));
#12472=CARTESIAN_POINT('',(6.61299106520098,-5.0046168320265,-96.4360000000003));
#12473=CARTESIAN_POINT('',(6.61299106520098,18.8953831679735,-96.4360000000003));
#12474=CARTESIAN_POINT('',(6.61299106520098,-4.6046168320265,-96.4360000000003));
#12475=CARTESIAN_POINT('',(-0.466747097521346,-4.6046168320265,-96.4360000000001));
#12476=CARTESIAN_POINT('',(-0.766747097521313,18.8953831679735,-96.4360000000001));
#12477=CARTESIAN_POINT('',(-0.466747097521347,-5.0046168320265,-96.4360000000001));
#12478=CARTESIAN_POINT('',(6.68370174331963,-5.0046168320265,-96.4652893218816));
#12479=CARTESIAN_POINT('',(6.68370174331963,-4.6046168320265,-96.4652893218816));
#12480=CARTESIAN_POINT('',(6.68370174331962,18.8953831679735,-96.4652893218816));
#12481=CARTESIAN_POINT('',(6.61299106520098,-4.6046168320265,-96.5360000000003));
#12482=CARTESIAN_POINT('',(6.61299106520097,18.8953831679735,-96.5360000000003));
#12483=CARTESIAN_POINT('',(6.61299106520098,-5.0046168320265,-96.5360000000003));
#12484=CARTESIAN_POINT('',(8.38725513391275,-5.0046168320265,-98.1688427124747));
#12485=CARTESIAN_POINT('',(8.38725513391276,18.8953831679735,-98.1688427124747));
#12486=CARTESIAN_POINT('',(8.38725513391275,-4.6046168320265,-98.1688427124747));
#12487=CARTESIAN_POINT('',(6.68370174331962,-4.6046168320265,-96.4652893218816));
#12488=CARTESIAN_POINT('',(8.52943117143825,18.8953831679735,-98.3110187500002));
#12489=CARTESIAN_POINT('',(6.68370174331962,-5.0046168320265,-96.4652893218816));
#12490=CARTESIAN_POINT('',(8.67009784638737,-5.0046168320265,-98.2860000000001));
#12491=CARTESIAN_POINT('',(8.67009784638737,18.8953831679735,-98.2860000000001));
#12492=CARTESIAN_POINT('',(8.67009784638737,-4.6046168320265,-98.2860000000001));
#12493=CARTESIAN_POINT('',(8.67009784638737,-4.6046168320265,-97.8860000000001));
#12494=CARTESIAN_POINT('',(8.67009784638737,18.8953831679735,-97.8860000000001));
#12495=CARTESIAN_POINT('',(8.67009784638737,-5.0046168320265,-97.8860000000001));
#12496=CARTESIAN_POINT('',(15.5044124214382,-5.0046168320265,-98.2860000000001));
#12497=CARTESIAN_POINT('',(15.5044124214382,-4.6046168320265,-98.2860000000001));
#12498=CARTESIAN_POINT('',(15.5044124214382,26.4953831679735,-98.2860000000001));
#12499=CARTESIAN_POINT('',(8.67009784638737,-4.6046168320265,-98.2860000000001));
#12500=CARTESIAN_POINT('',(14.6544374214382,18.8953831679735,-98.2860000000001));
#12501=CARTESIAN_POINT('',(10.0044124214382,18.8953831679735,-98.2860000000001));
#12502=CARTESIAN_POINT('',(14.6544374214382,18.8953831679735,-98.2860000000001));
#12503=CARTESIAN_POINT('',(10.8044124214382,18.8953831679735,-98.2860000000001));
#12504=CARTESIAN_POINT('',(10.8044124214382,21.8953831679735,-98.2860000000001));
#12505=CARTESIAN_POINT('',(10.8044124214382,19.4953831679735,-98.2860000000001));
#12506=CARTESIAN_POINT('',(10.8044124214382,21.8953831679735,-98.2860000000001));
#12507=CARTESIAN_POINT('',(10.8044124214382,26.4953831679735,-98.2860000000001));
#12508=CARTESIAN_POINT('',(8.24583377767543,26.4953831679735,-98.2860000000001));
#12509=CARTESIAN_POINT('',(8.67009784638737,-5.0046168320265,-98.2860000000001));
#12510=CARTESIAN_POINT('',(15.9044124214382,23.2634977427602,-97.8860000000001));
#12511=CARTESIAN_POINT('',(15.9044124214382,23.0033222255202,-97.9549119333775));
#12512=CARTESIAN_POINT('',(15.8909939614445,22.7314797608125,-97.9887817053415));
#12513=CARTESIAN_POINT('',(15.891757669078,22.4623500740324,-97.9858181302714));
#12514=CARTESIAN_POINT('',(15.8924594191454,22.2150541618878,-97.9830949821529));
#12515=CARTESIAN_POINT('',(15.9044124214382,21.9663367637158,-97.9493212917762));
#12516=CARTESIAN_POINT('',(15.9044124214382,21.7272685931869,-97.8860000000001));
#12517=CARTESIAN_POINT('',(15.5044124214382,-4.6046168320265,-97.8860000000001));
#12518=CARTESIAN_POINT('',(15.5044124214382,26.4953831679735,-97.8860000000001));
#12519=CARTESIAN_POINT('',(15.5044124214382,-5.0046168320265,-97.8860000000001));
#12520=CARTESIAN_POINT('',(10.1574124214382,-5.0046168320265,-95.025));
#12521=CARTESIAN_POINT('',(10.1574124214382,-5.0046168320265,-96.775));
#12522=CARTESIAN_POINT('',(15.5044124214382,-5.0046168320265,-95.9860000000001));
#12523=CARTESIAN_POINT('',(15.5044124214382,-5.0046168320265,-97.8860000000001));
#12524=CARTESIAN_POINT('',(15.5044124214382,-5.0046168320265,-92.0860000000001));
#12525=CARTESIAN_POINT('',(8.67009784638737,-5.0046168320265,-92.0860000000001));
#12526=CARTESIAN_POINT('',(8.67009784638737,-5.0046168320265,-92.0860000000001));
#12527=CARTESIAN_POINT('',(6.96654445579424,-5.0046168320265,-93.7895533905931));
#12528=CARTESIAN_POINT('',(6.96654445579424,-5.0046168320265,-93.7895533905931));
#12529=CARTESIAN_POINT('',(6.61299106520098,-5.0046168320265,-93.4359999999999));
#12530=CARTESIAN_POINT('',(6.61299106520102,-5.0046168320265,-93.9359999999998));
#12531=CARTESIAN_POINT('',(-0.466747097521335,-5.0046168320265,-93.936));
#12532=CARTESIAN_POINT('',(-0.466747097521337,-5.0046168320265,-93.9360000000001));
#12533=CARTESIAN_POINT('',(-0.466747097521337,-5.0046168320265,-96.0360000000001));
#12534=CARTESIAN_POINT('',(-0.466747097521339,-5.0046168320265,-96.0360000000001));
#12535=CARTESIAN_POINT('',(6.61299106520099,-5.0046168320265,-96.0360000000003));
#12536=CARTESIAN_POINT('',(6.61299106520099,-5.0046168320265,-96.0360000000003));
#12537=CARTESIAN_POINT('',(6.61299106520098,-5.0046168320265,-96.5360000000003));
#12538=CARTESIAN_POINT('',(6.96654445579422,-5.0046168320265,-96.182446609407));
#12539=CARTESIAN_POINT('',(8.67009784638737,-5.0046168320265,-97.8860000000001));
#12540=CARTESIAN_POINT('',(8.67009784638737,-5.0046168320265,-97.8860000000001));
#12541=CARTESIAN_POINT('',(15.0044124214382,-5.0046168320265,-97.8860000000001));
#12542=CARTESIAN_POINT('',(15.0044124214382,-5.0046168320265,-92.0860000000001));
#12543=CARTESIAN_POINT('',(15.5044124214382,-4.6046168320265,-97.8860000000001));
#12544=CARTESIAN_POINT('',(15.5044124214382,-4.6046168320265,-92.0860000000001));
#12545=CARTESIAN_POINT('',(15.5044124214382,-4.6046168320265,-92.0860000000001));
#12546=CARTESIAN_POINT('',(15.5044124214382,-4.6046168320265,-97.8860000000001));
#12547=CARTESIAN_POINT('',(15.5044124214382,-4.6046168320265,-97.8860000000001));
#12548=CARTESIAN_POINT('',(8.67009784638737,-4.6046168320265,-97.8860000000001));
#12549=CARTESIAN_POINT('',(15.0044124214382,-4.6046168320265,-97.8860000000001));
#12550=CARTESIAN_POINT('',(8.67009784638737,-4.6046168320265,-97.8860000000001));
#12551=CARTESIAN_POINT('',(8.67009784638737,-4.6046168320265,-97.8860000000001));
#12552=CARTESIAN_POINT('',(6.96654445579423,-4.6046168320265,-96.182446609407));
#12553=CARTESIAN_POINT('',(6.96654445579424,-4.6046168320265,-96.182446609407));
#12554=CARTESIAN_POINT('',(6.61299106520097,-4.6046168320265,-96.0360000000003));
#12555=CARTESIAN_POINT('',(6.61299106520098,-4.6046168320265,-96.5360000000003));
#12556=CARTESIAN_POINT('',(-0.466747097521335,-4.6046168320265,-96.0360000000001));
#12557=CARTESIAN_POINT('',(-0.466747097521336,-4.6046168320265,-96.0360000000001));
#12558=CARTESIAN_POINT('',(-0.466747097521339,-4.6046168320265,-96.0360000000001));
#12559=CARTESIAN_POINT('',(-0.466747097521339,-4.6046168320265,-96.0360000000001));
#12560=CARTESIAN_POINT('',(-0.466747097521337,-4.6046168320265,-93.9360000000001));
#12561=CARTESIAN_POINT('',(-0.466747097521337,-4.6046168320265,-95.0360000000001));
#12562=CARTESIAN_POINT('',(-0.466747097521339,-4.6046168320265,-93.9360000000001));
#12563=CARTESIAN_POINT('',(-0.466747097521339,-4.6046168320265,-93.9360000000001));
#12564=CARTESIAN_POINT('',(6.61299106520099,-4.6046168320265,-93.9359999999998));
#12565=CARTESIAN_POINT('',(6.61299106520099,-4.6046168320265,-93.9359999999998));
#12566=CARTESIAN_POINT('',(6.96654445579424,-4.6046168320265,-93.7895533905932));
#12567=CARTESIAN_POINT('',(6.61299106520098,-4.6046168320265,-93.4359999999999));
#12568=CARTESIAN_POINT('',(8.67009784638736,-4.6046168320265,-92.0860000000001));
#12569=CARTESIAN_POINT('',(11.8372551339129,-4.6046168320265,-88.9188427124747));
#12570=CARTESIAN_POINT('',(8.67009784638737,-4.6046168320265,-92.0860000000001));
#12571=CARTESIAN_POINT('',(8.67009784638737,-4.6046168320265,-92.0860000000001));
#12572=CARTESIAN_POINT('',(15.5044124214382,-4.6046168320265,-92.0860000000001));
#12573=CARTESIAN_POINT('',(15.0044124214382,-4.6046168320265,-92.0860000000001));
#12574=CARTESIAN_POINT('',(15.5044124214382,-4.6046168320265,-92.0860000000001));
#12575=CARTESIAN_POINT('',(10.1574124214382,-69.9,-95.025));
#12576=CARTESIAN_POINT('',(10.1574124214382,-69.9,-96.775));
#12577=CARTESIAN_POINT('',(10.1574124214382,-69.9,-95.025));
#12578=CARTESIAN_POINT('',(10.1574124214382,0.0999999999999942,-95.025));
#12579=CARTESIAN_POINT('',(16.3544124214382,6.5953831679735,-95.986));
#12580=CARTESIAN_POINT('',(16.4044124214381,6.5953831679735,-95.986));
#12581=CARTESIAN_POINT('',(16.4044124214381,6.5953831679735,-95.736));
#12582=CARTESIAN_POINT('',(16.4044124214381,6.5953831679735,-93.986));
#12583=CARTESIAN_POINT('',(16.3544124214382,6.5953831679735,-93.986));
#12584=CARTESIAN_POINT('',(16.3544124214382,6.5953831679735,-95.736));
#12585=CARTESIAN_POINT('',(16.3544124214382,7.8953831679735,-92.686));
#12586=CARTESIAN_POINT('',(16.4044124214381,7.8953831679735,-92.686));
#12587=CARTESIAN_POINT('',(16.4044124214381,10.8953831679735,-92.686));
#12588=CARTESIAN_POINT('',(16.4044124214381,10.8953831679735,-92.686));
#12589=CARTESIAN_POINT('',(16.3544124214382,10.8953831679735,-92.686));
#12590=CARTESIAN_POINT('',(16.3544124214382,10.8953831679735,-92.686));
#12591=CARTESIAN_POINT('',(16.9044124214381,10.7953831679735,-94.086));
#12592=CARTESIAN_POINT('',(16.9044124214381,10.7953831679735,-93.3445786437627));
#12593=CARTESIAN_POINT('',(16.9044124214381,11.5368045242108,-94.086));
#12594=CARTESIAN_POINT('',(16.9044124214381,11.5368045242108,-95.736));
#12595=CARTESIAN_POINT('',(16.9044124214381,11.5368045242108,-95.886));
#12596=CARTESIAN_POINT('',(16.9044124214381,10.7953831679735,-95.886));
#12597=CARTESIAN_POINT('',(16.9044124214381,10.7953831679735,-96.6274213562373));
#12598=CARTESIAN_POINT('',(16.9044124214381,10.8953831679735,-96.6274213562373));
#12599=CARTESIAN_POINT('',(16.9044124214381,7.9953831679735,-96.6274213562373));
#12600=CARTESIAN_POINT('',(16.9044124214381,7.9953831679735,-95.886));
#12601=CARTESIAN_POINT('',(16.9044124214381,7.25396181173619,-95.886));
#12602=CARTESIAN_POINT('',(16.9044124214381,7.2539618117362,-95.736));
#12603=CARTESIAN_POINT('',(16.9044124214381,7.2539618117362,-94.086));
#12604=CARTESIAN_POINT('',(16.9044124214381,7.9953831679735,-94.086));
#12605=CARTESIAN_POINT('',(16.9044124214381,7.9953831679735,-93.3445786437627));
#12606=CARTESIAN_POINT('',(16.9044124214381,10.8953831679735,-93.3445786437627));
#12607=CARTESIAN_POINT('',(16.9044124214381,7.8953831679735,-95.986));
#12608=CARTESIAN_POINT('',(16.9044124214381,6.86308646411619,-95.986));
#12609=CARTESIAN_POINT('',(16.9044124214381,7.8953831679735,-97.0182967038573));
#12610=CARTESIAN_POINT('',(16.9044124214381,10.8953831679735,-97.0182967038573));
#12611=CARTESIAN_POINT('',(16.9044124214381,10.8953831679735,-97.0182967038573));
#12612=CARTESIAN_POINT('',(16.9044124214381,10.8953831679735,-95.986));
#12613=CARTESIAN_POINT('',(16.9044124214381,11.9276798718308,-95.986));
#12614=CARTESIAN_POINT('',(16.9044124214381,11.9276798718308,-95.736));
#12615=CARTESIAN_POINT('',(16.9044124214381,11.9276798718308,-93.986));
#12616=CARTESIAN_POINT('',(16.9044124214381,10.8953831679735,-93.986));
#12617=CARTESIAN_POINT('',(16.9044124214381,10.8953831679735,-92.9537032961427));
#12618=CARTESIAN_POINT('',(16.9044124214381,10.8953831679735,-92.9537032961427));
#12619=CARTESIAN_POINT('',(16.9044124214381,7.8953831679735,-92.9537032961427));
#12620=CARTESIAN_POINT('',(16.9044124214381,7.8953831679735,-93.986));
#12621=CARTESIAN_POINT('',(16.9044124214381,6.86308646411619,-93.986));
#12622=CARTESIAN_POINT('',(16.9044124214381,6.86308646411619,-95.736));
#12623=CARTESIAN_POINT('',(16.9044124214381,10.8953831679735,-95.736));
#12624=CARTESIAN_POINT('',(16.3544124214382,12.1953831679735,-93.986));
#12625=CARTESIAN_POINT('',(16.4044124214381,12.1953831679735,-93.986));
#12626=CARTESIAN_POINT('',(16.4044124214381,12.1953831679735,-95.736));
#12627=CARTESIAN_POINT('',(16.4044124214381,12.1953831679735,-95.986));
#12628=CARTESIAN_POINT('',(16.3544124214382,12.1953831679735,-95.986));
#12629=CARTESIAN_POINT('',(16.3544124214382,12.1953831679735,-95.736));
#12630=CARTESIAN_POINT('',(16.3544124214382,10.8953831679735,-97.286));
#12631=CARTESIAN_POINT('',(16.4044124214381,10.8953831679735,-97.286));
#12632=CARTESIAN_POINT('',(16.4044124214381,10.8953831679735,-97.286));
#12633=CARTESIAN_POINT('',(16.4044124214381,7.8953831679735,-97.286));
#12634=CARTESIAN_POINT('',(16.3544124214382,7.8953831679735,-97.286));
#12635=CARTESIAN_POINT('',(16.3544124214382,10.8953831679735,-97.286));
#12636=CARTESIAN_POINT('',(16.3044124214382,10.8953831679735,-94.986));
#12637=CARTESIAN_POINT('',(16.3044124214382,10.8953831679735,-94.086));
#12638=CARTESIAN_POINT('',(16.3044124214382,10.8953831679735,-95.886));
#12639=CARTESIAN_POINT('',(16.3044124214382,10.7953831679735,-94.086));
#12640=CARTESIAN_POINT('',(16.3044124214382,10.7953831679735,-93.986));
#12641=CARTESIAN_POINT('',(16.3044124214382,10.8953831679735,-93.986));
#12642=CARTESIAN_POINT('',(16.3044124214382,7.9953831679735,-93.986));
#12643=CARTESIAN_POINT('',(16.3044124214382,7.9953831679735,-94.086));
#12644=CARTESIAN_POINT('',(16.3044124214382,7.8953831679735,-94.086));
#12645=CARTESIAN_POINT('',(16.3044124214382,7.8953831679735,-95.736));
#12646=CARTESIAN_POINT('',(16.3044124214382,7.8953831679735,-95.886));
#12647=CARTESIAN_POINT('',(16.3044124214382,7.9953831679735,-95.886));
#12648=CARTESIAN_POINT('',(16.3044124214382,7.9953831679735,-95.986));
#12649=CARTESIAN_POINT('',(16.3044124214382,10.8953831679735,-95.986));
#12650=CARTESIAN_POINT('',(16.3044124214382,10.7953831679735,-95.986));
#12651=CARTESIAN_POINT('',(16.3044124214382,10.7953831679735,-95.886));
#12652=CARTESIAN_POINT('',(16.3044124214382,9.3953831679735,-94.986));
#12653=CARTESIAN_POINT('',(16.4044124214381,10.8953831679735,-95.986));
#12654=CARTESIAN_POINT('',(16.3544124214382,10.8953831679735,-95.986));
#12655=CARTESIAN_POINT('',(16.4044124214381,7.8953831679735,-95.986));
#12656=CARTESIAN_POINT('',(16.3544124214382,7.8953831679735,-95.986));
#12657=CARTESIAN_POINT('',(16.4044124214381,7.8953831679735,-93.986));
#12658=CARTESIAN_POINT('',(16.3544124214382,7.8953831679735,-93.986));
#12659=CARTESIAN_POINT('',(16.4044124214381,10.8953831679735,-93.986));
#12660=CARTESIAN_POINT('',(16.3544124214382,10.8953831679735,-93.986));
#12661=CARTESIAN_POINT('',(16.8526882835071,7.8953831679735,-97.1066896551724));
#12662=CARTESIAN_POINT('',(16.8415514890736,7.8953831679735,-97.1111443729458));
#12663=CARTESIAN_POINT('',(16.8415514890736,7.8953831679735,-95.986));
#12664=CARTESIAN_POINT('',(16.8415514890736,6.77023879502767,-95.986));
#12665=CARTESIAN_POINT('',(16.4044124214381,6.5953831679735,-95.986));
#12666=CARTESIAN_POINT('',(16.4044124214381,7.8953831679735,-95.986));
#12667=CARTESIAN_POINT('',(16.8526882835071,10.8953831679735,-97.1066896551724));
#12668=CARTESIAN_POINT('',(16.8415514890736,10.8953831679735,-97.1111443729458));
#12669=CARTESIAN_POINT('',(16.8415514890736,10.8953831679735,-97.1111443729458));
#12670=CARTESIAN_POINT('',(16.9044124214381,10.8953831679735,-97.086));
#12671=CARTESIAN_POINT('',(16.8415514890736,6.77023879502767,-95.736));
#12672=CARTESIAN_POINT('',(16.8415514890736,6.77023879502767,-93.986));
#12673=CARTESIAN_POINT('',(16.4044124214381,6.5953831679735,-93.986));
#12674=CARTESIAN_POINT('',(16.4044124214381,6.5953831679735,-95.736));
#12675=CARTESIAN_POINT('',(16.4044124214381,12.1953831679735,-95.986));
#12676=CARTESIAN_POINT('',(16.8415514890736,12.0205275409193,-95.986));
#12677=CARTESIAN_POINT('',(16.8415514890736,10.8953831679735,-95.986));
#12678=CARTESIAN_POINT('',(16.4044124214381,10.8953831679735,-95.986));
#12679=CARTESIAN_POINT('',(16.8415514890736,7.8953831679735,-93.986));
#12680=CARTESIAN_POINT('',(16.8415514890736,7.8953831679735,-92.8608556270542));
#12681=CARTESIAN_POINT('',(16.4044124214381,7.8953831679735,-92.686));
#12682=CARTESIAN_POINT('',(16.4044124214381,7.8953831679735,-93.986));
#12683=CARTESIAN_POINT('',(16.4044124214381,12.1953831679735,-93.986));
#12684=CARTESIAN_POINT('',(16.8415514890736,12.0205275409193,-93.986));
#12685=CARTESIAN_POINT('',(16.8415514890736,12.0205275409193,-95.736));
#12686=CARTESIAN_POINT('',(16.4044124214381,12.1953831679735,-95.736));
#12687=CARTESIAN_POINT('',(16.8415514890736,10.8953831679735,-92.8608556270542));
#12688=CARTESIAN_POINT('',(16.8415514890736,10.8953831679735,-92.8608556270542));
#12689=CARTESIAN_POINT('',(16.4044124214381,10.8953831679735,-92.686));
#12690=CARTESIAN_POINT('',(16.4044124214381,10.8953831679735,-92.686));
#12691=CARTESIAN_POINT('',(16.8415514890736,10.8953831679735,-93.986));
#12692=CARTESIAN_POINT('',(16.4044124214381,10.8953831679735,-93.986));
#12693=CARTESIAN_POINT('',(16.7044124214382,11.2953831679735,-94.086));
#12694=CARTESIAN_POINT('',(16.8751230995568,11.4660938460922,-94.086));
#12695=CARTESIAN_POINT('',(16.8751230995568,10.7953831679735,-94.086));
#12696=CARTESIAN_POINT('',(16.8751230995568,10.7953831679735,-93.4152893218814));
#12697=CARTESIAN_POINT('',(16.3044124214381,10.7953831679735,-93.986));
#12698=CARTESIAN_POINT('',(16.7044124214382,10.7953831679735,-94.086));
#12699=CARTESIAN_POINT('',(16.7044124214382,11.2953831679735,-95.886));
#12700=CARTESIAN_POINT('',(16.8751230995568,11.4660938460922,-95.886));
#12701=CARTESIAN_POINT('',(16.8751230995568,11.4660938460921,-95.736));
#12702=CARTESIAN_POINT('',(16.3044124214381,10.8953831679735,-95.736));
#12703=CARTESIAN_POINT('',(16.8751230995568,10.8953831679735,-93.4152893218814));
#12704=CARTESIAN_POINT('',(16.8751230995568,7.9953831679735,-93.4152893218814));
#12705=CARTESIAN_POINT('',(16.3044124214381,7.9953831679735,-93.986));
#12706=CARTESIAN_POINT('',(16.3044124214381,10.8953831679735,-93.986));
#12707=CARTESIAN_POINT('',(16.7044124214382,10.7953831679735,-96.386));
#12708=CARTESIAN_POINT('',(16.8751230995568,10.7953831679735,-96.5567106781187));
#12709=CARTESIAN_POINT('',(16.8751230995568,10.7953831679735,-95.886));
#12710=CARTESIAN_POINT('',(16.7044124214382,10.7953831679735,-95.886));
#12711=CARTESIAN_POINT('',(16.8751230995568,7.9953831679735,-94.086));
#12712=CARTESIAN_POINT('',(16.8751230995568,7.32467248985485,-94.086));
#12713=CARTESIAN_POINT('',(16.3044124214381,7.8953831679735,-94.086));
#12714=CARTESIAN_POINT('',(16.7044124214382,7.9953831679735,-94.086));
#12715=CARTESIAN_POINT('',(16.7044124214382,7.9953831679735,-96.386));
#12716=CARTESIAN_POINT('',(16.8751230995568,7.9953831679735,-96.5567106781187));
#12717=CARTESIAN_POINT('',(16.8751230995568,10.8953831679735,-96.5567106781187));
#12718=CARTESIAN_POINT('',(16.3044124214381,10.8953831679735,-95.986));
#12719=CARTESIAN_POINT('',(16.8751230995568,7.32467248985485,-95.736));
#12720=CARTESIAN_POINT('',(16.8751230995568,7.32467248985485,-95.886));
#12721=CARTESIAN_POINT('',(16.3044124214381,7.8953831679735,-95.886));
#12722=CARTESIAN_POINT('',(16.3044124214381,7.8953831679735,-95.736));
#12723=CARTESIAN_POINT('',(16.8751230995568,7.9953831679735,-95.886));
#12724=CARTESIAN_POINT('',(16.7044124214382,7.9953831679735,-95.886));
#12725=CARTESIAN_POINT('',(16.8044124214382,7.25396181173619,-95.886));
#12726=CARTESIAN_POINT('',(16.8044124214382,7.2539618117362,-94.086));
#12727=CARTESIAN_POINT('',(16.8044124214382,7.2539618117362,-95.736));
#12728=CARTESIAN_POINT('',(16.8044124214382,7.9953831679735,-93.3445786437627));
#12729=CARTESIAN_POINT('',(16.8044124214382,7.9953831679735,-94.086));
#12730=CARTESIAN_POINT('',(16.8044124214382,7.9953831679735,-96.6274213562373));
#12731=CARTESIAN_POINT('',(16.8044124214382,7.9953831679735,-95.886));
#12732=CARTESIAN_POINT('',(16.8044124214382,10.7953831679735,-93.3445786437627));
#12733=CARTESIAN_POINT('',(16.8044124214382,10.8953831679735,-93.3445786437627));
#12734=CARTESIAN_POINT('',(16.8044124214382,10.7953831679735,-96.6274213562373));
#12735=CARTESIAN_POINT('',(16.8044124214382,10.8953831679735,-96.6274213562373));
#12736=CARTESIAN_POINT('',(16.8044124214382,11.5368045242108,-94.086));
#12737=CARTESIAN_POINT('',(16.8044124214382,10.7953831679735,-94.086));
#12738=CARTESIAN_POINT('',(16.8044124214382,11.5368045242108,-95.886));
#12739=CARTESIAN_POINT('',(16.8044124214382,10.7953831679735,-95.886));
#12740=CARTESIAN_POINT('',(16.8044124214382,11.5368045242108,-95.736));
#12741=CARTESIAN_POINT('',(16.8044124214382,10.8953831679735,-92.9537032961427));
#12742=CARTESIAN_POINT('',(16.8044124214382,7.8953831679735,-92.9537032961427));
#12743=CARTESIAN_POINT('',(16.8044124214382,10.8953831679735,-92.9537032961427));
#12744=CARTESIAN_POINT('',(16.8044124214382,6.86308646411619,-93.986));
#12745=CARTESIAN_POINT('',(16.8044124214382,7.8953831679735,-93.986));
#12746=CARTESIAN_POINT('',(16.8044124214382,11.9276798718308,-93.986));
#12747=CARTESIAN_POINT('',(16.8044124214382,10.8953831679735,-93.986));
#12748=CARTESIAN_POINT('',(16.8044124214382,6.86308646411619,-95.986));
#12749=CARTESIAN_POINT('',(16.8044124214382,6.86308646411619,-95.736));
#12750=CARTESIAN_POINT('',(16.8044124214382,11.9276798718308,-95.986));
#12751=CARTESIAN_POINT('',(16.8044124214382,11.9276798718308,-95.736));
#12752=CARTESIAN_POINT('',(16.8044124214382,7.8953831679735,-97.0182967038573));
#12753=CARTESIAN_POINT('',(16.8044124214382,7.8953831679735,-95.986));
#12754=CARTESIAN_POINT('',(16.8044124214382,10.8953831679735,-97.0182967038573));
#12755=CARTESIAN_POINT('',(16.8044124214382,10.8953831679735,-95.986));
#12756=CARTESIAN_POINT('',(16.8044124214382,10.8953831679735,-97.0182967038573));
#12757=CARTESIAN_POINT('',(-0.566747097521335,-3.5046168320265,-94.9360000000001));
#12758=CARTESIAN_POINT('',(-0.566747097521335,18.8953831679735,-94.9360000000001));
#12759=CARTESIAN_POINT('',(-0.566747097521337,16.8953831679735,-94.9360000000001));
#12760=CARTESIAN_POINT('',(-0.566747097521335,18.8953831679735,-96.336));
#12761=CARTESIAN_POINT('',(-0.566747097521335,18.8953831679735,-95.036));
#12762=CARTESIAN_POINT('',(-0.566747097521335,21.8953831679735,-95.036));
#12763=CARTESIAN_POINT('',(-0.566747097521337,16.8953831679735,-95.036));
#12764=CARTESIAN_POINT('',(-0.566747097521335,16.8953831679735,-97.8859999999999));
#12765=CARTESIAN_POINT('',(-0.566747097521335,21.8953831679735,-96.336));
#12766=CARTESIAN_POINT('',(14.6544374214382,18.8953831679735,-94.9360000000001));
#12767=CARTESIAN_POINT('',(10.0044124214382,18.8953831679735,-94.8360000000001));
#12768=CARTESIAN_POINT('',(10.0044124214382,18.8953831679735,-89.335925));
#12769=CARTESIAN_POINT('',(10.0044124214382,18.8953831679735,-89.335925));
#12770=CARTESIAN_POINT('',(9.50441242143817,18.8953831679735,-88.835925));
#12771=CARTESIAN_POINT('',(15.4044124214382,18.8953831679735,-88.835925));
#12772=CARTESIAN_POINT('',(-1.66674709752127,18.8953831679735,-88.835925));
#12773=CARTESIAN_POINT('',(-1.66674709752127,18.8953831679735,-94.8360000000001));
#12774=CARTESIAN_POINT('',(-1.66674709752127,18.8953831679735,-89.860987814467));
#12775=CARTESIAN_POINT('',(-26.1667470975213,18.8953831679735,-94.835925));
#12776=CARTESIAN_POINT('',(-1.1826023606792,18.8953831679735,-93.9456936994239));
#12777=CARTESIAN_POINT('',(-7.16674709752127,18.8953831679735,-94.835925));
#12778=CARTESIAN_POINT('',(-1.11860874804752,18.8953831679735,-94.986));
#12779=CARTESIAN_POINT('',(-7.16674709752127,18.8953831679735,-95.136075));
#12780=CARTESIAN_POINT('',(-1.1826023606792,18.8953831679735,-96.0263063005761));
#12781=CARTESIAN_POINT('',(-26.1667470975213,18.8953831679735,-95.136075));
#12782=CARTESIAN_POINT('',(-1.66674709752127,18.8953831679735,-100.111012185533));
#12783=CARTESIAN_POINT('',(-1.66674709752127,18.8953831679735,-95.136075));
#12784=CARTESIAN_POINT('',(-1.66674709752127,18.8953831679735,-101.136075));
#12785=CARTESIAN_POINT('',(8.20441242143817,18.8953831679735,-101.136075));
#12786=CARTESIAN_POINT('',(9.50441242143817,18.8953831679735,-101.136075));
#12787=CARTESIAN_POINT('',(9.50441242143817,18.8953831679735,-101.136075));
#12788=CARTESIAN_POINT('',(10.0044124214382,18.8953831679735,-100.636075));
#12789=CARTESIAN_POINT('',(10.0044124214382,18.8953831679735,-97.3860000000001));
#12790=CARTESIAN_POINT('',(-0.866747097521337,18.8953831679735,-95.036));
#12791=CARTESIAN_POINT('',(15.4044124214382,18.8953831679735,-94.8360000000001));
#12792=CARTESIAN_POINT('',(8.24583377767543,26.4953831679735,-97.9860000000001));
#12793=CARTESIAN_POINT('',(10.8044124214382,26.4953831679735,-97.9860000000001));
#12794=CARTESIAN_POINT('',(15.3544124214382,26.4953831679735,-97.9860000000001));
#12795=CARTESIAN_POINT('',(10.8044124214382,26.8953831679735,-97.986));
#12796=CARTESIAN_POINT('',(10.8044124214382,26.5948106553202,-97.986));
#12797=CARTESIAN_POINT('',(8.54583377767546,26.5948106553202,-97.986));
#12798=CARTESIAN_POINT('',(15.3544124214382,26.5948106553202,-97.986));
#12799=CARTESIAN_POINT('',(15.3544124214382,21.8953831679735,-97.986));
#12800=CARTESIAN_POINT('',(8.54583377767546,21.8953831679735,-97.986));
#12801=CARTESIAN_POINT('',(10.0044124214382,29.0948106553202,-97.3860000000001));
#12802=CARTESIAN_POINT('',(10.0044124214382,29.0948106553202,-89.335925));
#12803=CARTESIAN_POINT('',(10.0044124214382,29.0948106553202,-90.235925));
#12804=CARTESIAN_POINT('',(9.50441242143817,29.0948106553202,-88.835925));
#12805=CARTESIAN_POINT('',(9.50441242143817,29.0948106553202,-88.835925));
#12806=CARTESIAN_POINT('',(8.20441242143817,29.0948106553202,-88.835925));
#12807=CARTESIAN_POINT('',(-1.66674709752127,29.0948106553202,-88.835925));
#12808=CARTESIAN_POINT('',(-1.66674709752127,29.0948106553202,-94.835925));
#12809=CARTESIAN_POINT('',(-1.66674709752127,29.0948106553202,-89.860987814467));
#12810=CARTESIAN_POINT('',(-26.1667470975213,29.0948106553202,-94.835925));
#12811=CARTESIAN_POINT('',(-1.45701016040427,29.0948106553202,-91.0373857414856));
#12812=CARTESIAN_POINT('',(10.0044124214382,29.0948106553202,-90.235925));
#12813=CARTESIAN_POINT('',(3.72055720118283,29.0948106553202,-99.4726494542366));
#12814=CARTESIAN_POINT('',(3.86883266195847,20.0948106553202,-88.835925));
#12815=CARTESIAN_POINT('',(-1.66674709752127,20.0948106553202,-88.835925));
#12816=CARTESIAN_POINT('',(9.50441242143817,20.0948106553202,-88.835925));
#12817=CARTESIAN_POINT('',(8.06162254169832,20.0948106553202,-87.3931351202602));
#12818=CARTESIAN_POINT('',(10.0044124214382,20.0948106553202,-89.335925));
#12819=CARTESIAN_POINT('',(10.0044124214382,20.0948106553202,-97.3860000000001));
#12820=CARTESIAN_POINT('',(10.0044124214382,20.0948106553202,-90.235925));
#12821=CARTESIAN_POINT('',(10.0044124214382,20.0948106553202,-90.235925));
#12822=CARTESIAN_POINT('',(-1.45701016040427,20.0948106553202,-91.0373857414856));
#12823=CARTESIAN_POINT('',(-26.1667470975213,20.0948106553202,-94.835925));
#12824=CARTESIAN_POINT('',(-1.66674709752127,20.0948106553202,-89.860987814467));
#12825=CARTESIAN_POINT('',(-1.66674709752127,20.0948106553202,-90.4993505457634));
#12826=CARTESIAN_POINT('',(3.86883266195847,20.0948106553202,-91.585925));
#12827=CARTESIAN_POINT('',(-1.11860874804752,20.0948106553202,-94.986));
#12828=CARTESIAN_POINT('',(-1.11860874804752,29.9948106553202,-94.986));
#12829=CARTESIAN_POINT('',(-7.16674709752127,29.9948106553202,-95.136075));
#12830=CARTESIAN_POINT('',(-1.1826023606792,29.9948106553202,-96.0263063005761));
#12831=CARTESIAN_POINT('',(-1.1826023606792,21.5948106553202,-96.0263063005761));
#12832=CARTESIAN_POINT('',(-7.16674709752127,20.0948106553202,-95.136075));
#12833=CARTESIAN_POINT('',(8.20441242143817,20.0948106553202,-101.136075));
#12834=CARTESIAN_POINT('',(-1.66674709752127,20.0948106553202,-101.136075));
#12835=CARTESIAN_POINT('',(9.50441242143817,20.0948106553202,-101.136075));
#12836=CARTESIAN_POINT('',(9.50441242143817,19.4953831679735,-101.136075));
#12837=CARTESIAN_POINT('',(-1.66674709752127,19.4953831679735,-101.136075));
#12838=CARTESIAN_POINT('',(8.20441242143817,19.4953831679735,-101.136075));
#12839=CARTESIAN_POINT('',(9.50441242143817,20.0948106553202,-88.835925));
#12840=CARTESIAN_POINT('',(-1.66674709752127,19.4953831679735,-88.835925));
#12841=CARTESIAN_POINT('',(8.20441242143817,19.4953831679735,-88.835925));
#12842=CARTESIAN_POINT('',(-1.1826023606792,21.5948106553202,-93.9456936994239));
#12843=CARTESIAN_POINT('',(-1.1826023606792,29.9948106553202,-93.9456936994239));
#12844=CARTESIAN_POINT('',(-7.16674709752127,29.9948106553202,-94.835925));
#12845=CARTESIAN_POINT('',(-7.16674709752127,20.0948106553202,-94.835925));
#12846=CARTESIAN_POINT('',(6.37461442220778,23.0448106553202,-100.839806741762));
#12847=CARTESIAN_POINT('',(6.37461442220778,23.0448106553202,-99.4822547979149));
#12848=CARTESIAN_POINT('',(6.37461442220778,23.0448106553202,-90.4897452020851));
#12849=CARTESIAN_POINT('',(4.37930030689891,23.0448106553202,-99.3427288430054));
#12850=CARTESIAN_POINT('',(4.57461442220778,23.0448106553202,-99.3563865364166));
#12851=CARTESIAN_POINT('',(4.57461442220778,23.0448106553202,-100.839806741762));
#12852=CARTESIAN_POINT('',(4.57461442220778,23.0448106553202,-90.6156134635835));
#12853=CARTESIAN_POINT('',(10.0044124214382,23.0448106553202,-90.235925));
#12854=CARTESIAN_POINT('',(4.27461442220778,23.0448106553202,-100.839806741762));
#12855=CARTESIAN_POINT('',(4.57461442220778,24.5948106553202,-99.3563865364166));
#12856=CARTESIAN_POINT('',(4.57461442220778,26.1448106553202,-99.3563865364166));
#12857=CARTESIAN_POINT('',(4.57461442220778,26.1448106553202,-100.839806741762));
#12858=CARTESIAN_POINT('',(4.57461442220778,26.1448106553202,-90.6156134635835));
#12859=CARTESIAN_POINT('',(4.57461442220778,24.5948106553202,-90.6156134635835));
#12860=CARTESIAN_POINT('',(4.57461442220778,24.5948106553202,-100.839806741762));
#12861=CARTESIAN_POINT('',(4.37930030689891,26.1448106553202,-99.3427288430054));
#12862=CARTESIAN_POINT('',(6.37461442220778,26.1448106553202,-99.4822547979149));
#12863=CARTESIAN_POINT('',(6.37461442220778,26.1448106553202,-100.839806741762));
#12864=CARTESIAN_POINT('',(6.37461442220778,26.1448106553202,-90.4897452020851));
#12865=CARTESIAN_POINT('',(10.0044124214382,26.1448106553202,-90.235925));
#12866=CARTESIAN_POINT('',(4.27461442220778,26.1448106553202,-100.839806741762));
#12867=CARTESIAN_POINT('',(6.37461442220778,24.5948106553202,-99.4822547979149));
#12868=CARTESIAN_POINT('',(6.37461442220778,24.5948106553202,-90.4897452020851));
#12869=CARTESIAN_POINT('',(6.37461442220778,24.5948106553202,-100.839806741762));
#12870=CARTESIAN_POINT('',(8.54583377767546,16.8953831679735,-97.986));
#12871=CARTESIAN_POINT('',(15.3544124214382,16.8953831679735,-97.986));
#12872=CARTESIAN_POINT('',(10.8044124214382,16.8953831679735,-97.986));
#12873=CARTESIAN_POINT('',(15.3544124214382,16.8953831679735,-97.786));
#12874=CARTESIAN_POINT('',(15.5544124214382,16.8953831679735,-97.786));
#12875=CARTESIAN_POINT('',(15.5544124214382,16.8953831679735,-91.986));
#12876=CARTESIAN_POINT('',(15.5544124214382,16.8953831679735,-92.1860000000001));
#12877=CARTESIAN_POINT('',(15.3544124214382,16.8953831679735,-92.1860000000001));
#12878=CARTESIAN_POINT('',(15.3544124214382,16.8953831679735,-91.986));
#12879=CARTESIAN_POINT('',(8.24583377767543,16.8953831679735,-91.986));
#12880=CARTESIAN_POINT('',(10.8044124214382,16.8953831679735,-91.986));
#12881=CARTESIAN_POINT('',(10.8044124214382,16.8953831679735,-92.5860000000001));
#12882=CARTESIAN_POINT('',(10.8044124214382,16.8953831679735,-92.6860000000001));
#12883=CARTESIAN_POINT('',(8.24583377767543,16.8953831679735,-92.6860000000001));
#12884=CARTESIAN_POINT('',(10.0044124214382,16.8953831679735,-92.6860000000001));
#12885=CARTESIAN_POINT('',(10.0044124214382,16.8953831679735,-97.8859999999999));
#12886=CARTESIAN_POINT('',(10.0044124214382,16.8953831679735,-91.986));
#12887=CARTESIAN_POINT('',(8.24583377767543,16.8953831679735,-91.986));
#12888=CARTESIAN_POINT('',(8.67009784638736,16.8953831679735,-91.986));
#12889=CARTESIAN_POINT('',(8.67009784638736,16.8953831679735,-92.0860000000001));
#12890=CARTESIAN_POINT('',(8.59938716826871,16.8953831679735,-92.0152893218814));
#12891=CARTESIAN_POINT('',(5.4872551339128,16.8953831679735,-95.1274213562372));
#12892=CARTESIAN_POINT('',(6.89583377767558,16.8953831679735,-93.7188427124745));
#12893=CARTESIAN_POINT('',(6.61299106520096,16.8953831679735,-93.4359999999999));
#12894=CARTESIAN_POINT('',(6.61299106520098,16.8953831679735,-93.8359999999999));
#12895=CARTESIAN_POINT('',(8.24583377767532,16.8953831679735,-93.8359999999998));
#12896=CARTESIAN_POINT('',(-0.466747097521346,16.8953831679735,-93.8360000000001));
#12897=CARTESIAN_POINT('',(-0.466747097521339,16.8953831679735,-93.9360000000001));
#12898=CARTESIAN_POINT('',(-0.566747097521335,16.8953831679735,-93.9360000000001));
#12899=CARTESIAN_POINT('',(-0.566747097521335,16.8953831679735,-97.8859999999999));
#12900=CARTESIAN_POINT('',(-0.566747097521335,16.8953831679735,-97.8859999999999));
#12901=CARTESIAN_POINT('',(-0.566747097521335,16.8953831679735,-96.0360000000001));
#12902=CARTESIAN_POINT('',(-0.466747097521339,16.8953831679735,-96.0360000000001));
#12903=CARTESIAN_POINT('',(-0.466747097521346,16.8953831679735,-96.1360000000001));
#12904=CARTESIAN_POINT('',(-0.766747097521306,16.8953831679735,-96.1360000000001));
#12905=CARTESIAN_POINT('',(6.61299106520098,16.8953831679735,-96.1360000000003));
#12906=CARTESIAN_POINT('',(6.61299106520096,16.8953831679735,-96.5360000000003));
#12907=CARTESIAN_POINT('',(6.89583377767558,16.8953831679735,-96.2531572875257));
#12908=CARTESIAN_POINT('',(6.8958337776754,16.8953831679735,-96.2531572875255));
#12909=CARTESIAN_POINT('',(8.59938716826871,16.8953831679735,-97.9567106781187));
#12910=CARTESIAN_POINT('',(8.67009784638736,16.8953831679735,-97.8860000000001));
#12911=CARTESIAN_POINT('',(8.67009784638736,16.8953831679735,-97.9860000000001));
#12912=CARTESIAN_POINT('',(8.54583377767546,16.8953831679735,-97.986));
#12913=CARTESIAN_POINT('',(10.0044124214382,16.8953831679735,-97.9860000000001));
#12914=CARTESIAN_POINT('',(10.0044124214382,16.8953831679735,-97.3860000000001));
#12915=CARTESIAN_POINT('',(10.0044124214382,16.8953831679735,-97.2860000000001));
#12916=CARTESIAN_POINT('',(8.54583377767546,16.8953831679735,-97.2860000000001));
#12917=CARTESIAN_POINT('',(10.8044124214382,16.8953831679735,-97.2860000000001));
#12918=CARTESIAN_POINT('',(10.8044124214382,16.8953831679735,-97.8859999999999));
#12919=CARTESIAN_POINT('',(8.24583377767543,16.8953831679735,-97.8859999999999));
#12920=CARTESIAN_POINT('',(-26.1667470975213,29.9948106553202,-95.136075));
#12921=CARTESIAN_POINT('',(-1.66674709752127,29.9948106553202,-100.111012185533));
#12922=CARTESIAN_POINT('',(-1.66674709752127,29.0948106553202,-100.111012185533));
#12923=CARTESIAN_POINT('',(-1.66674709752127,29.0948106553202,-100.111012185533));
#12924=CARTESIAN_POINT('',(-26.1667470975213,29.0948106553202,-95.136075));
#12925=CARTESIAN_POINT('',(-1.45701016040427,29.0948106553202,-98.9346142585144));
#12926=CARTESIAN_POINT('',(-1.45701016040427,29.0948106553202,-98.9346142585144));
#12927=CARTESIAN_POINT('',(-1.45701016040427,20.0948106553202,-98.9346142585144));
#12928=CARTESIAN_POINT('',(-26.1667470975213,20.0948106553202,-95.136075));
#12929=CARTESIAN_POINT('',(-1.66674709752127,20.0948106553202,-100.111012185533));
#12930=CARTESIAN_POINT('',(-1.66674709752127,29.0948106553202,-100.111012185533));
#12931=CARTESIAN_POINT('',(-26.1667470975213,29.0948106553202,-95.136075));
#12932=CARTESIAN_POINT('',(-1.66674709752127,20.0948106553202,-99.4726494542366));
#12933=CARTESIAN_POINT('',(-1.66674709752127,7.99509691164687,-95.136075));
#12934=CARTESIAN_POINT('',(10.0044124214382,29.0948106553202,-97.3860000000001));
#12935=CARTESIAN_POINT('',(10.0044124214382,29.0948106553202,-99.736075));
#12936=CARTESIAN_POINT('',(10.0044124214382,29.0948106553202,-100.636075));
#12937=CARTESIAN_POINT('',(10.0044124214382,26.8953831679735,-100.636075));
#12938=CARTESIAN_POINT('',(10.0044124214382,29.9948106553202,-100.636075));
#12939=CARTESIAN_POINT('',(10.0044124214382,29.9948106553202,-95.136075));
#12940=CARTESIAN_POINT('',(10.0044124214382,29.9948106553202,-98.2860000000001));
#12941=CARTESIAN_POINT('',(10.0044124214382,26.8953831679735,-98.2860000000001));
#12942=CARTESIAN_POINT('',(10.0044124214382,26.5948106553202,-98.2860000000001));
#12943=CARTESIAN_POINT('',(10.0044124214382,26.5948106553202,-93.136075));
#12944=CARTESIAN_POINT('',(10.0044124214382,26.5948106553202,-97.2860000000001));
#12945=CARTESIAN_POINT('',(10.0044124214382,26.8953831679735,-97.2860000000001));
#12946=CARTESIAN_POINT('',(10.0044124214382,21.8953831679735,-97.986));
#12947=CARTESIAN_POINT('',(10.0044124214382,18.8953831679735,-97.9860000000001));
#12948=CARTESIAN_POINT('',(10.0044124214382,18.8953831679735,-97.3860000000001));
#12949=CARTESIAN_POINT('',(10.0044124214382,26.8953831679735,-100.636075));
#12950=CARTESIAN_POINT('',(10.0044124214382,20.0948106553202,-100.636075));
#12951=CARTESIAN_POINT('',(10.0044124214382,20.0948106553202,-91.585925));
#12952=CARTESIAN_POINT('',(10.0044124214382,20.0948106553202,-99.736075));
#12953=CARTESIAN_POINT('',(10.0044124214382,24.5948106553202,-99.736075));
#12954=CARTESIAN_POINT('',(10.0044124214382,26.8953831679735,-97.3860000000001));
#12955=CARTESIAN_POINT('',(-1.66674709752127,29.0948106553202,-89.860987814467));
#12956=CARTESIAN_POINT('',(-1.66674709752127,7.99509691164687,-94.835925));
#12957=CARTESIAN_POINT('',(-1.45701016040427,29.0948106553202,-91.0373857414856));
#12958=CARTESIAN_POINT('',(-1.66674709752127,29.0948106553202,-89.860987814467));
#12959=CARTESIAN_POINT('',(-1.66674709752127,29.9948106553202,-89.860987814467));
#12960=CARTESIAN_POINT('',(-26.1667470975213,29.9948106553202,-94.835925));
#12961=CARTESIAN_POINT('',(-26.1667470975213,29.0948106553202,-94.835925));
#12962=CARTESIAN_POINT('',(10.0044124214382,24.5948106553202,-90.235925));
#12963=CARTESIAN_POINT('',(10.0044124214382,24.5948106553202,-90.235925));
#12964=CARTESIAN_POINT('',(3.73280334966556,29.0948106553202,-99.2975213718549));
#12965=CARTESIAN_POINT('',(3.33154735778857,20.0948106553202,-99.2694628195698));
#12966=CARTESIAN_POINT('',(10.0044124214382,24.5948106553202,-99.736075));
#12967=CARTESIAN_POINT('',(11.4616975416983,20.0948106553202,-99.1787898797399));
#12968=CARTESIAN_POINT('',(3.86883266195847,20.0948106553202,-91.585925));
#12969=CARTESIAN_POINT('',(8.54583377767546,26.5948106553202,-97.2860000000001));
#12970=CARTESIAN_POINT('',(10.8044124214382,26.5948106553202,-97.2860000000001));
#12971=CARTESIAN_POINT('',(10.8044124214382,45.8953831679735,-97.2860000000001));
#12972=CARTESIAN_POINT('',(8.54583377767546,46.8953831679735,-97.2860000000001));
#12973=CARTESIAN_POINT('',(10.0044124214382,29.9948106553202,-95.136075));
#12974=CARTESIAN_POINT('',(10.0044124214382,29.9948106553202,-91.6860000000001));
#12975=CARTESIAN_POINT('',(10.0044124214382,29.9948106553202,-89.335925));
#12976=CARTESIAN_POINT('',(10.0044124214382,29.0948106553202,-89.335925));
#12977=CARTESIAN_POINT('',(10.0044124214382,18.8953831679735,-89.335925));
#12978=CARTESIAN_POINT('',(10.0044124214382,18.8953831679735,-94.8360000000001));
#12979=CARTESIAN_POINT('',(10.0044124214382,18.8953831679735,-91.986));
#12980=CARTESIAN_POINT('',(10.0044124214382,21.8953831679735,-91.986));
#12981=CARTESIAN_POINT('',(10.0044124214382,45.8953831679735,-92.6860000000001));
#12982=CARTESIAN_POINT('',(10.0044124214382,26.5948106553202,-92.6860000000001));
#12983=CARTESIAN_POINT('',(10.0044124214382,26.5948106553202,-93.136075));
#12984=CARTESIAN_POINT('',(10.0044124214382,26.5948106553202,-91.6860000000001));
#12985=CARTESIAN_POINT('',(10.0044124214382,21.8953831679735,-91.6860000000001));
#12986=CARTESIAN_POINT('',(10.0044124214382,26.8953831679735,-97.3860000000001));
#12987=CARTESIAN_POINT('',(10.8044124214382,26.5948106553202,-92.5860000000001));
#12988=CARTESIAN_POINT('',(10.8044124214382,26.5948106553202,-92.6860000000001));
#12989=CARTESIAN_POINT('',(10.8044124214382,26.5948106553202,-91.986));
#12990=CARTESIAN_POINT('',(10.8044124214382,26.8953831679735,-92.6860000000001));
#12991=CARTESIAN_POINT('',(10.8044124214382,26.8953831679735,-91.986));
#12992=CARTESIAN_POINT('',(10.8044124214382,18.8953831679735,-91.986));
#12993=CARTESIAN_POINT('',(10.8044124214382,18.8953831679735,-92.1860125000001));
#12994=CARTESIAN_POINT('',(10.8044124214382,19.4953831679735,-91.986));
#12995=CARTESIAN_POINT('',(10.8044124214382,19.4953831679735,-91.986));
#12996=CARTESIAN_POINT('',(10.8044124214382,25.4953831679735,-91.986));
#12997=CARTESIAN_POINT('',(10.8044124214382,26.4953831679735,-91.986));
#12998=CARTESIAN_POINT('',(10.8044124214382,21.8953831679735,-91.986));
#12999=CARTESIAN_POINT('',(10.8044124214382,26.8953831679735,-92.5860000000001));
#13000=CARTESIAN_POINT('',(8.54583377767546,26.4953831679735,-91.986));
#13001=CARTESIAN_POINT('',(15.3544124214382,26.4953831679735,-91.986));
#13002=CARTESIAN_POINT('',(15.3544124214382,21.8953831679735,-91.986));
#13003=CARTESIAN_POINT('',(15.3544124214382,26.5948106553202,-91.986));
#13004=CARTESIAN_POINT('',(8.54583377767546,26.5948106553202,-91.986));
#13005=CARTESIAN_POINT('',(8.54583377767546,21.8953831679735,-91.986));
#13006=CARTESIAN_POINT('',(15.5544124214382,22.4953831679735,-94.986));
#13007=CARTESIAN_POINT('',(15.5544124214382,22.4953831679735,-97.086));
#13008=CARTESIAN_POINT('',(15.5544124214382,15.5953831679735,-97.786));
#13009=CARTESIAN_POINT('',(15.5544124214382,26.5948106553202,-97.786));
#13010=CARTESIAN_POINT('',(15.5544124214382,26.5948106553202,-91.986));
#13011=CARTESIAN_POINT('',(15.5544124214382,26.5948106553202,-92.1860000000001));
#13012=CARTESIAN_POINT('',(15.5544124214382,15.5953831679735,-92.1860000000001));
#13013=CARTESIAN_POINT('',(15.5544124214382,15.5953831679735,-91.986));
#13014=CARTESIAN_POINT('',(10.8044124214382,26.5948106553202,-97.3860000000001));
#13015=CARTESIAN_POINT('',(10.8044124214382,22.4953831679735,-97.9860000000001));
#13016=CARTESIAN_POINT('',(10.8044124214382,19.4953831679735,-97.9860000000001));
#13017=CARTESIAN_POINT('',(10.8044124214382,19.4953831679735,-95.1360000000001));
#13018=CARTESIAN_POINT('',(10.8044124214382,18.8953831679735,-97.9860000000001));
#13019=CARTESIAN_POINT('',(10.8044124214382,18.8953831679735,-97.9860000000001));
#13020=CARTESIAN_POINT('',(10.8044124214382,26.8953831679735,-97.9860000000001));
#13021=CARTESIAN_POINT('',(10.8044124214382,26.8953831679735,-97.3860000000001));
#13022=CARTESIAN_POINT('',(8.54583377767546,26.5948106553202,-92.6860000000001));
#13023=CARTESIAN_POINT('',(8.54583377767546,45.8953831679735,-92.6860000000001));
#13024=CARTESIAN_POINT('',(8.54583377767546,26.5948106553202,-98.2860000000001));
#13025=CARTESIAN_POINT('',(15.5044124214382,26.5948106553202,-98.2860000000001));
#13026=CARTESIAN_POINT('',(15.5044124214382,26.5948106553202,-97.8860000000001));
#13027=CARTESIAN_POINT('',(15.9044124214382,26.5948106553202,-97.8860000000001));
#13028=CARTESIAN_POINT('',(15.9044124214382,26.5948106553202,-98.136075));
#13029=CARTESIAN_POINT('',(15.9044124214382,26.5948106553202,-92.0860000000001));
#13030=CARTESIAN_POINT('',(15.5044124214382,26.5948106553202,-92.0860000000001));
#13031=CARTESIAN_POINT('',(15.5044124214382,26.5948106553202,-91.6860000000001));
#13032=CARTESIAN_POINT('',(0.0332529024787303,26.5948106553202,-91.6860000000001));
#13033=CARTESIAN_POINT('',(15.3544124214382,26.5948106553202,-92.1860000000001));
#13034=CARTESIAN_POINT('',(15.3544124214382,26.5948106553202,-97.786));
#13035=CARTESIAN_POINT('',(0.0332529024787303,26.5948106553202,-93.136075));
#13036=CARTESIAN_POINT('',(15.9044124214382,29.9948106553202,-98.136075));
#13037=CARTESIAN_POINT('',(15.9044124214382,29.9948106553202,-97.8860000000001));
#13038=CARTESIAN_POINT('',(15.9044124214382,29.9948106553202,-92.0860000000001));
#13039=CARTESIAN_POINT('',(15.9044124214382,19.4953831679735,-92.0860000000001));
#13040=CARTESIAN_POINT('',(15.9044124214382,19.4953831679735,-97.8860000000001));
#13041=CARTESIAN_POINT('',(15.9044124214382,19.4953831679735,-98.136075));
#13042=CARTESIAN_POINT('',(12.3544124214382,29.9948106553202,-98.286075));
#13043=CARTESIAN_POINT('',(9.50441242143817,29.9948106553202,-101.136075));
#13044=CARTESIAN_POINT('',(8.20441242143817,29.9948106553202,-101.136075));
#13045=CARTESIAN_POINT('',(-1.66674709752127,29.9948106553202,-101.136075));
#13046=CARTESIAN_POINT('',(-1.66674709752127,29.9948106553202,-95.136075));
#13047=CARTESIAN_POINT('',(-1.66674709752127,29.9948106553202,-94.835925));
#13048=CARTESIAN_POINT('',(-1.66674709752127,29.9948106553202,-88.835925));
#13049=CARTESIAN_POINT('',(8.20441242143817,29.9948106553202,-88.835925));
#13050=CARTESIAN_POINT('',(9.50441242143817,29.9948106553202,-88.835925));
#13051=CARTESIAN_POINT('',(12.5044874214382,29.9948106553202,-91.836));
#13052=CARTESIAN_POINT('',(8.54583377767546,29.9948106553202,-91.6860000000001));
#13053=CARTESIAN_POINT('',(15.5044124214382,29.9948106553202,-91.6860000000001));
#13054=CARTESIAN_POINT('',(15.5044124214382,29.9948106553202,-92.0860000000001));
#13055=CARTESIAN_POINT('',(15.5044124214382,29.9948106553202,-97.8860000000001));
#13056=CARTESIAN_POINT('',(15.5044124214382,29.9948106553202,-98.2860000000001));
#13057=CARTESIAN_POINT('',(8.54583377767546,29.9948106553202,-98.2860000000001));
#13058=CARTESIAN_POINT('',(9.2044124214382,29.9948106553202,-95.136075));
#13059=CARTESIAN_POINT('',(15.5044124214382,21.8953831679735,-91.6860000000001));
#13060=CARTESIAN_POINT('',(8.54583377767546,21.8953831679735,-91.6860000000001));
#13061=CARTESIAN_POINT('',(15.5044124214382,21.8953831679735,-98.2860000000001));
#13062=CARTESIAN_POINT('',(8.54583377767546,21.8953831679735,-98.2860000000001));
#13063=CARTESIAN_POINT('',(9.50441242143817,19.4953831679735,-101.136075));
#13064=CARTESIAN_POINT('',(9.50441242143817,29.0948106553202,-101.136075));
#13065=CARTESIAN_POINT('',(3.72055720118283,29.0948106553202,-101.136075));
#13066=CARTESIAN_POINT('',(-1.66674709752127,29.0948106553202,-101.136075));
#13067=CARTESIAN_POINT('',(-1.66674709752127,19.4953831679735,-101.136075));
#13068=CARTESIAN_POINT('',(8.20441242143817,19.4953831679735,-101.136075));
#13069=CARTESIAN_POINT('',(9.50441242143817,29.9948106553202,-88.835925));
#13070=CARTESIAN_POINT('',(-1.66674709752127,19.4953831679735,-88.835925));
#13071=CARTESIAN_POINT('',(8.20441242143817,19.4953831679735,-88.835925));
#13072=CARTESIAN_POINT('',(-1.66674709752127,29.0948106553202,-95.136075));
#13073=CARTESIAN_POINT('',(-1.66674709752127,7.99509691164687,-95.136075));
#13074=CARTESIAN_POINT('',(10.0044124214382,29.0948106553202,-100.636075));
#13075=CARTESIAN_POINT('',(3.72055720118283,29.0948106553202,-99.4726494542366));
#13076=CARTESIAN_POINT('',(-1.66674709752127,7.99509691164687,-94.835925));
#13077=CARTESIAN_POINT('',(15.5044124214382,19.4953831679735,-97.8860000000001));
#13078=CARTESIAN_POINT('',(15.5044124214382,19.4953831679735,-92.0860000000001));
#13079=CARTESIAN_POINT('',(15.3544124214382,21.8953831679735,-91.986));
#13080=CARTESIAN_POINT('',(15.3544124214382,21.8953831679735,-92.1860000000001));
#13081=CARTESIAN_POINT('',(15.3544124214382,21.8953831679735,-97.986));
#13082=CARTESIAN_POINT('',(15.3544124214382,15.5953831679735,-97.786));
#13083=CARTESIAN_POINT('',(10.0044124214382,26.8953831679735,-89.335925));
#13084=CARTESIAN_POINT('',(9.50441242143817,19.4953831679735,-88.835925));
#13085=CARTESIAN_POINT('',(10.0044124214382,26.8953831679735,-100.636075));
#13086=CARTESIAN_POINT('',(9.50441242143817,19.4953831679735,-101.136075));
#13087=CARTESIAN_POINT('',(-0.566747097521335,-3.1046168320265,-93.9360000000001));
#13088=CARTESIAN_POINT('',(-0.566747097521335,-3.5046168320265,-94.9360000000001));
#13089=CARTESIAN_POINT('',(-0.566747097521335,21.8953831679735,-93.6360000000001));
#13090=CARTESIAN_POINT('',(-0.566747097521335,21.8953831679735,-95.036));
#13091=CARTESIAN_POINT('',(-0.566747097521335,-3.1046168320265,-96.0360000000001));
#13092=CARTESIAN_POINT('',(-0.566747097521335,21.8953831679735,-93.6360000000001));
#13093=CARTESIAN_POINT('',(6.61299106520098,21.8953831679735,-93.8359999999999));
#13094=CARTESIAN_POINT('',(-0.466747097521346,20.8953831679735,-93.8360000000001));
#13095=CARTESIAN_POINT('',(-0.766747097521306,21.8953831679735,-93.8360000000001));
#13096=CARTESIAN_POINT('',(8.59938716826871,-3.1046168320265,-92.0152893218814));
#13097=CARTESIAN_POINT('',(6.89583377767558,21.8953831679735,-93.7188427124745));
#13098=CARTESIAN_POINT('',(6.8958337776754,21.8953831679735,-93.7188427124747));
#13099=CARTESIAN_POINT('',(8.67009784638736,20.8953831679735,-91.986));
#13100=CARTESIAN_POINT('',(8.67009784638736,21.8953831679735,-92.0860000000001));
#13101=CARTESIAN_POINT('',(6.61299106520096,21.8953831679735,-93.4359999999999));
#13102=CARTESIAN_POINT('',(-0.466747097521339,21.8953831679735,-93.9360000000001));
#13103=CARTESIAN_POINT('',(8.54583377767546,18.8953831679735,-91.986));
#13104=CARTESIAN_POINT('',(8.54583377767546,26.4953831679735,-91.986));
#13105=CARTESIAN_POINT('',(15.5044124214382,26.4953831679735,-91.986));
#13106=CARTESIAN_POINT('',(15.5044124214382,-3.1046168320265,-91.986));
#13107=CARTESIAN_POINT('',(8.54583377767546,21.8953831679735,-91.986));
#13108=CARTESIAN_POINT('',(8.67009784638736,20.8953831679735,-97.9860000000001));
#13109=CARTESIAN_POINT('',(15.5044124214382,-3.1046168320265,-97.9860000000001));
#13110=CARTESIAN_POINT('',(15.5044124214382,26.4953831679735,-97.9860000000001));
#13111=CARTESIAN_POINT('',(8.24583377767543,26.4953831679735,-97.9860000000001));
#13112=CARTESIAN_POINT('',(14.6544374214382,18.8953831679735,-97.9860000000001));
#13113=CARTESIAN_POINT('',(8.54583377767546,21.8953831679735,-97.9860000000001));
#13114=CARTESIAN_POINT('',(15.6044124214382,21.8953831679735,-96.986));
#13115=CARTESIAN_POINT('',(15.6044124214382,-1.4551565470658,-96.986));
#13116=CARTESIAN_POINT('',(15.6044124214382,-3.0046168320265,-96.986));
#13117=CARTESIAN_POINT('',(15.6044124214382,-1.4551565470658,-98.1860000000001));
#13118=CARTESIAN_POINT('',(15.6044124214382,-1.4551565470658,-92.986));
#13119=CARTESIAN_POINT('',(15.6044124214382,21.8953831679735,-92.986));
#13120=CARTESIAN_POINT('',(15.6044124214382,-3.0046168320265,-92.986));
#13121=CARTESIAN_POINT('',(15.6044124214382,-3.0046168320265,-98.1860000000001));
#13122=CARTESIAN_POINT('',(15.6044124214382,22.4953831679735,-94.986));
#13123=CARTESIAN_POINT('',(15.6044124214382,22.4953831679735,-92.486));
#13124=CARTESIAN_POINT('',(15.6044124214382,10.8953831679735,-95.986));
#13125=CARTESIAN_POINT('',(15.6044124214382,11.3953831679735,-95.986));
#13126=CARTESIAN_POINT('',(15.6044124214382,10.8953831679735,-96.486));
#13127=CARTESIAN_POINT('',(15.6044124214382,11.3953831679735,-98.1860000000001));
#13128=CARTESIAN_POINT('',(15.6044124214382,11.3953831679735,-93.986));
#13129=CARTESIAN_POINT('',(15.6044124214382,10.8953831679735,-93.986));
#13130=CARTESIAN_POINT('',(15.6044124214382,10.8953831679735,-93.486));
#13131=CARTESIAN_POINT('',(15.6044124214382,10.8953831679735,-93.486));
#13132=CARTESIAN_POINT('',(15.6044124214382,7.8953831679735,-93.486));
#13133=CARTESIAN_POINT('',(15.6044124214382,7.8953831679735,-93.986));
#13134=CARTESIAN_POINT('',(15.6044124214382,7.3953831679735,-93.986));
#13135=CARTESIAN_POINT('',(15.6044124214382,7.3953831679735,-98.1860000000001));
#13136=CARTESIAN_POINT('',(15.6044124214382,7.3953831679735,-95.986));
#13137=CARTESIAN_POINT('',(15.6044124214382,7.8953831679735,-95.986));
#13138=CARTESIAN_POINT('',(15.6044124214382,7.8953831679735,-96.486));
#13139=CARTESIAN_POINT('',(15.6044124214382,21.8953831679735,-96.486));
#13140=CARTESIAN_POINT('',(15.6044124214382,26.8953831679735,-97.8860000000001));
#13141=CARTESIAN_POINT('',(15.6044124214382,26.4953831679735,-97.8860000000001));
#13142=CARTESIAN_POINT('',(15.6044124214382,26.8953831679735,-92.0860000000001));
#13143=CARTESIAN_POINT('',(15.6044124214382,26.4953831679735,-92.0860000000001));
#13144=CARTESIAN_POINT('',(15.6044124214382,26.4953831679735,-98.1859999999999));
#13145=CARTESIAN_POINT('',(15.6044124214382,21.8953831679735,-98.1860000000001));
#13146=CARTESIAN_POINT('',(14.6544374214382,18.8953831679735,-92.1860125000001));
#13147=CARTESIAN_POINT('',(10.4044124214382,20.8953831679735,-92.5860000000001));
#13148=CARTESIAN_POINT('',(10.4044124214382,19.4953831679735,-92.5860000000001));
#13149=CARTESIAN_POINT('',(10.4044124214382,25.9953831679735,-92.5860000000001));
#13150=CARTESIAN_POINT('',(5.54583377767546,25.9953831679735,-92.5860000000001));
#13151=CARTESIAN_POINT('',(10.7044124214382,25.9953831679735,-92.5860000000001));
#13152=CARTESIAN_POINT('',(10.7044124214382,21.8953831679735,-92.5860000000001));
#13153=CARTESIAN_POINT('',(10.7044124214382,19.4953831679735,-92.5860000000001));
#13154=CARTESIAN_POINT('',(12.4044124214382,19.4953831679735,-92.5860000000001));
#13155=CARTESIAN_POINT('',(5.54583377767546,21.8953831679735,-92.5860000000001));
#13156=CARTESIAN_POINT('',(10.4044124214382,20.8953831679735,-92.0860000000001));
#13157=CARTESIAN_POINT('',(10.4044124214382,19.4953831679735,-92.0860000000001));
#13158=CARTESIAN_POINT('',(10.4044124214382,26.4953831679735,-92.0860000000001));
#13159=CARTESIAN_POINT('',(10.4044124214382,25.9953831679735,-92.5860000000001));
#13160=CARTESIAN_POINT('',(10.4044124214382,19.4953831679735,-94.8360000000001));
#13161=CARTESIAN_POINT('',(10.4044124214382,20.8953831679735,-94.8360000000001));
#13162=CARTESIAN_POINT('',(10.7044124214382,26.7453831679735,-91.8360000000001));
#13163=CARTESIAN_POINT('',(10.7044124214382,26.4953831679735,-92.0860000000001));
#13164=CARTESIAN_POINT('',(10.7044124214382,22.4953831679735,-92.0860000000001));
#13165=CARTESIAN_POINT('',(10.7044124214382,19.4953831679735,-92.0860000000001));
#13166=CARTESIAN_POINT('',(10.7044124214382,19.4953831679735,-91.986));
#13167=CARTESIAN_POINT('',(10.7044124214382,26.8953831679735,-91.986));
#13168=CARTESIAN_POINT('',(10.8044124214382,19.4953831679735,-92.0860000000001));
#13169=CARTESIAN_POINT('',(10.8044124214382,19.4953831679735,-92.0860000000001));
#13170=CARTESIAN_POINT('',(12.4044124214382,19.4953831679735,-94.8360000000001));
#13171=CARTESIAN_POINT('',(10.8044124214382,26.4953831679735,-92.0860000000001));
#13172=CARTESIAN_POINT('',(10.8044124214382,21.8953831679735,-92.0860000000001));
#13173=CARTESIAN_POINT('',(8.24583377767543,26.4953831679735,-92.0860000000001));
#13174=CARTESIAN_POINT('',(5.54583377767546,25.9953831679735,-92.5860000000001));
#13175=CARTESIAN_POINT('',(10.8044124214382,26.4953831679735,-92.0860000000001));
#13176=CARTESIAN_POINT('',(10.8044124214382,21.8953831679735,-92.0860000000001));
#13177=CARTESIAN_POINT('',(15.5044124214382,26.4953831679735,-92.0860000000001));
#13178=CARTESIAN_POINT('',(15.5044124214382,21.8953831679735,-92.0860000000001));
#13179=CARTESIAN_POINT('',(-0.466747097521346,20.8953831679735,-96.1360000000001));
#13180=CARTESIAN_POINT('',(-0.466747097521339,21.8953831679735,-96.0360000000001));
#13181=CARTESIAN_POINT('',(8.59938716826871,-3.1046168320265,-97.9567106781187));
#13182=CARTESIAN_POINT('',(8.67009784638736,21.8953831679735,-97.8860000000001));
#13183=CARTESIAN_POINT('',(6.89583377767558,21.8953831679735,-96.2531572875257));
#13184=CARTESIAN_POINT('',(6.8958337776754,21.8953831679735,-96.2531572875255));
#13185=CARTESIAN_POINT('',(6.61299106520098,21.8953831679735,-96.1360000000003));
#13186=CARTESIAN_POINT('',(6.61299106520096,21.8953831679735,-96.5360000000003));
#13187=CARTESIAN_POINT('',(-0.766747097521306,21.8953831679735,-96.1360000000001));
#13188=CARTESIAN_POINT('',(15.5044124214382,26.4953831679735,-97.8860000000001));
#13189=CARTESIAN_POINT('',(15.5044124214382,21.8953831679735,-97.8860000000001));
#13190=CARTESIAN_POINT('',(10.8044124214382,19.4953831679735,-97.8860000000001));
#13191=CARTESIAN_POINT('',(10.4044124214382,19.4953831679735,-97.8860000000001));
#13192=CARTESIAN_POINT('',(10.8044124214382,19.4953831679735,-97.8860000000001));
#13193=CARTESIAN_POINT('',(10.7044124214382,19.4953831679735,-97.8860000000001));
#13194=CARTESIAN_POINT('',(10.7044124214382,19.4953831679735,-95.1360000000001));
#13195=CARTESIAN_POINT('',(10.7044124214382,19.4953831679735,-97.3860000000001));
#13196=CARTESIAN_POINT('',(5.54583377767546,19.4953831679735,-97.3860000000001));
#13197=CARTESIAN_POINT('',(10.4044124214382,19.4953831679735,-97.3860000000001));
#13198=CARTESIAN_POINT('',(10.4044124214382,19.4953831679735,-95.1360000000001));
#13199=CARTESIAN_POINT('',(12.4044124214382,19.4953831679735,-95.1360000000001));
#13200=CARTESIAN_POINT('',(10.8044124214382,26.4953831679735,-97.8860000000001));
#13201=CARTESIAN_POINT('',(10.4044124214382,26.4953831679735,-97.8860000000001));
#13202=CARTESIAN_POINT('',(10.4044124214382,20.8953831679735,-97.8860000000001));
#13203=CARTESIAN_POINT('',(10.8044124214382,21.8953831679735,-97.8860000000001));
#13204=CARTESIAN_POINT('',(10.4044124214382,20.8953831679735,-97.3860000000001));
#13205=CARTESIAN_POINT('',(10.4044124214382,25.9953831679735,-97.3860000000001));
#13206=CARTESIAN_POINT('',(10.4044124214382,26.4953831679735,-97.8860000000001));
#13207=CARTESIAN_POINT('',(10.4044124214382,20.8953831679735,-95.1360000000001));
#13208=CARTESIAN_POINT('',(10.7044124214382,21.8953831679735,-97.3860000000001));
#13209=CARTESIAN_POINT('',(10.7044124214382,25.9953831679735,-97.3860000000001));
#13210=CARTESIAN_POINT('',(5.54583377767546,25.9953831679735,-97.3860000000001));
#13211=CARTESIAN_POINT('',(5.54583377767546,21.8953831679735,-97.3860000000001));
#13212=CARTESIAN_POINT('',(10.7044124214382,25.4953831679735,-97.8860000000001));
#13213=CARTESIAN_POINT('',(10.7044124214382,26.4953831679735,-97.8860000000001));
#13214=CARTESIAN_POINT('',(10.7044124214382,26.7453831679735,-98.1360000000001));
#13215=CARTESIAN_POINT('',(10.7044124214382,26.8953831679735,-97.9860000000001));
#13216=CARTESIAN_POINT('',(14.6544374214382,18.8953831679735,-92.1860125000001));
#13217=CARTESIAN_POINT('',(8.24583377767543,26.4953831679735,-97.8860000000001));
#13218=CARTESIAN_POINT('',(8.24583377767543,26.4953831679735,-97.8860000000001));
#13219=CARTESIAN_POINT('',(10.8044124214382,26.4953831679735,-97.8860000000001));
#13220=CARTESIAN_POINT('',(10.8044124214382,26.8953831679735,-97.8860000000001));
#13221=CARTESIAN_POINT('',(15.8544124214382,22.4953831679735,-94.986));
#13222=CARTESIAN_POINT('',(15.8544124214382,19.9953831679735,-94.986));
#13223=CARTESIAN_POINT('',(15.4044124214381,22.4953831679735,-94.986));
#13224=CARTESIAN_POINT('',(8.24583377767543,26.4953831679735,-98.1859999999999));
#13225=CARTESIAN_POINT('',(15.5544124214382,-1.5046168320265,-93.386));
#13226=CARTESIAN_POINT('',(15.6332642543319,-1.5046168320265,-93.386));
#13227=CARTESIAN_POINT('',(15.6332642543319,-1.5046168320265,-94.486));
#13228=CARTESIAN_POINT('',(15.6332642543319,-1.5046168320265,-96.586));
#13229=CARTESIAN_POINT('',(15.5544124214382,-1.5046168320265,-96.586));
#13230=CARTESIAN_POINT('',(15.5544124214382,-1.5046168320265,-94.486));
#13231=CARTESIAN_POINT('',(15.8308614573796,-1.84335489439401,-96.586));
#13232=CARTESIAN_POINT('',(15.8044124214382,-1.79801368992294,-96.586));
#13233=CARTESIAN_POINT('',(15.8044124214382,-2.0046168320265,-96.586));
#13234=CARTESIAN_POINT('',(15.8044124214382,-2.5046168320265,-96.586));
#13235=CARTESIAN_POINT('',(15.5544124214382,-2.5046168320265,-96.586));
#13236=CARTESIAN_POINT('',(15.5544124214382,-2.0046168320265,-96.586));
#13237=CARTESIAN_POINT('',(15.8044124214382,-2.5046168320265,-94.486));
#13238=CARTESIAN_POINT('',(15.8044124214382,-2.5046168320265,-93.386));
#13239=CARTESIAN_POINT('',(15.5544124214382,-2.5046168320265,-93.386));
#13240=CARTESIAN_POINT('',(15.5544124214382,-2.5046168320265,-94.486));
#13241=CARTESIAN_POINT('',(15.8044124214382,-2.0046168320265,-93.386));
#13242=CARTESIAN_POINT('',(15.8044124214382,-1.79801368992294,-93.386));
#13243=CARTESIAN_POINT('',(15.8308614573796,-1.84335489439401,-93.386));
#13244=CARTESIAN_POINT('',(15.5544124214382,-2.0046168320265,-93.386));
#13245=CARTESIAN_POINT('',(-0.866747097521337,-3.5046168320265,-95.036));
#13246=CARTESIAN_POINT('',(-0.866747097521337,-3.5046168320265,-94.9360000000001));
#13247=CARTESIAN_POINT('',(15.5544124214382,10.8953831679735,-96.586));
#13248=CARTESIAN_POINT('',(15.5544124214382,7.8953831679735,-96.586));
#13249=CARTESIAN_POINT('',(15.5544124214382,10.8953831679735,-96.586));
#13250=CARTESIAN_POINT('',(16.3544124214382,7.8953831679735,-96.586));
#13251=CARTESIAN_POINT('',(14.6044124214381,7.8953831679735,-96.586));
#13252=CARTESIAN_POINT('',(14.6044124214381,10.8953831679735,-96.586));
#13253=CARTESIAN_POINT('',(14.6044124214381,10.8953831679735,-96.586));
#13254=CARTESIAN_POINT('',(16.3544124214382,10.8953831679735,-96.586));
#13255=CARTESIAN_POINT('',(16.3544124214382,10.8953831679735,-96.586));
#13256=CARTESIAN_POINT('',(15.5544124214382,10.9953831679735,-93.386));
#13257=CARTESIAN_POINT('',(15.5544124214382,7.8953831679735,-93.386));
#13258=CARTESIAN_POINT('',(15.5544124214382,10.8953831679735,-93.386));
#13259=CARTESIAN_POINT('',(16.3544124214382,10.8953831679735,-93.386));
#13260=CARTESIAN_POINT('',(14.6044124214381,10.8953831679735,-93.386));
#13261=CARTESIAN_POINT('',(14.6044124214381,10.8953831679735,-93.386));
#13262=CARTESIAN_POINT('',(14.6044124214381,7.8953831679735,-93.386));
#13263=CARTESIAN_POINT('',(16.3544124214382,7.8953831679735,-93.386));
#13264=CARTESIAN_POINT('',(16.3544124214382,10.8953831679735,-93.386));
#13265=CARTESIAN_POINT('',(15.5544124214382,10.8953831679735,-93.886));
#13266=CARTESIAN_POINT('',(15.5544124214382,11.3953831679735,-93.886));
#13267=CARTESIAN_POINT('',(16.3544124214382,11.3953831679735,-93.886));
#13268=CARTESIAN_POINT('',(14.6044124214381,11.3953831679735,-93.886));
#13269=CARTESIAN_POINT('',(14.6044124214381,10.8953831679735,-93.886));
#13270=CARTESIAN_POINT('',(16.3544124214382,10.8953831679735,-93.886));
#13271=CARTESIAN_POINT('',(15.5544124214382,10.8953831679735,-96.086));
#13272=CARTESIAN_POINT('',(15.5544124214382,11.3953831679735,-96.086));
#13273=CARTESIAN_POINT('',(14.6044124214381,10.8953831679735,-96.086));
#13274=CARTESIAN_POINT('',(14.6044124214381,11.3953831679735,-96.086));
#13275=CARTESIAN_POINT('',(16.3544124214382,11.3953831679735,-96.086));
#13276=CARTESIAN_POINT('',(16.3544124214382,10.8953831679735,-96.086));
#13277=CARTESIAN_POINT('',(15.5544124214382,7.8953831679735,-96.086));
#13278=CARTESIAN_POINT('',(15.5544124214382,7.3953831679735,-96.086));
#13279=CARTESIAN_POINT('',(16.3544124214382,7.3953831679735,-96.086));
#13280=CARTESIAN_POINT('',(14.6044124214381,7.3953831679735,-96.086));
#13281=CARTESIAN_POINT('',(14.6044124214381,7.8953831679735,-96.086));
#13282=CARTESIAN_POINT('',(16.3544124214382,7.8953831679735,-96.086));
#13283=CARTESIAN_POINT('',(14.6044124214381,11.3953831679735,-95.736));
#13284=CARTESIAN_POINT('',(14.6044124214381,7.3953831679735,-95.736));
#13285=CARTESIAN_POINT('',(14.6044124214381,7.3953831679735,-93.886));
#13286=CARTESIAN_POINT('',(14.6044124214381,7.8953831679735,-93.886));
#13287=CARTESIAN_POINT('',(14.6044124214381,10.8953831679735,-95.736));
#13288=CARTESIAN_POINT('',(15.5544124214382,7.8953831679735,-93.886));
#13289=CARTESIAN_POINT('',(15.5544124214382,7.3953831679735,-93.886));
#13290=CARTESIAN_POINT('',(16.3544124214382,7.3953831679735,-93.886));
#13291=CARTESIAN_POINT('',(16.3544124214382,7.8953831679735,-93.886));
#13292=CARTESIAN_POINT('',(15.5544124214382,11.3953831679735,-94.986));
#13293=CARTESIAN_POINT('',(15.5544124214382,11.3953831679735,-95.986));
#13294=CARTESIAN_POINT('',(15.5544124214382,10.8953831679735,-95.986));
#13295=CARTESIAN_POINT('',(15.5544124214382,10.8953831679735,-96.486));
#13296=CARTESIAN_POINT('',(15.5544124214382,10.9953831679735,-96.486));
#13297=CARTESIAN_POINT('',(15.5544124214382,7.8953831679735,-96.486));
#13298=CARTESIAN_POINT('',(15.5544124214382,7.8953831679735,-95.986));
#13299=CARTESIAN_POINT('',(15.5544124214382,7.3953831679735,-95.986));
#13300=CARTESIAN_POINT('',(15.5544124214382,7.3953831679735,-95.736));
#13301=CARTESIAN_POINT('',(15.5544124214382,10.9953831679735,-94.986));
#13302=CARTESIAN_POINT('',(15.5544124214382,7.3953831679735,-95.736));
#13303=CARTESIAN_POINT('',(15.5544124214382,7.3953831679735,-93.986));
#13304=CARTESIAN_POINT('',(15.5544124214382,7.8953831679735,-93.986));
#13305=CARTESIAN_POINT('',(15.5544124214382,7.8953831679735,-93.486));
#13306=CARTESIAN_POINT('',(15.5544124214382,10.8953831679735,-93.486));
#13307=CARTESIAN_POINT('',(15.5544124214382,10.8953831679735,-93.486));
#13308=CARTESIAN_POINT('',(15.5544124214382,10.8953831679735,-93.986));
#13309=CARTESIAN_POINT('',(15.5544124214382,11.3953831679735,-93.986));
#13310=CARTESIAN_POINT('',(15.5544124214382,11.3953831679735,-94.986));
#13311=CARTESIAN_POINT('',(15.5544124214382,10.9953831679735,-94.986));
#13312=CARTESIAN_POINT('',(16.3544124214382,7.3953831679735,-93.986));
#13313=CARTESIAN_POINT('',(16.3544124214382,7.8953831679735,-93.486));
#13314=CARTESIAN_POINT('',(16.3544124214382,7.8953831679735,-93.986));
#13315=CARTESIAN_POINT('',(16.3544124214382,10.8953831679735,-93.486));
#13316=CARTESIAN_POINT('',(16.3544124214382,11.3953831679735,-93.986));
#13317=CARTESIAN_POINT('',(16.3544124214382,10.8953831679735,-93.986));
#13318=CARTESIAN_POINT('',(16.3544124214382,10.8953831679735,-93.486));
#13319=CARTESIAN_POINT('',(16.3544124214382,7.8953831679735,-96.486));
#13320=CARTESIAN_POINT('',(16.3544124214382,7.3953831679735,-95.986));
#13321=CARTESIAN_POINT('',(16.3544124214382,7.8953831679735,-95.986));
#13322=CARTESIAN_POINT('',(16.3544124214382,11.3953831679735,-95.986));
#13323=CARTESIAN_POINT('',(16.3544124214382,10.8953831679735,-96.486));
#13324=CARTESIAN_POINT('',(16.3544124214382,10.8953831679735,-95.986));
#13325=CARTESIAN_POINT('',(16.3544124214382,10.8953831679735,-96.486));
#13326=CARTESIAN_POINT('',(16.3544124214382,7.3953831679735,-95.736));
#13327=CARTESIAN_POINT('',(16.3544124214382,11.3953831679735,-95.736));
#13328=CARTESIAN_POINT('',(15.8544124214382,22.4953831679735,-94.986));
#13329=CARTESIAN_POINT('',(15.8544124214382,24.5953831679735,-94.986));
#13330=CARTESIAN_POINT('',(15.8544124214382,22.4953831679735,-94.986));
#13331=CARTESIAN_POINT('',(15.8544124214382,22.4953831679735,-94.986));
#13332=CARTESIAN_POINT('',(16.3544124214382,22.4953831679735,-94.986));
#13333=CARTESIAN_POINT('',(16.3544124214382,25.4953831679735,-94.986));
#13334=CARTESIAN_POINT('',(15.8544124214382,22.4953831679735,-94.986));
#13335=CARTESIAN_POINT('',(11.8544124214381,22.4953831679735,-94.986));
#13336=CARTESIAN_POINT('',(11.8544124214381,21.1453831679735,-94.986));
#13337=CARTESIAN_POINT('',(11.8544124214381,22.4953831679735,-94.986));
#13338=CARTESIAN_POINT('',(11.8544124214381,22.4953831679735,-92.886));
#13339=CARTESIAN_POINT('',(11.8544124214381,22.4953831679735,-94.986));
#13340=CARTESIAN_POINT('',(17.3544124214382,22.4953831679735,-94.986));
#13341=CARTESIAN_POINT('',(17.3544124214382,24.4953831679735,-94.986));
#13342=CARTESIAN_POINT('',(16.3544124214382,22.4953831679735,-94.986));
#13343=CARTESIAN_POINT('',(17.3544124214382,23.9953831679735,-94.986));
#13344=CARTESIAN_POINT('',(17.3544124214382,23.9953831679735,-95.8520254037845));
#13345=CARTESIAN_POINT('',(17.3544124214382,23.9953831679735,-94.1199745962156));
#13346=CARTESIAN_POINT('',(17.3544124214382,23.2453831679735,-96.2850381056767));
#13347=CARTESIAN_POINT('',(17.3544124214382,22.4953831679735,-96.7180508075689));
#13348=CARTESIAN_POINT('',(17.3544124214382,21.7453831679735,-96.2850381056767));
#13349=CARTESIAN_POINT('',(17.3544124214382,20.9953831679735,-95.8520254037845));
#13350=CARTESIAN_POINT('',(17.3544124214382,20.9953831679735,-94.986));
#13351=CARTESIAN_POINT('',(17.3544124214382,20.9953831679735,-94.1199745962156));
#13352=CARTESIAN_POINT('',(17.3544124214382,21.7453831679735,-93.6869618943233));
#13353=CARTESIAN_POINT('',(17.3544124214382,22.4953831679735,-93.2539491924312));
#13354=CARTESIAN_POINT('',(17.3544124214382,23.2453831679735,-93.6869618943234));
#13355=CARTESIAN_POINT('',(17.3544124214382,22.4953831679735,-94.986));
#13356=CARTESIAN_POINT('',(18.6544124214382,23.9953831679735,-95.8520254037845));
#13357=CARTESIAN_POINT('',(15.8544124214382,23.9953831679735,-95.8520254037845));
#13358=CARTESIAN_POINT('',(15.8544124214382,23.2453831679735,-96.2850381056767));
#13359=CARTESIAN_POINT('',(15.8544124214382,22.4953831679735,-96.7180508075689));
#13360=CARTESIAN_POINT('',(18.6544124214382,22.4953831679735,-96.7180508075689));
#13361=CARTESIAN_POINT('',(18.6544124214382,22.4953831679735,-96.7180508075689));
#13362=CARTESIAN_POINT('',(15.8544124214382,20.9953831679735,-95.8520254037845));
#13363=CARTESIAN_POINT('',(15.8544124214382,20.9953831679735,-95.8520254037845));
#13364=CARTESIAN_POINT('',(18.6544124214382,20.9953831679735,-95.8520254037845));
#13365=CARTESIAN_POINT('',(18.6544124214382,20.9953831679735,-95.8520254037845));
#13366=CARTESIAN_POINT('',(15.8544124214382,20.9953831679735,-94.1199745962156));
#13367=CARTESIAN_POINT('',(15.8544124214382,20.9953831679735,-94.1199745962156));
#13368=CARTESIAN_POINT('',(18.6544124214382,20.9953831679735,-94.1199745962156));
#13369=CARTESIAN_POINT('',(18.6544124214382,20.9953831679735,-94.1199745962156));
#13370=CARTESIAN_POINT('',(15.8544124214382,22.4953831679735,-93.2539491924312));
#13371=CARTESIAN_POINT('',(15.8544124214382,22.4953831679735,-93.2539491924312));
#13372=CARTESIAN_POINT('',(18.6544124214382,22.4953831679735,-93.2539491924312));
#13373=CARTESIAN_POINT('',(18.6544124214382,22.4953831679735,-93.2539491924312));
#13374=CARTESIAN_POINT('',(15.8544124214382,23.9953831679735,-94.1199745962156));
#13375=CARTESIAN_POINT('',(15.8544124214382,23.9953831679735,-94.1199745962156));
#13376=CARTESIAN_POINT('',(18.6544124214382,23.9953831679735,-94.1199745962156));
#13377=CARTESIAN_POINT('',(18.6544124214382,23.9953831679735,-94.1199745962156));
#13378=CARTESIAN_POINT('',(15.8544124214382,23.9953831679735,-95.8520254037845));
#13379=CARTESIAN_POINT('',(18.6544124214382,23.9953831679735,-95.8520254037845));
#13380=CARTESIAN_POINT('',(15.8544124214382,22.4953831679735,-94.986));
#13381=CARTESIAN_POINT('',(15.8544124214382,21.1453831679735,-94.986));
#13382=CARTESIAN_POINT('',(15.8544124214382,22.4953831679735,-94.986));
#13383=CARTESIAN_POINT('',(17.3544124214382,22.4953831679735,-94.986));
#13384=CARTESIAN_POINT('',(10.0044124214382,22.4953831679735,-94.986));
#13385=CARTESIAN_POINT('',(10.0044124214382,22.4953831679735,-97.086));
#13386=CARTESIAN_POINT('',(10.0044124214382,26.8953831679735,-97.3860000000001));
#13387=CARTESIAN_POINT('',(10.4044124214382,22.4953831679735,-94.986));
#13388=CARTESIAN_POINT('',(15.8044124214382,-1.79801368992294,-98.1860000000001));
#13389=CARTESIAN_POINT('',(15.8363018718874,-1.85268131926446,-98.1860000000001));
#13390=CARTESIAN_POINT('',(15.8044124214382,21.8953831679735,-98.1860000000001));
#13391=CARTESIAN_POINT('',(15.8308614573796,-1.84335489439401,-96.986));
#13392=CARTESIAN_POINT('',(15.5544124214382,-1.36944226135151,-96.986));
#13393=CARTESIAN_POINT('',(15.5544124214382,-3.0046168320265,-96.986));
#13394=CARTESIAN_POINT('',(15.5544124214382,-3.0046168320265,-96.986));
#13395=CARTESIAN_POINT('',(15.5544124214382,15.5953831679735,-96.986));
#13396=CARTESIAN_POINT('',(15.5544124214382,-2.0046168320265,-96.986));
#13397=CARTESIAN_POINT('',(15.5544124214382,-3.0046168320265,-92.986));
#13398=CARTESIAN_POINT('',(15.5544124214382,-3.0046168320265,-92.986));
#13399=CARTESIAN_POINT('',(15.5544124214382,-3.0046168320265,-94.486));
#13400=CARTESIAN_POINT('',(15.5544124214382,-3.0046168320265,-94.486));
#13401=CARTESIAN_POINT('',(15.8308614573796,-1.84335489439401,-92.986));
#13402=CARTESIAN_POINT('',(15.5544124214382,-1.36944226135151,-92.986));
#13403=CARTESIAN_POINT('',(15.5544124214382,-2.0046168320265,-92.986));
#13404=CARTESIAN_POINT('',(15.5544124214382,-2.0046168320265,-92.986));
#13405=CARTESIAN_POINT('',(6.61299106520098,16.3453831679735,-96.0860000000003));
#13406=CARTESIAN_POINT('',(-0.216747097521343,16.3453831679735,-96.0860000000001));
#13407=CARTESIAN_POINT('',(6.67512309955696,16.3453831679735,-96.0860000000003));
#13408=CARTESIAN_POINT('',(6.67512309955696,-3.5046168320265,-96.0860000000003));
#13409=CARTESIAN_POINT('',(-0.216747097521343,15.5953831679735,-96.0860000000001));
#13410=CARTESIAN_POINT('',(6.61299106520098,15.5953831679735,-96.0860000000003));
#13411=CARTESIAN_POINT('',(-0.516747097521335,16.3453831679735,-96.0360000000001));
#13412=CARTESIAN_POINT('',(-0.516747097521335,16.3453831679735,-94.186));
#13413=CARTESIAN_POINT('',(-0.516747097521335,16.3453831679735,-95.7860000000001));
#13414=CARTESIAN_POINT('',(-0.516747097521335,15.5953831679735,-95.7860000000001));
#13415=CARTESIAN_POINT('',(-0.516747097521335,15.5953831679735,-94.186));
#13416=CARTESIAN_POINT('',(-0.516747097521335,15.5953831679735,-96.0360000000001));
#13417=CARTESIAN_POINT('',(6.67512309955692,16.3453831679735,-93.8859999999999));
#13418=CARTESIAN_POINT('',(6.67512309955692,16.3453831679735,-93.8859999999999));
#13419=CARTESIAN_POINT('',(-0.466747097521346,16.3453831679735,-93.886));
#13420=CARTESIAN_POINT('',(-0.216747097521342,16.3453831679735,-93.886));
#13421=CARTESIAN_POINT('',(-0.216747097521342,15.5953831679735,-93.886));
#13422=CARTESIAN_POINT('',(-0.466747097521346,15.5953831679735,-93.886));
#13423=CARTESIAN_POINT('',(6.93118911673492,16.3453831679735,-93.7541980515338));
#13424=CARTESIAN_POINT('',(8.56151920262469,16.3453831679735,-92.1238679656441));
#13425=CARTESIAN_POINT('',(6.88725513391288,16.3453831679735,-93.7981320343558));
#13426=CARTESIAN_POINT('',(6.88725513391288,-3.5046168320265,-93.7981320343558));
#13427=CARTESIAN_POINT('',(8.56151920262469,15.5953831679735,-92.1238679656441));
#13428=CARTESIAN_POINT('',(6.93118911673492,15.5953831679735,-93.7541980515338));
#13429=CARTESIAN_POINT('',(10.8044124214382,16.3453831679735,-92.036));
#13430=CARTESIAN_POINT('',(15.2544124214382,16.3453831679735,-92.036));
#13431=CARTESIAN_POINT('',(8.77365123698066,16.3453831679735,-92.036));
#13432=CARTESIAN_POINT('',(8.77365123698066,15.5953831679735,-92.036));
#13433=CARTESIAN_POINT('',(15.2544124214382,15.5953831679735,-92.036));
#13434=CARTESIAN_POINT('',(15.2544124214382,7.3453831679735,-92.036));
#13435=CARTESIAN_POINT('',(10.8044124214382,7.3453831679735,-92.036));
#13436=CARTESIAN_POINT('',(14.4044124214382,7.3453831679735,-92.036));
#13437=CARTESIAN_POINT('',(14.4044124214382,15.5953831679735,-92.036));
#13438=CARTESIAN_POINT('',(14.4044124214382,11.4453831679735,-92.036));
#13439=CARTESIAN_POINT('',(10.8044124214382,11.4453831679735,-92.036));
#13440=CARTESIAN_POINT('',(15.2544124214382,11.4453831679735,-92.036));
#13441=CARTESIAN_POINT('',(15.2544124214382,15.5953831679735,-92.036));
#13442=CARTESIAN_POINT('',(10.8044124214382,15.5953831679735,-92.036));
#13443=CARTESIAN_POINT('',(15.5544124214382,16.3453831679735,-91.986));
#13444=CARTESIAN_POINT('',(15.5544124214382,16.3453831679735,-97.6360000000001));
#13445=CARTESIAN_POINT('',(15.5544124214382,16.3453831679735,-92.336));
#13446=CARTESIAN_POINT('',(15.5544124214382,15.5953831679735,-92.336));
#13447=CARTESIAN_POINT('',(15.5544124214382,11.4453831679735,-92.336));
#13448=CARTESIAN_POINT('',(15.5544124214382,11.4453831679735,-94.986));
#13449=CARTESIAN_POINT('',(15.5544124214382,11.4453831679735,-97.6360000000001));
#13450=CARTESIAN_POINT('',(15.5544124214382,15.5953831679735,-97.6360000000001));
#13451=CARTESIAN_POINT('',(15.5544124214382,15.5953831679735,-91.986));
#13452=CARTESIAN_POINT('',(8.77365123698062,15.5953831679735,-97.9360000000001));
#13453=CARTESIAN_POINT('',(8.77365123698062,16.3453831679735,-97.9360000000001));
#13454=CARTESIAN_POINT('',(10.3044124214382,16.3453831679735,-97.9360000000001));
#13455=CARTESIAN_POINT('',(15.2544124214382,16.3453831679735,-97.9360000000001));
#13456=CARTESIAN_POINT('',(15.2544124214382,15.5953831679735,-97.9360000000001));
#13457=CARTESIAN_POINT('',(15.2544124214382,11.4453831679735,-97.9360000000001));
#13458=CARTESIAN_POINT('',(10.3044124214382,11.4453831679735,-97.9360000000001));
#13459=CARTESIAN_POINT('',(14.4044124214382,11.4453831679735,-97.9360000000001));
#13460=CARTESIAN_POINT('',(14.4044124214382,15.5953831679735,-97.9360000000001));
#13461=CARTESIAN_POINT('',(14.4044124214382,7.3453831679735,-97.9360000000001));
#13462=CARTESIAN_POINT('',(10.3044124214382,7.3453831679735,-97.9360000000001));
#13463=CARTESIAN_POINT('',(15.2544124214382,7.3453831679735,-97.9360000000001));
#13464=CARTESIAN_POINT('',(15.2544124214382,15.5953831679735,-97.9360000000001));
#13465=CARTESIAN_POINT('',(10.3044124214382,15.5953831679735,-97.9360000000001));
#13466=CARTESIAN_POINT('',(6.88725513391291,16.3453831679735,-96.1738679656443));
#13467=CARTESIAN_POINT('',(6.88725513391291,16.3453831679735,-96.1738679656443));
#13468=CARTESIAN_POINT('',(8.63474250732803,16.3453831679735,-97.9213553390594));
#13469=CARTESIAN_POINT('',(8.56151920262466,16.3453831679735,-97.848132034356));
#13470=CARTESIAN_POINT('',(8.56151920262466,15.5953831679735,-97.848132034356));
#13471=CARTESIAN_POINT('',(8.63474250732803,15.5953831679735,-97.9213553390594));
#13472=CARTESIAN_POINT('',(2.1620307134922,16.8453831679735,-98.6647778110137));
#13473=CARTESIAN_POINT('',(6.92697015362898,16.8453831679735,-93.899838370877));
#13474=CARTESIAN_POINT('',(8.60464689538322,16.8453831679735,-92.2221616291229));
#13475=CARTESIAN_POINT('',(8.81753350674615,16.8453831679735,-92.4419411708156));
#13476=CARTESIAN_POINT('',(8.81265946896768,16.8453831679735,-92.1360000000001));
#13477=CARTESIAN_POINT('',(-0.466747097521328,16.8453831679735,-92.1360000000001));
#13478=CARTESIAN_POINT('',(15.1602382187309,16.8453831679735,-92.1360000000001));
#13479=CARTESIAN_POINT('',(15.1484712506226,16.8453831679735,-92.4419411708156));
#13480=CARTESIAN_POINT('',(15.4544124214382,16.8453831679735,-92.4301742027073));
#13481=CARTESIAN_POINT('',(15.4544124214382,16.8453831679735,-96.0360000000001));
#13482=CARTESIAN_POINT('',(15.4544124214382,16.8453831679735,-97.5418257972928));
#13483=CARTESIAN_POINT('',(15.1484712506226,16.8453831679735,-97.5300588291845));
#13484=CARTESIAN_POINT('',(15.1602382187309,16.8453831679735,-97.836));
#13485=CARTESIAN_POINT('',(-0.466747097521328,16.8453831679735,-97.836));
#13486=CARTESIAN_POINT('',(8.81265946896765,16.8453831679735,-97.836));
#13487=CARTESIAN_POINT('',(8.81753350674611,16.8453831679735,-97.5300588291845));
#13488=CARTESIAN_POINT('',(8.60464689538319,16.8453831679735,-97.7498383708772));
#13489=CARTESIAN_POINT('',(3.21203071349226,16.8453831679735,-92.3572221889864));
#13490=CARTESIAN_POINT('',(6.92697015362901,16.8453831679735,-96.0721616291231));
#13491=CARTESIAN_POINT('',(6.71408354226608,16.8453831679735,-96.2919411708158));
#13492=CARTESIAN_POINT('',(6.71895758004456,16.8453831679735,-95.9860000000003));
#13493=CARTESIAN_POINT('',(-0.466747097521326,16.8453831679735,-95.9860000000001));
#13494=CARTESIAN_POINT('',(-0.122572894814066,16.8453831679735,-95.9860000000001));
#13495=CARTESIAN_POINT('',(-0.110805926705768,16.8453831679735,-95.6800588291845));
#13496=CARTESIAN_POINT('',(-0.416747097521335,16.8453831679735,-95.6918257972928));
#13497=CARTESIAN_POINT('',(-0.416747097521335,16.8453831679735,-96.0360000000001));
#13498=CARTESIAN_POINT('',(-0.416747097521335,16.8453831679735,-94.2801742027073));
#13499=CARTESIAN_POINT('',(-0.110805926705768,16.8453831679735,-94.2919411708156));
#13500=CARTESIAN_POINT('',(-0.122572894814067,16.8453831679735,-93.986));
#13501=CARTESIAN_POINT('',(-0.466747097521376,16.8453831679735,-93.986));
#13502=CARTESIAN_POINT('',(6.71895758004452,16.8453831679735,-93.9859999999999));
#13503=CARTESIAN_POINT('',(6.71408354226605,16.8453831679735,-93.6800588291843));
#13504=CARTESIAN_POINT('',(-0.466747097521328,16.8453831679735,-96.0360000000001));
#13505=CARTESIAN_POINT('',(15.2544124214382,11.4453831679735,-92.336));
#13506=CARTESIAN_POINT('',(14.4044124214382,11.4453831679735,-92.1860000000001));
#13507=CARTESIAN_POINT('',(14.5544124214382,11.4453831679735,-92.1860000000001));
#13508=CARTESIAN_POINT('',(14.5544124214382,11.4453831679735,-91.986));
#13509=CARTESIAN_POINT('',(14.5544124214382,11.4453831679735,-97.786));
#13510=CARTESIAN_POINT('',(14.4044124214382,11.4453831679735,-97.786));
#13511=CARTESIAN_POINT('',(15.2544124214382,11.4453831679735,-97.6360000000001));
#13512=CARTESIAN_POINT('',(14.7544124214382,11.4453831679735,-94.986));
#13513=CARTESIAN_POINT('',(15.5544124214382,-1.36944226135151,-98.1860000000001));
#13514=CARTESIAN_POINT('',(15.5544124214382,7.3453831679735,-91.986));
#13515=CARTESIAN_POINT('',(15.5544124214382,7.3453831679735,-92.336));
#13516=CARTESIAN_POINT('',(15.5544124214382,7.3453831679735,-97.6360000000001));
#13517=CARTESIAN_POINT('',(15.5544124214382,15.5953831679735,-92.336));
#13518=CARTESIAN_POINT('',(15.5544124214382,15.5953831679735,-97.6360000000001));
#13519=CARTESIAN_POINT('',(15.5544124214382,15.5953831679735,-91.986));
#13520=CARTESIAN_POINT('',(14.5544124214382,15.5953831679735,-92.1860000000001));
#13521=CARTESIAN_POINT('',(14.5544124214382,7.3453831679735,-92.1860000000001));
#13522=CARTESIAN_POINT('',(14.4044124214382,7.3453831679735,-92.1860000000001));
#13523=CARTESIAN_POINT('',(14.4044124214382,15.5953831679735,-92.1860000000001));
#13524=CARTESIAN_POINT('',(14.5544124214382,15.5953831679735,-97.786));
#13525=CARTESIAN_POINT('',(14.5544124214382,7.3453831679735,-97.786));
#13526=CARTESIAN_POINT('',(14.4044124214382,7.3453831679735,-97.786));
#13527=CARTESIAN_POINT('',(14.4044124214382,15.5953831679735,-97.786));
#13528=CARTESIAN_POINT('',(14.5544124214382,7.3453831679735,-94.986));
#13529=CARTESIAN_POINT('',(14.5544124214382,15.5953831679735,-91.986));
#13530=CARTESIAN_POINT('',(15.2544124214382,7.3453831679735,-92.336));
#13531=CARTESIAN_POINT('',(15.2544124214382,7.3453831679735,-97.6360000000001));
#13532=CARTESIAN_POINT('',(14.7544124214382,7.3453831679735,-94.986));
#13533=CARTESIAN_POINT('',(15.8363018718874,-1.85268131926446,-98.1860000000001));
#13534=CARTESIAN_POINT('',(-0.429494290214197,16.7816472045092,-95.7045729899857));
#13535=CARTESIAN_POINT('',(-0.516691598484494,16.3456606631577,-95.791770298256));
#13536=CARTESIAN_POINT('',(-0.216747097521335,17.8453831679735,-95.7860000000001));
#13537=CARTESIAN_POINT('',(-0.216747097521335,17.8453831679735,-94.186));
#13538=CARTESIAN_POINT('',(-0.516691598484494,16.3456606631577,-94.1802297017442));
#13539=CARTESIAN_POINT('',(-0.351716512436417,17.1705360933981,-94.3452047877922));
#13540=CARTESIAN_POINT('',(-0.416747097521335,16.8453831679735,-96.0360000000001));
#13541=CARTESIAN_POINT('',(6.67512309955692,14.8453831679736,-93.5859999999999));
#13542=CARTESIAN_POINT('',(6.67753221702241,16.3453348018024,-93.8859903267657));
#13543=CARTESIAN_POINT('',(6.71975639779206,16.8550257511733,-93.9879285166398));
#13544=CARTESIAN_POINT('',(-0.13532008750693,16.7816472045092,-93.9732528073072));
#13545=CARTESIAN_POINT('',(-0.222517395777225,16.3456606631577,-93.8860554990369));
#13546=CARTESIAN_POINT('',(-0.216747097521335,17.8453831679735,-94.186));
#13547=CARTESIAN_POINT('',(-0.466747097521376,16.8453831679735,-93.986));
#13548=CARTESIAN_POINT('',(-0.216747097521335,17.8453831679735,-95.7860000000001));
#13549=CARTESIAN_POINT('',(-0.222517395777224,16.3456606631577,-96.0859445009633));
#13550=CARTESIAN_POINT('',(-0.135320087506927,16.7816472045092,-95.998747192693));
#13551=CARTESIAN_POINT('',(6.66887600255238,16.2408450499403,-96.1069076236069));
#13552=CARTESIAN_POINT('',(6.67753221702244,16.3453348018024,-96.0860096732345));
#13553=CARTESIAN_POINT('',(6.67512309955695,14.8453831679736,-96.3860000000003));
#13554=CARTESIAN_POINT('',(-0.466747097521326,16.8453831679735,-95.9860000000001));
#13555=CARTESIAN_POINT('',(8.77365123698066,17.8453831679734,-92.336));
#13556=CARTESIAN_POINT('',(8.56322954593072,16.3454315341446,-92.1221713023571));
#13557=CARTESIAN_POINT('',(8.66437738329356,17.566393937975,-92.3663637831232));
#13558=CARTESIAN_POINT('',(6.8768885761368,16.2408450499403,-93.7789307472704));
#13559=CARTESIAN_POINT('',(6.88554479060686,16.3453348018024,-93.7998286976428));
#13560=CARTESIAN_POINT('',(6.67512309955692,14.8453831679736,-93.5859999999999));
#13561=CARTESIAN_POINT('',(2.1620307134922,16.8453831679735,-98.6647778110137));
#13562=CARTESIAN_POINT('',(8.65464267141016,17.4488855707018,-97.6291378903316));
#13563=CARTESIAN_POINT('',(8.56322954593068,16.3454315341446,-97.849828697643));
#13564=CARTESIAN_POINT('',(8.77365123698062,17.8453831679734,-97.6360000000001));
#13565=CARTESIAN_POINT('',(6.67512309955695,14.8453831679736,-96.3860000000003));
#13566=CARTESIAN_POINT('',(6.88554479060689,16.3453348018024,-96.1721713023573));
#13567=CARTESIAN_POINT('',(6.92776897137654,16.8550257511733,-96.0702331124831));
#13568=CARTESIAN_POINT('',(3.21203071349226,16.8453831679735,-92.3572221889864));
#13569=CARTESIAN_POINT('',(8.75182650058437,16.1110642814216,-91.9891362226897));
#13570=CARTESIAN_POINT('',(8.77124211951517,16.3454315341446,-92.0360096732343));
#13571=CARTESIAN_POINT('',(8.77365123698066,17.8453831679734,-92.336));
#13572=CARTESIAN_POINT('',(15.2544124214382,17.8453831679734,-92.336));
#13573=CARTESIAN_POINT('',(15.2601827196941,16.3456606631577,-92.0360554990369));
#13574=CARTESIAN_POINT('',(14.5814609847956,19.7392693376498,-92.7147772339353));
#13575=CARTESIAN_POINT('',(-0.466747097521328,16.8453831679735,-92.1360000000001));
#13576=CARTESIAN_POINT('',(14.5814609847956,19.7392693376498,-97.2572227660648));
#13577=CARTESIAN_POINT('',(15.2601827196941,16.3456606631577,-97.9359445009632));
#13578=CARTESIAN_POINT('',(15.2544124214382,17.8453831679734,-97.6360000000001));
#13579=CARTESIAN_POINT('',(8.77365123698062,17.8453831679734,-97.6360000000001));
#13580=CARTESIAN_POINT('',(8.77124211951514,16.3454315341446,-97.9359903267658));
#13581=CARTESIAN_POINT('',(8.75182650058434,16.1110642814216,-97.9828637773104));
#13582=CARTESIAN_POINT('',(-0.466747097521328,16.8453831679735,-97.836));
#13583=CARTESIAN_POINT('',(15.3208633178347,17.5131286859907,-92.5637233063108));
#13584=CARTESIAN_POINT('',(15.5543569224013,16.3456606631577,-92.3302297017442));
#13585=CARTESIAN_POINT('',(15.2544124214382,17.8453831679735,-92.336));
#13586=CARTESIAN_POINT('',(15.2544124214382,17.8453831679735,-97.6360000000001));
#13587=CARTESIAN_POINT('',(15.5543569224013,16.3456606631577,-97.6417702982559));
#13588=CARTESIAN_POINT('',(15.3986410956125,17.1242397971018,-97.4860544714671));
#13589=CARTESIAN_POINT('',(15.4544124214382,16.8453831679735,-96.0360000000001));
#13590=CARTESIAN_POINT('',(15.2544124214382,16.3156773138957,-92.336));
#13591=CARTESIAN_POINT('',(15.2544124214382,15.5953831679735,-92.336));
#13592=CARTESIAN_POINT('',(15.2544124214382,16.3156773138957,-97.6360000000001));
#13593=CARTESIAN_POINT('',(15.2544124214382,15.5953831679735,-97.6360000000001));
#13594=CARTESIAN_POINT('',(15.2544124214382,15.5953831679735,-92.336));
#13595=CARTESIAN_POINT('',(15.2544124214382,15.5953831679735,-97.6360000000001));
#13596=CARTESIAN_POINT('',(6.67512309955695,16.3750890220514,-96.3860000000003));
#13597=CARTESIAN_POINT('',(6.67512309955695,15.5953831679735,-96.3860000000003));
#13598=CARTESIAN_POINT('',(8.77365123698062,16.3156773138957,-97.6360000000001));
#13599=CARTESIAN_POINT('',(8.77365123698062,15.5953831679735,-97.6360000000001));
#13600=CARTESIAN_POINT('',(6.67512309955692,16.3750890220514,-93.5859999999999));
#13601=CARTESIAN_POINT('',(6.67512309955692,15.5953831679735,-93.5859999999999));
#13602=CARTESIAN_POINT('',(8.77365123698065,16.3156773138957,-92.336));
#13603=CARTESIAN_POINT('',(8.77365123698066,15.5953831679735,-92.336));
#13604=CARTESIAN_POINT('',(-0.216747097521336,16.3156773138957,-95.7860000000001));
#13605=CARTESIAN_POINT('',(-0.216747097521335,15.5953831679735,-95.7860000000001));
#13606=CARTESIAN_POINT('',(-0.216747097521335,16.3156773138957,-94.186));
#13607=CARTESIAN_POINT('',(-0.216747097521335,15.5953831679735,-94.186));
#13608=CARTESIAN_POINT('',(6.75339935634351,17.3199670257807,-96.1970243992544));
#13609=CARTESIAN_POINT('',(8.75182650058434,16.0522294408801,-97.6886895746032));
#13610=CARTESIAN_POINT('',(-0.135320087506922,16.7228123639677,-94.2674270100144));
#13611=CARTESIAN_POINT('',(-0.13532008750692,16.7228123639677,-95.7045729899857));
#13612=CARTESIAN_POINT('',(6.76313406822684,17.4374753930539,-93.7984772742004));
#13613=CARTESIAN_POINT('',(15.1044668929052,17.0654049565603,-97.4860544714671));
#13614=CARTESIAN_POINT('',(15.0266891151275,17.4542938454492,-92.5637233063108));
#13615=CARTESIAN_POINT('',(8.75182650058438,16.0522294408801,-92.2833104253969));
#13616=MECHANICAL_DESIGN_GEOMETRIC_PRESENTATION_REPRESENTATION('',(#85,
#52,#53,#54,#55,#56,#57,#58,#59,#60,#61,#62,#63,#64,#65,#66,#67,#68,#69,
#70,#86,#71,#72,#73,#74,#75,#76,#77,#78,#79,#80,#81,#82,#83,#87,#88),#13617);
#13617=(
GEOMETRIC_REPRESENTATION_CONTEXT(3)
GLOBAL_UNCERTAINTY_ASSIGNED_CONTEXT((#13618))
GLOBAL_UNIT_ASSIGNED_CONTEXT((#13624,#13620,#13619))
REPRESENTATION_CONTEXT('AN-A6BD','TOP_LEVEL_ASSEMBLY_PART')
);
#13618=UNCERTAINTY_MEASURE_WITH_UNIT(LENGTH_MEASURE(0.0508),#13624,
'DISTANCE_ACCURACY_VALUE','Maximum Tolerance applied to model');
#13619=(
NAMED_UNIT(*)
SI_UNIT($,.STERADIAN.)
SOLID_ANGLE_UNIT()
);
#13620=(
CONVERSION_BASED_UNIT('DEGREE',#13622)
NAMED_UNIT(#13621)
PLANE_ANGLE_UNIT()
);
#13621=DIMENSIONAL_EXPONENTS(0.,0.,0.,0.,0.,0.,0.);
#13622=PLANE_ANGLE_MEASURE_WITH_UNIT(PLANE_ANGLE_MEASURE(0.0174532925),
#13623);
#13623=(
NAMED_UNIT(*)
PLANE_ANGLE_UNIT()
SI_UNIT($,.RADIAN.)
);
#13624=(
LENGTH_UNIT()
NAMED_UNIT(*)
SI_UNIT(.MILLI.,.METRE.)
);
ENDSEC;
END-ISO-10303-21;
