ISO-10303-21;
HEADER;
/* Generated by software containing ST-Developer
 * from STEP Tools, Inc. (www.steptools.com) 
 */
/* OPTION: using custom schema-name function */

FILE_DESCRIPTION(
/* description */ (''),
/* implementation_level */ '2;1');

FILE_NAME(
/* name */ 'AN-A6H.stp',
/* time_stamp */ '2026-08-25T14:42:17+08:00',
/* author */ (''),
/* organization */ (''),
/* preprocessor_version */ 'ST-DEVELOPER v16',
/* originating_system */ 'SIEMENS PLM Software NX 10.0',
/* authorisation */ '');

FILE_SCHEMA (('AUTOMOTIVE_DESIGN { 1 0 10303 214 3 1 1 1 }'));
ENDSEC;

DATA;
#10=SHAPE_REPRESENTATION_RELATIONSHIP('None',
'relationship between AN-A6H-None and AN-A6H-None',#22,#11);
#11=ADVANCED_BREP_SHAPE_REPRESENTATION('AN-A6H-None',(#32),#6135);
#12=SHAPE_DEFINITION_REPRESENTATION(#13,#22);
#13=PRODUCT_DEFINITION_SHAPE('','',#14);
#14=PRODUCT_DEFINITION(' ','',#16,#15);
#15=PRODUCT_DEFINITION_CONTEXT('part definition',#21,'design');
#16=PRODUCT_DEFINITION_FORMATION_WITH_SPECIFIED_SOURCE(' ',' ',#18,
 .NOT_KNOWN.);
#17=PRODUCT_RELATED_PRODUCT_CATEGORY('part','',(#18));
#18=PRODUCT('AN-A6H','AN-A6H',' ',(#19));
#19=PRODUCT_CONTEXT(' ',#21,'mechanical');
#20=APPLICATION_PROTOCOL_DEFINITION('international standard',
'automotive_design',2010,#21);
#21=APPLICATION_CONTEXT(
'core data for automotive mechanical design processes');
#22=SHAPE_REPRESENTATION('AN-A6H-None',(#3522),#6135);
#23=PRESENTATION_LAYER_ASSIGNMENT('1','Layer 1',(#32));
#24=STYLED_ITEM('',(#25),#32);
#25=PRESENTATION_STYLE_ASSIGNMENT((#26));
#26=SURFACE_STYLE_USAGE(.BOTH.,#27);
#27=SURFACE_SIDE_STYLE('',(#28));
#28=SURFACE_STYLE_FILL_AREA(#29);
#29=FILL_AREA_STYLE('',(#30));
#30=FILL_AREA_STYLE_COLOUR('',#31);
#31=COLOUR_RGB('Medium Turquoise',0.509788662546731,0.713725490196078,0.768627450980392);
#32=BREP_WITH_VOIDS('',#34,(#33));
#33=ORIENTED_CLOSED_SHELL('',*,#35,.F.);
#34=CLOSED_SHELL('',(#302,#303,#304,#305,#306,#307,#308,#309,#310,#311,
#312,#313,#314,#315,#316,#317,#318,#319,#320,#321,#322,#323,#324,#325,#326,
#327,#328,#329,#330,#331,#332,#333,#334,#335,#336,#337,#338,#339,#340,#341,
#342,#343,#344,#345,#346,#347,#348,#349,#350,#351,#352,#353,#354,#355,#356,
#357,#358,#359,#360,#361,#362,#363,#364,#365,#366,#367,#368,#369,#370,#371,
#372,#373,#374,#375,#376,#377,#378,#379,#380,#381,#382,#383,#384,#385,#386,
#387,#388,#389,#390,#391,#392,#393,#394,#395,#396,#397,#398,#399,#400,#401,
#402,#403,#404,#405,#406,#407,#408,#409,#410,#411,#412,#413,#414,#415,#416,
#417,#418,#419,#420,#421,#422,#423,#424,#425,#426,#427,#428,#429,#430,#431,
#432,#433,#434,#435,#436,#437,#438,#439,#440,#441,#442,#443,#444,#445,#446,
#447,#448,#449,#450,#451,#452,#453,#454,#455,#456,#457,#458,#459,#460,#461,
#462,#463,#464,#465,#466,#467,#468,#469,#470,#471,#472,#473,#474,#475,#476,
#477,#478,#479,#480,#481,#482,#483,#484,#485,#486,#487,#488,#489,#490,#491,
#492,#493,#494,#495,#496,#497,#498));
#35=CLOSED_SHELL('',(#499,#500,#501,#502));
#36=B_SPLINE_CURVE_WITH_KNOTS('',3,(#5747,#5748,#5749,#5750,#5751,#5752,
#5753,#5754,#5755,#5756,#5757,#5758,#5759,#5760,#5761,#5762,#5763,#5764,
#5765,#5766,#5767,#5768,#5769,#5770,#5771,#5772,#5773,#5774,#5775,#5776,
#5777,#5778,#5779,#5780,#5781,#5782,#5783,#5784,#5785,#5786,#5787,#5788,
#5789,#5790,#5791,#5792,#5793,#5794,#5795,#5796,#5797,#5798,#5799,#5800,
#5801,#5802,#5803,#5804,#5805,#5806,#5807,#5808,#5809,#5810,#5811,#5812,
#5813,#5814,#5815,#5816),.UNSPECIFIED.,.T.,.F.,(1,3,3,3,3,3,3,3,3,3,3,3,
3,3,3,3,3,3,3,3,3,3,3,3,3,1),(-0.0111481911441891,0.,0.0280260995358332,
0.0688790311643481,0.135104104588574,0.185693428156419,0.226613021594347,
0.267800154583759,0.305273401527275,0.345194752191938,0.406248682710422,
0.468743510881253,0.494974565014952,0.521455098548758,0.555965774852496,
0.617251033900791,0.681442307083656,0.722524220950074,0.763910670085197,
0.801332771672761,0.840504166127858,0.899902149423078,0.96063278071962,
0.988851808855811,1.,1.02802609953583),.UNSPECIFIED.);
#37=B_SPLINE_CURVE_WITH_KNOTS('',3,(#5821,#5822,#5823,#5824,#5825,#5826,
#5827,#5828,#5829,#5830,#5831,#5832,#5833,#5834,#5835,#5836,#5837,#5838,
#5839,#5840,#5841,#5842,#5843,#5844,#5845,#5846,#5847,#5848,#5849,#5850,
#5851,#5852,#5853,#5854,#5855,#5856,#5857,#5858,#5859,#5860,#5861,#5862,
#5863,#5864,#5865,#5866,#5867,#5868,#5869,#5870,#5871,#5872,#5873,#5874,
#5875,#5876,#5877,#5878,#5879,#5880,#5881,#5882,#5883,#5884,#5885,#5886,
#5887,#5888,#5889,#5890),.UNSPECIFIED.,.T.,.F.,(1,3,3,3,3,3,3,3,3,3,3,3,
3,3,3,3,3,3,3,3,3,3,3,3,3,1),(-0.0111481911441911,0.,0.0280260995358335,
0.0688790311643494,0.135104104588578,0.18569342815642,0.226613021594348,
0.26780015458376,0.305273401527276,0.345194752191938,0.406248682710422,
0.468743510881253,0.494974565014951,0.521455098548758,0.555965774852496,
0.61725103390079,0.681442307083652,0.722524220950073,0.763910670085194,
0.801332771672761,0.840504166127857,0.899902149423074,0.960632780719617,
0.988851808855809,1.,1.02802609953583),.UNSPECIFIED.);
#38=B_SPLINE_CURVE_WITH_KNOTS('',3,(#5896,#5897,#5898,#5899,#5900,#5901,
#5902,#5903,#5904,#5905,#5906,#5907,#5908,#5909,#5910,#5911,#5912,#5913,
#5914,#5915,#5916,#5917,#5918,#5919,#5920,#5921,#5922,#5923,#5924,#5925,
#5926,#5927,#5928,#5929,#5930,#5931,#5932,#5933,#5934,#5935,#5936,#5937,
#5938,#5939,#5940,#5941,#5942,#5943,#5944,#5945,#5946,#5947,#5948,#5949,
#5950,#5951,#5952,#5953,#5954,#5955,#5956,#5957,#5958,#5959),
 .UNSPECIFIED.,.T.,.F.,(1,3,3,3,3,3,3,3,3,3,3,3,3,3,3,3,3,3,3,3,3,3,3,1),
(-0.0496436647644682,0.,0.0193531379032133,0.0607086511942786,0.118988851045209,
0.170286132058719,0.215439695240152,0.259996055273311,0.311613723811037,
0.370343113725319,0.422524021780643,0.473953177807712,0.515059647035628,
0.556155842707566,0.605572933558542,0.658815311535611,0.705109559861599,
0.749146933370679,0.796864274861533,0.844332659340402,0.901259732079728,
0.950356335235532,1.,1.01935313790321),.UNSPECIFIED.);
#39=TOROIDAL_SURFACE('',#3614,0.5,0.4);
#40=TOROIDAL_SURFACE('',#3626,0.5,0.4);
#41=TOROIDAL_SURFACE('',#3689,0.741421356237308,0.1);
#42=TOROIDAL_SURFACE('',#3691,0.741421356237308,0.1);
#43=TOROIDAL_SURFACE('',#3697,0.741421356237307,0.1);
#44=TOROIDAL_SURFACE('',#3699,0.741421356237308,0.1);
#45=TOROIDAL_SURFACE('',#3705,1.03229670385731,0.1);
#46=TOROIDAL_SURFACE('',#3707,1.03229670385731,0.1);
#47=TOROIDAL_SURFACE('',#3713,1.03229670385731,0.1);
#48=TOROIDAL_SURFACE('',#3715,1.03229670385731,0.1);
#49=TOROIDAL_SURFACE('',#3826,2.,1.);
#50=SPHERICAL_SURFACE('',#3606,0.4);
#51=SPHERICAL_SURFACE('',#3610,0.4);
#52=SPHERICAL_SURFACE('',#3618,0.4);
#53=SPHERICAL_SURFACE('',#3622,0.4);
#54=SPHERICAL_SURFACE('',#3630,0.4);
#55=SPHERICAL_SURFACE('',#3633,0.4);
#56=CONICAL_SURFACE('',#3535,1.1,45.0000000000002);
#57=CONICAL_SURFACE('',#3662,1.3,21.8014094863518);
#58=CONICAL_SURFACE('',#3666,1.3,21.8014094863518);
#59=CONICAL_SURFACE('',#3668,1.3,21.8014094863518);
#60=CONICAL_SURFACE('',#3672,1.3,21.8014094863518);
#61=CONICAL_SURFACE('',#3674,0.5,45.);
#62=CONICAL_SURFACE('',#3678,0.5,45.);
#63=CONICAL_SURFACE('',#3680,0.5,45.);
#64=CONICAL_SURFACE('',#3684,0.500000000000001,45.);
#65=CONICAL_SURFACE('',#3869,1.1,45.);
#66=FACE_OUTER_BOUND('',#1347,.T.);
#67=FACE_OUTER_BOUND('',#1348,.T.);
#68=FACE_OUTER_BOUND('',#1349,.T.);
#69=FACE_OUTER_BOUND('',#1350,.T.);
#70=FACE_OUTER_BOUND('',#1351,.T.);
#71=FACE_OUTER_BOUND('',#1352,.T.);
#72=FACE_OUTER_BOUND('',#1353,.T.);
#73=FACE_OUTER_BOUND('',#1356,.T.);
#74=FACE_OUTER_BOUND('',#1359,.T.);
#75=FACE_OUTER_BOUND('',#1360,.T.);
#76=FACE_OUTER_BOUND('',#1361,.T.);
#77=FACE_OUTER_BOUND('',#1362,.T.);
#78=FACE_OUTER_BOUND('',#1363,.T.);
#79=FACE_OUTER_BOUND('',#1364,.T.);
#80=FACE_OUTER_BOUND('',#1365,.T.);
#81=FACE_OUTER_BOUND('',#1366,.T.);
#82=FACE_OUTER_BOUND('',#1367,.T.);
#83=FACE_OUTER_BOUND('',#1371,.T.);
#84=FACE_OUTER_BOUND('',#1372,.T.);
#85=FACE_OUTER_BOUND('',#1373,.T.);
#86=FACE_OUTER_BOUND('',#1374,.T.);
#87=FACE_OUTER_BOUND('',#1375,.T.);
#88=FACE_OUTER_BOUND('',#1376,.T.);
#89=FACE_OUTER_BOUND('',#1377,.T.);
#90=FACE_OUTER_BOUND('',#1378,.T.);
#91=FACE_OUTER_BOUND('',#1379,.T.);
#92=FACE_OUTER_BOUND('',#1380,.T.);
#93=FACE_OUTER_BOUND('',#1381,.T.);
#94=FACE_OUTER_BOUND('',#1382,.T.);
#95=FACE_OUTER_BOUND('',#1383,.T.);
#96=FACE_OUTER_BOUND('',#1384,.T.);
#97=FACE_OUTER_BOUND('',#1385,.T.);
#98=FACE_OUTER_BOUND('',#1386,.T.);
#99=FACE_OUTER_BOUND('',#1387,.T.);
#100=FACE_OUTER_BOUND('',#1390,.T.);
#101=FACE_OUTER_BOUND('',#1391,.T.);
#102=FACE_OUTER_BOUND('',#1392,.T.);
#103=FACE_OUTER_BOUND('',#1393,.T.);
#104=FACE_OUTER_BOUND('',#1394,.T.);
#105=FACE_OUTER_BOUND('',#1395,.T.);
#106=FACE_OUTER_BOUND('',#1396,.T.);
#107=FACE_OUTER_BOUND('',#1397,.T.);
#108=FACE_OUTER_BOUND('',#1398,.T.);
#109=FACE_OUTER_BOUND('',#1399,.T.);
#110=FACE_OUTER_BOUND('',#1400,.T.);
#111=FACE_OUTER_BOUND('',#1401,.T.);
#112=FACE_OUTER_BOUND('',#1402,.T.);
#113=FACE_OUTER_BOUND('',#1403,.T.);
#114=FACE_OUTER_BOUND('',#1404,.T.);
#115=FACE_OUTER_BOUND('',#1405,.T.);
#116=FACE_OUTER_BOUND('',#1406,.T.);
#117=FACE_OUTER_BOUND('',#1407,.T.);
#118=FACE_OUTER_BOUND('',#1408,.T.);
#119=FACE_OUTER_BOUND('',#1411,.T.);
#120=FACE_OUTER_BOUND('',#1412,.T.);
#121=FACE_OUTER_BOUND('',#1413,.T.);
#122=FACE_OUTER_BOUND('',#1414,.T.);
#123=FACE_OUTER_BOUND('',#1415,.T.);
#124=FACE_OUTER_BOUND('',#1416,.T.);
#125=FACE_OUTER_BOUND('',#1417,.T.);
#126=FACE_OUTER_BOUND('',#1418,.T.);
#127=FACE_OUTER_BOUND('',#1419,.T.);
#128=FACE_OUTER_BOUND('',#1420,.T.);
#129=FACE_OUTER_BOUND('',#1421,.T.);
#130=FACE_OUTER_BOUND('',#1422,.T.);
#131=FACE_OUTER_BOUND('',#1423,.T.);
#132=FACE_OUTER_BOUND('',#1424,.T.);
#133=FACE_OUTER_BOUND('',#1425,.T.);
#134=FACE_OUTER_BOUND('',#1426,.T.);
#135=FACE_OUTER_BOUND('',#1427,.T.);
#136=FACE_OUTER_BOUND('',#1428,.T.);
#137=FACE_OUTER_BOUND('',#1429,.T.);
#138=FACE_OUTER_BOUND('',#1430,.T.);
#139=FACE_OUTER_BOUND('',#1431,.T.);
#140=FACE_OUTER_BOUND('',#1432,.T.);
#141=FACE_OUTER_BOUND('',#1433,.T.);
#142=FACE_OUTER_BOUND('',#1434,.T.);
#143=FACE_OUTER_BOUND('',#1435,.T.);
#144=FACE_OUTER_BOUND('',#1436,.T.);
#145=FACE_OUTER_BOUND('',#1437,.T.);
#146=FACE_OUTER_BOUND('',#1438,.T.);
#147=FACE_OUTER_BOUND('',#1439,.T.);
#148=FACE_OUTER_BOUND('',#1440,.T.);
#149=FACE_OUTER_BOUND('',#1441,.T.);
#150=FACE_OUTER_BOUND('',#1442,.T.);
#151=FACE_OUTER_BOUND('',#1443,.T.);
#152=FACE_OUTER_BOUND('',#1444,.T.);
#153=FACE_OUTER_BOUND('',#1445,.T.);
#154=FACE_OUTER_BOUND('',#1446,.T.);
#155=FACE_OUTER_BOUND('',#1447,.T.);
#156=FACE_OUTER_BOUND('',#1448,.T.);
#157=FACE_OUTER_BOUND('',#1449,.T.);
#158=FACE_OUTER_BOUND('',#1450,.T.);
#159=FACE_OUTER_BOUND('',#1451,.T.);
#160=FACE_OUTER_BOUND('',#1452,.T.);
#161=FACE_OUTER_BOUND('',#1456,.T.);
#162=FACE_OUTER_BOUND('',#1457,.T.);
#163=FACE_OUTER_BOUND('',#1458,.T.);
#164=FACE_OUTER_BOUND('',#1459,.T.);
#165=FACE_OUTER_BOUND('',#1460,.T.);
#166=FACE_OUTER_BOUND('',#1461,.T.);
#167=FACE_OUTER_BOUND('',#1462,.T.);
#168=FACE_OUTER_BOUND('',#1463,.T.);
#169=FACE_OUTER_BOUND('',#1464,.T.);
#170=FACE_OUTER_BOUND('',#1465,.T.);
#171=FACE_OUTER_BOUND('',#1466,.T.);
#172=FACE_OUTER_BOUND('',#1467,.T.);
#173=FACE_OUTER_BOUND('',#1468,.T.);
#174=FACE_OUTER_BOUND('',#1469,.T.);
#175=FACE_OUTER_BOUND('',#1470,.T.);
#176=FACE_OUTER_BOUND('',#1471,.T.);
#177=FACE_OUTER_BOUND('',#1472,.T.);
#178=FACE_OUTER_BOUND('',#1473,.T.);
#179=FACE_OUTER_BOUND('',#1474,.T.);
#180=FACE_OUTER_BOUND('',#1475,.T.);
#181=FACE_OUTER_BOUND('',#1476,.T.);
#182=FACE_OUTER_BOUND('',#1477,.T.);
#183=FACE_OUTER_BOUND('',#1478,.T.);
#184=FACE_OUTER_BOUND('',#1479,.T.);
#185=FACE_OUTER_BOUND('',#1480,.T.);
#186=FACE_OUTER_BOUND('',#1481,.T.);
#187=FACE_OUTER_BOUND('',#1482,.T.);
#188=FACE_OUTER_BOUND('',#1483,.T.);
#189=FACE_OUTER_BOUND('',#1484,.T.);
#190=FACE_OUTER_BOUND('',#1485,.T.);
#191=FACE_OUTER_BOUND('',#1486,.T.);
#192=FACE_OUTER_BOUND('',#1487,.T.);
#193=FACE_OUTER_BOUND('',#1493,.T.);
#194=FACE_OUTER_BOUND('',#1494,.T.);
#195=FACE_OUTER_BOUND('',#1495,.T.);
#196=FACE_OUTER_BOUND('',#1496,.T.);
#197=FACE_OUTER_BOUND('',#1497,.T.);
#198=FACE_OUTER_BOUND('',#1498,.T.);
#199=FACE_OUTER_BOUND('',#1503,.T.);
#200=FACE_OUTER_BOUND('',#1504,.T.);
#201=FACE_OUTER_BOUND('',#1505,.T.);
#202=FACE_OUTER_BOUND('',#1506,.T.);
#203=FACE_OUTER_BOUND('',#1509,.T.);
#204=FACE_OUTER_BOUND('',#1514,.T.);
#205=FACE_OUTER_BOUND('',#1519,.T.);
#206=FACE_OUTER_BOUND('',#1524,.T.);
#207=FACE_OUTER_BOUND('',#1525,.T.);
#208=FACE_OUTER_BOUND('',#1526,.T.);
#209=FACE_OUTER_BOUND('',#1531,.T.);
#210=FACE_OUTER_BOUND('',#1532,.T.);
#211=FACE_OUTER_BOUND('',#1533,.T.);
#212=FACE_OUTER_BOUND('',#1534,.T.);
#213=FACE_OUTER_BOUND('',#1535,.T.);
#214=FACE_OUTER_BOUND('',#1536,.T.);
#215=FACE_OUTER_BOUND('',#1541,.T.);
#216=FACE_OUTER_BOUND('',#1546,.T.);
#217=FACE_OUTER_BOUND('',#1547,.T.);
#218=FACE_OUTER_BOUND('',#1548,.T.);
#219=FACE_OUTER_BOUND('',#1549,.T.);
#220=FACE_OUTER_BOUND('',#1550,.T.);
#221=FACE_OUTER_BOUND('',#1551,.T.);
#222=FACE_OUTER_BOUND('',#1552,.T.);
#223=FACE_OUTER_BOUND('',#1553,.T.);
#224=FACE_OUTER_BOUND('',#1554,.T.);
#225=FACE_OUTER_BOUND('',#1555,.T.);
#226=FACE_OUTER_BOUND('',#1556,.T.);
#227=FACE_OUTER_BOUND('',#1557,.T.);
#228=FACE_OUTER_BOUND('',#1558,.T.);
#229=FACE_OUTER_BOUND('',#1559,.T.);
#230=FACE_OUTER_BOUND('',#1560,.T.);
#231=FACE_OUTER_BOUND('',#1561,.T.);
#232=FACE_OUTER_BOUND('',#1562,.T.);
#233=FACE_OUTER_BOUND('',#1563,.T.);
#234=FACE_OUTER_BOUND('',#1564,.T.);
#235=FACE_OUTER_BOUND('',#1565,.T.);
#236=FACE_OUTER_BOUND('',#1568,.T.);
#237=CYLINDRICAL_SURFACE('',#3527,1.1);
#238=CYLINDRICAL_SURFACE('',#3553,0.8);
#239=CYLINDRICAL_SURFACE('',#3557,0.8);
#240=CYLINDRICAL_SURFACE('',#3567,0.4);
#241=CYLINDRICAL_SURFACE('',#3571,0.4);
#242=CYLINDRICAL_SURFACE('',#3575,0.1);
#243=CYLINDRICAL_SURFACE('',#3579,0.4);
#244=CYLINDRICAL_SURFACE('',#3583,0.4);
#245=CYLINDRICAL_SURFACE('',#3587,0.1);
#246=CYLINDRICAL_SURFACE('',#3591,0.4);
#247=CYLINDRICAL_SURFACE('',#3595,0.4);
#248=CYLINDRICAL_SURFACE('',#3604,0.4);
#249=CYLINDRICAL_SURFACE('',#3608,0.4);
#250=CYLINDRICAL_SURFACE('',#3612,0.4);
#251=CYLINDRICAL_SURFACE('',#3616,0.4);
#252=CYLINDRICAL_SURFACE('',#3620,0.4);
#253=CYLINDRICAL_SURFACE('',#3624,0.4);
#254=CYLINDRICAL_SURFACE('',#3628,0.4);
#255=CYLINDRICAL_SURFACE('',#3632,0.4);
#256=CYLINDRICAL_SURFACE('',#3654,1.3);
#257=CYLINDRICAL_SURFACE('',#3656,1.3);
#258=CYLINDRICAL_SURFACE('',#3658,1.3);
#259=CYLINDRICAL_SURFACE('',#3660,1.3);
#260=CYLINDRICAL_SURFACE('',#3687,0.1);
#261=CYLINDRICAL_SURFACE('',#3693,0.1);
#262=CYLINDRICAL_SURFACE('',#3695,0.1);
#263=CYLINDRICAL_SURFACE('',#3700,0.1);
#264=CYLINDRICAL_SURFACE('',#3703,0.1);
#265=CYLINDRICAL_SURFACE('',#3709,0.1);
#266=CYLINDRICAL_SURFACE('',#3711,0.1);
#267=CYLINDRICAL_SURFACE('',#3716,0.1);
#268=CYLINDRICAL_SURFACE('',#3728,0.1);
#269=CYLINDRICAL_SURFACE('',#3731,0.1);
#270=CYLINDRICAL_SURFACE('',#3733,0.4);
#271=CYLINDRICAL_SURFACE('',#3745,0.4);
#272=CYLINDRICAL_SURFACE('',#3748,0.1);
#273=CYLINDRICAL_SURFACE('',#3750,0.1);
#274=CYLINDRICAL_SURFACE('',#3753,0.4);
#275=CYLINDRICAL_SURFACE('',#3756,0.1);
#276=CYLINDRICAL_SURFACE('',#3758,0.1);
#277=CYLINDRICAL_SURFACE('',#3761,0.1);
#278=CYLINDRICAL_SURFACE('',#3766,0.4);
#279=CYLINDRICAL_SURFACE('',#3773,0.1);
#280=CYLINDRICAL_SURFACE('',#3788,2.1);
#281=CYLINDRICAL_SURFACE('',#3793,0.2);
#282=CYLINDRICAL_SURFACE('',#3795,0.2);
#283=CYLINDRICAL_SURFACE('',#3797,0.5);
#284=CYLINDRICAL_SURFACE('',#3799,1.1);
#285=CYLINDRICAL_SURFACE('',#3801,1.1);
#286=CYLINDRICAL_SURFACE('',#3804,1.25);
#287=CYLINDRICAL_SURFACE('',#3807,1.95);
#288=CYLINDRICAL_SURFACE('',#3815,1.35);
#289=CYLINDRICAL_SURFACE('',#3830,3.);
#290=CYLINDRICAL_SURFACE('',#3838,0.5);
#291=CYLINDRICAL_SURFACE('',#3841,0.5);
#292=CYLINDRICAL_SURFACE('',#3844,0.5);
#293=CYLINDRICAL_SURFACE('',#3848,0.5);
#294=CYLINDRICAL_SURFACE('',#3855,0.5);
#295=CYLINDRICAL_SURFACE('',#3856,0.5);
#296=CYLINDRICAL_SURFACE('',#3858,0.5);
#297=CYLINDRICAL_SURFACE('',#3859,0.5);
#298=CYLINDRICAL_SURFACE('',#3865,1.75);
#299=CYLINDRICAL_SURFACE('',#3870,1.1);
#300=CYLINDRICAL_SURFACE('',#3873,2.5);
#301=CYLINDRICAL_SURFACE('',#3878,2.1);
#302=ADVANCED_FACE('',(#1276,#1277),#503,.T.);
#303=ADVANCED_FACE('',(#1278,#1279),#237,.T.);
#304=ADVANCED_FACE('',(#66),#504,.F.);
#305=ADVANCED_FACE('',(#67),#505,.F.);
#306=ADVANCED_FACE('',(#68),#506,.F.);
#307=ADVANCED_FACE('',(#69),#507,.F.);
#308=ADVANCED_FACE('',(#70),#508,.F.);
#309=ADVANCED_FACE('',(#71),#509,.F.);
#310=ADVANCED_FACE('',(#72),#510,.T.);
#311=ADVANCED_FACE('',(#1280,#1281),#56,.T.);
#312=ADVANCED_FACE('',(#73),#511,.F.);
#313=ADVANCED_FACE('',(#1282,#1283),#512,.F.);
#314=ADVANCED_FACE('',(#74),#513,.T.);
#315=ADVANCED_FACE('',(#75),#514,.F.);
#316=ADVANCED_FACE('',(#76),#515,.F.);
#317=ADVANCED_FACE('',(#77),#238,.F.);
#318=ADVANCED_FACE('',(#78),#516,.F.);
#319=ADVANCED_FACE('',(#79),#517,.F.);
#320=ADVANCED_FACE('',(#80),#518,.F.);
#321=ADVANCED_FACE('',(#81),#239,.F.);
#322=ADVANCED_FACE('',(#82),#519,.F.);
#323=ADVANCED_FACE('',(#1284,#1285,#1286),#520,.F.);
#324=ADVANCED_FACE('',(#83),#240,.T.);
#325=ADVANCED_FACE('',(#84),#521,.F.);
#326=ADVANCED_FACE('',(#85),#241,.T.);
#327=ADVANCED_FACE('',(#86),#522,.F.);
#328=ADVANCED_FACE('',(#87),#242,.F.);
#329=ADVANCED_FACE('',(#88),#523,.F.);
#330=ADVANCED_FACE('',(#89),#243,.T.);
#331=ADVANCED_FACE('',(#90),#524,.F.);
#332=ADVANCED_FACE('',(#91),#244,.T.);
#333=ADVANCED_FACE('',(#92),#525,.F.);
#334=ADVANCED_FACE('',(#93),#245,.F.);
#335=ADVANCED_FACE('',(#94),#526,.F.);
#336=ADVANCED_FACE('',(#95),#246,.T.);
#337=ADVANCED_FACE('',(#96),#527,.F.);
#338=ADVANCED_FACE('',(#97),#247,.T.);
#339=ADVANCED_FACE('',(#98),#528,.T.);
#340=ADVANCED_FACE('',(#99),#529,.T.);
#341=ADVANCED_FACE('',(#1287,#1288),#530,.T.);
#342=ADVANCED_FACE('',(#100),#248,.T.);
#343=ADVANCED_FACE('',(#101),#50,.T.);
#344=ADVANCED_FACE('',(#102),#249,.T.);
#345=ADVANCED_FACE('',(#103),#51,.T.);
#346=ADVANCED_FACE('',(#104),#250,.T.);
#347=ADVANCED_FACE('',(#105),#39,.T.);
#348=ADVANCED_FACE('',(#106),#251,.T.);
#349=ADVANCED_FACE('',(#107),#52,.T.);
#350=ADVANCED_FACE('',(#108),#252,.T.);
#351=ADVANCED_FACE('',(#109),#53,.T.);
#352=ADVANCED_FACE('',(#110),#253,.T.);
#353=ADVANCED_FACE('',(#111),#40,.T.);
#354=ADVANCED_FACE('',(#112),#254,.T.);
#355=ADVANCED_FACE('',(#113),#54,.T.);
#356=ADVANCED_FACE('',(#114),#255,.T.);
#357=ADVANCED_FACE('',(#115),#55,.T.);
#358=ADVANCED_FACE('',(#116),#531,.T.);
#359=ADVANCED_FACE('',(#117),#532,.T.);
#360=ADVANCED_FACE('',(#118),#533,.T.);
#361=ADVANCED_FACE('',(#1289,#1290),#534,.T.);
#362=ADVANCED_FACE('',(#119),#535,.T.);
#363=ADVANCED_FACE('',(#120),#536,.T.);
#364=ADVANCED_FACE('',(#121),#537,.F.);
#365=ADVANCED_FACE('',(#122),#256,.T.);
#366=ADVANCED_FACE('',(#123),#257,.T.);
#367=ADVANCED_FACE('',(#124),#258,.T.);
#368=ADVANCED_FACE('',(#125),#259,.T.);
#369=ADVANCED_FACE('',(#126),#57,.T.);
#370=ADVANCED_FACE('',(#127),#538,.F.);
#371=ADVANCED_FACE('',(#128),#539,.F.);
#372=ADVANCED_FACE('',(#129),#58,.T.);
#373=ADVANCED_FACE('',(#130),#59,.T.);
#374=ADVANCED_FACE('',(#131),#540,.F.);
#375=ADVANCED_FACE('',(#132),#541,.F.);
#376=ADVANCED_FACE('',(#133),#60,.T.);
#377=ADVANCED_FACE('',(#134),#61,.F.);
#378=ADVANCED_FACE('',(#135),#542,.T.);
#379=ADVANCED_FACE('',(#136),#543,.T.);
#380=ADVANCED_FACE('',(#137),#62,.F.);
#381=ADVANCED_FACE('',(#138),#63,.F.);
#382=ADVANCED_FACE('',(#139),#544,.T.);
#383=ADVANCED_FACE('',(#140),#545,.T.);
#384=ADVANCED_FACE('',(#141),#64,.F.);
#385=ADVANCED_FACE('',(#142),#260,.T.);
#386=ADVANCED_FACE('',(#143),#41,.T.);
#387=ADVANCED_FACE('',(#144),#42,.T.);
#388=ADVANCED_FACE('',(#145),#261,.T.);
#389=ADVANCED_FACE('',(#146),#262,.T.);
#390=ADVANCED_FACE('',(#147),#43,.T.);
#391=ADVANCED_FACE('',(#148),#44,.T.);
#392=ADVANCED_FACE('',(#149),#263,.T.);
#393=ADVANCED_FACE('',(#150),#264,.T.);
#394=ADVANCED_FACE('',(#151),#45,.T.);
#395=ADVANCED_FACE('',(#152),#46,.T.);
#396=ADVANCED_FACE('',(#153),#265,.T.);
#397=ADVANCED_FACE('',(#154),#266,.T.);
#398=ADVANCED_FACE('',(#155),#47,.T.);
#399=ADVANCED_FACE('',(#156),#48,.T.);
#400=ADVANCED_FACE('',(#157),#267,.T.);
#401=ADVANCED_FACE('',(#158),#546,.T.);
#402=ADVANCED_FACE('',(#159),#547,.T.);
#403=ADVANCED_FACE('',(#160),#548,.F.);
#404=ADVANCED_FACE('',(#1291,#1292,#1293),#549,.T.);
#405=ADVANCED_FACE('',(#161),#550,.T.);
#406=ADVANCED_FACE('',(#162),#268,.F.);
#407=ADVANCED_FACE('',(#163),#551,.T.);
#408=ADVANCED_FACE('',(#164),#269,.F.);
#409=ADVANCED_FACE('',(#165),#270,.T.);
#410=ADVANCED_FACE('',(#166),#552,.T.);
#411=ADVANCED_FACE('',(#167),#553,.T.);
#412=ADVANCED_FACE('',(#168),#554,.T.);
#413=ADVANCED_FACE('',(#169),#555,.T.);
#414=ADVANCED_FACE('',(#170),#556,.F.);
#415=ADVANCED_FACE('',(#171),#557,.T.);
#416=ADVANCED_FACE('',(#172),#558,.F.);
#417=ADVANCED_FACE('',(#173),#559,.F.);
#418=ADVANCED_FACE('',(#174),#271,.T.);
#419=ADVANCED_FACE('',(#175),#560,.F.);
#420=ADVANCED_FACE('',(#176),#272,.F.);
#421=ADVANCED_FACE('',(#177),#273,.F.);
#422=ADVANCED_FACE('',(#178),#561,.T.);
#423=ADVANCED_FACE('',(#179),#274,.T.);
#424=ADVANCED_FACE('',(#180),#562,.T.);
#425=ADVANCED_FACE('',(#181),#275,.F.);
#426=ADVANCED_FACE('',(#182),#276,.F.);
#427=ADVANCED_FACE('',(#183),#563,.T.);
#428=ADVANCED_FACE('',(#184),#277,.F.);
#429=ADVANCED_FACE('',(#185),#564,.F.);
#430=ADVANCED_FACE('',(#186),#278,.T.);
#431=ADVANCED_FACE('',(#187),#565,.F.);
#432=ADVANCED_FACE('',(#188),#566,.T.);
#433=ADVANCED_FACE('',(#189),#567,.T.);
#434=ADVANCED_FACE('',(#190),#568,.F.);
#435=ADVANCED_FACE('',(#191),#569,.F.);
#436=ADVANCED_FACE('',(#192),#279,.F.);
#437=ADVANCED_FACE('',(#1294,#1295,#1296,#1297,#1298),#570,.T.);
#438=ADVANCED_FACE('',(#193),#571,.F.);
#439=ADVANCED_FACE('',(#194),#572,.F.);
#440=ADVANCED_FACE('',(#195),#573,.F.);
#441=ADVANCED_FACE('',(#196),#574,.F.);
#442=ADVANCED_FACE('',(#197),#575,.F.);
#443=ADVANCED_FACE('',(#198),#576,.T.);
#444=ADVANCED_FACE('',(#1299,#1300),#280,.F.);
#445=ADVANCED_FACE('',(#1301,#1302),#577,.F.);
#446=ADVANCED_FACE('',(#199),#578,.F.);
#447=ADVANCED_FACE('',(#200),#579,.F.);
#448=ADVANCED_FACE('',(#201),#281,.T.);
#449=ADVANCED_FACE('',(#202),#282,.T.);
#450=ADVANCED_FACE('',(#1303,#1304),#283,.T.);
#451=ADVANCED_FACE('',(#203),#580,.T.);
#452=ADVANCED_FACE('',(#1305,#1306),#284,.F.);
#453=ADVANCED_FACE('',(#1307,#1308),#285,.F.);
#454=ADVANCED_FACE('',(#204),#581,.F.);
#455=ADVANCED_FACE('',(#1309,#1310,#1311,#1312),#286,.F.);
#456=ADVANCED_FACE('',(#205),#582,.F.);
#457=ADVANCED_FACE('',(#1313,#1314),#287,.T.);
#458=ADVANCED_FACE('',(#1315,#1316),#583,.F.);
#459=ADVANCED_FACE('',(#206),#584,.T.);
#460=ADVANCED_FACE('',(#207),#585,.T.);
#461=ADVANCED_FACE('',(#208),#586,.F.);
#462=ADVANCED_FACE('',(#1317,#1318),#288,.F.);
#463=ADVANCED_FACE('',(#1319,#1320),#587,.F.);
#464=ADVANCED_FACE('',(#209),#588,.F.);
#465=ADVANCED_FACE('',(#210),#589,.F.);
#466=ADVANCED_FACE('',(#211),#590,.F.);
#467=ADVANCED_FACE('',(#212),#591,.F.);
#468=ADVANCED_FACE('',(#213),#592,.F.);
#469=ADVANCED_FACE('',(#214),#593,.F.);
#470=ADVANCED_FACE('',(#1321,#1322),#594,.T.);
#471=ADVANCED_FACE('',(#1323,#1324),#49,.T.);
#472=ADVANCED_FACE('',(#215),#595,.T.);
#473=ADVANCED_FACE('',(#1325,#1326),#289,.T.);
#474=ADVANCED_FACE('',(#1327,#1328),#596,.T.);
#475=ADVANCED_FACE('',(#216),#597,.T.);
#476=ADVANCED_FACE('',(#217),#598,.F.);
#477=ADVANCED_FACE('',(#218),#599,.T.);
#478=ADVANCED_FACE('',(#219),#600,.T.);
#479=ADVANCED_FACE('',(#220),#290,.T.);
#480=ADVANCED_FACE('',(#221),#291,.T.);
#481=ADVANCED_FACE('',(#222),#292,.T.);
#482=ADVANCED_FACE('',(#223),#601,.T.);
#483=ADVANCED_FACE('',(#224),#293,.T.);
#484=ADVANCED_FACE('',(#225),#602,.F.);
#485=ADVANCED_FACE('',(#226),#603,.F.);
#486=ADVANCED_FACE('',(#227),#294,.T.);
#487=ADVANCED_FACE('',(#228),#295,.T.);
#488=ADVANCED_FACE('',(#229),#604,.T.);
#489=ADVANCED_FACE('',(#230),#296,.T.);
#490=ADVANCED_FACE('',(#231),#297,.T.);
#491=ADVANCED_FACE('',(#232),#605,.T.);
#492=ADVANCED_FACE('',(#233),#606,.T.);
#493=ADVANCED_FACE('',(#234),#607,.T.);
#494=ADVANCED_FACE('',(#235),#608,.T.);
#495=ADVANCED_FACE('',(#1329,#1330),#298,.T.);
#496=ADVANCED_FACE('',(#236),#609,.T.);
#497=ADVANCED_FACE('',(#1331,#1332),#65,.T.);
#498=ADVANCED_FACE('',(#1333,#1334),#299,.T.);
#499=ADVANCED_FACE('',(#1335,#1336),#300,.T.);
#500=ADVANCED_FACE('',(#1337,#1338),#610,.T.);
#501=ADVANCED_FACE('',(#1339,#1340),#611,.F.);
#502=ADVANCED_FACE('',(#1341,#1342),#301,.F.);
#503=PLANE('',#3524);
#504=PLANE('',#3528);
#505=PLANE('',#3529);
#506=PLANE('',#3530);
#507=PLANE('',#3531);
#508=PLANE('',#3532);
#509=PLANE('',#3533);
#510=PLANE('',#3534);
#511=PLANE('',#3536);
#512=PLANE('',#3547);
#513=PLANE('',#3550);
#514=PLANE('',#3551);
#515=PLANE('',#3552);
#516=PLANE('',#3554);
#517=PLANE('',#3555);
#518=PLANE('',#3556);
#519=PLANE('',#3558);
#520=PLANE('',#3564);
#521=PLANE('',#3568);
#522=PLANE('',#3572);
#523=PLANE('',#3576);
#524=PLANE('',#3580);
#525=PLANE('',#3584);
#526=PLANE('',#3588);
#527=PLANE('',#3592);
#528=PLANE('',#3596);
#529=PLANE('',#3597);
#530=PLANE('',#3601);
#531=PLANE('',#3634);
#532=PLANE('',#3635);
#533=PLANE('',#3636);
#534=PLANE('',#3645);
#535=PLANE('',#3646);
#536=PLANE('',#3647);
#537=PLANE('',#3652);
#538=PLANE('',#3663);
#539=PLANE('',#3664);
#540=PLANE('',#3669);
#541=PLANE('',#3670);
#542=PLANE('',#3675);
#543=PLANE('',#3676);
#544=PLANE('',#3681);
#545=PLANE('',#3682);
#546=PLANE('',#3717);
#547=PLANE('',#3718);
#548=PLANE('',#3720);
#549=PLANE('',#3725);
#550=PLANE('',#3726);
#551=PLANE('',#3729);
#552=PLANE('',#3734);
#553=PLANE('',#3735);
#554=PLANE('',#3736);
#555=PLANE('',#3737);
#556=PLANE('',#3738);
#557=PLANE('',#3739);
#558=PLANE('',#3742);
#559=PLANE('',#3743);
#560=PLANE('',#3746);
#561=PLANE('',#3751);
#562=PLANE('',#3754);
#563=PLANE('',#3759);
#564=PLANE('',#3764);
#565=PLANE('',#3767);
#566=PLANE('',#3768);
#567=PLANE('',#3769);
#568=PLANE('',#3770);
#569=PLANE('',#3771);
#570=PLANE('',#3779);
#571=PLANE('',#3780);
#572=PLANE('',#3781);
#573=PLANE('',#3782);
#574=PLANE('',#3783);
#575=PLANE('',#3784);
#576=PLANE('',#3785);
#577=PLANE('',#3789);
#578=PLANE('',#3790);
#579=PLANE('',#3791);
#580=PLANE('',#3798);
#581=PLANE('',#3802);
#582=PLANE('',#3805);
#583=PLANE('',#3809);
#584=PLANE('',#3810);
#585=PLANE('',#3811);
#586=PLANE('',#3812);
#587=PLANE('',#3816);
#588=PLANE('',#3817);
#589=PLANE('',#3818);
#590=PLANE('',#3819);
#591=PLANE('',#3820);
#592=PLANE('',#3821);
#593=PLANE('',#3822);
#594=PLANE('',#3824);
#595=PLANE('',#3828);
#596=PLANE('',#3831);
#597=PLANE('',#3832);
#598=PLANE('',#3833);
#599=PLANE('',#3834);
#600=PLANE('',#3835);
#601=PLANE('',#3846);
#602=PLANE('',#3851);
#603=PLANE('',#3854);
#604=PLANE('',#3857);
#605=PLANE('',#3860);
#606=PLANE('',#3861);
#607=PLANE('',#3862);
#608=PLANE('',#3864);
#609=PLANE('',#3867);
#610=PLANE('',#3875);
#611=PLANE('',#3877);
#612=LINE('',#4928,#944);
#613=LINE('',#4931,#945);
#614=LINE('',#4933,#946);
#615=LINE('',#4935,#947);
#616=LINE('',#4937,#948);
#617=LINE('',#4939,#949);
#618=LINE('',#4946,#950);
#619=LINE('',#4948,#951);
#620=LINE('',#4950,#952);
#621=LINE('',#4952,#953);
#622=LINE('',#4954,#954);
#623=LINE('',#4956,#955);
#624=LINE('',#4958,#956);
#625=LINE('',#4960,#957);
#626=LINE('',#4962,#958);
#627=LINE('',#4964,#959);
#628=LINE('',#4966,#960);
#629=LINE('',#4968,#961);
#630=LINE('',#4972,#962);
#631=LINE('',#4975,#963);
#632=LINE('',#4977,#964);
#633=LINE('',#4979,#965);
#634=LINE('',#4981,#966);
#635=LINE('',#4983,#967);
#636=LINE('',#4988,#968);
#637=LINE('',#4992,#969);
#638=LINE('',#4996,#970);
#639=LINE('',#4998,#971);
#640=LINE('',#5000,#972);
#641=LINE('',#5002,#973);
#642=LINE('',#5004,#974);
#643=LINE('',#5008,#975);
#644=LINE('',#5012,#976);
#645=LINE('',#5016,#977);
#646=LINE('',#5020,#978);
#647=LINE('',#5024,#979);
#648=LINE('',#5025,#980);
#649=LINE('',#5028,#981);
#650=LINE('',#5029,#982);
#651=LINE('',#5033,#983);
#652=LINE('',#5035,#984);
#653=LINE('',#5037,#985);
#654=LINE('',#5041,#986);
#655=LINE('',#5043,#987);
#656=LINE('',#5045,#988);
#657=LINE('',#5047,#989);
#658=LINE('',#5051,#990);
#659=LINE('',#5053,#991);
#660=LINE('',#5055,#992);
#661=LINE('',#5059,#993);
#662=LINE('',#5061,#994);
#663=LINE('',#5064,#995);
#664=LINE('',#5065,#996);
#665=LINE('',#5066,#997);
#666=LINE('',#5068,#998);
#667=LINE('',#5070,#999);
#668=LINE('',#5072,#1000);
#669=LINE('',#5074,#1001);
#670=LINE('',#5076,#1002);
#671=LINE('',#5078,#1003);
#672=LINE('',#5081,#1004);
#673=LINE('',#5086,#1005);
#674=LINE('',#5088,#1006);
#675=LINE('',#5089,#1007);
#676=LINE('',#5092,#1008);
#677=LINE('',#5094,#1009);
#678=LINE('',#5096,#1010);
#679=LINE('',#5100,#1011);
#680=LINE('',#5104,#1012);
#681=LINE('',#5108,#1013);
#682=LINE('',#5112,#1014);
#683=LINE('',#5114,#1015);
#684=LINE('',#5118,#1016);
#685=LINE('',#5120,#1017);
#686=LINE('',#5124,#1018);
#687=LINE('',#5127,#1019);
#688=LINE('',#5128,#1020);
#689=LINE('',#5130,#1021);
#690=LINE('',#5132,#1022);
#691=LINE('',#5134,#1023);
#692=LINE('',#5136,#1024);
#693=LINE('',#5138,#1025);
#694=LINE('',#5140,#1026);
#695=LINE('',#5146,#1027);
#696=LINE('',#5149,#1028);
#697=LINE('',#5150,#1029);
#698=LINE('',#5152,#1030);
#699=LINE('',#5158,#1031);
#700=LINE('',#5161,#1032);
#701=LINE('',#5162,#1033);
#702=LINE('',#5164,#1034);
#703=LINE('',#5166,#1035);
#704=LINE('',#5168,#1036);
#705=LINE('',#5174,#1037);
#706=LINE('',#5177,#1038);
#707=LINE('',#5178,#1039);
#708=LINE('',#5180,#1040);
#709=LINE('',#5181,#1041);
#710=LINE('',#5183,#1042);
#711=LINE('',#5185,#1043);
#712=LINE('',#5191,#1044);
#713=LINE('',#5194,#1045);
#714=LINE('',#5195,#1046);
#715=LINE('',#5197,#1047);
#716=LINE('',#5199,#1048);
#717=LINE('',#5201,#1049);
#718=LINE('',#5207,#1050);
#719=LINE('',#5210,#1051);
#720=LINE('',#5211,#1052);
#721=LINE('',#5213,#1053);
#722=LINE('',#5219,#1054);
#723=LINE('',#5222,#1055);
#724=LINE('',#5223,#1056);
#725=LINE('',#5225,#1057);
#726=LINE('',#5227,#1058);
#727=LINE('',#5229,#1059);
#728=LINE('',#5231,#1060);
#729=LINE('',#5233,#1061);
#730=LINE('',#5238,#1062);
#731=LINE('',#5240,#1063);
#732=LINE('',#5242,#1064);
#733=LINE('',#5243,#1065);
#734=LINE('',#5248,#1066);
#735=LINE('',#5251,#1067);
#736=LINE('',#5253,#1068);
#737=LINE('',#5257,#1069);
#738=LINE('',#5259,#1070);
#739=LINE('',#5261,#1071);
#740=LINE('',#5265,#1072);
#741=LINE('',#5267,#1073);
#742=LINE('',#5302,#1074);
#743=LINE('',#5304,#1075);
#744=LINE('',#5306,#1076);
#745=LINE('',#5308,#1077);
#746=LINE('',#5310,#1078);
#747=LINE('',#5312,#1079);
#748=LINE('',#5317,#1080);
#749=LINE('',#5321,#1081);
#750=LINE('',#5325,#1082);
#751=LINE('',#5329,#1083);
#752=LINE('',#5333,#1084);
#753=LINE('',#5337,#1085);
#754=LINE('',#5341,#1086);
#755=LINE('',#5345,#1087);
#756=LINE('',#5347,#1088);
#757=LINE('',#5349,#1089);
#758=LINE('',#5351,#1090);
#759=LINE('',#5353,#1091);
#760=LINE('',#5355,#1092);
#761=LINE('',#5357,#1093);
#762=LINE('',#5359,#1094);
#763=LINE('',#5364,#1095);
#764=LINE('',#5368,#1096);
#765=LINE('',#5372,#1097);
#766=LINE('',#5384,#1098);
#767=LINE('',#5388,#1099);
#768=LINE('',#5390,#1100);
#769=LINE('',#5392,#1101);
#770=LINE('',#5394,#1102);
#771=LINE('',#5396,#1103);
#772=LINE('',#5398,#1104);
#773=LINE('',#5404,#1105);
#774=LINE('',#5406,#1106);
#775=LINE('',#5408,#1107);
#776=LINE('',#5410,#1108);
#777=LINE('',#5412,#1109);
#778=LINE('',#5416,#1110);
#779=LINE('',#5420,#1111);
#780=LINE('',#5422,#1112);
#781=LINE('',#5424,#1113);
#782=LINE('',#5426,#1114);
#783=LINE('',#5428,#1115);
#784=LINE('',#5430,#1116);
#785=LINE('',#5436,#1117);
#786=LINE('',#5438,#1118);
#787=LINE('',#5440,#1119);
#788=LINE('',#5442,#1120);
#789=LINE('',#5444,#1121);
#790=LINE('',#5480,#1122);
#791=LINE('',#5482,#1123);
#792=LINE('',#5484,#1124);
#793=LINE('',#5486,#1125);
#794=LINE('',#5488,#1126);
#795=LINE('',#5490,#1127);
#796=LINE('',#5493,#1128);
#797=LINE('',#5498,#1129);
#798=LINE('',#5502,#1130);
#799=LINE('',#5506,#1131);
#800=LINE('',#5510,#1132);
#801=LINE('',#5511,#1133);
#802=LINE('',#5514,#1134);
#803=LINE('',#5516,#1135);
#804=LINE('',#5518,#1136);
#805=LINE('',#5519,#1137);
#806=LINE('',#5522,#1138);
#807=LINE('',#5524,#1139);
#808=LINE('',#5526,#1140);
#809=LINE('',#5528,#1141);
#810=LINE('',#5530,#1142);
#811=LINE('',#5531,#1143);
#812=LINE('',#5533,#1144);
#813=LINE('',#5536,#1145);
#814=LINE('',#5538,#1146);
#815=LINE('',#5540,#1147);
#816=LINE('',#5542,#1148);
#817=LINE('',#5544,#1149);
#818=LINE('',#5546,#1150);
#819=LINE('',#5548,#1151);
#820=LINE('',#5549,#1152);
#821=LINE('',#5553,#1153);
#822=LINE('',#5555,#1154);
#823=LINE('',#5558,#1155);
#824=LINE('',#5560,#1156);
#825=LINE('',#5562,#1157);
#826=LINE('',#5564,#1158);
#827=LINE('',#5566,#1159);
#828=LINE('',#5568,#1160);
#829=LINE('',#5570,#1161);
#830=LINE('',#5571,#1162);
#831=LINE('',#5577,#1163);
#832=LINE('',#5578,#1164);
#833=LINE('',#5580,#1165);
#834=LINE('',#5581,#1166);
#835=LINE('',#5583,#1167);
#836=LINE('',#5586,#1168);
#837=LINE('',#5587,#1169);
#838=LINE('',#5589,#1170);
#839=LINE('',#5592,#1171);
#840=LINE('',#5594,#1172);
#841=LINE('',#5596,#1173);
#842=LINE('',#5598,#1174);
#843=LINE('',#5601,#1175);
#844=LINE('',#5602,#1176);
#845=LINE('',#5604,#1177);
#846=LINE('',#5606,#1178);
#847=LINE('',#5608,#1179);
#848=LINE('',#5613,#1180);
#849=LINE('',#5615,#1181);
#850=LINE('',#5617,#1182);
#851=LINE('',#5619,#1183);
#852=LINE('',#5621,#1184);
#853=LINE('',#5625,#1185);
#854=LINE('',#5629,#1186);
#855=LINE('',#5633,#1187);
#856=LINE('',#5635,#1188);
#857=LINE('',#5639,#1189);
#858=LINE('',#5641,#1190);
#859=LINE('',#5643,#1191);
#860=LINE('',#5649,#1192);
#861=LINE('',#5651,#1193);
#862=LINE('',#5657,#1194);
#863=LINE('',#5661,#1195);
#864=LINE('',#5663,#1196);
#865=LINE('',#5665,#1197);
#866=LINE('',#5669,#1198);
#867=LINE('',#5671,#1199);
#868=LINE('',#5673,#1200);
#869=LINE('',#5675,#1201);
#870=LINE('',#5677,#1202);
#871=LINE('',#5679,#1203);
#872=LINE('',#5681,#1204);
#873=LINE('',#5683,#1205);
#874=LINE('',#5685,#1206);
#875=LINE('',#5687,#1207);
#876=LINE('',#5689,#1208);
#877=LINE('',#5691,#1209);
#878=LINE('',#5697,#1210);
#879=LINE('',#5699,#1211);
#880=LINE('',#5701,#1212);
#881=LINE('',#5703,#1213);
#882=LINE('',#5709,#1214);
#883=LINE('',#5710,#1215);
#884=LINE('',#5712,#1216);
#885=LINE('',#5714,#1217);
#886=LINE('',#5717,#1218);
#887=LINE('',#5719,#1219);
#888=LINE('',#5721,#1220);
#889=LINE('',#5723,#1221);
#890=LINE('',#5731,#1222);
#891=LINE('',#5733,#1223);
#892=LINE('',#5735,#1224);
#893=LINE('',#5737,#1225);
#894=LINE('',#5962,#1226);
#895=LINE('',#5963,#1227);
#896=LINE('',#5970,#1228);
#897=LINE('',#5972,#1229);
#898=LINE('',#5980,#1230);
#899=LINE('',#5983,#1231);
#900=LINE('',#5985,#1232);
#901=LINE('',#5987,#1233);
#902=LINE('',#5989,#1234);
#903=LINE('',#5991,#1235);
#904=LINE('',#5993,#1236);
#905=LINE('',#5996,#1237);
#906=LINE('',#5997,#1238);
#907=LINE('',#5999,#1239);
#908=LINE('',#6001,#1240);
#909=LINE('',#6003,#1241);
#910=LINE('',#6005,#1242);
#911=LINE('',#6007,#1243);
#912=LINE('',#6009,#1244);
#913=LINE('',#6011,#1245);
#914=LINE('',#6013,#1246);
#915=LINE('',#6015,#1247);
#916=LINE('',#6030,#1248);
#917=LINE('',#6033,#1249);
#918=LINE('',#6035,#1250);
#919=LINE('',#6037,#1251);
#920=LINE('',#6039,#1252);
#921=LINE('',#6042,#1253);
#922=LINE('',#6044,#1254);
#923=LINE('',#6046,#1255);
#924=LINE('',#6050,#1256);
#925=LINE('',#6058,#1257);
#926=LINE('',#6062,#1258);
#927=LINE('',#6066,#1259);
#928=LINE('',#6067,#1260);
#929=LINE('',#6073,#1261);
#930=LINE('',#6075,#1262);
#931=LINE('',#6079,#1263);
#932=LINE('',#6083,#1264);
#933=LINE('',#6085,#1265);
#934=LINE('',#6089,#1266);
#935=LINE('',#6093,#1267);
#936=LINE('',#6095,#1268);
#937=LINE('',#6096,#1269);
#938=LINE('',#6098,#1270);
#939=LINE('',#6099,#1271);
#940=LINE('',#6102,#1272);
#941=LINE('',#6103,#1273);
#942=LINE('',#6105,#1274);
#943=LINE('',#6106,#1275);
#944=VECTOR('',#3883,1.);
#945=VECTOR('',#3884,1.);
#946=VECTOR('',#3885,1.);
#947=VECTOR('',#3886,1.);
#948=VECTOR('',#3887,1.);
#949=VECTOR('',#3888,1.);
#950=VECTOR('',#3897,1.);
#951=VECTOR('',#3898,1.);
#952=VECTOR('',#3899,1.);
#953=VECTOR('',#3902,1.);
#954=VECTOR('',#3903,1.);
#955=VECTOR('',#3906,1.);
#956=VECTOR('',#3907,1.);
#957=VECTOR('',#3910,1.);
#958=VECTOR('',#3911,1.);
#959=VECTOR('',#3914,1.);
#960=VECTOR('',#3915,1.);
#961=VECTOR('',#3918,1.);
#962=VECTOR('',#3925,1.);
#963=VECTOR('',#3926,1.);
#964=VECTOR('',#3927,1.);
#965=VECTOR('',#3928,1.);
#966=VECTOR('',#3929,1.);
#967=VECTOR('',#3930,1.);
#968=VECTOR('',#3935,1.);
#969=VECTOR('',#3938,1.);
#970=VECTOR('',#3941,1.);
#971=VECTOR('',#3942,1.);
#972=VECTOR('',#3943,1.);
#973=VECTOR('',#3944,1.);
#974=VECTOR('',#3945,1.);
#975=VECTOR('',#3948,1.);
#976=VECTOR('',#3951,1.);
#977=VECTOR('',#3954,1.);
#978=VECTOR('',#3957,1.);
#979=VECTOR('',#3960,1.);
#980=VECTOR('',#3961,1.);
#981=VECTOR('',#3962,1.);
#982=VECTOR('',#3963,1.);
#983=VECTOR('',#3966,1.);
#984=VECTOR('',#3967,1.);
#985=VECTOR('',#3968,1.);
#986=VECTOR('',#3971,1.);
#987=VECTOR('',#3974,1.);
#988=VECTOR('',#3975,1.);
#989=VECTOR('',#3976,1.);
#990=VECTOR('',#3979,1.);
#991=VECTOR('',#3980,1.);
#992=VECTOR('',#3981,1.);
#993=VECTOR('',#3984,1.);
#994=VECTOR('',#3987,1.);
#995=VECTOR('',#3988,1.);
#996=VECTOR('',#3989,1.);
#997=VECTOR('',#3990,1.);
#998=VECTOR('',#3993,1.);
#999=VECTOR('',#3996,1.);
#1000=VECTOR('',#3999,1.);
#1001=VECTOR('',#4002,1.);
#1002=VECTOR('',#4005,1.);
#1003=VECTOR('',#4008,1.);
#1004=VECTOR('',#4013,1.);
#1005=VECTOR('',#4016,1.);
#1006=VECTOR('',#4017,1.);
#1007=VECTOR('',#4018,1.);
#1008=VECTOR('',#4019,1.);
#1009=VECTOR('',#4020,1.);
#1010=VECTOR('',#4021,1.);
#1011=VECTOR('',#4024,1.);
#1012=VECTOR('',#4027,1.);
#1013=VECTOR('',#4030,1.);
#1014=VECTOR('',#4033,1.);
#1015=VECTOR('',#4036,1.);
#1016=VECTOR('',#4039,1.);
#1017=VECTOR('',#4040,1.);
#1018=VECTOR('',#4045,1.);
#1019=VECTOR('',#4046,1.);
#1020=VECTOR('',#4047,1.);
#1021=VECTOR('',#4048,1.);
#1022=VECTOR('',#4049,1.);
#1023=VECTOR('',#4050,1.);
#1024=VECTOR('',#4051,1.);
#1025=VECTOR('',#4052,1.);
#1026=VECTOR('',#4055,1.);
#1027=VECTOR('',#4062,1.);
#1028=VECTOR('',#4063,1.);
#1029=VECTOR('',#4064,1.);
#1030=VECTOR('',#4067,1.);
#1031=VECTOR('',#4074,1.);
#1032=VECTOR('',#4075,1.);
#1033=VECTOR('',#4076,1.);
#1034=VECTOR('',#4077,1.);
#1035=VECTOR('',#4078,1.);
#1036=VECTOR('',#4081,1.);
#1037=VECTOR('',#4088,1.);
#1038=VECTOR('',#4089,1.);
#1039=VECTOR('',#4090,1.);
#1040=VECTOR('',#4091,1.);
#1041=VECTOR('',#4092,1.);
#1042=VECTOR('',#4093,1.);
#1043=VECTOR('',#4096,1.);
#1044=VECTOR('',#4103,1.);
#1045=VECTOR('',#4104,1.);
#1046=VECTOR('',#4105,1.);
#1047=VECTOR('',#4106,1.);
#1048=VECTOR('',#4107,1.);
#1049=VECTOR('',#4110,1.);
#1050=VECTOR('',#4117,1.);
#1051=VECTOR('',#4118,1.);
#1052=VECTOR('',#4119,1.);
#1053=VECTOR('',#4122,1.);
#1054=VECTOR('',#4129,1.);
#1055=VECTOR('',#4130,1.);
#1056=VECTOR('',#4131,1.);
#1057=VECTOR('',#4132,1.);
#1058=VECTOR('',#4133,1.);
#1059=VECTOR('',#4134,1.);
#1060=VECTOR('',#4135,1.);
#1061=VECTOR('',#4136,1.);
#1062=VECTOR('',#4143,1.);
#1063=VECTOR('',#4144,1.);
#1064=VECTOR('',#4147,1.);
#1065=VECTOR('',#4148,1.);
#1066=VECTOR('',#4155,1.);
#1067=VECTOR('',#4156,1.);
#1068=VECTOR('',#4157,1.);
#1069=VECTOR('',#4160,1.);
#1070=VECTOR('',#4161,1.);
#1071=VECTOR('',#4162,1.);
#1072=VECTOR('',#4165,1.);
#1073=VECTOR('',#4166,1.);
#1074=VECTOR('',#4235,1.);
#1075=VECTOR('',#4236,1.);
#1076=VECTOR('',#4237,1.);
#1077=VECTOR('',#4240,1.);
#1078=VECTOR('',#4241,1.);
#1079=VECTOR('',#4242,1.);
#1080=VECTOR('',#4247,1.);
#1081=VECTOR('',#4250,1.);
#1082=VECTOR('',#4253,1.);
#1083=VECTOR('',#4256,1.);
#1084=VECTOR('',#4259,1.);
#1085=VECTOR('',#4262,1.);
#1086=VECTOR('',#4265,1.);
#1087=VECTOR('',#4268,1.);
#1088=VECTOR('',#4271,1.);
#1089=VECTOR('',#4272,1.);
#1090=VECTOR('',#4273,1.);
#1091=VECTOR('',#4276,1.);
#1092=VECTOR('',#4277,1.);
#1093=VECTOR('',#4278,1.);
#1094=VECTOR('',#4281,1.);
#1095=VECTOR('',#4284,1.);
#1096=VECTOR('',#4287,1.);
#1097=VECTOR('',#4290,1.);
#1098=VECTOR('',#4311,1.);
#1099=VECTOR('',#4314,1.);
#1100=VECTOR('',#4317,1.);
#1101=VECTOR('',#4318,1.);
#1102=VECTOR('',#4321,1.);
#1103=VECTOR('',#4322,1.);
#1104=VECTOR('',#4325,1.);
#1105=VECTOR('',#4332,1.);
#1106=VECTOR('',#4335,1.);
#1107=VECTOR('',#4336,1.);
#1108=VECTOR('',#4339,1.);
#1109=VECTOR('',#4340,1.);
#1110=VECTOR('',#4347,1.);
#1111=VECTOR('',#4350,1.);
#1112=VECTOR('',#4353,1.);
#1113=VECTOR('',#4354,1.);
#1114=VECTOR('',#4357,1.);
#1115=VECTOR('',#4358,1.);
#1116=VECTOR('',#4361,1.);
#1117=VECTOR('',#4368,1.);
#1118=VECTOR('',#4371,1.);
#1119=VECTOR('',#4372,1.);
#1120=VECTOR('',#4375,1.);
#1121=VECTOR('',#4376,1.);
#1122=VECTOR('',#4447,1.);
#1123=VECTOR('',#4448,1.);
#1124=VECTOR('',#4449,1.);
#1125=VECTOR('',#4452,1.);
#1126=VECTOR('',#4453,1.);
#1127=VECTOR('',#4454,1.);
#1128=VECTOR('',#4459,1.);
#1129=VECTOR('',#4464,1.);
#1130=VECTOR('',#4467,1.);
#1131=VECTOR('',#4470,1.);
#1132=VECTOR('',#4473,1.);
#1133=VECTOR('',#4474,1.);
#1134=VECTOR('',#4475,1.);
#1135=VECTOR('',#4476,1.);
#1136=VECTOR('',#4477,1.);
#1137=VECTOR('',#4478,1.);
#1138=VECTOR('',#4479,1.);
#1139=VECTOR('',#4480,1.);
#1140=VECTOR('',#4481,1.);
#1141=VECTOR('',#4482,1.);
#1142=VECTOR('',#4483,1.);
#1143=VECTOR('',#4484,1.);
#1144=VECTOR('',#4487,1.);
#1145=VECTOR('',#4488,1.);
#1146=VECTOR('',#4489,1.);
#1147=VECTOR('',#4490,1.);
#1148=VECTOR('',#4491,1.);
#1149=VECTOR('',#4492,1.);
#1150=VECTOR('',#4493,1.);
#1151=VECTOR('',#4494,1.);
#1152=VECTOR('',#4495,1.);
#1153=VECTOR('',#4500,1.);
#1154=VECTOR('',#4503,1.);
#1155=VECTOR('',#4504,1.);
#1156=VECTOR('',#4505,1.);
#1157=VECTOR('',#4506,1.);
#1158=VECTOR('',#4507,1.);
#1159=VECTOR('',#4508,1.);
#1160=VECTOR('',#4509,1.);
#1161=VECTOR('',#4510,1.);
#1162=VECTOR('',#4511,1.);
#1163=VECTOR('',#4522,1.);
#1164=VECTOR('',#4523,1.);
#1165=VECTOR('',#4526,1.);
#1166=VECTOR('',#4527,1.);
#1167=VECTOR('',#4530,1.);
#1168=VECTOR('',#4531,1.);
#1169=VECTOR('',#4532,1.);
#1170=VECTOR('',#4535,1.);
#1171=VECTOR('',#4536,1.);
#1172=VECTOR('',#4537,1.);
#1173=VECTOR('',#4538,1.);
#1174=VECTOR('',#4541,1.);
#1175=VECTOR('',#4542,1.);
#1176=VECTOR('',#4543,1.);
#1177=VECTOR('',#4546,1.);
#1178=VECTOR('',#4547,1.);
#1179=VECTOR('',#4548,1.);
#1180=VECTOR('',#4555,1.);
#1181=VECTOR('',#4558,1.);
#1182=VECTOR('',#4559,1.);
#1183=VECTOR('',#4560,1.);
#1184=VECTOR('',#4561,1.);
#1185=VECTOR('',#4568,1.);
#1186=VECTOR('',#4575,1.);
#1187=VECTOR('',#4580,1.);
#1188=VECTOR('',#4581,1.);
#1189=VECTOR('',#4586,1.);
#1190=VECTOR('',#4589,1.);
#1191=VECTOR('',#4590,1.);
#1192=VECTOR('',#4601,1.);
#1193=VECTOR('',#4602,1.);
#1194=VECTOR('',#4611,1.);
#1195=VECTOR('',#4614,1.);
#1196=VECTOR('',#4615,1.);
#1197=VECTOR('',#4616,1.);
#1198=VECTOR('',#4621,1.);
#1199=VECTOR('',#4624,1.);
#1200=VECTOR('',#4625,1.);
#1201=VECTOR('',#4628,1.);
#1202=VECTOR('',#4629,1.);
#1203=VECTOR('',#4632,1.);
#1204=VECTOR('',#4633,1.);
#1205=VECTOR('',#4636,1.);
#1206=VECTOR('',#4637,1.);
#1207=VECTOR('',#4638,1.);
#1208=VECTOR('',#4639,1.);
#1209=VECTOR('',#4642,1.);
#1210=VECTOR('',#4653,1.);
#1211=VECTOR('',#4654,1.);
#1212=VECTOR('',#4657,1.);
#1213=VECTOR('',#4658,1.);
#1214=VECTOR('',#4665,1.);
#1215=VECTOR('',#4666,1.);
#1216=VECTOR('',#4669,1.);
#1217=VECTOR('',#4672,1.);
#1218=VECTOR('',#4677,1.);
#1219=VECTOR('',#4678,1.);
#1220=VECTOR('',#4681,1.);
#1221=VECTOR('',#4682,1.);
#1222=VECTOR('',#4693,1.);
#1223=VECTOR('',#4694,1.);
#1224=VECTOR('',#4697,1.);
#1225=VECTOR('',#4698,1.);
#1226=VECTOR('',#4727,1.);
#1227=VECTOR('',#4728,1.);
#1228=VECTOR('',#4739,1.);
#1229=VECTOR('',#4742,1.);
#1230=VECTOR('',#4753,1.);
#1231=VECTOR('',#4754,1.);
#1232=VECTOR('',#4755,1.);
#1233=VECTOR('',#4756,1.);
#1234=VECTOR('',#4757,1.);
#1235=VECTOR('',#4758,1.);
#1236=VECTOR('',#4761,1.);
#1237=VECTOR('',#4762,1.);
#1238=VECTOR('',#4763,1.);
#1239=VECTOR('',#4766,1.);
#1240=VECTOR('',#4767,1.);
#1241=VECTOR('',#4770,1.);
#1242=VECTOR('',#4771,1.);
#1243=VECTOR('',#4774,1.);
#1244=VECTOR('',#4775,1.);
#1245=VECTOR('',#4778,1.);
#1246=VECTOR('',#4779,1.);
#1247=VECTOR('',#4782,1.);
#1248=VECTOR('',#4807,1.);
#1249=VECTOR('',#4808,1.);
#1250=VECTOR('',#4809,1.);
#1251=VECTOR('',#4810,1.);
#1252=VECTOR('',#4813,1.);
#1253=VECTOR('',#4814,1.);
#1254=VECTOR('',#4815,1.);
#1255=VECTOR('',#4816,1.);
#1256=VECTOR('',#4821,1.);
#1257=VECTOR('',#4830,1.);
#1258=VECTOR('',#4835,1.);
#1259=VECTOR('',#4840,1.);
#1260=VECTOR('',#4841,1.);
#1261=VECTOR('',#4848,1.);
#1262=VECTOR('',#4851,1.);
#1263=VECTOR('',#4854,1.);
#1264=VECTOR('',#4857,1.);
#1265=VECTOR('',#4860,1.);
#1266=VECTOR('',#4863,1.);
#1267=VECTOR('',#4866,1.);
#1268=VECTOR('',#4869,1.);
#1269=VECTOR('',#4870,1.);
#1270=VECTOR('',#4873,1.);
#1271=VECTOR('',#4874,1.);
#1272=VECTOR('',#4879,1.);
#1273=VECTOR('',#4880,1.);
#1274=VECTOR('',#4883,1.);
#1275=VECTOR('',#4884,1.);
#1276=FACE_BOUND('',#1343,.T.);
#1277=FACE_BOUND('',#1344,.T.);
#1278=FACE_BOUND('',#1345,.T.);
#1279=FACE_BOUND('',#1346,.T.);
#1280=FACE_BOUND('',#1354,.T.);
#1281=FACE_BOUND('',#1355,.T.);
#1282=FACE_BOUND('',#1357,.T.);
#1283=FACE_BOUND('',#1358,.T.);
#1284=FACE_BOUND('',#1368,.T.);
#1285=FACE_BOUND('',#1369,.T.);
#1286=FACE_BOUND('',#1370,.T.);
#1287=FACE_BOUND('',#1388,.T.);
#1288=FACE_BOUND('',#1389,.T.);
#1289=FACE_BOUND('',#1409,.T.);
#1290=FACE_BOUND('',#1410,.T.);
#1291=FACE_BOUND('',#1453,.T.);
#1292=FACE_BOUND('',#1454,.T.);
#1293=FACE_BOUND('',#1455,.T.);
#1294=FACE_BOUND('',#1488,.T.);
#1295=FACE_BOUND('',#1489,.T.);
#1296=FACE_BOUND('',#1490,.T.);
#1297=FACE_BOUND('',#1491,.T.);
#1298=FACE_BOUND('',#1492,.T.);
#1299=FACE_BOUND('',#1499,.T.);
#1300=FACE_BOUND('',#1500,.T.);
#1301=FACE_BOUND('',#1501,.T.);
#1302=FACE_BOUND('',#1502,.T.);
#1303=FACE_BOUND('',#1507,.T.);
#1304=FACE_BOUND('',#1508,.T.);
#1305=FACE_BOUND('',#1510,.T.);
#1306=FACE_BOUND('',#1511,.T.);
#1307=FACE_BOUND('',#1512,.T.);
#1308=FACE_BOUND('',#1513,.T.);
#1309=FACE_BOUND('',#1515,.T.);
#1310=FACE_BOUND('',#1516,.T.);
#1311=FACE_BOUND('',#1517,.T.);
#1312=FACE_BOUND('',#1518,.T.);
#1313=FACE_BOUND('',#1520,.T.);
#1314=FACE_BOUND('',#1521,.T.);
#1315=FACE_BOUND('',#1522,.T.);
#1316=FACE_BOUND('',#1523,.T.);
#1317=FACE_BOUND('',#1527,.T.);
#1318=FACE_BOUND('',#1528,.T.);
#1319=FACE_BOUND('',#1529,.T.);
#1320=FACE_BOUND('',#1530,.T.);
#1321=FACE_BOUND('',#1537,.T.);
#1322=FACE_BOUND('',#1538,.T.);
#1323=FACE_BOUND('',#1539,.T.);
#1324=FACE_BOUND('',#1540,.T.);
#1325=FACE_BOUND('',#1542,.T.);
#1326=FACE_BOUND('',#1543,.T.);
#1327=FACE_BOUND('',#1544,.T.);
#1328=FACE_BOUND('',#1545,.T.);
#1329=FACE_BOUND('',#1566,.T.);
#1330=FACE_BOUND('',#1567,.T.);
#1331=FACE_BOUND('',#1569,.T.);
#1332=FACE_BOUND('',#1570,.T.);
#1333=FACE_BOUND('',#1571,.T.);
#1334=FACE_BOUND('',#1572,.T.);
#1335=FACE_BOUND('',#1573,.F.);
#1336=FACE_BOUND('',#1574,.F.);
#1337=FACE_BOUND('',#1575,.F.);
#1338=FACE_BOUND('',#1576,.F.);
#1339=FACE_BOUND('',#1577,.F.);
#1340=FACE_BOUND('',#1578,.F.);
#1341=FACE_BOUND('',#1579,.F.);
#1342=FACE_BOUND('',#1580,.F.);
#1343=EDGE_LOOP('',(#1581));
#1344=EDGE_LOOP('',(#1582,#1583,#1584,#1585,#1586,#1587));
#1345=EDGE_LOOP('',(#1588));
#1346=EDGE_LOOP('',(#1589));
#1347=EDGE_LOOP('',(#1590,#1591,#1592,#1593));
#1348=EDGE_LOOP('',(#1594,#1595,#1596,#1597));
#1349=EDGE_LOOP('',(#1598,#1599,#1600,#1601));
#1350=EDGE_LOOP('',(#1602,#1603,#1604,#1605));
#1351=EDGE_LOOP('',(#1606,#1607,#1608,#1609));
#1352=EDGE_LOOP('',(#1610,#1611,#1612,#1613));
#1353=EDGE_LOOP('',(#1614,#1615,#1616,#1617,#1618,#1619));
#1354=EDGE_LOOP('',(#1620));
#1355=EDGE_LOOP('',(#1621));
#1356=EDGE_LOOP('',(#1622,#1623,#1624,#1625,#1626,#1627));
#1357=EDGE_LOOP('',(#1628,#1629,#1630,#1631,#1632,#1633,#1634,#1635,#1636,
#1637,#1638,#1639,#1640,#1641,#1642,#1643,#1644,#1645,#1646,#1647));
#1358=EDGE_LOOP('',(#1648,#1649,#1650,#1651,#1652,#1653,#1654,#1655,#1656,
#1657));
#1359=EDGE_LOOP('',(#1658,#1659,#1660,#1661,#1662,#1663,#1664,#1665,#1666,
#1667));
#1360=EDGE_LOOP('',(#1668,#1669,#1670,#1671,#1672,#1673));
#1361=EDGE_LOOP('',(#1674,#1675,#1676,#1677));
#1362=EDGE_LOOP('',(#1678,#1679,#1680,#1681));
#1363=EDGE_LOOP('',(#1682,#1683,#1684,#1685));
#1364=EDGE_LOOP('',(#1686,#1687,#1688,#1689));
#1365=EDGE_LOOP('',(#1690,#1691,#1692,#1693));
#1366=EDGE_LOOP('',(#1694,#1695,#1696,#1697));
#1367=EDGE_LOOP('',(#1698,#1699,#1700,#1701));
#1368=EDGE_LOOP('',(#1702,#1703,#1704,#1705));
#1369=EDGE_LOOP('',(#1706,#1707,#1708,#1709));
#1370=EDGE_LOOP('',(#1710,#1711,#1712,#1713,#1714,#1715,#1716,#1717));
#1371=EDGE_LOOP('',(#1718,#1719,#1720,#1721,#1722,#1723));
#1372=EDGE_LOOP('',(#1724,#1725,#1726,#1727,#1728,#1729,#1730,#1731,#1732));
#1373=EDGE_LOOP('',(#1733,#1734,#1735,#1736));
#1374=EDGE_LOOP('',(#1737,#1738,#1739,#1740));
#1375=EDGE_LOOP('',(#1741,#1742,#1743,#1744));
#1376=EDGE_LOOP('',(#1745,#1746,#1747,#1748,#1749,#1750));
#1377=EDGE_LOOP('',(#1751,#1752,#1753,#1754));
#1378=EDGE_LOOP('',(#1755,#1756,#1757,#1758,#1759,#1760,#1761,#1762));
#1379=EDGE_LOOP('',(#1763,#1764,#1765,#1766));
#1380=EDGE_LOOP('',(#1767,#1768,#1769,#1770,#1771,#1772));
#1381=EDGE_LOOP('',(#1773,#1774,#1775,#1776));
#1382=EDGE_LOOP('',(#1777,#1778,#1779,#1780));
#1383=EDGE_LOOP('',(#1781,#1782,#1783,#1784));
#1384=EDGE_LOOP('',(#1785,#1786,#1787,#1788,#1789,#1790,#1791,#1792,#1793));
#1385=EDGE_LOOP('',(#1794,#1795,#1796,#1797,#1798,#1799));
#1386=EDGE_LOOP('',(#1800,#1801,#1802,#1803));
#1387=EDGE_LOOP('',(#1804,#1805,#1806,#1807));
#1388=EDGE_LOOP('',(#1808));
#1389=EDGE_LOOP('',(#1809,#1810,#1811,#1812,#1813,#1814,#1815,#1816,#1817,
#1818));
#1390=EDGE_LOOP('',(#1819,#1820,#1821,#1822));
#1391=EDGE_LOOP('',(#1823,#1824,#1825));
#1392=EDGE_LOOP('',(#1826,#1827,#1828,#1829));
#1393=EDGE_LOOP('',(#1830,#1831,#1832));
#1394=EDGE_LOOP('',(#1833,#1834,#1835,#1836));
#1395=EDGE_LOOP('',(#1837,#1838,#1839,#1840));
#1396=EDGE_LOOP('',(#1841,#1842,#1843,#1844));
#1397=EDGE_LOOP('',(#1845,#1846,#1847));
#1398=EDGE_LOOP('',(#1848,#1849,#1850,#1851));
#1399=EDGE_LOOP('',(#1852,#1853,#1854));
#1400=EDGE_LOOP('',(#1855,#1856,#1857,#1858));
#1401=EDGE_LOOP('',(#1859,#1860,#1861,#1862));
#1402=EDGE_LOOP('',(#1863,#1864,#1865,#1866));
#1403=EDGE_LOOP('',(#1867,#1868,#1869));
#1404=EDGE_LOOP('',(#1870,#1871,#1872,#1873));
#1405=EDGE_LOOP('',(#1874,#1875,#1876));
#1406=EDGE_LOOP('',(#1877,#1878,#1879,#1880));
#1407=EDGE_LOOP('',(#1881,#1882,#1883,#1884));
#1408=EDGE_LOOP('',(#1885,#1886,#1887,#1888));
#1409=EDGE_LOOP('',(#1889,#1890,#1891,#1892,#1893,#1894,#1895,#1896));
#1410=EDGE_LOOP('',(#1897,#1898,#1899,#1900,#1901,#1902,#1903,#1904));
#1411=EDGE_LOOP('',(#1905,#1906,#1907,#1908));
#1412=EDGE_LOOP('',(#1909,#1910,#1911,#1912));
#1413=EDGE_LOOP('',(#1913,#1914,#1915,#1916,#1917,#1918,#1919,#1920));
#1414=EDGE_LOOP('',(#1921,#1922,#1923,#1924));
#1415=EDGE_LOOP('',(#1925,#1926,#1927,#1928));
#1416=EDGE_LOOP('',(#1929,#1930,#1931,#1932));
#1417=EDGE_LOOP('',(#1933,#1934,#1935,#1936));
#1418=EDGE_LOOP('',(#1937,#1938,#1939,#1940));
#1419=EDGE_LOOP('',(#1941,#1942,#1943,#1944));
#1420=EDGE_LOOP('',(#1945,#1946,#1947,#1948));
#1421=EDGE_LOOP('',(#1949,#1950,#1951,#1952));
#1422=EDGE_LOOP('',(#1953,#1954,#1955,#1956));
#1423=EDGE_LOOP('',(#1957,#1958,#1959,#1960));
#1424=EDGE_LOOP('',(#1961,#1962,#1963,#1964));
#1425=EDGE_LOOP('',(#1965,#1966,#1967,#1968));
#1426=EDGE_LOOP('',(#1969,#1970,#1971,#1972));
#1427=EDGE_LOOP('',(#1973,#1974,#1975,#1976));
#1428=EDGE_LOOP('',(#1977,#1978,#1979,#1980));
#1429=EDGE_LOOP('',(#1981,#1982,#1983,#1984));
#1430=EDGE_LOOP('',(#1985,#1986,#1987,#1988));
#1431=EDGE_LOOP('',(#1989,#1990,#1991,#1992));
#1432=EDGE_LOOP('',(#1993,#1994,#1995,#1996));
#1433=EDGE_LOOP('',(#1997,#1998,#1999,#2000));
#1434=EDGE_LOOP('',(#2001,#2002,#2003,#2004));
#1435=EDGE_LOOP('',(#2005,#2006,#2007,#2008));
#1436=EDGE_LOOP('',(#2009,#2010,#2011,#2012));
#1437=EDGE_LOOP('',(#2013,#2014,#2015,#2016));
#1438=EDGE_LOOP('',(#2017,#2018,#2019,#2020));
#1439=EDGE_LOOP('',(#2021,#2022,#2023,#2024));
#1440=EDGE_LOOP('',(#2025,#2026,#2027,#2028));
#1441=EDGE_LOOP('',(#2029,#2030,#2031,#2032));
#1442=EDGE_LOOP('',(#2033,#2034,#2035,#2036));
#1443=EDGE_LOOP('',(#2037,#2038,#2039,#2040));
#1444=EDGE_LOOP('',(#2041,#2042,#2043,#2044));
#1445=EDGE_LOOP('',(#2045,#2046,#2047,#2048));
#1446=EDGE_LOOP('',(#2049,#2050,#2051,#2052));
#1447=EDGE_LOOP('',(#2053,#2054,#2055,#2056));
#1448=EDGE_LOOP('',(#2057,#2058,#2059,#2060));
#1449=EDGE_LOOP('',(#2061,#2062,#2063,#2064));
#1450=EDGE_LOOP('',(#2065,#2066,#2067,#2068));
#1451=EDGE_LOOP('',(#2069,#2070,#2071,#2072));
#1452=EDGE_LOOP('',(#2073,#2074,#2075,#2076));
#1453=EDGE_LOOP('',(#2077,#2078,#2079,#2080,#2081,#2082,#2083,#2084));
#1454=EDGE_LOOP('',(#2085,#2086,#2087,#2088));
#1455=EDGE_LOOP('',(#2089,#2090,#2091,#2092,#2093,#2094,#2095,#2096));
#1456=EDGE_LOOP('',(#2097,#2098,#2099,#2100,#2101,#2102,#2103,#2104,#2105,
#2106));
#1457=EDGE_LOOP('',(#2107,#2108,#2109,#2110));
#1458=EDGE_LOOP('',(#2111,#2112,#2113,#2114,#2115,#2116,#2117,#2118,#2119,
#2120));
#1459=EDGE_LOOP('',(#2121,#2122,#2123,#2124));
#1460=EDGE_LOOP('',(#2125,#2126,#2127,#2128));
#1461=EDGE_LOOP('',(#2129,#2130,#2131,#2132));
#1462=EDGE_LOOP('',(#2133,#2134,#2135,#2136));
#1463=EDGE_LOOP('',(#2137,#2138,#2139,#2140));
#1464=EDGE_LOOP('',(#2141,#2142,#2143,#2144));
#1465=EDGE_LOOP('',(#2145,#2146,#2147,#2148));
#1466=EDGE_LOOP('',(#2149,#2150,#2151,#2152));
#1467=EDGE_LOOP('',(#2153,#2154,#2155,#2156,#2157,#2158));
#1468=EDGE_LOOP('',(#2159,#2160,#2161,#2162,#2163,#2164,#2165,#2166));
#1469=EDGE_LOOP('',(#2167,#2168,#2169,#2170));
#1470=EDGE_LOOP('',(#2171,#2172,#2173,#2174));
#1471=EDGE_LOOP('',(#2175,#2176,#2177,#2178));
#1472=EDGE_LOOP('',(#2179,#2180,#2181,#2182));
#1473=EDGE_LOOP('',(#2183,#2184,#2185,#2186));
#1474=EDGE_LOOP('',(#2187,#2188,#2189,#2190));
#1475=EDGE_LOOP('',(#2191,#2192,#2193,#2194));
#1476=EDGE_LOOP('',(#2195,#2196,#2197,#2198));
#1477=EDGE_LOOP('',(#2199,#2200,#2201,#2202));
#1478=EDGE_LOOP('',(#2203,#2204,#2205,#2206));
#1479=EDGE_LOOP('',(#2207,#2208,#2209,#2210));
#1480=EDGE_LOOP('',(#2211,#2212,#2213,#2214,#2215,#2216));
#1481=EDGE_LOOP('',(#2217,#2218,#2219,#2220));
#1482=EDGE_LOOP('',(#2221,#2222,#2223,#2224));
#1483=EDGE_LOOP('',(#2225,#2226,#2227,#2228));
#1484=EDGE_LOOP('',(#2229,#2230,#2231,#2232));
#1485=EDGE_LOOP('',(#2233,#2234,#2235,#2236,#2237,#2238,#2239,#2240));
#1486=EDGE_LOOP('',(#2241,#2242,#2243,#2244));
#1487=EDGE_LOOP('',(#2245,#2246,#2247,#2248));
#1488=EDGE_LOOP('',(#2249,#2250,#2251,#2252));
#1489=EDGE_LOOP('',(#2253,#2254,#2255,#2256));
#1490=EDGE_LOOP('',(#2257,#2258,#2259,#2260,#2261,#2262,#2263,#2264,#2265,
#2266,#2267,#2268,#2269,#2270,#2271,#2272,#2273,#2274,#2275,#2276,#2277,
#2278,#2279,#2280,#2281,#2282,#2283,#2284));
#1491=EDGE_LOOP('',(#2285));
#1492=EDGE_LOOP('',(#2286));
#1493=EDGE_LOOP('',(#2287,#2288,#2289,#2290));
#1494=EDGE_LOOP('',(#2291,#2292,#2293,#2294));
#1495=EDGE_LOOP('',(#2295,#2296,#2297,#2298));
#1496=EDGE_LOOP('',(#2299,#2300,#2301,#2302));
#1497=EDGE_LOOP('',(#2303,#2304,#2305,#2306,#2307));
#1498=EDGE_LOOP('',(#2308,#2309,#2310,#2311,#2312));
#1499=EDGE_LOOP('',(#2313));
#1500=EDGE_LOOP('',(#2314));
#1501=EDGE_LOOP('',(#2315));
#1502=EDGE_LOOP('',(#2316));
#1503=EDGE_LOOP('',(#2317,#2318,#2319,#2320));
#1504=EDGE_LOOP('',(#2321,#2322,#2323,#2324));
#1505=EDGE_LOOP('',(#2325,#2326,#2327,#2328));
#1506=EDGE_LOOP('',(#2329,#2330,#2331,#2332));
#1507=EDGE_LOOP('',(#2333));
#1508=EDGE_LOOP('',(#2334));
#1509=EDGE_LOOP('',(#2335));
#1510=EDGE_LOOP('',(#2336));
#1511=EDGE_LOOP('',(#2337));
#1512=EDGE_LOOP('',(#2338));
#1513=EDGE_LOOP('',(#2339));
#1514=EDGE_LOOP('',(#2340));
#1515=EDGE_LOOP('',(#2341));
#1516=EDGE_LOOP('',(#2342));
#1517=EDGE_LOOP('',(#2343));
#1518=EDGE_LOOP('',(#2344));
#1519=EDGE_LOOP('',(#2345,#2346,#2347,#2348));
#1520=EDGE_LOOP('',(#2349));
#1521=EDGE_LOOP('',(#2350,#2351,#2352,#2353));
#1522=EDGE_LOOP('',(#2354));
#1523=EDGE_LOOP('',(#2355));
#1524=EDGE_LOOP('',(#2356,#2357,#2358,#2359,#2360,#2361));
#1525=EDGE_LOOP('',(#2362,#2363,#2364,#2365,#2366,#2367));
#1526=EDGE_LOOP('',(#2368,#2369,#2370,#2371,#2372,#2373,#2374,#2375,#2376,
#2377,#2378,#2379,#2380,#2381,#2382,#2383,#2384,#2385,#2386,#2387,#2388,
#2389,#2390,#2391,#2392,#2393));
#1527=EDGE_LOOP('',(#2394));
#1528=EDGE_LOOP('',(#2395));
#1529=EDGE_LOOP('',(#2396));
#1530=EDGE_LOOP('',(#2397,#2398,#2399,#2400,#2401,#2402));
#1531=EDGE_LOOP('',(#2403,#2404,#2405,#2406));
#1532=EDGE_LOOP('',(#2407,#2408,#2409,#2410));
#1533=EDGE_LOOP('',(#2411,#2412,#2413,#2414));
#1534=EDGE_LOOP('',(#2415,#2416,#2417,#2418));
#1535=EDGE_LOOP('',(#2419,#2420,#2421,#2422));
#1536=EDGE_LOOP('',(#2423,#2424,#2425,#2426));
#1537=EDGE_LOOP('',(#2427,#2428,#2429,#2430,#2431,#2432));
#1538=EDGE_LOOP('',(#2433));
#1539=EDGE_LOOP('',(#2434));
#1540=EDGE_LOOP('',(#2435));
#1541=EDGE_LOOP('',(#2436,#2437));
#1542=EDGE_LOOP('',(#2438));
#1543=EDGE_LOOP('',(#2439,#2440,#2441,#2442));
#1544=EDGE_LOOP('',(#2443));
#1545=EDGE_LOOP('',(#2444));
#1546=EDGE_LOOP('',(#2445,#2446));
#1547=EDGE_LOOP('',(#2447,#2448,#2449,#2450,#2451,#2452,#2453,#2454,#2455,
#2456));
#1548=EDGE_LOOP('',(#2457,#2458,#2459,#2460));
#1549=EDGE_LOOP('',(#2461,#2462,#2463,#2464));
#1550=EDGE_LOOP('',(#2465,#2466,#2467,#2468));
#1551=EDGE_LOOP('',(#2469,#2470,#2471,#2472));
#1552=EDGE_LOOP('',(#2473,#2474,#2475,#2476));
#1553=EDGE_LOOP('',(#2477,#2478,#2479,#2480,#2481,#2482,#2483,#2484));
#1554=EDGE_LOOP('',(#2485,#2486,#2487,#2488));
#1555=EDGE_LOOP('',(#2489,#2490,#2491,#2492,#2493,#2494,#2495,#2496));
#1556=EDGE_LOOP('',(#2497,#2498,#2499,#2500,#2501,#2502,#2503,#2504));
#1557=EDGE_LOOP('',(#2505,#2506,#2507,#2508));
#1558=EDGE_LOOP('',(#2509,#2510,#2511,#2512));
#1559=EDGE_LOOP('',(#2513,#2514,#2515,#2516));
#1560=EDGE_LOOP('',(#2517,#2518,#2519,#2520));
#1561=EDGE_LOOP('',(#2521,#2522,#2523,#2524));
#1562=EDGE_LOOP('',(#2525,#2526,#2527,#2528));
#1563=EDGE_LOOP('',(#2529,#2530,#2531,#2532,#2533,#2534,#2535,#2536));
#1564=EDGE_LOOP('',(#2537,#2538,#2539,#2540,#2541,#2542,#2543,#2544));
#1565=EDGE_LOOP('',(#2545));
#1566=EDGE_LOOP('',(#2546));
#1567=EDGE_LOOP('',(#2547));
#1568=EDGE_LOOP('',(#2548));
#1569=EDGE_LOOP('',(#2549));
#1570=EDGE_LOOP('',(#2550));
#1571=EDGE_LOOP('',(#2551));
#1572=EDGE_LOOP('',(#2552));
#1573=EDGE_LOOP('',(#2553));
#1574=EDGE_LOOP('',(#2554));
#1575=EDGE_LOOP('',(#2555));
#1576=EDGE_LOOP('',(#2556));
#1577=EDGE_LOOP('',(#2557));
#1578=EDGE_LOOP('',(#2558));
#1579=EDGE_LOOP('',(#2559));
#1580=EDGE_LOOP('',(#2560));
#1581=ORIENTED_EDGE('',*,*,#2877,.T.);
#1582=ORIENTED_EDGE('',*,*,#2878,.F.);
#1583=ORIENTED_EDGE('',*,*,#2879,.F.);
#1584=ORIENTED_EDGE('',*,*,#2880,.F.);
#1585=ORIENTED_EDGE('',*,*,#2881,.F.);
#1586=ORIENTED_EDGE('',*,*,#2882,.F.);
#1587=ORIENTED_EDGE('',*,*,#2883,.F.);
#1588=ORIENTED_EDGE('',*,*,#2884,.F.);
#1589=ORIENTED_EDGE('',*,*,#2885,.T.);
#1590=ORIENTED_EDGE('',*,*,#2878,.T.);
#1591=ORIENTED_EDGE('',*,*,#2886,.T.);
#1592=ORIENTED_EDGE('',*,*,#2887,.T.);
#1593=ORIENTED_EDGE('',*,*,#2888,.F.);
#1594=ORIENTED_EDGE('',*,*,#2883,.T.);
#1595=ORIENTED_EDGE('',*,*,#2889,.T.);
#1596=ORIENTED_EDGE('',*,*,#2890,.T.);
#1597=ORIENTED_EDGE('',*,*,#2886,.F.);
#1598=ORIENTED_EDGE('',*,*,#2882,.T.);
#1599=ORIENTED_EDGE('',*,*,#2891,.T.);
#1600=ORIENTED_EDGE('',*,*,#2892,.T.);
#1601=ORIENTED_EDGE('',*,*,#2889,.F.);
#1602=ORIENTED_EDGE('',*,*,#2881,.T.);
#1603=ORIENTED_EDGE('',*,*,#2893,.T.);
#1604=ORIENTED_EDGE('',*,*,#2894,.T.);
#1605=ORIENTED_EDGE('',*,*,#2891,.F.);
#1606=ORIENTED_EDGE('',*,*,#2880,.T.);
#1607=ORIENTED_EDGE('',*,*,#2895,.T.);
#1608=ORIENTED_EDGE('',*,*,#2896,.T.);
#1609=ORIENTED_EDGE('',*,*,#2893,.F.);
#1610=ORIENTED_EDGE('',*,*,#2879,.T.);
#1611=ORIENTED_EDGE('',*,*,#2888,.T.);
#1612=ORIENTED_EDGE('',*,*,#2897,.T.);
#1613=ORIENTED_EDGE('',*,*,#2895,.F.);
#1614=ORIENTED_EDGE('',*,*,#2887,.F.);
#1615=ORIENTED_EDGE('',*,*,#2890,.F.);
#1616=ORIENTED_EDGE('',*,*,#2892,.F.);
#1617=ORIENTED_EDGE('',*,*,#2894,.F.);
#1618=ORIENTED_EDGE('',*,*,#2896,.F.);
#1619=ORIENTED_EDGE('',*,*,#2897,.F.);
#1620=ORIENTED_EDGE('',*,*,#2877,.F.);
#1621=ORIENTED_EDGE('',*,*,#2885,.F.);
#1622=ORIENTED_EDGE('',*,*,#2898,.F.);
#1623=ORIENTED_EDGE('',*,*,#2899,.T.);
#1624=ORIENTED_EDGE('',*,*,#2900,.F.);
#1625=ORIENTED_EDGE('',*,*,#2901,.F.);
#1626=ORIENTED_EDGE('',*,*,#2902,.T.);
#1627=ORIENTED_EDGE('',*,*,#2903,.T.);
#1628=ORIENTED_EDGE('',*,*,#2904,.F.);
#1629=ORIENTED_EDGE('',*,*,#2905,.T.);
#1630=ORIENTED_EDGE('',*,*,#2906,.T.);
#1631=ORIENTED_EDGE('',*,*,#2907,.F.);
#1632=ORIENTED_EDGE('',*,*,#2908,.F.);
#1633=ORIENTED_EDGE('',*,*,#2909,.F.);
#1634=ORIENTED_EDGE('',*,*,#2910,.T.);
#1635=ORIENTED_EDGE('',*,*,#2911,.F.);
#1636=ORIENTED_EDGE('',*,*,#2912,.T.);
#1637=ORIENTED_EDGE('',*,*,#2913,.F.);
#1638=ORIENTED_EDGE('',*,*,#2914,.T.);
#1639=ORIENTED_EDGE('',*,*,#2915,.T.);
#1640=ORIENTED_EDGE('',*,*,#2916,.F.);
#1641=ORIENTED_EDGE('',*,*,#2917,.F.);
#1642=ORIENTED_EDGE('',*,*,#2918,.T.);
#1643=ORIENTED_EDGE('',*,*,#2919,.F.);
#1644=ORIENTED_EDGE('',*,*,#2920,.F.);
#1645=ORIENTED_EDGE('',*,*,#2921,.T.);
#1646=ORIENTED_EDGE('',*,*,#2922,.T.);
#1647=ORIENTED_EDGE('',*,*,#2923,.T.);
#1648=ORIENTED_EDGE('',*,*,#2924,.F.);
#1649=ORIENTED_EDGE('',*,*,#2925,.F.);
#1650=ORIENTED_EDGE('',*,*,#2903,.F.);
#1651=ORIENTED_EDGE('',*,*,#2926,.F.);
#1652=ORIENTED_EDGE('',*,*,#2927,.F.);
#1653=ORIENTED_EDGE('',*,*,#2928,.F.);
#1654=ORIENTED_EDGE('',*,*,#2929,.F.);
#1655=ORIENTED_EDGE('',*,*,#2930,.F.);
#1656=ORIENTED_EDGE('',*,*,#2931,.F.);
#1657=ORIENTED_EDGE('',*,*,#2932,.F.);
#1658=ORIENTED_EDGE('',*,*,#2901,.T.);
#1659=ORIENTED_EDGE('',*,*,#2933,.T.);
#1660=ORIENTED_EDGE('',*,*,#2934,.T.);
#1661=ORIENTED_EDGE('',*,*,#2935,.T.);
#1662=ORIENTED_EDGE('',*,*,#2936,.T.);
#1663=ORIENTED_EDGE('',*,*,#2937,.T.);
#1664=ORIENTED_EDGE('',*,*,#2938,.T.);
#1665=ORIENTED_EDGE('',*,*,#2939,.T.);
#1666=ORIENTED_EDGE('',*,*,#2940,.T.);
#1667=ORIENTED_EDGE('',*,*,#2941,.T.);
#1668=ORIENTED_EDGE('',*,*,#2942,.T.);
#1669=ORIENTED_EDGE('',*,*,#2943,.T.);
#1670=ORIENTED_EDGE('',*,*,#2924,.T.);
#1671=ORIENTED_EDGE('',*,*,#2944,.F.);
#1672=ORIENTED_EDGE('',*,*,#2934,.F.);
#1673=ORIENTED_EDGE('',*,*,#2945,.T.);
#1674=ORIENTED_EDGE('',*,*,#2935,.F.);
#1675=ORIENTED_EDGE('',*,*,#2944,.T.);
#1676=ORIENTED_EDGE('',*,*,#2932,.T.);
#1677=ORIENTED_EDGE('',*,*,#2946,.F.);
#1678=ORIENTED_EDGE('',*,*,#2936,.F.);
#1679=ORIENTED_EDGE('',*,*,#2946,.T.);
#1680=ORIENTED_EDGE('',*,*,#2931,.T.);
#1681=ORIENTED_EDGE('',*,*,#2947,.F.);
#1682=ORIENTED_EDGE('',*,*,#2937,.F.);
#1683=ORIENTED_EDGE('',*,*,#2947,.T.);
#1684=ORIENTED_EDGE('',*,*,#2930,.T.);
#1685=ORIENTED_EDGE('',*,*,#2948,.F.);
#1686=ORIENTED_EDGE('',*,*,#2938,.F.);
#1687=ORIENTED_EDGE('',*,*,#2948,.T.);
#1688=ORIENTED_EDGE('',*,*,#2929,.T.);
#1689=ORIENTED_EDGE('',*,*,#2949,.F.);
#1690=ORIENTED_EDGE('',*,*,#2939,.F.);
#1691=ORIENTED_EDGE('',*,*,#2949,.T.);
#1692=ORIENTED_EDGE('',*,*,#2928,.T.);
#1693=ORIENTED_EDGE('',*,*,#2950,.F.);
#1694=ORIENTED_EDGE('',*,*,#2940,.F.);
#1695=ORIENTED_EDGE('',*,*,#2950,.T.);
#1696=ORIENTED_EDGE('',*,*,#2927,.T.);
#1697=ORIENTED_EDGE('',*,*,#2951,.F.);
#1698=ORIENTED_EDGE('',*,*,#2941,.F.);
#1699=ORIENTED_EDGE('',*,*,#2951,.T.);
#1700=ORIENTED_EDGE('',*,*,#2926,.T.);
#1701=ORIENTED_EDGE('',*,*,#2902,.F.);
#1702=ORIENTED_EDGE('',*,*,#2952,.F.);
#1703=ORIENTED_EDGE('',*,*,#2953,.F.);
#1704=ORIENTED_EDGE('',*,*,#2954,.T.);
#1705=ORIENTED_EDGE('',*,*,#2955,.T.);
#1706=ORIENTED_EDGE('',*,*,#2956,.T.);
#1707=ORIENTED_EDGE('',*,*,#2957,.F.);
#1708=ORIENTED_EDGE('',*,*,#2958,.F.);
#1709=ORIENTED_EDGE('',*,*,#2959,.F.);
#1710=ORIENTED_EDGE('',*,*,#2960,.T.);
#1711=ORIENTED_EDGE('',*,*,#2961,.T.);
#1712=ORIENTED_EDGE('',*,*,#2962,.T.);
#1713=ORIENTED_EDGE('',*,*,#2963,.T.);
#1714=ORIENTED_EDGE('',*,*,#2964,.T.);
#1715=ORIENTED_EDGE('',*,*,#2965,.T.);
#1716=ORIENTED_EDGE('',*,*,#2966,.T.);
#1717=ORIENTED_EDGE('',*,*,#2967,.F.);
#1718=ORIENTED_EDGE('',*,*,#2968,.F.);
#1719=ORIENTED_EDGE('',*,*,#2969,.T.);
#1720=ORIENTED_EDGE('',*,*,#2954,.F.);
#1721=ORIENTED_EDGE('',*,*,#2970,.F.);
#1722=ORIENTED_EDGE('',*,*,#2971,.F.);
#1723=ORIENTED_EDGE('',*,*,#2972,.F.);
#1724=ORIENTED_EDGE('',*,*,#2973,.T.);
#1725=ORIENTED_EDGE('',*,*,#2974,.T.);
#1726=ORIENTED_EDGE('',*,*,#2968,.T.);
#1727=ORIENTED_EDGE('',*,*,#2975,.T.);
#1728=ORIENTED_EDGE('',*,*,#2976,.T.);
#1729=ORIENTED_EDGE('',*,*,#2977,.F.);
#1730=ORIENTED_EDGE('',*,*,#2978,.F.);
#1731=ORIENTED_EDGE('',*,*,#2979,.T.);
#1732=ORIENTED_EDGE('',*,*,#2980,.T.);
#1733=ORIENTED_EDGE('',*,*,#2981,.F.);
#1734=ORIENTED_EDGE('',*,*,#2982,.T.);
#1735=ORIENTED_EDGE('',*,*,#2973,.F.);
#1736=ORIENTED_EDGE('',*,*,#2983,.F.);
#1737=ORIENTED_EDGE('',*,*,#2984,.T.);
#1738=ORIENTED_EDGE('',*,*,#2985,.T.);
#1739=ORIENTED_EDGE('',*,*,#2981,.T.);
#1740=ORIENTED_EDGE('',*,*,#2986,.F.);
#1741=ORIENTED_EDGE('',*,*,#2987,.F.);
#1742=ORIENTED_EDGE('',*,*,#2988,.T.);
#1743=ORIENTED_EDGE('',*,*,#2984,.F.);
#1744=ORIENTED_EDGE('',*,*,#2989,.F.);
#1745=ORIENTED_EDGE('',*,*,#2990,.F.);
#1746=ORIENTED_EDGE('',*,*,#2991,.T.);
#1747=ORIENTED_EDGE('',*,*,#2987,.T.);
#1748=ORIENTED_EDGE('',*,*,#2992,.T.);
#1749=ORIENTED_EDGE('',*,*,#2993,.F.);
#1750=ORIENTED_EDGE('',*,*,#2994,.T.);
#1751=ORIENTED_EDGE('',*,*,#2995,.F.);
#1752=ORIENTED_EDGE('',*,*,#2996,.T.);
#1753=ORIENTED_EDGE('',*,*,#2990,.T.);
#1754=ORIENTED_EDGE('',*,*,#2997,.F.);
#1755=ORIENTED_EDGE('',*,*,#2998,.F.);
#1756=ORIENTED_EDGE('',*,*,#2999,.T.);
#1757=ORIENTED_EDGE('',*,*,#2995,.T.);
#1758=ORIENTED_EDGE('',*,*,#3000,.F.);
#1759=ORIENTED_EDGE('',*,*,#3001,.T.);
#1760=ORIENTED_EDGE('',*,*,#2911,.T.);
#1761=ORIENTED_EDGE('',*,*,#3002,.T.);
#1762=ORIENTED_EDGE('',*,*,#3003,.F.);
#1763=ORIENTED_EDGE('',*,*,#3004,.F.);
#1764=ORIENTED_EDGE('',*,*,#3005,.T.);
#1765=ORIENTED_EDGE('',*,*,#2998,.T.);
#1766=ORIENTED_EDGE('',*,*,#3006,.T.);
#1767=ORIENTED_EDGE('',*,*,#3007,.T.);
#1768=ORIENTED_EDGE('',*,*,#3008,.T.);
#1769=ORIENTED_EDGE('',*,*,#3004,.T.);
#1770=ORIENTED_EDGE('',*,*,#3009,.F.);
#1771=ORIENTED_EDGE('',*,*,#3010,.F.);
#1772=ORIENTED_EDGE('',*,*,#3011,.F.);
#1773=ORIENTED_EDGE('',*,*,#3012,.F.);
#1774=ORIENTED_EDGE('',*,*,#3013,.T.);
#1775=ORIENTED_EDGE('',*,*,#3007,.F.);
#1776=ORIENTED_EDGE('',*,*,#3014,.F.);
#1777=ORIENTED_EDGE('',*,*,#3015,.T.);
#1778=ORIENTED_EDGE('',*,*,#3016,.T.);
#1779=ORIENTED_EDGE('',*,*,#3012,.T.);
#1780=ORIENTED_EDGE('',*,*,#3017,.T.);
#1781=ORIENTED_EDGE('',*,*,#3018,.F.);
#1782=ORIENTED_EDGE('',*,*,#3019,.T.);
#1783=ORIENTED_EDGE('',*,*,#3015,.F.);
#1784=ORIENTED_EDGE('',*,*,#3020,.F.);
#1785=ORIENTED_EDGE('',*,*,#3021,.F.);
#1786=ORIENTED_EDGE('',*,*,#3022,.T.);
#1787=ORIENTED_EDGE('',*,*,#3018,.T.);
#1788=ORIENTED_EDGE('',*,*,#3023,.F.);
#1789=ORIENTED_EDGE('',*,*,#3024,.F.);
#1790=ORIENTED_EDGE('',*,*,#3025,.T.);
#1791=ORIENTED_EDGE('',*,*,#3026,.T.);
#1792=ORIENTED_EDGE('',*,*,#3027,.F.);
#1793=ORIENTED_EDGE('',*,*,#3028,.F.);
#1794=ORIENTED_EDGE('',*,*,#2952,.T.);
#1795=ORIENTED_EDGE('',*,*,#3029,.T.);
#1796=ORIENTED_EDGE('',*,*,#3021,.T.);
#1797=ORIENTED_EDGE('',*,*,#3030,.T.);
#1798=ORIENTED_EDGE('',*,*,#3031,.T.);
#1799=ORIENTED_EDGE('',*,*,#3032,.T.);
#1800=ORIENTED_EDGE('',*,*,#3033,.F.);
#1801=ORIENTED_EDGE('',*,*,#2942,.F.);
#1802=ORIENTED_EDGE('',*,*,#3034,.T.);
#1803=ORIENTED_EDGE('',*,*,#2899,.F.);
#1804=ORIENTED_EDGE('',*,*,#2945,.F.);
#1805=ORIENTED_EDGE('',*,*,#2933,.F.);
#1806=ORIENTED_EDGE('',*,*,#2900,.T.);
#1807=ORIENTED_EDGE('',*,*,#3034,.F.);
#1808=ORIENTED_EDGE('',*,*,#3035,.F.);
#1809=ORIENTED_EDGE('',*,*,#3036,.T.);
#1810=ORIENTED_EDGE('',*,*,#3037,.T.);
#1811=ORIENTED_EDGE('',*,*,#3038,.T.);
#1812=ORIENTED_EDGE('',*,*,#3039,.T.);
#1813=ORIENTED_EDGE('',*,*,#3040,.T.);
#1814=ORIENTED_EDGE('',*,*,#3041,.T.);
#1815=ORIENTED_EDGE('',*,*,#3042,.T.);
#1816=ORIENTED_EDGE('',*,*,#3043,.T.);
#1817=ORIENTED_EDGE('',*,*,#3044,.T.);
#1818=ORIENTED_EDGE('',*,*,#3045,.T.);
#1819=ORIENTED_EDGE('',*,*,#3046,.F.);
#1820=ORIENTED_EDGE('',*,*,#2955,.F.);
#1821=ORIENTED_EDGE('',*,*,#3047,.T.);
#1822=ORIENTED_EDGE('',*,*,#3036,.F.);
#1823=ORIENTED_EDGE('',*,*,#3029,.F.);
#1824=ORIENTED_EDGE('',*,*,#3046,.T.);
#1825=ORIENTED_EDGE('',*,*,#3048,.F.);
#1826=ORIENTED_EDGE('',*,*,#3049,.F.);
#1827=ORIENTED_EDGE('',*,*,#3022,.F.);
#1828=ORIENTED_EDGE('',*,*,#3048,.T.);
#1829=ORIENTED_EDGE('',*,*,#3045,.F.);
#1830=ORIENTED_EDGE('',*,*,#3019,.F.);
#1831=ORIENTED_EDGE('',*,*,#3049,.T.);
#1832=ORIENTED_EDGE('',*,*,#3050,.F.);
#1833=ORIENTED_EDGE('',*,*,#3050,.T.);
#1834=ORIENTED_EDGE('',*,*,#3044,.F.);
#1835=ORIENTED_EDGE('',*,*,#3051,.F.);
#1836=ORIENTED_EDGE('',*,*,#3016,.F.);
#1837=ORIENTED_EDGE('',*,*,#3051,.T.);
#1838=ORIENTED_EDGE('',*,*,#3043,.F.);
#1839=ORIENTED_EDGE('',*,*,#3052,.F.);
#1840=ORIENTED_EDGE('',*,*,#3013,.F.);
#1841=ORIENTED_EDGE('',*,*,#3053,.F.);
#1842=ORIENTED_EDGE('',*,*,#3008,.F.);
#1843=ORIENTED_EDGE('',*,*,#3052,.T.);
#1844=ORIENTED_EDGE('',*,*,#3042,.F.);
#1845=ORIENTED_EDGE('',*,*,#3005,.F.);
#1846=ORIENTED_EDGE('',*,*,#3053,.T.);
#1847=ORIENTED_EDGE('',*,*,#3054,.F.);
#1848=ORIENTED_EDGE('',*,*,#3055,.F.);
#1849=ORIENTED_EDGE('',*,*,#2999,.F.);
#1850=ORIENTED_EDGE('',*,*,#3054,.T.);
#1851=ORIENTED_EDGE('',*,*,#3041,.F.);
#1852=ORIENTED_EDGE('',*,*,#2996,.F.);
#1853=ORIENTED_EDGE('',*,*,#3055,.T.);
#1854=ORIENTED_EDGE('',*,*,#3056,.F.);
#1855=ORIENTED_EDGE('',*,*,#3056,.T.);
#1856=ORIENTED_EDGE('',*,*,#3040,.F.);
#1857=ORIENTED_EDGE('',*,*,#3057,.F.);
#1858=ORIENTED_EDGE('',*,*,#2991,.F.);
#1859=ORIENTED_EDGE('',*,*,#3057,.T.);
#1860=ORIENTED_EDGE('',*,*,#3039,.F.);
#1861=ORIENTED_EDGE('',*,*,#3058,.F.);
#1862=ORIENTED_EDGE('',*,*,#2988,.F.);
#1863=ORIENTED_EDGE('',*,*,#3059,.F.);
#1864=ORIENTED_EDGE('',*,*,#2985,.F.);
#1865=ORIENTED_EDGE('',*,*,#3058,.T.);
#1866=ORIENTED_EDGE('',*,*,#3038,.F.);
#1867=ORIENTED_EDGE('',*,*,#2982,.F.);
#1868=ORIENTED_EDGE('',*,*,#3059,.T.);
#1869=ORIENTED_EDGE('',*,*,#3060,.F.);
#1870=ORIENTED_EDGE('',*,*,#3061,.F.);
#1871=ORIENTED_EDGE('',*,*,#2974,.F.);
#1872=ORIENTED_EDGE('',*,*,#3060,.T.);
#1873=ORIENTED_EDGE('',*,*,#3037,.F.);
#1874=ORIENTED_EDGE('',*,*,#2969,.F.);
#1875=ORIENTED_EDGE('',*,*,#3061,.T.);
#1876=ORIENTED_EDGE('',*,*,#3047,.F.);
#1877=ORIENTED_EDGE('',*,*,#3033,.T.);
#1878=ORIENTED_EDGE('',*,*,#2898,.T.);
#1879=ORIENTED_EDGE('',*,*,#2925,.T.);
#1880=ORIENTED_EDGE('',*,*,#2943,.F.);
#1881=ORIENTED_EDGE('',*,*,#3062,.T.);
#1882=ORIENTED_EDGE('',*,*,#3063,.T.);
#1883=ORIENTED_EDGE('',*,*,#3064,.T.);
#1884=ORIENTED_EDGE('',*,*,#2963,.F.);
#1885=ORIENTED_EDGE('',*,*,#3065,.T.);
#1886=ORIENTED_EDGE('',*,*,#3066,.T.);
#1887=ORIENTED_EDGE('',*,*,#3067,.T.);
#1888=ORIENTED_EDGE('',*,*,#2965,.F.);
#1889=ORIENTED_EDGE('',*,*,#3068,.T.);
#1890=ORIENTED_EDGE('',*,*,#3069,.T.);
#1891=ORIENTED_EDGE('',*,*,#3070,.T.);
#1892=ORIENTED_EDGE('',*,*,#3071,.T.);
#1893=ORIENTED_EDGE('',*,*,#3072,.T.);
#1894=ORIENTED_EDGE('',*,*,#3073,.T.);
#1895=ORIENTED_EDGE('',*,*,#3074,.T.);
#1896=ORIENTED_EDGE('',*,*,#3075,.T.);
#1897=ORIENTED_EDGE('',*,*,#3076,.T.);
#1898=ORIENTED_EDGE('',*,*,#3077,.T.);
#1899=ORIENTED_EDGE('',*,*,#3078,.T.);
#1900=ORIENTED_EDGE('',*,*,#3079,.T.);
#1901=ORIENTED_EDGE('',*,*,#3080,.T.);
#1902=ORIENTED_EDGE('',*,*,#3081,.T.);
#1903=ORIENTED_EDGE('',*,*,#3082,.T.);
#1904=ORIENTED_EDGE('',*,*,#3083,.T.);
#1905=ORIENTED_EDGE('',*,*,#3084,.T.);
#1906=ORIENTED_EDGE('',*,*,#3085,.T.);
#1907=ORIENTED_EDGE('',*,*,#3086,.T.);
#1908=ORIENTED_EDGE('',*,*,#2967,.T.);
#1909=ORIENTED_EDGE('',*,*,#3087,.T.);
#1910=ORIENTED_EDGE('',*,*,#3088,.T.);
#1911=ORIENTED_EDGE('',*,*,#3089,.T.);
#1912=ORIENTED_EDGE('',*,*,#2961,.F.);
#1913=ORIENTED_EDGE('',*,*,#3090,.F.);
#1914=ORIENTED_EDGE('',*,*,#3091,.T.);
#1915=ORIENTED_EDGE('',*,*,#3092,.T.);
#1916=ORIENTED_EDGE('',*,*,#3093,.T.);
#1917=ORIENTED_EDGE('',*,*,#3094,.T.);
#1918=ORIENTED_EDGE('',*,*,#3095,.T.);
#1919=ORIENTED_EDGE('',*,*,#3096,.T.);
#1920=ORIENTED_EDGE('',*,*,#3097,.T.);
#1921=ORIENTED_EDGE('',*,*,#3086,.F.);
#1922=ORIENTED_EDGE('',*,*,#3098,.T.);
#1923=ORIENTED_EDGE('',*,*,#3087,.F.);
#1924=ORIENTED_EDGE('',*,*,#2960,.F.);
#1925=ORIENTED_EDGE('',*,*,#3089,.F.);
#1926=ORIENTED_EDGE('',*,*,#3099,.T.);
#1927=ORIENTED_EDGE('',*,*,#3062,.F.);
#1928=ORIENTED_EDGE('',*,*,#2962,.F.);
#1929=ORIENTED_EDGE('',*,*,#3064,.F.);
#1930=ORIENTED_EDGE('',*,*,#3100,.T.);
#1931=ORIENTED_EDGE('',*,*,#3065,.F.);
#1932=ORIENTED_EDGE('',*,*,#2964,.F.);
#1933=ORIENTED_EDGE('',*,*,#3067,.F.);
#1934=ORIENTED_EDGE('',*,*,#3101,.T.);
#1935=ORIENTED_EDGE('',*,*,#3084,.F.);
#1936=ORIENTED_EDGE('',*,*,#2966,.F.);
#1937=ORIENTED_EDGE('',*,*,#3102,.F.);
#1938=ORIENTED_EDGE('',*,*,#3103,.T.);
#1939=ORIENTED_EDGE('',*,*,#3104,.F.);
#1940=ORIENTED_EDGE('',*,*,#3099,.F.);
#1941=ORIENTED_EDGE('',*,*,#3105,.F.);
#1942=ORIENTED_EDGE('',*,*,#3106,.T.);
#1943=ORIENTED_EDGE('',*,*,#3102,.T.);
#1944=ORIENTED_EDGE('',*,*,#3088,.F.);
#1945=ORIENTED_EDGE('',*,*,#3104,.T.);
#1946=ORIENTED_EDGE('',*,*,#3107,.T.);
#1947=ORIENTED_EDGE('',*,*,#3108,.F.);
#1948=ORIENTED_EDGE('',*,*,#3063,.F.);
#1949=ORIENTED_EDGE('',*,*,#3109,.F.);
#1950=ORIENTED_EDGE('',*,*,#3110,.T.);
#1951=ORIENTED_EDGE('',*,*,#3105,.T.);
#1952=ORIENTED_EDGE('',*,*,#3098,.F.);
#1953=ORIENTED_EDGE('',*,*,#3108,.T.);
#1954=ORIENTED_EDGE('',*,*,#3111,.T.);
#1955=ORIENTED_EDGE('',*,*,#3112,.F.);
#1956=ORIENTED_EDGE('',*,*,#3100,.F.);
#1957=ORIENTED_EDGE('',*,*,#3113,.F.);
#1958=ORIENTED_EDGE('',*,*,#3114,.T.);
#1959=ORIENTED_EDGE('',*,*,#3109,.T.);
#1960=ORIENTED_EDGE('',*,*,#3085,.F.);
#1961=ORIENTED_EDGE('',*,*,#3112,.T.);
#1962=ORIENTED_EDGE('',*,*,#3115,.T.);
#1963=ORIENTED_EDGE('',*,*,#3116,.F.);
#1964=ORIENTED_EDGE('',*,*,#3066,.F.);
#1965=ORIENTED_EDGE('',*,*,#3116,.T.);
#1966=ORIENTED_EDGE('',*,*,#3117,.T.);
#1967=ORIENTED_EDGE('',*,*,#3113,.T.);
#1968=ORIENTED_EDGE('',*,*,#3101,.F.);
#1969=ORIENTED_EDGE('',*,*,#3118,.F.);
#1970=ORIENTED_EDGE('',*,*,#3119,.T.);
#1971=ORIENTED_EDGE('',*,*,#3120,.F.);
#1972=ORIENTED_EDGE('',*,*,#3091,.F.);
#1973=ORIENTED_EDGE('',*,*,#3121,.F.);
#1974=ORIENTED_EDGE('',*,*,#3122,.T.);
#1975=ORIENTED_EDGE('',*,*,#3118,.T.);
#1976=ORIENTED_EDGE('',*,*,#3090,.T.);
#1977=ORIENTED_EDGE('',*,*,#3120,.T.);
#1978=ORIENTED_EDGE('',*,*,#3123,.T.);
#1979=ORIENTED_EDGE('',*,*,#3124,.F.);
#1980=ORIENTED_EDGE('',*,*,#3092,.F.);
#1981=ORIENTED_EDGE('',*,*,#3125,.F.);
#1982=ORIENTED_EDGE('',*,*,#3126,.T.);
#1983=ORIENTED_EDGE('',*,*,#3121,.T.);
#1984=ORIENTED_EDGE('',*,*,#3097,.F.);
#1985=ORIENTED_EDGE('',*,*,#3124,.T.);
#1986=ORIENTED_EDGE('',*,*,#3127,.T.);
#1987=ORIENTED_EDGE('',*,*,#3128,.F.);
#1988=ORIENTED_EDGE('',*,*,#3093,.F.);
#1989=ORIENTED_EDGE('',*,*,#3129,.F.);
#1990=ORIENTED_EDGE('',*,*,#3130,.T.);
#1991=ORIENTED_EDGE('',*,*,#3125,.T.);
#1992=ORIENTED_EDGE('',*,*,#3096,.F.);
#1993=ORIENTED_EDGE('',*,*,#3128,.T.);
#1994=ORIENTED_EDGE('',*,*,#3131,.T.);
#1995=ORIENTED_EDGE('',*,*,#3132,.F.);
#1996=ORIENTED_EDGE('',*,*,#3094,.F.);
#1997=ORIENTED_EDGE('',*,*,#3132,.T.);
#1998=ORIENTED_EDGE('',*,*,#3133,.T.);
#1999=ORIENTED_EDGE('',*,*,#3129,.T.);
#2000=ORIENTED_EDGE('',*,*,#3095,.F.);
#2001=ORIENTED_EDGE('',*,*,#3134,.F.);
#2002=ORIENTED_EDGE('',*,*,#3131,.F.);
#2003=ORIENTED_EDGE('',*,*,#3135,.F.);
#2004=ORIENTED_EDGE('',*,*,#3073,.F.);
#2005=ORIENTED_EDGE('',*,*,#3135,.T.);
#2006=ORIENTED_EDGE('',*,*,#3127,.F.);
#2007=ORIENTED_EDGE('',*,*,#3136,.F.);
#2008=ORIENTED_EDGE('',*,*,#3074,.F.);
#2009=ORIENTED_EDGE('',*,*,#3134,.T.);
#2010=ORIENTED_EDGE('',*,*,#3072,.F.);
#2011=ORIENTED_EDGE('',*,*,#3137,.F.);
#2012=ORIENTED_EDGE('',*,*,#3133,.F.);
#2013=ORIENTED_EDGE('',*,*,#3136,.T.);
#2014=ORIENTED_EDGE('',*,*,#3123,.F.);
#2015=ORIENTED_EDGE('',*,*,#3138,.F.);
#2016=ORIENTED_EDGE('',*,*,#3075,.F.);
#2017=ORIENTED_EDGE('',*,*,#3137,.T.);
#2018=ORIENTED_EDGE('',*,*,#3071,.F.);
#2019=ORIENTED_EDGE('',*,*,#3139,.F.);
#2020=ORIENTED_EDGE('',*,*,#3130,.F.);
#2021=ORIENTED_EDGE('',*,*,#3138,.T.);
#2022=ORIENTED_EDGE('',*,*,#3119,.F.);
#2023=ORIENTED_EDGE('',*,*,#3140,.F.);
#2024=ORIENTED_EDGE('',*,*,#3068,.F.);
#2025=ORIENTED_EDGE('',*,*,#3139,.T.);
#2026=ORIENTED_EDGE('',*,*,#3070,.F.);
#2027=ORIENTED_EDGE('',*,*,#3141,.F.);
#2028=ORIENTED_EDGE('',*,*,#3126,.F.);
#2029=ORIENTED_EDGE('',*,*,#3140,.T.);
#2030=ORIENTED_EDGE('',*,*,#3122,.F.);
#2031=ORIENTED_EDGE('',*,*,#3141,.T.);
#2032=ORIENTED_EDGE('',*,*,#3069,.F.);
#2033=ORIENTED_EDGE('',*,*,#3142,.F.);
#2034=ORIENTED_EDGE('',*,*,#3115,.F.);
#2035=ORIENTED_EDGE('',*,*,#3143,.F.);
#2036=ORIENTED_EDGE('',*,*,#3081,.F.);
#2037=ORIENTED_EDGE('',*,*,#3143,.T.);
#2038=ORIENTED_EDGE('',*,*,#3111,.F.);
#2039=ORIENTED_EDGE('',*,*,#3144,.F.);
#2040=ORIENTED_EDGE('',*,*,#3082,.F.);
#2041=ORIENTED_EDGE('',*,*,#3142,.T.);
#2042=ORIENTED_EDGE('',*,*,#3080,.F.);
#2043=ORIENTED_EDGE('',*,*,#3145,.F.);
#2044=ORIENTED_EDGE('',*,*,#3117,.F.);
#2045=ORIENTED_EDGE('',*,*,#3144,.T.);
#2046=ORIENTED_EDGE('',*,*,#3107,.F.);
#2047=ORIENTED_EDGE('',*,*,#3146,.F.);
#2048=ORIENTED_EDGE('',*,*,#3083,.F.);
#2049=ORIENTED_EDGE('',*,*,#3145,.T.);
#2050=ORIENTED_EDGE('',*,*,#3079,.F.);
#2051=ORIENTED_EDGE('',*,*,#3147,.F.);
#2052=ORIENTED_EDGE('',*,*,#3114,.F.);
#2053=ORIENTED_EDGE('',*,*,#3146,.T.);
#2054=ORIENTED_EDGE('',*,*,#3103,.F.);
#2055=ORIENTED_EDGE('',*,*,#3148,.F.);
#2056=ORIENTED_EDGE('',*,*,#3076,.F.);
#2057=ORIENTED_EDGE('',*,*,#3147,.T.);
#2058=ORIENTED_EDGE('',*,*,#3078,.F.);
#2059=ORIENTED_EDGE('',*,*,#3149,.F.);
#2060=ORIENTED_EDGE('',*,*,#3110,.F.);
#2061=ORIENTED_EDGE('',*,*,#3148,.T.);
#2062=ORIENTED_EDGE('',*,*,#3106,.F.);
#2063=ORIENTED_EDGE('',*,*,#3149,.T.);
#2064=ORIENTED_EDGE('',*,*,#3077,.F.);
#2065=ORIENTED_EDGE('',*,*,#3150,.T.);
#2066=ORIENTED_EDGE('',*,*,#3151,.T.);
#2067=ORIENTED_EDGE('',*,*,#3152,.T.);
#2068=ORIENTED_EDGE('',*,*,#2905,.F.);
#2069=ORIENTED_EDGE('',*,*,#3153,.T.);
#2070=ORIENTED_EDGE('',*,*,#3154,.T.);
#2071=ORIENTED_EDGE('',*,*,#3155,.T.);
#2072=ORIENTED_EDGE('',*,*,#2907,.T.);
#2073=ORIENTED_EDGE('',*,*,#3156,.F.);
#2074=ORIENTED_EDGE('',*,*,#3031,.F.);
#2075=ORIENTED_EDGE('',*,*,#3157,.T.);
#2076=ORIENTED_EDGE('',*,*,#2971,.T.);
#2077=ORIENTED_EDGE('',*,*,#3158,.F.);
#2078=ORIENTED_EDGE('',*,*,#3159,.F.);
#2079=ORIENTED_EDGE('',*,*,#3160,.F.);
#2080=ORIENTED_EDGE('',*,*,#3161,.T.);
#2081=ORIENTED_EDGE('',*,*,#3162,.F.);
#2082=ORIENTED_EDGE('',*,*,#3163,.F.);
#2083=ORIENTED_EDGE('',*,*,#3164,.F.);
#2084=ORIENTED_EDGE('',*,*,#3165,.F.);
#2085=ORIENTED_EDGE('',*,*,#3166,.F.);
#2086=ORIENTED_EDGE('',*,*,#3167,.F.);
#2087=ORIENTED_EDGE('',*,*,#3168,.F.);
#2088=ORIENTED_EDGE('',*,*,#3169,.F.);
#2089=ORIENTED_EDGE('',*,*,#3170,.F.);
#2090=ORIENTED_EDGE('',*,*,#3171,.T.);
#2091=ORIENTED_EDGE('',*,*,#3172,.T.);
#2092=ORIENTED_EDGE('',*,*,#3173,.T.);
#2093=ORIENTED_EDGE('',*,*,#3174,.F.);
#2094=ORIENTED_EDGE('',*,*,#3175,.F.);
#2095=ORIENTED_EDGE('',*,*,#2921,.F.);
#2096=ORIENTED_EDGE('',*,*,#3176,.T.);
#2097=ORIENTED_EDGE('',*,*,#3177,.F.);
#2098=ORIENTED_EDGE('',*,*,#3178,.T.);
#2099=ORIENTED_EDGE('',*,*,#3179,.T.);
#2100=ORIENTED_EDGE('',*,*,#3180,.T.);
#2101=ORIENTED_EDGE('',*,*,#3181,.F.);
#2102=ORIENTED_EDGE('',*,*,#3182,.T.);
#2103=ORIENTED_EDGE('',*,*,#3183,.T.);
#2104=ORIENTED_EDGE('',*,*,#3184,.T.);
#2105=ORIENTED_EDGE('',*,*,#2919,.T.);
#2106=ORIENTED_EDGE('',*,*,#3185,.T.);
#2107=ORIENTED_EDGE('',*,*,#3186,.F.);
#2108=ORIENTED_EDGE('',*,*,#3187,.T.);
#2109=ORIENTED_EDGE('',*,*,#2908,.T.);
#2110=ORIENTED_EDGE('',*,*,#3155,.F.);
#2111=ORIENTED_EDGE('',*,*,#3188,.F.);
#2112=ORIENTED_EDGE('',*,*,#3189,.T.);
#2113=ORIENTED_EDGE('',*,*,#3190,.T.);
#2114=ORIENTED_EDGE('',*,*,#3191,.F.);
#2115=ORIENTED_EDGE('',*,*,#3192,.F.);
#2116=ORIENTED_EDGE('',*,*,#3193,.F.);
#2117=ORIENTED_EDGE('',*,*,#3194,.T.);
#2118=ORIENTED_EDGE('',*,*,#3195,.F.);
#2119=ORIENTED_EDGE('',*,*,#2923,.F.);
#2120=ORIENTED_EDGE('',*,*,#3196,.F.);
#2121=ORIENTED_EDGE('',*,*,#3197,.F.);
#2122=ORIENTED_EDGE('',*,*,#3150,.F.);
#2123=ORIENTED_EDGE('',*,*,#2904,.T.);
#2124=ORIENTED_EDGE('',*,*,#3195,.T.);
#2125=ORIENTED_EDGE('',*,*,#3152,.F.);
#2126=ORIENTED_EDGE('',*,*,#3198,.T.);
#2127=ORIENTED_EDGE('',*,*,#3153,.F.);
#2128=ORIENTED_EDGE('',*,*,#2906,.F.);
#2129=ORIENTED_EDGE('',*,*,#3025,.F.);
#2130=ORIENTED_EDGE('',*,*,#3199,.T.);
#2131=ORIENTED_EDGE('',*,*,#3192,.T.);
#2132=ORIENTED_EDGE('',*,*,#3200,.F.);
#2133=ORIENTED_EDGE('',*,*,#3201,.F.);
#2134=ORIENTED_EDGE('',*,*,#2978,.T.);
#2135=ORIENTED_EDGE('',*,*,#3202,.T.);
#2136=ORIENTED_EDGE('',*,*,#3179,.F.);
#2137=ORIENTED_EDGE('',*,*,#3203,.F.);
#2138=ORIENTED_EDGE('',*,*,#3204,.T.);
#2139=ORIENTED_EDGE('',*,*,#2913,.T.);
#2140=ORIENTED_EDGE('',*,*,#3205,.F.);
#2141=ORIENTED_EDGE('',*,*,#3206,.T.);
#2142=ORIENTED_EDGE('',*,*,#3207,.T.);
#2143=ORIENTED_EDGE('',*,*,#3208,.T.);
#2144=ORIENTED_EDGE('',*,*,#3209,.T.);
#2145=ORIENTED_EDGE('',*,*,#3210,.T.);
#2146=ORIENTED_EDGE('',*,*,#3211,.T.);
#2147=ORIENTED_EDGE('',*,*,#3206,.F.);
#2148=ORIENTED_EDGE('',*,*,#3212,.F.);
#2149=ORIENTED_EDGE('',*,*,#3213,.T.);
#2150=ORIENTED_EDGE('',*,*,#3214,.T.);
#2151=ORIENTED_EDGE('',*,*,#3215,.F.);
#2152=ORIENTED_EDGE('',*,*,#3208,.F.);
#2153=ORIENTED_EDGE('',*,*,#3216,.T.);
#2154=ORIENTED_EDGE('',*,*,#3212,.T.);
#2155=ORIENTED_EDGE('',*,*,#3209,.F.);
#2156=ORIENTED_EDGE('',*,*,#3215,.T.);
#2157=ORIENTED_EDGE('',*,*,#3217,.T.);
#2158=ORIENTED_EDGE('',*,*,#3218,.T.);
#2159=ORIENTED_EDGE('',*,*,#3218,.F.);
#2160=ORIENTED_EDGE('',*,*,#3219,.T.);
#2161=ORIENTED_EDGE('',*,*,#3220,.T.);
#2162=ORIENTED_EDGE('',*,*,#3221,.F.);
#2163=ORIENTED_EDGE('',*,*,#3222,.T.);
#2164=ORIENTED_EDGE('',*,*,#3180,.F.);
#2165=ORIENTED_EDGE('',*,*,#3202,.F.);
#2166=ORIENTED_EDGE('',*,*,#2977,.T.);
#2167=ORIENTED_EDGE('',*,*,#3223,.F.);
#2168=ORIENTED_EDGE('',*,*,#3210,.F.);
#2169=ORIENTED_EDGE('',*,*,#3216,.F.);
#2170=ORIENTED_EDGE('',*,*,#2976,.F.);
#2171=ORIENTED_EDGE('',*,*,#3211,.F.);
#2172=ORIENTED_EDGE('',*,*,#3224,.F.);
#2173=ORIENTED_EDGE('',*,*,#3213,.F.);
#2174=ORIENTED_EDGE('',*,*,#3207,.F.);
#2175=ORIENTED_EDGE('',*,*,#3217,.F.);
#2176=ORIENTED_EDGE('',*,*,#3214,.F.);
#2177=ORIENTED_EDGE('',*,*,#3225,.F.);
#2178=ORIENTED_EDGE('',*,*,#3219,.F.);
#2179=ORIENTED_EDGE('',*,*,#3226,.F.);
#2180=ORIENTED_EDGE('',*,*,#3227,.T.);
#2181=ORIENTED_EDGE('',*,*,#3185,.F.);
#2182=ORIENTED_EDGE('',*,*,#2918,.F.);
#2183=ORIENTED_EDGE('',*,*,#3228,.F.);
#2184=ORIENTED_EDGE('',*,*,#3226,.T.);
#2185=ORIENTED_EDGE('',*,*,#2917,.T.);
#2186=ORIENTED_EDGE('',*,*,#3229,.T.);
#2187=ORIENTED_EDGE('',*,*,#3230,.F.);
#2188=ORIENTED_EDGE('',*,*,#3229,.F.);
#2189=ORIENTED_EDGE('',*,*,#2916,.T.);
#2190=ORIENTED_EDGE('',*,*,#3231,.F.);
#2191=ORIENTED_EDGE('',*,*,#3232,.F.);
#2192=ORIENTED_EDGE('',*,*,#3231,.T.);
#2193=ORIENTED_EDGE('',*,*,#2915,.F.);
#2194=ORIENTED_EDGE('',*,*,#3233,.T.);
#2195=ORIENTED_EDGE('',*,*,#3204,.F.);
#2196=ORIENTED_EDGE('',*,*,#3234,.T.);
#2197=ORIENTED_EDGE('',*,*,#3233,.F.);
#2198=ORIENTED_EDGE('',*,*,#2914,.F.);
#2199=ORIENTED_EDGE('',*,*,#3184,.F.);
#2200=ORIENTED_EDGE('',*,*,#3235,.F.);
#2201=ORIENTED_EDGE('',*,*,#3176,.F.);
#2202=ORIENTED_EDGE('',*,*,#2920,.T.);
#2203=ORIENTED_EDGE('',*,*,#3236,.F.);
#2204=ORIENTED_EDGE('',*,*,#3237,.F.);
#2205=ORIENTED_EDGE('',*,*,#2909,.T.);
#2206=ORIENTED_EDGE('',*,*,#3187,.F.);
#2207=ORIENTED_EDGE('',*,*,#3175,.T.);
#2208=ORIENTED_EDGE('',*,*,#3238,.T.);
#2209=ORIENTED_EDGE('',*,*,#3196,.T.);
#2210=ORIENTED_EDGE('',*,*,#2922,.F.);
#2211=ORIENTED_EDGE('',*,*,#3239,.F.);
#2212=ORIENTED_EDGE('',*,*,#3240,.F.);
#2213=ORIENTED_EDGE('',*,*,#3241,.T.);
#2214=ORIENTED_EDGE('',*,*,#3242,.F.);
#2215=ORIENTED_EDGE('',*,*,#3243,.T.);
#2216=ORIENTED_EDGE('',*,*,#3244,.F.);
#2217=ORIENTED_EDGE('',*,*,#3245,.T.);
#2218=ORIENTED_EDGE('',*,*,#3027,.T.);
#2219=ORIENTED_EDGE('',*,*,#3239,.T.);
#2220=ORIENTED_EDGE('',*,*,#3246,.T.);
#2221=ORIENTED_EDGE('',*,*,#3247,.F.);
#2222=ORIENTED_EDGE('',*,*,#3248,.T.);
#2223=ORIENTED_EDGE('',*,*,#3246,.F.);
#2224=ORIENTED_EDGE('',*,*,#3244,.T.);
#2225=ORIENTED_EDGE('',*,*,#3249,.T.);
#2226=ORIENTED_EDGE('',*,*,#3250,.T.);
#2227=ORIENTED_EDGE('',*,*,#3247,.T.);
#2228=ORIENTED_EDGE('',*,*,#3243,.F.);
#2229=ORIENTED_EDGE('',*,*,#3242,.T.);
#2230=ORIENTED_EDGE('',*,*,#3251,.T.);
#2231=ORIENTED_EDGE('',*,*,#3252,.T.);
#2232=ORIENTED_EDGE('',*,*,#3249,.F.);
#2233=ORIENTED_EDGE('',*,*,#3240,.T.);
#2234=ORIENTED_EDGE('',*,*,#3026,.F.);
#2235=ORIENTED_EDGE('',*,*,#3200,.T.);
#2236=ORIENTED_EDGE('',*,*,#3191,.T.);
#2237=ORIENTED_EDGE('',*,*,#3253,.F.);
#2238=ORIENTED_EDGE('',*,*,#3254,.T.);
#2239=ORIENTED_EDGE('',*,*,#3255,.F.);
#2240=ORIENTED_EDGE('',*,*,#3256,.T.);
#2241=ORIENTED_EDGE('',*,*,#3248,.F.);
#2242=ORIENTED_EDGE('',*,*,#3250,.F.);
#2243=ORIENTED_EDGE('',*,*,#3252,.F.);
#2244=ORIENTED_EDGE('',*,*,#3257,.F.);
#2245=ORIENTED_EDGE('',*,*,#3241,.F.);
#2246=ORIENTED_EDGE('',*,*,#3256,.F.);
#2247=ORIENTED_EDGE('',*,*,#3258,.F.);
#2248=ORIENTED_EDGE('',*,*,#3251,.F.);
#2249=ORIENTED_EDGE('',*,*,#3174,.T.);
#2250=ORIENTED_EDGE('',*,*,#3259,.T.);
#2251=ORIENTED_EDGE('',*,*,#3188,.T.);
#2252=ORIENTED_EDGE('',*,*,#3238,.F.);
#2253=ORIENTED_EDGE('',*,*,#3183,.F.);
#2254=ORIENTED_EDGE('',*,*,#3260,.T.);
#2255=ORIENTED_EDGE('',*,*,#3170,.T.);
#2256=ORIENTED_EDGE('',*,*,#3235,.T.);
#2257=ORIENTED_EDGE('',*,*,#3220,.F.);
#2258=ORIENTED_EDGE('',*,*,#3225,.T.);
#2259=ORIENTED_EDGE('',*,*,#3224,.T.);
#2260=ORIENTED_EDGE('',*,*,#3223,.T.);
#2261=ORIENTED_EDGE('',*,*,#2975,.F.);
#2262=ORIENTED_EDGE('',*,*,#2972,.T.);
#2263=ORIENTED_EDGE('',*,*,#3157,.F.);
#2264=ORIENTED_EDGE('',*,*,#3030,.F.);
#2265=ORIENTED_EDGE('',*,*,#3028,.T.);
#2266=ORIENTED_EDGE('',*,*,#3245,.F.);
#2267=ORIENTED_EDGE('',*,*,#3257,.T.);
#2268=ORIENTED_EDGE('',*,*,#3258,.T.);
#2269=ORIENTED_EDGE('',*,*,#3255,.T.);
#2270=ORIENTED_EDGE('',*,*,#3261,.T.);
#2271=ORIENTED_EDGE('',*,*,#3262,.T.);
#2272=ORIENTED_EDGE('',*,*,#3023,.T.);
#2273=ORIENTED_EDGE('',*,*,#3020,.T.);
#2274=ORIENTED_EDGE('',*,*,#3017,.F.);
#2275=ORIENTED_EDGE('',*,*,#3014,.T.);
#2276=ORIENTED_EDGE('',*,*,#3011,.T.);
#2277=ORIENTED_EDGE('',*,*,#3263,.F.);
#2278=ORIENTED_EDGE('',*,*,#2992,.F.);
#2279=ORIENTED_EDGE('',*,*,#2989,.T.);
#2280=ORIENTED_EDGE('',*,*,#2986,.T.);
#2281=ORIENTED_EDGE('',*,*,#2983,.T.);
#2282=ORIENTED_EDGE('',*,*,#2980,.F.);
#2283=ORIENTED_EDGE('',*,*,#3264,.F.);
#2284=ORIENTED_EDGE('',*,*,#3265,.F.);
#2285=ORIENTED_EDGE('',*,*,#3266,.F.);
#2286=ORIENTED_EDGE('',*,*,#3267,.T.);
#2287=ORIENTED_EDGE('',*,*,#3166,.T.);
#2288=ORIENTED_EDGE('',*,*,#3268,.F.);
#2289=ORIENTED_EDGE('',*,*,#2957,.T.);
#2290=ORIENTED_EDGE('',*,*,#3269,.F.);
#2291=ORIENTED_EDGE('',*,*,#3169,.T.);
#2292=ORIENTED_EDGE('',*,*,#3270,.T.);
#2293=ORIENTED_EDGE('',*,*,#2958,.T.);
#2294=ORIENTED_EDGE('',*,*,#3268,.T.);
#2295=ORIENTED_EDGE('',*,*,#3168,.T.);
#2296=ORIENTED_EDGE('',*,*,#3271,.F.);
#2297=ORIENTED_EDGE('',*,*,#2959,.T.);
#2298=ORIENTED_EDGE('',*,*,#3270,.F.);
#2299=ORIENTED_EDGE('',*,*,#3167,.T.);
#2300=ORIENTED_EDGE('',*,*,#3269,.T.);
#2301=ORIENTED_EDGE('',*,*,#2956,.F.);
#2302=ORIENTED_EDGE('',*,*,#3271,.T.);
#2303=ORIENTED_EDGE('',*,*,#3237,.T.);
#2304=ORIENTED_EDGE('',*,*,#3272,.T.);
#2305=ORIENTED_EDGE('',*,*,#3273,.F.);
#2306=ORIENTED_EDGE('',*,*,#3002,.F.);
#2307=ORIENTED_EDGE('',*,*,#2910,.F.);
#2308=ORIENTED_EDGE('',*,*,#3274,.T.);
#2309=ORIENTED_EDGE('',*,*,#3205,.T.);
#2310=ORIENTED_EDGE('',*,*,#2912,.F.);
#2311=ORIENTED_EDGE('',*,*,#3001,.F.);
#2312=ORIENTED_EDGE('',*,*,#3275,.F.);
#2313=ORIENTED_EDGE('',*,*,#3276,.F.);
#2314=ORIENTED_EDGE('',*,*,#3277,.T.);
#2315=ORIENTED_EDGE('',*,*,#2884,.T.);
#2316=ORIENTED_EDGE('',*,*,#3277,.F.);
#2317=ORIENTED_EDGE('',*,*,#3261,.F.);
#2318=ORIENTED_EDGE('',*,*,#3254,.F.);
#2319=ORIENTED_EDGE('',*,*,#3278,.T.);
#2320=ORIENTED_EDGE('',*,*,#3279,.F.);
#2321=ORIENTED_EDGE('',*,*,#3280,.F.);
#2322=ORIENTED_EDGE('',*,*,#3221,.T.);
#2323=ORIENTED_EDGE('',*,*,#3265,.T.);
#2324=ORIENTED_EDGE('',*,*,#3281,.T.);
#2325=ORIENTED_EDGE('',*,*,#3259,.F.);
#2326=ORIENTED_EDGE('',*,*,#3173,.F.);
#2327=ORIENTED_EDGE('',*,*,#3282,.F.);
#2328=ORIENTED_EDGE('',*,*,#3189,.F.);
#2329=ORIENTED_EDGE('',*,*,#3260,.F.);
#2330=ORIENTED_EDGE('',*,*,#3182,.F.);
#2331=ORIENTED_EDGE('',*,*,#3283,.F.);
#2332=ORIENTED_EDGE('',*,*,#3171,.F.);
#2333=ORIENTED_EDGE('',*,*,#3284,.T.);
#2334=ORIENTED_EDGE('',*,*,#3266,.T.);
#2335=ORIENTED_EDGE('',*,*,#3284,.F.);
#2336=ORIENTED_EDGE('',*,*,#3267,.F.);
#2337=ORIENTED_EDGE('',*,*,#3285,.F.);
#2338=ORIENTED_EDGE('',*,*,#3286,.T.);
#2339=ORIENTED_EDGE('',*,*,#3287,.F.);
#2340=ORIENTED_EDGE('',*,*,#3286,.F.);
#2341=ORIENTED_EDGE('',*,*,#3285,.T.);
#2342=ORIENTED_EDGE('',*,*,#3287,.T.);
#2343=ORIENTED_EDGE('',*,*,#3288,.F.);
#2344=ORIENTED_EDGE('',*,*,#3289,.F.);
#2345=ORIENTED_EDGE('',*,*,#3274,.F.);
#2346=ORIENTED_EDGE('',*,*,#3290,.F.);
#2347=ORIENTED_EDGE('',*,*,#3272,.F.);
#2348=ORIENTED_EDGE('',*,*,#3291,.F.);
#2349=ORIENTED_EDGE('',*,*,#3289,.T.);
#2350=ORIENTED_EDGE('',*,*,#3263,.T.);
#2351=ORIENTED_EDGE('',*,*,#3010,.T.);
#2352=ORIENTED_EDGE('',*,*,#3292,.T.);
#2353=ORIENTED_EDGE('',*,*,#2993,.T.);
#2354=ORIENTED_EDGE('',*,*,#3288,.T.);
#2355=ORIENTED_EDGE('',*,*,#3293,.T.);
#2356=ORIENTED_EDGE('',*,*,#3279,.T.);
#2357=ORIENTED_EDGE('',*,*,#3294,.F.);
#2358=ORIENTED_EDGE('',*,*,#3193,.T.);
#2359=ORIENTED_EDGE('',*,*,#3199,.F.);
#2360=ORIENTED_EDGE('',*,*,#3024,.T.);
#2361=ORIENTED_EDGE('',*,*,#3262,.F.);
#2362=ORIENTED_EDGE('',*,*,#3281,.F.);
#2363=ORIENTED_EDGE('',*,*,#3264,.T.);
#2364=ORIENTED_EDGE('',*,*,#2979,.F.);
#2365=ORIENTED_EDGE('',*,*,#3201,.T.);
#2366=ORIENTED_EDGE('',*,*,#3178,.F.);
#2367=ORIENTED_EDGE('',*,*,#3295,.T.);
#2368=ORIENTED_EDGE('',*,*,#3172,.F.);
#2369=ORIENTED_EDGE('',*,*,#3283,.T.);
#2370=ORIENTED_EDGE('',*,*,#3181,.T.);
#2371=ORIENTED_EDGE('',*,*,#3222,.F.);
#2372=ORIENTED_EDGE('',*,*,#3280,.T.);
#2373=ORIENTED_EDGE('',*,*,#3295,.F.);
#2374=ORIENTED_EDGE('',*,*,#3177,.T.);
#2375=ORIENTED_EDGE('',*,*,#3227,.F.);
#2376=ORIENTED_EDGE('',*,*,#3228,.T.);
#2377=ORIENTED_EDGE('',*,*,#3230,.T.);
#2378=ORIENTED_EDGE('',*,*,#3232,.T.);
#2379=ORIENTED_EDGE('',*,*,#3234,.F.);
#2380=ORIENTED_EDGE('',*,*,#3203,.T.);
#2381=ORIENTED_EDGE('',*,*,#3291,.T.);
#2382=ORIENTED_EDGE('',*,*,#3236,.T.);
#2383=ORIENTED_EDGE('',*,*,#3186,.T.);
#2384=ORIENTED_EDGE('',*,*,#3154,.F.);
#2385=ORIENTED_EDGE('',*,*,#3198,.F.);
#2386=ORIENTED_EDGE('',*,*,#3151,.F.);
#2387=ORIENTED_EDGE('',*,*,#3197,.T.);
#2388=ORIENTED_EDGE('',*,*,#3194,.F.);
#2389=ORIENTED_EDGE('',*,*,#3294,.T.);
#2390=ORIENTED_EDGE('',*,*,#3278,.F.);
#2391=ORIENTED_EDGE('',*,*,#3253,.T.);
#2392=ORIENTED_EDGE('',*,*,#3190,.F.);
#2393=ORIENTED_EDGE('',*,*,#3282,.T.);
#2394=ORIENTED_EDGE('',*,*,#3296,.T.);
#2395=ORIENTED_EDGE('',*,*,#3297,.F.);
#2396=ORIENTED_EDGE('',*,*,#3297,.T.);
#2397=ORIENTED_EDGE('',*,*,#3298,.F.);
#2398=ORIENTED_EDGE('',*,*,#3299,.F.);
#2399=ORIENTED_EDGE('',*,*,#3300,.F.);
#2400=ORIENTED_EDGE('',*,*,#3301,.F.);
#2401=ORIENTED_EDGE('',*,*,#3302,.F.);
#2402=ORIENTED_EDGE('',*,*,#3303,.F.);
#2403=ORIENTED_EDGE('',*,*,#3304,.T.);
#2404=ORIENTED_EDGE('',*,*,#3305,.T.);
#2405=ORIENTED_EDGE('',*,*,#3300,.T.);
#2406=ORIENTED_EDGE('',*,*,#3306,.F.);
#2407=ORIENTED_EDGE('',*,*,#3307,.T.);
#2408=ORIENTED_EDGE('',*,*,#3308,.T.);
#2409=ORIENTED_EDGE('',*,*,#3301,.T.);
#2410=ORIENTED_EDGE('',*,*,#3305,.F.);
#2411=ORIENTED_EDGE('',*,*,#3309,.T.);
#2412=ORIENTED_EDGE('',*,*,#3310,.T.);
#2413=ORIENTED_EDGE('',*,*,#3302,.T.);
#2414=ORIENTED_EDGE('',*,*,#3308,.F.);
#2415=ORIENTED_EDGE('',*,*,#3311,.T.);
#2416=ORIENTED_EDGE('',*,*,#3312,.T.);
#2417=ORIENTED_EDGE('',*,*,#3303,.T.);
#2418=ORIENTED_EDGE('',*,*,#3310,.F.);
#2419=ORIENTED_EDGE('',*,*,#3313,.T.);
#2420=ORIENTED_EDGE('',*,*,#3314,.T.);
#2421=ORIENTED_EDGE('',*,*,#3298,.T.);
#2422=ORIENTED_EDGE('',*,*,#3312,.F.);
#2423=ORIENTED_EDGE('',*,*,#3315,.T.);
#2424=ORIENTED_EDGE('',*,*,#3306,.T.);
#2425=ORIENTED_EDGE('',*,*,#3299,.T.);
#2426=ORIENTED_EDGE('',*,*,#3314,.F.);
#2427=ORIENTED_EDGE('',*,*,#3304,.F.);
#2428=ORIENTED_EDGE('',*,*,#3315,.F.);
#2429=ORIENTED_EDGE('',*,*,#3313,.F.);
#2430=ORIENTED_EDGE('',*,*,#3311,.F.);
#2431=ORIENTED_EDGE('',*,*,#3309,.F.);
#2432=ORIENTED_EDGE('',*,*,#3307,.F.);
#2433=ORIENTED_EDGE('',*,*,#3316,.T.);
#2434=ORIENTED_EDGE('',*,*,#3316,.F.);
#2435=ORIENTED_EDGE('',*,*,#3317,.F.);
#2436=ORIENTED_EDGE('',*,*,#3318,.F.);
#2437=ORIENTED_EDGE('',*,*,#2970,.T.);
#2438=ORIENTED_EDGE('',*,*,#3317,.T.);
#2439=ORIENTED_EDGE('',*,*,#2953,.T.);
#2440=ORIENTED_EDGE('',*,*,#3319,.T.);
#2441=ORIENTED_EDGE('',*,*,#3156,.T.);
#2442=ORIENTED_EDGE('',*,*,#3318,.T.);
#2443=ORIENTED_EDGE('',*,*,#3296,.F.);
#2444=ORIENTED_EDGE('',*,*,#3276,.T.);
#2445=ORIENTED_EDGE('',*,*,#3032,.F.);
#2446=ORIENTED_EDGE('',*,*,#3319,.F.);
#2447=ORIENTED_EDGE('',*,*,#3290,.T.);
#2448=ORIENTED_EDGE('',*,*,#3275,.T.);
#2449=ORIENTED_EDGE('',*,*,#3000,.T.);
#2450=ORIENTED_EDGE('',*,*,#2997,.T.);
#2451=ORIENTED_EDGE('',*,*,#2994,.F.);
#2452=ORIENTED_EDGE('',*,*,#3292,.F.);
#2453=ORIENTED_EDGE('',*,*,#3009,.T.);
#2454=ORIENTED_EDGE('',*,*,#3006,.F.);
#2455=ORIENTED_EDGE('',*,*,#3003,.T.);
#2456=ORIENTED_EDGE('',*,*,#3273,.T.);
#2457=ORIENTED_EDGE('',*,*,#3320,.F.);
#2458=ORIENTED_EDGE('',*,*,#3321,.T.);
#2459=ORIENTED_EDGE('',*,*,#3322,.F.);
#2460=ORIENTED_EDGE('',*,*,#3323,.T.);
#2461=ORIENTED_EDGE('',*,*,#3324,.T.);
#2462=ORIENTED_EDGE('',*,*,#3325,.T.);
#2463=ORIENTED_EDGE('',*,*,#3326,.T.);
#2464=ORIENTED_EDGE('',*,*,#3327,.T.);
#2465=ORIENTED_EDGE('',*,*,#3328,.T.);
#2466=ORIENTED_EDGE('',*,*,#3329,.F.);
#2467=ORIENTED_EDGE('',*,*,#3330,.F.);
#2468=ORIENTED_EDGE('',*,*,#3325,.F.);
#2469=ORIENTED_EDGE('',*,*,#3331,.F.);
#2470=ORIENTED_EDGE('',*,*,#3323,.F.);
#2471=ORIENTED_EDGE('',*,*,#3332,.F.);
#2472=ORIENTED_EDGE('',*,*,#3333,.F.);
#2473=ORIENTED_EDGE('',*,*,#3334,.T.);
#2474=ORIENTED_EDGE('',*,*,#3335,.F.);
#2475=ORIENTED_EDGE('',*,*,#3336,.F.);
#2476=ORIENTED_EDGE('',*,*,#3321,.F.);
#2477=ORIENTED_EDGE('',*,*,#3337,.T.);
#2478=ORIENTED_EDGE('',*,*,#3332,.T.);
#2479=ORIENTED_EDGE('',*,*,#3322,.T.);
#2480=ORIENTED_EDGE('',*,*,#3336,.T.);
#2481=ORIENTED_EDGE('',*,*,#3338,.T.);
#2482=ORIENTED_EDGE('',*,*,#3339,.T.);
#2483=ORIENTED_EDGE('',*,*,#3326,.F.);
#2484=ORIENTED_EDGE('',*,*,#3330,.T.);
#2485=ORIENTED_EDGE('',*,*,#3340,.F.);
#2486=ORIENTED_EDGE('',*,*,#3327,.F.);
#2487=ORIENTED_EDGE('',*,*,#3339,.F.);
#2488=ORIENTED_EDGE('',*,*,#3341,.F.);
#2489=ORIENTED_EDGE('',*,*,#3342,.F.);
#2490=ORIENTED_EDGE('',*,*,#3343,.T.);
#2491=ORIENTED_EDGE('',*,*,#3344,.T.);
#2492=ORIENTED_EDGE('',*,*,#3345,.F.);
#2493=ORIENTED_EDGE('',*,*,#3346,.T.);
#2494=ORIENTED_EDGE('',*,*,#3334,.F.);
#2495=ORIENTED_EDGE('',*,*,#3320,.T.);
#2496=ORIENTED_EDGE('',*,*,#3331,.T.);
#2497=ORIENTED_EDGE('',*,*,#3347,.T.);
#2498=ORIENTED_EDGE('',*,*,#3348,.T.);
#2499=ORIENTED_EDGE('',*,*,#3349,.F.);
#2500=ORIENTED_EDGE('',*,*,#3350,.F.);
#2501=ORIENTED_EDGE('',*,*,#3351,.F.);
#2502=ORIENTED_EDGE('',*,*,#3328,.F.);
#2503=ORIENTED_EDGE('',*,*,#3324,.F.);
#2504=ORIENTED_EDGE('',*,*,#3340,.T.);
#2505=ORIENTED_EDGE('',*,*,#3352,.F.);
#2506=ORIENTED_EDGE('',*,*,#3162,.T.);
#2507=ORIENTED_EDGE('',*,*,#3353,.F.);
#2508=ORIENTED_EDGE('',*,*,#3348,.F.);
#2509=ORIENTED_EDGE('',*,*,#3354,.F.);
#2510=ORIENTED_EDGE('',*,*,#3160,.T.);
#2511=ORIENTED_EDGE('',*,*,#3355,.F.);
#2512=ORIENTED_EDGE('',*,*,#3350,.T.);
#2513=ORIENTED_EDGE('',*,*,#3161,.F.);
#2514=ORIENTED_EDGE('',*,*,#3354,.T.);
#2515=ORIENTED_EDGE('',*,*,#3349,.T.);
#2516=ORIENTED_EDGE('',*,*,#3353,.T.);
#2517=ORIENTED_EDGE('',*,*,#3356,.F.);
#2518=ORIENTED_EDGE('',*,*,#3164,.T.);
#2519=ORIENTED_EDGE('',*,*,#3357,.F.);
#2520=ORIENTED_EDGE('',*,*,#3345,.T.);
#2521=ORIENTED_EDGE('',*,*,#3358,.F.);
#2522=ORIENTED_EDGE('',*,*,#3158,.T.);
#2523=ORIENTED_EDGE('',*,*,#3359,.F.);
#2524=ORIENTED_EDGE('',*,*,#3343,.F.);
#2525=ORIENTED_EDGE('',*,*,#3359,.T.);
#2526=ORIENTED_EDGE('',*,*,#3165,.T.);
#2527=ORIENTED_EDGE('',*,*,#3356,.T.);
#2528=ORIENTED_EDGE('',*,*,#3344,.F.);
#2529=ORIENTED_EDGE('',*,*,#3357,.T.);
#2530=ORIENTED_EDGE('',*,*,#3163,.T.);
#2531=ORIENTED_EDGE('',*,*,#3352,.T.);
#2532=ORIENTED_EDGE('',*,*,#3347,.F.);
#2533=ORIENTED_EDGE('',*,*,#3341,.T.);
#2534=ORIENTED_EDGE('',*,*,#3338,.F.);
#2535=ORIENTED_EDGE('',*,*,#3335,.T.);
#2536=ORIENTED_EDGE('',*,*,#3346,.F.);
#2537=ORIENTED_EDGE('',*,*,#3355,.T.);
#2538=ORIENTED_EDGE('',*,*,#3159,.T.);
#2539=ORIENTED_EDGE('',*,*,#3358,.T.);
#2540=ORIENTED_EDGE('',*,*,#3342,.T.);
#2541=ORIENTED_EDGE('',*,*,#3333,.T.);
#2542=ORIENTED_EDGE('',*,*,#3337,.F.);
#2543=ORIENTED_EDGE('',*,*,#3329,.T.);
#2544=ORIENTED_EDGE('',*,*,#3351,.T.);
#2545=ORIENTED_EDGE('',*,*,#3360,.F.);
#2546=ORIENTED_EDGE('',*,*,#3035,.T.);
#2547=ORIENTED_EDGE('',*,*,#3360,.T.);
#2548=ORIENTED_EDGE('',*,*,#3361,.T.);
#2549=ORIENTED_EDGE('',*,*,#3361,.F.);
#2550=ORIENTED_EDGE('',*,*,#3362,.F.);
#2551=ORIENTED_EDGE('',*,*,#3293,.F.);
#2552=ORIENTED_EDGE('',*,*,#3362,.T.);
#2553=ORIENTED_EDGE('',*,*,#3363,.F.);
#2554=ORIENTED_EDGE('',*,*,#3364,.T.);
#2555=ORIENTED_EDGE('',*,*,#3365,.F.);
#2556=ORIENTED_EDGE('',*,*,#3364,.F.);
#2557=ORIENTED_EDGE('',*,*,#3363,.T.);
#2558=ORIENTED_EDGE('',*,*,#3366,.F.);
#2559=ORIENTED_EDGE('',*,*,#3366,.T.);
#2560=ORIENTED_EDGE('',*,*,#3365,.T.);
#2561=VERTEX_POINT('',#4927);
#2562=VERTEX_POINT('',#4929);
#2563=VERTEX_POINT('',#4930);
#2564=VERTEX_POINT('',#4932);
#2565=VERTEX_POINT('',#4934);
#2566=VERTEX_POINT('',#4936);
#2567=VERTEX_POINT('',#4938);
#2568=VERTEX_POINT('',#4942);
#2569=VERTEX_POINT('',#4944);
#2570=VERTEX_POINT('',#4947);
#2571=VERTEX_POINT('',#4949);
#2572=VERTEX_POINT('',#4953);
#2573=VERTEX_POINT('',#4957);
#2574=VERTEX_POINT('',#4961);
#2575=VERTEX_POINT('',#4965);
#2576=VERTEX_POINT('',#4973);
#2577=VERTEX_POINT('',#4974);
#2578=VERTEX_POINT('',#4976);
#2579=VERTEX_POINT('',#4978);
#2580=VERTEX_POINT('',#4980);
#2581=VERTEX_POINT('',#4982);
#2582=VERTEX_POINT('',#4986);
#2583=VERTEX_POINT('',#4987);
#2584=VERTEX_POINT('',#4989);
#2585=VERTEX_POINT('',#4991);
#2586=VERTEX_POINT('',#4993);
#2587=VERTEX_POINT('',#4995);
#2588=VERTEX_POINT('',#4997);
#2589=VERTEX_POINT('',#4999);
#2590=VERTEX_POINT('',#5001);
#2591=VERTEX_POINT('',#5003);
#2592=VERTEX_POINT('',#5005);
#2593=VERTEX_POINT('',#5007);
#2594=VERTEX_POINT('',#5009);
#2595=VERTEX_POINT('',#5011);
#2596=VERTEX_POINT('',#5013);
#2597=VERTEX_POINT('',#5015);
#2598=VERTEX_POINT('',#5017);
#2599=VERTEX_POINT('',#5019);
#2600=VERTEX_POINT('',#5021);
#2601=VERTEX_POINT('',#5023);
#2602=VERTEX_POINT('',#5026);
#2603=VERTEX_POINT('',#5027);
#2604=VERTEX_POINT('',#5030);
#2605=VERTEX_POINT('',#5032);
#2606=VERTEX_POINT('',#5034);
#2607=VERTEX_POINT('',#5036);
#2608=VERTEX_POINT('',#5038);
#2609=VERTEX_POINT('',#5040);
#2610=VERTEX_POINT('',#5044);
#2611=VERTEX_POINT('',#5046);
#2612=VERTEX_POINT('',#5048);
#2613=VERTEX_POINT('',#5050);
#2614=VERTEX_POINT('',#5052);
#2615=VERTEX_POINT('',#5054);
#2616=VERTEX_POINT('',#5056);
#2617=VERTEX_POINT('',#5058);
#2618=VERTEX_POINT('',#5062);
#2619=VERTEX_POINT('',#5063);
#2620=VERTEX_POINT('',#5082);
#2621=VERTEX_POINT('',#5083);
#2622=VERTEX_POINT('',#5085);
#2623=VERTEX_POINT('',#5087);
#2624=VERTEX_POINT('',#5090);
#2625=VERTEX_POINT('',#5091);
#2626=VERTEX_POINT('',#5093);
#2627=VERTEX_POINT('',#5095);
#2628=VERTEX_POINT('',#5098);
#2629=VERTEX_POINT('',#5099);
#2630=VERTEX_POINT('',#5101);
#2631=VERTEX_POINT('',#5103);
#2632=VERTEX_POINT('',#5105);
#2633=VERTEX_POINT('',#5107);
#2634=VERTEX_POINT('',#5109);
#2635=VERTEX_POINT('',#5111);
#2636=VERTEX_POINT('',#5115);
#2637=VERTEX_POINT('',#5116);
#2638=VERTEX_POINT('',#5119);
#2639=VERTEX_POINT('',#5121);
#2640=VERTEX_POINT('',#5125);
#2641=VERTEX_POINT('',#5126);
#2642=VERTEX_POINT('',#5129);
#2643=VERTEX_POINT('',#5131);
#2644=VERTEX_POINT('',#5133);
#2645=VERTEX_POINT('',#5135);
#2646=VERTEX_POINT('',#5137);
#2647=VERTEX_POINT('',#5141);
#2648=VERTEX_POINT('',#5142);
#2649=VERTEX_POINT('',#5147);
#2650=VERTEX_POINT('',#5148);
#2651=VERTEX_POINT('',#5153);
#2652=VERTEX_POINT('',#5154);
#2653=VERTEX_POINT('',#5159);
#2654=VERTEX_POINT('',#5160);
#2655=VERTEX_POINT('',#5163);
#2656=VERTEX_POINT('',#5165);
#2657=VERTEX_POINT('',#5169);
#2658=VERTEX_POINT('',#5170);
#2659=VERTEX_POINT('',#5175);
#2660=VERTEX_POINT('',#5176);
#2661=VERTEX_POINT('',#5179);
#2662=VERTEX_POINT('',#5182);
#2663=VERTEX_POINT('',#5186);
#2664=VERTEX_POINT('',#5187);
#2665=VERTEX_POINT('',#5192);
#2666=VERTEX_POINT('',#5193);
#2667=VERTEX_POINT('',#5196);
#2668=VERTEX_POINT('',#5198);
#2669=VERTEX_POINT('',#5202);
#2670=VERTEX_POINT('',#5203);
#2671=VERTEX_POINT('',#5208);
#2672=VERTEX_POINT('',#5209);
#2673=VERTEX_POINT('',#5214);
#2674=VERTEX_POINT('',#5215);
#2675=VERTEX_POINT('',#5220);
#2676=VERTEX_POINT('',#5221);
#2677=VERTEX_POINT('',#5224);
#2678=VERTEX_POINT('',#5226);
#2679=VERTEX_POINT('',#5228);
#2680=VERTEX_POINT('',#5230);
#2681=VERTEX_POINT('',#5232);
#2682=VERTEX_POINT('',#5237);
#2683=VERTEX_POINT('',#5239);
#2684=VERTEX_POINT('',#5247);
#2685=VERTEX_POINT('',#5249);
#2686=VERTEX_POINT('',#5250);
#2687=VERTEX_POINT('',#5252);
#2688=VERTEX_POINT('',#5254);
#2689=VERTEX_POINT('',#5256);
#2690=VERTEX_POINT('',#5258);
#2691=VERTEX_POINT('',#5260);
#2692=VERTEX_POINT('',#5262);
#2693=VERTEX_POINT('',#5264);
#2694=VERTEX_POINT('',#5266);
#2695=VERTEX_POINT('',#5303);
#2696=VERTEX_POINT('',#5305);
#2697=VERTEX_POINT('',#5309);
#2698=VERTEX_POINT('',#5311);
#2699=VERTEX_POINT('',#5315);
#2700=VERTEX_POINT('',#5316);
#2701=VERTEX_POINT('',#5318);
#2702=VERTEX_POINT('',#5320);
#2703=VERTEX_POINT('',#5322);
#2704=VERTEX_POINT('',#5324);
#2705=VERTEX_POINT('',#5326);
#2706=VERTEX_POINT('',#5328);
#2707=VERTEX_POINT('',#5331);
#2708=VERTEX_POINT('',#5332);
#2709=VERTEX_POINT('',#5334);
#2710=VERTEX_POINT('',#5336);
#2711=VERTEX_POINT('',#5338);
#2712=VERTEX_POINT('',#5340);
#2713=VERTEX_POINT('',#5342);
#2714=VERTEX_POINT('',#5344);
#2715=VERTEX_POINT('',#5348);
#2716=VERTEX_POINT('',#5350);
#2717=VERTEX_POINT('',#5354);
#2718=VERTEX_POINT('',#5356);
#2719=VERTEX_POINT('',#5360);
#2720=VERTEX_POINT('',#5361);
#2721=VERTEX_POINT('',#5363);
#2722=VERTEX_POINT('',#5365);
#2723=VERTEX_POINT('',#5367);
#2724=VERTEX_POINT('',#5369);
#2725=VERTEX_POINT('',#5371);
#2726=VERTEX_POINT('',#5373);
#2727=VERTEX_POINT('',#5385);
#2728=VERTEX_POINT('',#5387);
#2729=VERTEX_POINT('',#5391);
#2730=VERTEX_POINT('',#5395);
#2731=VERTEX_POINT('',#5399);
#2732=VERTEX_POINT('',#5403);
#2733=VERTEX_POINT('',#5407);
#2734=VERTEX_POINT('',#5411);
#2735=VERTEX_POINT('',#5417);
#2736=VERTEX_POINT('',#5419);
#2737=VERTEX_POINT('',#5423);
#2738=VERTEX_POINT('',#5427);
#2739=VERTEX_POINT('',#5431);
#2740=VERTEX_POINT('',#5435);
#2741=VERTEX_POINT('',#5439);
#2742=VERTEX_POINT('',#5443);
#2743=VERTEX_POINT('',#5481);
#2744=VERTEX_POINT('',#5483);
#2745=VERTEX_POINT('',#5487);
#2746=VERTEX_POINT('',#5489);
#2747=VERTEX_POINT('',#5496);
#2748=VERTEX_POINT('',#5497);
#2749=VERTEX_POINT('',#5499);
#2750=VERTEX_POINT('',#5501);
#2751=VERTEX_POINT('',#5503);
#2752=VERTEX_POINT('',#5505);
#2753=VERTEX_POINT('',#5507);
#2754=VERTEX_POINT('',#5509);
#2755=VERTEX_POINT('',#5512);
#2756=VERTEX_POINT('',#5513);
#2757=VERTEX_POINT('',#5515);
#2758=VERTEX_POINT('',#5517);
#2759=VERTEX_POINT('',#5520);
#2760=VERTEX_POINT('',#5521);
#2761=VERTEX_POINT('',#5523);
#2762=VERTEX_POINT('',#5525);
#2763=VERTEX_POINT('',#5527);
#2764=VERTEX_POINT('',#5529);
#2765=VERTEX_POINT('',#5534);
#2766=VERTEX_POINT('',#5535);
#2767=VERTEX_POINT('',#5537);
#2768=VERTEX_POINT('',#5539);
#2769=VERTEX_POINT('',#5541);
#2770=VERTEX_POINT('',#5543);
#2771=VERTEX_POINT('',#5545);
#2772=VERTEX_POINT('',#5547);
#2773=VERTEX_POINT('',#5552);
#2774=VERTEX_POINT('',#5556);
#2775=VERTEX_POINT('',#5557);
#2776=VERTEX_POINT('',#5559);
#2777=VERTEX_POINT('',#5561);
#2778=VERTEX_POINT('',#5563);
#2779=VERTEX_POINT('',#5565);
#2780=VERTEX_POINT('',#5567);
#2781=VERTEX_POINT('',#5569);
#2782=VERTEX_POINT('',#5584);
#2783=VERTEX_POINT('',#5585);
#2784=VERTEX_POINT('',#5590);
#2785=VERTEX_POINT('',#5591);
#2786=VERTEX_POINT('',#5593);
#2787=VERTEX_POINT('',#5595);
#2788=VERTEX_POINT('',#5599);
#2789=VERTEX_POINT('',#5600);
#2790=VERTEX_POINT('',#5605);
#2791=VERTEX_POINT('',#5607);
#2792=VERTEX_POINT('',#5612);
#2793=VERTEX_POINT('',#5616);
#2794=VERTEX_POINT('',#5618);
#2795=VERTEX_POINT('',#5620);
#2796=VERTEX_POINT('',#5630);
#2797=VERTEX_POINT('',#5634);
#2798=VERTEX_POINT('',#5638);
#2799=VERTEX_POINT('',#5642);
#2800=VERTEX_POINT('',#5650);
#2801=VERTEX_POINT('',#5656);
#2802=VERTEX_POINT('',#5658);
#2803=VERTEX_POINT('',#5660);
#2804=VERTEX_POINT('',#5662);
#2805=VERTEX_POINT('',#5664);
#2806=VERTEX_POINT('',#5668);
#2807=VERTEX_POINT('',#5672);
#2808=VERTEX_POINT('',#5676);
#2809=VERTEX_POINT('',#5680);
#2810=VERTEX_POINT('',#5684);
#2811=VERTEX_POINT('',#5686);
#2812=VERTEX_POINT('',#5688);
#2813=VERTEX_POINT('',#5698);
#2814=VERTEX_POINT('',#5702);
#2815=VERTEX_POINT('',#5705);
#2816=VERTEX_POINT('',#5707);
#2817=VERTEX_POINT('',#5718);
#2818=VERTEX_POINT('',#5722);
#2819=VERTEX_POINT('',#5726);
#2820=VERTEX_POINT('',#5728);
#2821=VERTEX_POINT('',#5732);
#2822=VERTEX_POINT('',#5736);
#2823=VERTEX_POINT('',#5744);
#2824=VERTEX_POINT('',#5817);
#2825=VERTEX_POINT('',#5820);
#2826=VERTEX_POINT('',#5891);
#2827=VERTEX_POINT('',#5895);
#2828=VERTEX_POINT('',#5960);
#2829=VERTEX_POINT('',#5968);
#2830=VERTEX_POINT('',#5976);
#2831=VERTEX_POINT('',#5978);
#2832=VERTEX_POINT('',#5981);
#2833=VERTEX_POINT('',#5982);
#2834=VERTEX_POINT('',#5984);
#2835=VERTEX_POINT('',#5986);
#2836=VERTEX_POINT('',#5988);
#2837=VERTEX_POINT('',#5990);
#2838=VERTEX_POINT('',#5994);
#2839=VERTEX_POINT('',#5995);
#2840=VERTEX_POINT('',#6000);
#2841=VERTEX_POINT('',#6004);
#2842=VERTEX_POINT('',#6008);
#2843=VERTEX_POINT('',#6012);
#2844=VERTEX_POINT('',#6018);
#2845=VERTEX_POINT('',#6021);
#2846=VERTEX_POINT('',#6031);
#2847=VERTEX_POINT('',#6032);
#2848=VERTEX_POINT('',#6034);
#2849=VERTEX_POINT('',#6036);
#2850=VERTEX_POINT('',#6040);
#2851=VERTEX_POINT('',#6041);
#2852=VERTEX_POINT('',#6043);
#2853=VERTEX_POINT('',#6045);
#2854=VERTEX_POINT('',#6049);
#2855=VERTEX_POINT('',#6051);
#2856=VERTEX_POINT('',#6055);
#2857=VERTEX_POINT('',#6057);
#2858=VERTEX_POINT('',#6061);
#2859=VERTEX_POINT('',#6063);
#2860=VERTEX_POINT('',#6068);
#2861=VERTEX_POINT('',#6072);
#2862=VERTEX_POINT('',#6076);
#2863=VERTEX_POINT('',#6078);
#2864=VERTEX_POINT('',#6080);
#2865=VERTEX_POINT('',#6082);
#2866=VERTEX_POINT('',#6086);
#2867=VERTEX_POINT('',#6088);
#2868=VERTEX_POINT('',#6090);
#2869=VERTEX_POINT('',#6092);
#2870=VERTEX_POINT('',#6112);
#2871=VERTEX_POINT('',#6116);
#2872=VERTEX_POINT('',#6119);
#2873=VERTEX_POINT('',#6123);
#2874=VERTEX_POINT('',#6125);
#2875=VERTEX_POINT('',#6128);
#2876=VERTEX_POINT('',#6131);
#2877=EDGE_CURVE('',#2561,#2561,#3367,.T.);
#2878=EDGE_CURVE('',#2562,#2563,#612,.T.);
#2879=EDGE_CURVE('',#2564,#2562,#613,.T.);
#2880=EDGE_CURVE('',#2565,#2564,#614,.T.);
#2881=EDGE_CURVE('',#2566,#2565,#615,.T.);
#2882=EDGE_CURVE('',#2567,#2566,#616,.T.);
#2883=EDGE_CURVE('',#2563,#2567,#617,.T.);
#2884=EDGE_CURVE('',#2568,#2568,#3368,.T.);
#2885=EDGE_CURVE('',#2569,#2569,#3369,.T.);
#2886=EDGE_CURVE('',#2563,#2570,#618,.T.);
#2887=EDGE_CURVE('',#2570,#2571,#619,.T.);
#2888=EDGE_CURVE('',#2562,#2571,#620,.T.);
#2889=EDGE_CURVE('',#2567,#2572,#621,.T.);
#2890=EDGE_CURVE('',#2572,#2570,#622,.T.);
#2891=EDGE_CURVE('',#2566,#2573,#623,.T.);
#2892=EDGE_CURVE('',#2573,#2572,#624,.T.);
#2893=EDGE_CURVE('',#2565,#2574,#625,.T.);
#2894=EDGE_CURVE('',#2574,#2573,#626,.T.);
#2895=EDGE_CURVE('',#2564,#2575,#627,.T.);
#2896=EDGE_CURVE('',#2575,#2574,#628,.T.);
#2897=EDGE_CURVE('',#2571,#2575,#629,.T.);
#2898=EDGE_CURVE('',#2576,#2577,#630,.T.);
#2899=EDGE_CURVE('',#2576,#2578,#631,.T.);
#2900=EDGE_CURVE('',#2579,#2578,#632,.T.);
#2901=EDGE_CURVE('',#2580,#2579,#633,.T.);
#2902=EDGE_CURVE('',#2580,#2581,#634,.T.);
#2903=EDGE_CURVE('',#2581,#2577,#635,.T.);
#2904=EDGE_CURVE('',#2582,#2583,#3370,.T.);
#2905=EDGE_CURVE('',#2582,#2584,#636,.T.);
#2906=EDGE_CURVE('',#2584,#2585,#3371,.T.);
#2907=EDGE_CURVE('',#2586,#2585,#637,.T.);
#2908=EDGE_CURVE('',#2587,#2586,#3372,.T.);
#2909=EDGE_CURVE('',#2588,#2587,#638,.T.);
#2910=EDGE_CURVE('',#2588,#2589,#639,.T.);
#2911=EDGE_CURVE('',#2590,#2589,#640,.T.);
#2912=EDGE_CURVE('',#2590,#2591,#641,.T.);
#2913=EDGE_CURVE('',#2592,#2591,#642,.T.);
#2914=EDGE_CURVE('',#2592,#2593,#3373,.T.);
#2915=EDGE_CURVE('',#2593,#2594,#643,.T.);
#2916=EDGE_CURVE('',#2595,#2594,#3374,.T.);
#2917=EDGE_CURVE('',#2596,#2595,#644,.T.);
#2918=EDGE_CURVE('',#2596,#2597,#3375,.T.);
#2919=EDGE_CURVE('',#2598,#2597,#645,.T.);
#2920=EDGE_CURVE('',#2599,#2598,#3376,.T.);
#2921=EDGE_CURVE('',#2599,#2600,#646,.T.);
#2922=EDGE_CURVE('',#2600,#2601,#3377,.T.);
#2923=EDGE_CURVE('',#2601,#2583,#647,.T.);
#2924=EDGE_CURVE('',#2602,#2603,#648,.T.);
#2925=EDGE_CURVE('',#2577,#2602,#649,.T.);
#2926=EDGE_CURVE('',#2604,#2581,#650,.T.);
#2927=EDGE_CURVE('',#2605,#2604,#3378,.T.);
#2928=EDGE_CURVE('',#2606,#2605,#651,.T.);
#2929=EDGE_CURVE('',#2607,#2606,#652,.T.);
#2930=EDGE_CURVE('',#2608,#2607,#653,.T.);
#2931=EDGE_CURVE('',#2609,#2608,#3379,.T.);
#2932=EDGE_CURVE('',#2603,#2609,#654,.T.);
#2933=EDGE_CURVE('',#2579,#2610,#655,.T.);
#2934=EDGE_CURVE('',#2610,#2611,#656,.T.);
#2935=EDGE_CURVE('',#2611,#2612,#657,.T.);
#2936=EDGE_CURVE('',#2612,#2613,#3380,.T.);
#2937=EDGE_CURVE('',#2613,#2614,#658,.T.);
#2938=EDGE_CURVE('',#2614,#2615,#659,.T.);
#2939=EDGE_CURVE('',#2615,#2616,#660,.T.);
#2940=EDGE_CURVE('',#2616,#2617,#3381,.T.);
#2941=EDGE_CURVE('',#2617,#2580,#661,.T.);
#2942=EDGE_CURVE('',#2618,#2619,#662,.T.);
#2943=EDGE_CURVE('',#2619,#2602,#663,.T.);
#2944=EDGE_CURVE('',#2611,#2603,#664,.T.);
#2945=EDGE_CURVE('',#2610,#2618,#665,.T.);
#2946=EDGE_CURVE('',#2612,#2609,#666,.T.);
#2947=EDGE_CURVE('',#2613,#2608,#667,.T.);
#2948=EDGE_CURVE('',#2614,#2607,#668,.T.);
#2949=EDGE_CURVE('',#2615,#2606,#669,.T.);
#2950=EDGE_CURVE('',#2616,#2605,#670,.T.);
#2951=EDGE_CURVE('',#2617,#2604,#671,.T.);
#2952=EDGE_CURVE('',#2620,#2621,#672,.T.);
#2953=EDGE_CURVE('',#2622,#2620,#3382,.T.);
#2954=EDGE_CURVE('',#2622,#2623,#673,.T.);
#2955=EDGE_CURVE('',#2623,#2621,#674,.T.);
#2956=EDGE_CURVE('',#2624,#2625,#675,.T.);
#2957=EDGE_CURVE('',#2626,#2625,#676,.T.);
#2958=EDGE_CURVE('',#2627,#2626,#677,.T.);
#2959=EDGE_CURVE('',#2624,#2627,#678,.T.);
#2960=EDGE_CURVE('',#2628,#2629,#3383,.T.);
#2961=EDGE_CURVE('',#2629,#2630,#679,.T.);
#2962=EDGE_CURVE('',#2630,#2631,#3384,.T.);
#2963=EDGE_CURVE('',#2631,#2632,#680,.T.);
#2964=EDGE_CURVE('',#2632,#2633,#3385,.T.);
#2965=EDGE_CURVE('',#2633,#2634,#681,.T.);
#2966=EDGE_CURVE('',#2634,#2635,#3386,.T.);
#2967=EDGE_CURVE('',#2628,#2635,#682,.T.);
#2968=EDGE_CURVE('',#2636,#2637,#683,.T.);
#2969=EDGE_CURVE('',#2636,#2623,#3387,.T.);
#2970=EDGE_CURVE('',#2638,#2622,#684,.T.);
#2971=EDGE_CURVE('',#2639,#2638,#685,.T.);
#2972=EDGE_CURVE('',#2637,#2639,#3388,.T.);
#2973=EDGE_CURVE('',#2640,#2641,#686,.T.);
#2974=EDGE_CURVE('',#2641,#2636,#687,.T.);
#2975=EDGE_CURVE('',#2637,#2642,#688,.T.);
#2976=EDGE_CURVE('',#2642,#2643,#689,.T.);
#2977=EDGE_CURVE('',#2644,#2643,#690,.T.);
#2978=EDGE_CURVE('',#2645,#2644,#691,.T.);
#2979=EDGE_CURVE('',#2645,#2646,#692,.T.);
#2980=EDGE_CURVE('',#2646,#2640,#693,.T.);
#2981=EDGE_CURVE('',#2647,#2648,#694,.T.);
#2982=EDGE_CURVE('',#2647,#2641,#3389,.T.);
#2983=EDGE_CURVE('',#2648,#2640,#3390,.T.);
#2984=EDGE_CURVE('',#2649,#2650,#695,.T.);
#2985=EDGE_CURVE('',#2650,#2647,#696,.T.);
#2986=EDGE_CURVE('',#2649,#2648,#697,.T.);
#2987=EDGE_CURVE('',#2651,#2652,#698,.T.);
#2988=EDGE_CURVE('',#2651,#2650,#3391,.T.);
#2989=EDGE_CURVE('',#2652,#2649,#3392,.T.);
#2990=EDGE_CURVE('',#2653,#2654,#699,.T.);
#2991=EDGE_CURVE('',#2653,#2651,#700,.T.);
#2992=EDGE_CURVE('',#2652,#2655,#701,.T.);
#2993=EDGE_CURVE('',#2656,#2655,#702,.T.);
#2994=EDGE_CURVE('',#2656,#2654,#703,.T.);
#2995=EDGE_CURVE('',#2657,#2658,#704,.T.);
#2996=EDGE_CURVE('',#2657,#2653,#3393,.T.);
#2997=EDGE_CURVE('',#2658,#2654,#3394,.T.);
#2998=EDGE_CURVE('',#2659,#2660,#705,.T.);
#2999=EDGE_CURVE('',#2659,#2657,#706,.T.);
#3000=EDGE_CURVE('',#2661,#2658,#707,.T.);
#3001=EDGE_CURVE('',#2661,#2590,#708,.T.);
#3002=EDGE_CURVE('',#2589,#2662,#709,.T.);
#3003=EDGE_CURVE('',#2660,#2662,#710,.T.);
#3004=EDGE_CURVE('',#2663,#2664,#711,.T.);
#3005=EDGE_CURVE('',#2663,#2659,#3395,.T.);
#3006=EDGE_CURVE('',#2660,#2664,#3396,.T.);
#3007=EDGE_CURVE('',#2665,#2666,#712,.T.);
#3008=EDGE_CURVE('',#2666,#2663,#713,.T.);
#3009=EDGE_CURVE('',#2667,#2664,#714,.T.);
#3010=EDGE_CURVE('',#2668,#2667,#715,.T.);
#3011=EDGE_CURVE('',#2665,#2668,#716,.T.);
#3012=EDGE_CURVE('',#2669,#2670,#717,.T.);
#3013=EDGE_CURVE('',#2669,#2666,#3397,.T.);
#3014=EDGE_CURVE('',#2670,#2665,#3398,.T.);
#3015=EDGE_CURVE('',#2671,#2672,#718,.T.);
#3016=EDGE_CURVE('',#2672,#2669,#719,.T.);
#3017=EDGE_CURVE('',#2670,#2671,#720,.T.);
#3018=EDGE_CURVE('',#2673,#2674,#721,.T.);
#3019=EDGE_CURVE('',#2673,#2672,#3399,.T.);
#3020=EDGE_CURVE('',#2674,#2671,#3400,.T.);
#3021=EDGE_CURVE('',#2675,#2676,#722,.T.);
#3022=EDGE_CURVE('',#2675,#2673,#723,.T.);
#3023=EDGE_CURVE('',#2677,#2674,#724,.T.);
#3024=EDGE_CURVE('',#2678,#2677,#725,.T.);
#3025=EDGE_CURVE('',#2678,#2679,#726,.T.);
#3026=EDGE_CURVE('',#2679,#2680,#727,.T.);
#3027=EDGE_CURVE('',#2681,#2680,#728,.T.);
#3028=EDGE_CURVE('',#2676,#2681,#729,.T.);
#3029=EDGE_CURVE('',#2621,#2675,#3401,.T.);
#3030=EDGE_CURVE('',#2676,#2682,#3402,.T.);
#3031=EDGE_CURVE('',#2682,#2683,#730,.T.);
#3032=EDGE_CURVE('',#2683,#2620,#731,.T.);
#3033=EDGE_CURVE('',#2619,#2576,#732,.T.);
#3034=EDGE_CURVE('',#2618,#2578,#733,.T.);
#3035=EDGE_CURVE('',#2684,#2684,#3403,.T.);
#3036=EDGE_CURVE('',#2685,#2686,#734,.T.);
#3037=EDGE_CURVE('',#2686,#2687,#735,.T.);
#3038=EDGE_CURVE('',#2687,#2688,#736,.T.);
#3039=EDGE_CURVE('',#2688,#2689,#3404,.T.);
#3040=EDGE_CURVE('',#2689,#2690,#737,.T.);
#3041=EDGE_CURVE('',#2690,#2691,#738,.T.);
#3042=EDGE_CURVE('',#2691,#2692,#739,.T.);
#3043=EDGE_CURVE('',#2692,#2693,#3405,.T.);
#3044=EDGE_CURVE('',#2693,#2694,#740,.T.);
#3045=EDGE_CURVE('',#2694,#2685,#741,.T.);
#3046=EDGE_CURVE('',#2621,#2685,#3406,.T.);
#3047=EDGE_CURVE('',#2623,#2686,#3407,.T.);
#3048=EDGE_CURVE('',#2675,#2685,#3408,.T.);
#3049=EDGE_CURVE('',#2673,#2694,#3409,.T.);
#3050=EDGE_CURVE('',#2672,#2694,#3410,.T.);
#3051=EDGE_CURVE('',#2669,#2693,#3411,.T.);
#3052=EDGE_CURVE('',#2666,#2692,#3412,.T.);
#3053=EDGE_CURVE('',#2663,#2691,#3413,.T.);
#3054=EDGE_CURVE('',#2659,#2691,#3414,.T.);
#3055=EDGE_CURVE('',#2657,#2690,#3415,.T.);
#3056=EDGE_CURVE('',#2653,#2690,#3416,.T.);
#3057=EDGE_CURVE('',#2651,#2689,#3417,.T.);
#3058=EDGE_CURVE('',#2650,#2688,#3418,.T.);
#3059=EDGE_CURVE('',#2647,#2687,#3419,.T.);
#3060=EDGE_CURVE('',#2641,#2687,#3420,.T.);
#3061=EDGE_CURVE('',#2636,#2686,#3421,.T.);
#3062=EDGE_CURVE('',#2631,#2695,#742,.T.);
#3063=EDGE_CURVE('',#2695,#2696,#743,.T.);
#3064=EDGE_CURVE('',#2696,#2632,#744,.T.);
#3065=EDGE_CURVE('',#2633,#2697,#745,.T.);
#3066=EDGE_CURVE('',#2697,#2698,#746,.T.);
#3067=EDGE_CURVE('',#2698,#2634,#747,.T.);
#3068=EDGE_CURVE('',#2699,#2700,#3422,.T.);
#3069=EDGE_CURVE('',#2700,#2701,#748,.T.);
#3070=EDGE_CURVE('',#2701,#2702,#3423,.T.);
#3071=EDGE_CURVE('',#2702,#2703,#749,.T.);
#3072=EDGE_CURVE('',#2703,#2704,#3424,.T.);
#3073=EDGE_CURVE('',#2704,#2705,#750,.T.);
#3074=EDGE_CURVE('',#2705,#2706,#3425,.T.);
#3075=EDGE_CURVE('',#2706,#2699,#751,.T.);
#3076=EDGE_CURVE('',#2707,#2708,#3426,.T.);
#3077=EDGE_CURVE('',#2708,#2709,#752,.T.);
#3078=EDGE_CURVE('',#2709,#2710,#3427,.T.);
#3079=EDGE_CURVE('',#2710,#2711,#753,.T.);
#3080=EDGE_CURVE('',#2711,#2712,#3428,.T.);
#3081=EDGE_CURVE('',#2712,#2713,#754,.T.);
#3082=EDGE_CURVE('',#2713,#2714,#3429,.T.);
#3083=EDGE_CURVE('',#2714,#2707,#755,.T.);
#3084=EDGE_CURVE('',#2635,#2715,#756,.T.);
#3085=EDGE_CURVE('',#2715,#2716,#757,.T.);
#3086=EDGE_CURVE('',#2716,#2628,#758,.T.);
#3087=EDGE_CURVE('',#2629,#2717,#759,.T.);
#3088=EDGE_CURVE('',#2717,#2718,#760,.T.);
#3089=EDGE_CURVE('',#2718,#2630,#761,.T.);
#3090=EDGE_CURVE('',#2719,#2720,#762,.T.);
#3091=EDGE_CURVE('',#2719,#2721,#3430,.T.);
#3092=EDGE_CURVE('',#2721,#2722,#763,.T.);
#3093=EDGE_CURVE('',#2722,#2723,#3431,.T.);
#3094=EDGE_CURVE('',#2723,#2724,#764,.T.);
#3095=EDGE_CURVE('',#2724,#2725,#3432,.T.);
#3096=EDGE_CURVE('',#2725,#2726,#765,.T.);
#3097=EDGE_CURVE('',#2726,#2720,#3433,.T.);
#3098=EDGE_CURVE('',#2716,#2717,#3434,.T.);
#3099=EDGE_CURVE('',#2718,#2695,#3435,.T.);
#3100=EDGE_CURVE('',#2696,#2697,#3436,.T.);
#3101=EDGE_CURVE('',#2698,#2715,#3437,.T.);
#3102=EDGE_CURVE('',#2727,#2718,#766,.T.);
#3103=EDGE_CURVE('',#2727,#2728,#3438,.T.);
#3104=EDGE_CURVE('',#2695,#2728,#767,.T.);
#3105=EDGE_CURVE('',#2729,#2717,#768,.T.);
#3106=EDGE_CURVE('',#2729,#2727,#769,.T.);
#3107=EDGE_CURVE('',#2728,#2730,#770,.T.);
#3108=EDGE_CURVE('',#2696,#2730,#771,.T.);
#3109=EDGE_CURVE('',#2731,#2716,#772,.T.);
#3110=EDGE_CURVE('',#2731,#2729,#3439,.T.);
#3111=EDGE_CURVE('',#2730,#2732,#3440,.T.);
#3112=EDGE_CURVE('',#2697,#2732,#773,.T.);
#3113=EDGE_CURVE('',#2733,#2715,#774,.T.);
#3114=EDGE_CURVE('',#2733,#2731,#775,.T.);
#3115=EDGE_CURVE('',#2732,#2734,#776,.T.);
#3116=EDGE_CURVE('',#2698,#2734,#777,.T.);
#3117=EDGE_CURVE('',#2734,#2733,#3441,.T.);
#3118=EDGE_CURVE('',#2735,#2719,#778,.T.);
#3119=EDGE_CURVE('',#2735,#2736,#3442,.T.);
#3120=EDGE_CURVE('',#2721,#2736,#779,.T.);
#3121=EDGE_CURVE('',#2737,#2720,#780,.T.);
#3122=EDGE_CURVE('',#2737,#2735,#781,.T.);
#3123=EDGE_CURVE('',#2736,#2738,#782,.T.);
#3124=EDGE_CURVE('',#2722,#2738,#783,.T.);
#3125=EDGE_CURVE('',#2739,#2726,#784,.T.);
#3126=EDGE_CURVE('',#2739,#2737,#3443,.T.);
#3127=EDGE_CURVE('',#2738,#2740,#3444,.T.);
#3128=EDGE_CURVE('',#2723,#2740,#785,.T.);
#3129=EDGE_CURVE('',#2741,#2725,#786,.T.);
#3130=EDGE_CURVE('',#2741,#2739,#787,.T.);
#3131=EDGE_CURVE('',#2740,#2742,#788,.T.);
#3132=EDGE_CURVE('',#2724,#2742,#789,.T.);
#3133=EDGE_CURVE('',#2742,#2741,#3445,.T.);
#3134=EDGE_CURVE('',#2742,#2704,#3446,.T.);
#3135=EDGE_CURVE('',#2705,#2740,#3447,.T.);
#3136=EDGE_CURVE('',#2706,#2738,#3448,.T.);
#3137=EDGE_CURVE('',#2741,#2703,#3449,.T.);
#3138=EDGE_CURVE('',#2699,#2736,#3450,.T.);
#3139=EDGE_CURVE('',#2739,#2702,#3451,.T.);
#3140=EDGE_CURVE('',#2700,#2735,#3452,.T.);
#3141=EDGE_CURVE('',#2737,#2701,#3453,.T.);
#3142=EDGE_CURVE('',#2734,#2712,#3454,.T.);
#3143=EDGE_CURVE('',#2713,#2732,#3455,.T.);
#3144=EDGE_CURVE('',#2714,#2730,#3456,.T.);
#3145=EDGE_CURVE('',#2733,#2711,#3457,.T.);
#3146=EDGE_CURVE('',#2707,#2728,#3458,.T.);
#3147=EDGE_CURVE('',#2731,#2710,#3459,.T.);
#3148=EDGE_CURVE('',#2708,#2727,#3460,.T.);
#3149=EDGE_CURVE('',#2729,#2709,#3461,.T.);
#3150=EDGE_CURVE('',#2582,#2743,#790,.T.);
#3151=EDGE_CURVE('',#2743,#2744,#791,.T.);
#3152=EDGE_CURVE('',#2744,#2584,#792,.T.);
#3153=EDGE_CURVE('',#2585,#2745,#793,.T.);
#3154=EDGE_CURVE('',#2745,#2746,#794,.T.);
#3155=EDGE_CURVE('',#2746,#2586,#795,.T.);
#3156=EDGE_CURVE('',#2683,#2638,#3462,.T.);
#3157=EDGE_CURVE('',#2682,#2639,#796,.T.);
#3158=EDGE_CURVE('',#2747,#2748,#3463,.T.);
#3159=EDGE_CURVE('',#2749,#2747,#797,.T.);
#3160=EDGE_CURVE('',#2750,#2749,#3464,.T.);
#3161=EDGE_CURVE('',#2750,#2751,#798,.T.);
#3162=EDGE_CURVE('',#2752,#2751,#3465,.T.);
#3163=EDGE_CURVE('',#2753,#2752,#799,.T.);
#3164=EDGE_CURVE('',#2754,#2753,#3466,.T.);
#3165=EDGE_CURVE('',#2748,#2754,#800,.T.);
#3166=EDGE_CURVE('',#2755,#2756,#801,.T.);
#3167=EDGE_CURVE('',#2757,#2755,#802,.T.);
#3168=EDGE_CURVE('',#2758,#2757,#803,.T.);
#3169=EDGE_CURVE('',#2756,#2758,#804,.T.);
#3170=EDGE_CURVE('',#2759,#2760,#805,.T.);
#3171=EDGE_CURVE('',#2759,#2761,#806,.T.);
#3172=EDGE_CURVE('',#2761,#2762,#807,.T.);
#3173=EDGE_CURVE('',#2762,#2763,#808,.T.);
#3174=EDGE_CURVE('',#2764,#2763,#809,.T.);
#3175=EDGE_CURVE('',#2600,#2764,#810,.T.);
#3176=EDGE_CURVE('',#2599,#2760,#811,.T.);
#3177=EDGE_CURVE('',#2765,#2766,#812,.T.);
#3178=EDGE_CURVE('',#2765,#2767,#813,.T.);
#3179=EDGE_CURVE('',#2767,#2768,#814,.T.);
#3180=EDGE_CURVE('',#2768,#2769,#815,.T.);
#3181=EDGE_CURVE('',#2770,#2769,#816,.T.);
#3182=EDGE_CURVE('',#2770,#2771,#817,.T.);
#3183=EDGE_CURVE('',#2771,#2772,#818,.T.);
#3184=EDGE_CURVE('',#2772,#2598,#819,.T.);
#3185=EDGE_CURVE('',#2597,#2766,#820,.T.);
#3186=EDGE_CURVE('',#2773,#2746,#3467,.T.);
#3187=EDGE_CURVE('',#2773,#2587,#821,.T.);
#3188=EDGE_CURVE('',#2774,#2775,#822,.T.);
#3189=EDGE_CURVE('',#2774,#2776,#823,.T.);
#3190=EDGE_CURVE('',#2776,#2777,#824,.T.);
#3191=EDGE_CURVE('',#2778,#2777,#825,.T.);
#3192=EDGE_CURVE('',#2779,#2778,#826,.T.);
#3193=EDGE_CURVE('',#2780,#2779,#827,.T.);
#3194=EDGE_CURVE('',#2780,#2781,#828,.T.);
#3195=EDGE_CURVE('',#2583,#2781,#829,.T.);
#3196=EDGE_CURVE('',#2775,#2601,#830,.T.);
#3197=EDGE_CURVE('',#2743,#2781,#3468,.T.);
#3198=EDGE_CURVE('',#2744,#2745,#3469,.T.);
#3199=EDGE_CURVE('',#2678,#2779,#831,.T.);
#3200=EDGE_CURVE('',#2679,#2778,#832,.T.);
#3201=EDGE_CURVE('',#2645,#2767,#833,.T.);
#3202=EDGE_CURVE('',#2644,#2768,#834,.T.);
#3203=EDGE_CURVE('',#2782,#2783,#835,.T.);
#3204=EDGE_CURVE('',#2782,#2592,#836,.T.);
#3205=EDGE_CURVE('',#2783,#2591,#837,.T.);
#3206=EDGE_CURVE('',#2784,#2785,#838,.T.);
#3207=EDGE_CURVE('',#2785,#2786,#839,.T.);
#3208=EDGE_CURVE('',#2786,#2787,#840,.T.);
#3209=EDGE_CURVE('',#2787,#2784,#841,.T.);
#3210=EDGE_CURVE('',#2788,#2789,#842,.T.);
#3211=EDGE_CURVE('',#2789,#2785,#843,.T.);
#3212=EDGE_CURVE('',#2788,#2784,#844,.T.);
#3213=EDGE_CURVE('',#2786,#2790,#845,.T.);
#3214=EDGE_CURVE('',#2790,#2791,#846,.T.);
#3215=EDGE_CURVE('',#2787,#2791,#847,.T.);
#3216=EDGE_CURVE('',#2643,#2788,#3470,.T.);
#3217=EDGE_CURVE('',#2791,#2792,#3471,.T.);
#3218=EDGE_CURVE('',#2792,#2643,#848,.T.);
#3219=EDGE_CURVE('',#2792,#2793,#849,.T.);
#3220=EDGE_CURVE('',#2793,#2794,#850,.T.);
#3221=EDGE_CURVE('',#2795,#2794,#851,.T.);
#3222=EDGE_CURVE('',#2795,#2769,#852,.T.);
#3223=EDGE_CURVE('',#2789,#2642,#3472,.T.);
#3224=EDGE_CURVE('',#2790,#2789,#853,.T.);
#3225=EDGE_CURVE('',#2793,#2790,#3473,.T.);
#3226=EDGE_CURVE('',#2796,#2596,#854,.T.);
#3227=EDGE_CURVE('',#2796,#2766,#3474,.T.);
#3228=EDGE_CURVE('',#2796,#2797,#855,.T.);
#3229=EDGE_CURVE('',#2595,#2797,#856,.T.);
#3230=EDGE_CURVE('',#2797,#2798,#3475,.T.);
#3231=EDGE_CURVE('',#2798,#2594,#857,.T.);
#3232=EDGE_CURVE('',#2798,#2799,#858,.T.);
#3233=EDGE_CURVE('',#2593,#2799,#859,.T.);
#3234=EDGE_CURVE('',#2782,#2799,#3476,.T.);
#3235=EDGE_CURVE('',#2760,#2772,#3477,.T.);
#3236=EDGE_CURVE('',#2800,#2773,#860,.T.);
#3237=EDGE_CURVE('',#2588,#2800,#861,.T.);
#3238=EDGE_CURVE('',#2764,#2775,#3478,.T.);
#3239=EDGE_CURVE('',#2680,#2801,#3479,.T.);
#3240=EDGE_CURVE('',#2802,#2680,#862,.T.);
#3241=EDGE_CURVE('',#2802,#2803,#3480,.T.);
#3242=EDGE_CURVE('',#2804,#2803,#863,.T.);
#3243=EDGE_CURVE('',#2804,#2805,#864,.T.);
#3244=EDGE_CURVE('',#2801,#2805,#865,.T.);
#3245=EDGE_CURVE('',#2806,#2681,#3481,.T.);
#3246=EDGE_CURVE('',#2801,#2806,#866,.T.);
#3247=EDGE_CURVE('',#2807,#2805,#867,.T.);
#3248=EDGE_CURVE('',#2807,#2806,#868,.T.);
#3249=EDGE_CURVE('',#2804,#2808,#869,.T.);
#3250=EDGE_CURVE('',#2808,#2807,#870,.T.);
#3251=EDGE_CURVE('',#2803,#2809,#871,.T.);
#3252=EDGE_CURVE('',#2809,#2808,#872,.T.);
#3253=EDGE_CURVE('',#2810,#2777,#873,.T.);
#3254=EDGE_CURVE('',#2810,#2811,#874,.T.);
#3255=EDGE_CURVE('',#2812,#2811,#875,.T.);
#3256=EDGE_CURVE('',#2812,#2802,#876,.T.);
#3257=EDGE_CURVE('',#2806,#2809,#877,.T.);
#3258=EDGE_CURVE('',#2809,#2812,#3482,.T.);
#3259=EDGE_CURVE('',#2763,#2774,#3483,.T.);
#3260=EDGE_CURVE('',#2771,#2759,#3484,.T.);
#3261=EDGE_CURVE('',#2811,#2813,#878,.T.);
#3262=EDGE_CURVE('',#2813,#2677,#879,.T.);
#3263=EDGE_CURVE('',#2655,#2668,#3485,.T.);
#3264=EDGE_CURVE('',#2814,#2646,#880,.T.);
#3265=EDGE_CURVE('',#2794,#2814,#881,.T.);
#3266=EDGE_CURVE('',#2815,#2815,#3486,.T.);
#3267=EDGE_CURVE('',#2816,#2816,#3487,.T.);
#3268=EDGE_CURVE('',#2626,#2756,#882,.T.);
#3269=EDGE_CURVE('',#2755,#2625,#883,.T.);
#3270=EDGE_CURVE('',#2758,#2627,#884,.T.);
#3271=EDGE_CURVE('',#2624,#2757,#885,.T.);
#3272=EDGE_CURVE('',#2800,#2817,#886,.T.);
#3273=EDGE_CURVE('',#2662,#2817,#887,.T.);
#3274=EDGE_CURVE('',#2818,#2783,#888,.T.);
#3275=EDGE_CURVE('',#2818,#2661,#889,.T.);
#3276=EDGE_CURVE('',#2819,#2819,#3488,.T.);
#3277=EDGE_CURVE('',#2820,#2820,#3489,.T.);
#3278=EDGE_CURVE('',#2810,#2821,#890,.T.);
#3279=EDGE_CURVE('',#2813,#2821,#891,.T.);
#3280=EDGE_CURVE('',#2795,#2822,#892,.T.);
#3281=EDGE_CURVE('',#2814,#2822,#893,.T.);
#3282=EDGE_CURVE('',#2776,#2762,#3490,.T.);
#3283=EDGE_CURVE('',#2761,#2770,#3491,.T.);
#3284=EDGE_CURVE('',#2823,#2823,#3492,.T.);
#3285=EDGE_CURVE('',#2824,#2824,#36,.T.);
#3286=EDGE_CURVE('',#2825,#2825,#3493,.T.);
#3287=EDGE_CURVE('',#2826,#2826,#37,.T.);
#3288=EDGE_CURVE('',#2827,#2827,#3494,.T.);
#3289=EDGE_CURVE('',#2828,#2828,#38,.T.);
#3290=EDGE_CURVE('',#2817,#2818,#894,.T.);
#3291=EDGE_CURVE('',#2783,#2800,#895,.T.);
#3292=EDGE_CURVE('',#2667,#2656,#3495,.T.);
#3293=EDGE_CURVE('',#2829,#2829,#3496,.T.);
#3294=EDGE_CURVE('',#2780,#2821,#896,.T.);
#3295=EDGE_CURVE('',#2765,#2822,#897,.T.);
#3296=EDGE_CURVE('',#2830,#2830,#3497,.T.);
#3297=EDGE_CURVE('',#2831,#2831,#3498,.T.);
#3298=EDGE_CURVE('',#2832,#2833,#898,.T.);
#3299=EDGE_CURVE('',#2834,#2832,#899,.T.);
#3300=EDGE_CURVE('',#2835,#2834,#900,.T.);
#3301=EDGE_CURVE('',#2836,#2835,#901,.T.);
#3302=EDGE_CURVE('',#2837,#2836,#902,.T.);
#3303=EDGE_CURVE('',#2833,#2837,#903,.T.);
#3304=EDGE_CURVE('',#2838,#2839,#904,.T.);
#3305=EDGE_CURVE('',#2839,#2835,#905,.T.);
#3306=EDGE_CURVE('',#2838,#2834,#906,.T.);
#3307=EDGE_CURVE('',#2839,#2840,#907,.T.);
#3308=EDGE_CURVE('',#2840,#2836,#908,.T.);
#3309=EDGE_CURVE('',#2840,#2841,#909,.T.);
#3310=EDGE_CURVE('',#2841,#2837,#910,.T.);
#3311=EDGE_CURVE('',#2841,#2842,#911,.T.);
#3312=EDGE_CURVE('',#2842,#2833,#912,.T.);
#3313=EDGE_CURVE('',#2842,#2843,#913,.T.);
#3314=EDGE_CURVE('',#2843,#2832,#914,.T.);
#3315=EDGE_CURVE('',#2843,#2838,#915,.T.);
#3316=EDGE_CURVE('',#2844,#2844,#3499,.T.);
#3317=EDGE_CURVE('',#2845,#2845,#3500,.T.);
#3318=EDGE_CURVE('',#2638,#2622,#3501,.T.);
#3319=EDGE_CURVE('',#2620,#2683,#3502,.T.);
#3320=EDGE_CURVE('',#2846,#2847,#916,.T.);
#3321=EDGE_CURVE('',#2846,#2848,#917,.T.);
#3322=EDGE_CURVE('',#2849,#2848,#918,.T.);
#3323=EDGE_CURVE('',#2849,#2847,#919,.T.);
#3324=EDGE_CURVE('',#2850,#2851,#920,.T.);
#3325=EDGE_CURVE('',#2851,#2852,#921,.T.);
#3326=EDGE_CURVE('',#2852,#2853,#922,.T.);
#3327=EDGE_CURVE('',#2853,#2850,#923,.T.);
#3328=EDGE_CURVE('',#2851,#2854,#3503,.T.);
#3329=EDGE_CURVE('',#2855,#2854,#924,.T.);
#3330=EDGE_CURVE('',#2852,#2855,#3504,.T.);
#3331=EDGE_CURVE('',#2847,#2856,#3505,.T.);
#3332=EDGE_CURVE('',#2857,#2849,#3506,.T.);
#3333=EDGE_CURVE('',#2856,#2857,#925,.T.);
#3334=EDGE_CURVE('',#2846,#2858,#3507,.T.);
#3335=EDGE_CURVE('',#2859,#2858,#926,.T.);
#3336=EDGE_CURVE('',#2848,#2859,#3508,.T.);
#3337=EDGE_CURVE('',#2855,#2857,#927,.T.);
#3338=EDGE_CURVE('',#2859,#2860,#928,.T.);
#3339=EDGE_CURVE('',#2860,#2853,#3509,.T.);
#3340=EDGE_CURVE('',#2850,#2861,#3510,.T.);
#3341=EDGE_CURVE('',#2861,#2860,#929,.T.);
#3342=EDGE_CURVE('',#2862,#2856,#930,.T.);
#3343=EDGE_CURVE('',#2862,#2863,#3511,.T.);
#3344=EDGE_CURVE('',#2863,#2864,#931,.T.);
#3345=EDGE_CURVE('',#2865,#2864,#3512,.T.);
#3346=EDGE_CURVE('',#2865,#2858,#932,.T.);
#3347=EDGE_CURVE('',#2861,#2866,#933,.T.);
#3348=EDGE_CURVE('',#2866,#2867,#3513,.T.);
#3349=EDGE_CURVE('',#2868,#2867,#934,.T.);
#3350=EDGE_CURVE('',#2869,#2868,#3514,.T.);
#3351=EDGE_CURVE('',#2854,#2869,#935,.T.);
#3352=EDGE_CURVE('',#2752,#2866,#936,.T.);
#3353=EDGE_CURVE('',#2867,#2751,#937,.T.);
#3354=EDGE_CURVE('',#2750,#2868,#938,.T.);
#3355=EDGE_CURVE('',#2869,#2749,#939,.T.);
#3356=EDGE_CURVE('',#2754,#2864,#940,.T.);
#3357=EDGE_CURVE('',#2865,#2753,#941,.T.);
#3358=EDGE_CURVE('',#2747,#2862,#942,.T.);
#3359=EDGE_CURVE('',#2863,#2748,#943,.T.);
#3360=EDGE_CURVE('',#2870,#2870,#3515,.T.);
#3361=EDGE_CURVE('',#2871,#2871,#3516,.T.);
#3362=EDGE_CURVE('',#2872,#2872,#3517,.T.);
#3363=EDGE_CURVE('',#2873,#2873,#3518,.T.);
#3364=EDGE_CURVE('',#2874,#2874,#3519,.T.);
#3365=EDGE_CURVE('',#2875,#2875,#3520,.T.);
#3366=EDGE_CURVE('',#2876,#2876,#3521,.T.);
#3367=CIRCLE('',#3523,0.9);
#3368=CIRCLE('',#3525,1.1);
#3369=CIRCLE('',#3526,1.1);
#3370=CIRCLE('',#3537,0.1);
#3371=CIRCLE('',#3538,0.4);
#3372=CIRCLE('',#3539,0.1);
#3373=CIRCLE('',#3540,0.1);
#3374=CIRCLE('',#3541,0.4);
#3375=CIRCLE('',#3542,0.1);
#3376=CIRCLE('',#3543,0.1);
#3377=CIRCLE('',#3544,0.1);
#3378=CIRCLE('',#3545,0.8);
#3379=CIRCLE('',#3546,0.8);
#3380=CIRCLE('',#3548,0.8);
#3381=CIRCLE('',#3549,0.8);
#3382=CIRCLE('',#3559,3.);
#3383=CIRCLE('',#3560,1.3);
#3384=CIRCLE('',#3561,1.3);
#3385=CIRCLE('',#3562,1.3);
#3386=CIRCLE('',#3563,1.3);
#3387=CIRCLE('',#3565,0.4);
#3388=CIRCLE('',#3566,0.4);
#3389=CIRCLE('',#3569,0.4);
#3390=CIRCLE('',#3570,0.4);
#3391=CIRCLE('',#3573,0.1);
#3392=CIRCLE('',#3574,0.1);
#3393=CIRCLE('',#3577,0.4);
#3394=CIRCLE('',#3578,0.4);
#3395=CIRCLE('',#3581,0.4);
#3396=CIRCLE('',#3582,0.4);
#3397=CIRCLE('',#3585,0.1);
#3398=CIRCLE('',#3586,0.1);
#3399=CIRCLE('',#3589,0.4);
#3400=CIRCLE('',#3590,0.4);
#3401=CIRCLE('',#3593,0.4);
#3402=CIRCLE('',#3594,0.4);
#3403=CIRCLE('',#3598,1.75);
#3404=CIRCLE('',#3599,0.5);
#3405=CIRCLE('',#3600,0.5);
#3406=CIRCLE('',#3602,0.4);
#3407=CIRCLE('',#3603,0.4);
#3408=CIRCLE('',#3605,0.4);
#3409=CIRCLE('',#3607,0.4);
#3410=CIRCLE('',#3609,0.4);
#3411=CIRCLE('',#3611,0.4);
#3412=CIRCLE('',#3613,0.4);
#3413=CIRCLE('',#3615,0.4);
#3414=CIRCLE('',#3617,0.4);
#3415=CIRCLE('',#3619,0.4);
#3416=CIRCLE('',#3621,0.4);
#3417=CIRCLE('',#3623,0.4);
#3418=CIRCLE('',#3625,0.4);
#3419=CIRCLE('',#3627,0.4);
#3420=CIRCLE('',#3629,0.4);
#3421=CIRCLE('',#3631,0.4);
#3422=CIRCLE('',#3637,0.741421356237307);
#3423=CIRCLE('',#3638,0.741421356237308);
#3424=CIRCLE('',#3639,0.741421356237308);
#3425=CIRCLE('',#3640,0.741421356237308);
#3426=CIRCLE('',#3641,1.03229670385731);
#3427=CIRCLE('',#3642,1.03229670385731);
#3428=CIRCLE('',#3643,1.03229670385731);
#3429=CIRCLE('',#3644,1.03229670385731);
#3430=CIRCLE('',#3648,0.1);
#3431=CIRCLE('',#3649,0.1);
#3432=CIRCLE('',#3650,0.1);
#3433=CIRCLE('',#3651,0.1);
#3434=CIRCLE('',#3653,1.3);
#3435=CIRCLE('',#3655,1.3);
#3436=CIRCLE('',#3657,1.3);
#3437=CIRCLE('',#3659,1.3);
#3438=CIRCLE('',#3661,1.12514437294582);
#3439=CIRCLE('',#3665,1.12514437294584);
#3440=CIRCLE('',#3667,1.12514437294584);
#3441=CIRCLE('',#3671,1.12514437294582);
#3442=CIRCLE('',#3673,0.670710678118653);
#3443=CIRCLE('',#3677,0.670710678118649);
#3444=CIRCLE('',#3679,0.670710678118649);
#3445=CIRCLE('',#3683,0.670710678118653);
#3446=CIRCLE('',#3685,0.1);
#3447=CIRCLE('',#3686,0.1);
#3448=CIRCLE('',#3688,0.1);
#3449=CIRCLE('',#3690,0.1);
#3450=CIRCLE('',#3692,0.1);
#3451=CIRCLE('',#3694,0.1);
#3452=CIRCLE('',#3696,0.1);
#3453=CIRCLE('',#3698,0.1);
#3454=CIRCLE('',#3701,0.1);
#3455=CIRCLE('',#3702,0.1);
#3456=CIRCLE('',#3704,0.1);
#3457=CIRCLE('',#3706,0.1);
#3458=CIRCLE('',#3708,0.1);
#3459=CIRCLE('',#3710,0.1);
#3460=CIRCLE('',#3712,0.1);
#3461=CIRCLE('',#3714,0.1);
#3462=CIRCLE('',#3719,3.);
#3463=CIRCLE('',#3721,0.5);
#3464=CIRCLE('',#3722,0.5);
#3465=CIRCLE('',#3723,0.5);
#3466=CIRCLE('',#3724,0.5);
#3467=CIRCLE('',#3727,0.1);
#3468=CIRCLE('',#3730,0.1);
#3469=CIRCLE('',#3732,0.4);
#3470=CIRCLE('',#3740,0.4);
#3471=CIRCLE('',#3741,0.1);
#3472=CIRCLE('',#3744,0.4);
#3473=CIRCLE('',#3747,0.1);
#3474=CIRCLE('',#3749,0.1);
#3475=CIRCLE('',#3752,0.4);
#3476=CIRCLE('',#3755,0.1);
#3477=CIRCLE('',#3757,0.1);
#3478=CIRCLE('',#3760,0.1);
#3479=CIRCLE('',#3762,0.4);
#3480=CIRCLE('',#3763,0.1);
#3481=CIRCLE('',#3765,0.4);
#3482=CIRCLE('',#3772,0.1);
#3483=CIRCLE('',#3774,0.2);
#3484=CIRCLE('',#3775,0.2);
#3485=CIRCLE('',#3776,1.95);
#3486=CIRCLE('',#3777,0.5);
#3487=CIRCLE('',#3778,1.1);
#3488=CIRCLE('',#3786,2.1);
#3489=CIRCLE('',#3787,2.1);
#3490=CIRCLE('',#3792,0.2);
#3491=CIRCLE('',#3794,0.2);
#3492=CIRCLE('',#3796,0.5);
#3493=CIRCLE('',#3800,1.1);
#3494=CIRCLE('',#3803,1.25);
#3495=CIRCLE('',#3806,1.95);
#3496=CIRCLE('',#3808,1.1);
#3497=CIRCLE('',#3813,1.35);
#3498=CIRCLE('',#3814,1.35);
#3499=CIRCLE('',#3823,2.);
#3500=CIRCLE('',#3825,3.);
#3501=CIRCLE('',#3827,3.);
#3502=CIRCLE('',#3829,3.);
#3503=CIRCLE('',#3836,0.5);
#3504=CIRCLE('',#3837,0.5);
#3505=CIRCLE('',#3839,0.5);
#3506=CIRCLE('',#3840,0.5);
#3507=CIRCLE('',#3842,0.5);
#3508=CIRCLE('',#3843,0.5);
#3509=CIRCLE('',#3845,0.5);
#3510=CIRCLE('',#3847,0.5);
#3511=CIRCLE('',#3849,0.5);
#3512=CIRCLE('',#3850,0.5);
#3513=CIRCLE('',#3852,0.5);
#3514=CIRCLE('',#3853,0.5);
#3515=CIRCLE('',#3863,1.75);
#3516=CIRCLE('',#3866,0.9);
#3517=CIRCLE('',#3868,1.1);
#3518=CIRCLE('',#3871,2.5);
#3519=CIRCLE('',#3872,2.5);
#3520=CIRCLE('',#3874,2.1);
#3521=CIRCLE('',#3876,2.1);
#3522=AXIS2_PLACEMENT_3D('',#4925,#3879,#3880);
#3523=AXIS2_PLACEMENT_3D('',#4926,#3881,#3882);
#3524=AXIS2_PLACEMENT_3D('',#4940,#3889,#3890);
#3525=AXIS2_PLACEMENT_3D('',#4941,#3891,#3892);
#3526=AXIS2_PLACEMENT_3D('',#4943,#3893,#3894);
#3527=AXIS2_PLACEMENT_3D('',#4945,#3895,#3896);
#3528=AXIS2_PLACEMENT_3D('',#4951,#3900,#3901);
#3529=AXIS2_PLACEMENT_3D('',#4955,#3904,#3905);
#3530=AXIS2_PLACEMENT_3D('',#4959,#3908,#3909);
#3531=AXIS2_PLACEMENT_3D('',#4963,#3912,#3913);
#3532=AXIS2_PLACEMENT_3D('',#4967,#3916,#3917);
#3533=AXIS2_PLACEMENT_3D('',#4969,#3919,#3920);
#3534=AXIS2_PLACEMENT_3D('',#4970,#3921,#3922);
#3535=AXIS2_PLACEMENT_3D('',#4971,#3923,#3924);
#3536=AXIS2_PLACEMENT_3D('',#4984,#3931,#3932);
#3537=AXIS2_PLACEMENT_3D('',#4985,#3933,#3934);
#3538=AXIS2_PLACEMENT_3D('',#4990,#3936,#3937);
#3539=AXIS2_PLACEMENT_3D('',#4994,#3939,#3940);
#3540=AXIS2_PLACEMENT_3D('',#5006,#3946,#3947);
#3541=AXIS2_PLACEMENT_3D('',#5010,#3949,#3950);
#3542=AXIS2_PLACEMENT_3D('',#5014,#3952,#3953);
#3543=AXIS2_PLACEMENT_3D('',#5018,#3955,#3956);
#3544=AXIS2_PLACEMENT_3D('',#5022,#3958,#3959);
#3545=AXIS2_PLACEMENT_3D('',#5031,#3964,#3965);
#3546=AXIS2_PLACEMENT_3D('',#5039,#3969,#3970);
#3547=AXIS2_PLACEMENT_3D('',#5042,#3972,#3973);
#3548=AXIS2_PLACEMENT_3D('',#5049,#3977,#3978);
#3549=AXIS2_PLACEMENT_3D('',#5057,#3982,#3983);
#3550=AXIS2_PLACEMENT_3D('',#5060,#3985,#3986);
#3551=AXIS2_PLACEMENT_3D('',#5067,#3991,#3992);
#3552=AXIS2_PLACEMENT_3D('',#5069,#3994,#3995);
#3553=AXIS2_PLACEMENT_3D('',#5071,#3997,#3998);
#3554=AXIS2_PLACEMENT_3D('',#5073,#4000,#4001);
#3555=AXIS2_PLACEMENT_3D('',#5075,#4003,#4004);
#3556=AXIS2_PLACEMENT_3D('',#5077,#4006,#4007);
#3557=AXIS2_PLACEMENT_3D('',#5079,#4009,#4010);
#3558=AXIS2_PLACEMENT_3D('',#5080,#4011,#4012);
#3559=AXIS2_PLACEMENT_3D('',#5084,#4014,#4015);
#3560=AXIS2_PLACEMENT_3D('',#5097,#4022,#4023);
#3561=AXIS2_PLACEMENT_3D('',#5102,#4025,#4026);
#3562=AXIS2_PLACEMENT_3D('',#5106,#4028,#4029);
#3563=AXIS2_PLACEMENT_3D('',#5110,#4031,#4032);
#3564=AXIS2_PLACEMENT_3D('',#5113,#4034,#4035);
#3565=AXIS2_PLACEMENT_3D('',#5117,#4037,#4038);
#3566=AXIS2_PLACEMENT_3D('',#5122,#4041,#4042);
#3567=AXIS2_PLACEMENT_3D('',#5123,#4043,#4044);
#3568=AXIS2_PLACEMENT_3D('',#5139,#4053,#4054);
#3569=AXIS2_PLACEMENT_3D('',#5143,#4056,#4057);
#3570=AXIS2_PLACEMENT_3D('',#5144,#4058,#4059);
#3571=AXIS2_PLACEMENT_3D('',#5145,#4060,#4061);
#3572=AXIS2_PLACEMENT_3D('',#5151,#4065,#4066);
#3573=AXIS2_PLACEMENT_3D('',#5155,#4068,#4069);
#3574=AXIS2_PLACEMENT_3D('',#5156,#4070,#4071);
#3575=AXIS2_PLACEMENT_3D('',#5157,#4072,#4073);
#3576=AXIS2_PLACEMENT_3D('',#5167,#4079,#4080);
#3577=AXIS2_PLACEMENT_3D('',#5171,#4082,#4083);
#3578=AXIS2_PLACEMENT_3D('',#5172,#4084,#4085);
#3579=AXIS2_PLACEMENT_3D('',#5173,#4086,#4087);
#3580=AXIS2_PLACEMENT_3D('',#5184,#4094,#4095);
#3581=AXIS2_PLACEMENT_3D('',#5188,#4097,#4098);
#3582=AXIS2_PLACEMENT_3D('',#5189,#4099,#4100);
#3583=AXIS2_PLACEMENT_3D('',#5190,#4101,#4102);
#3584=AXIS2_PLACEMENT_3D('',#5200,#4108,#4109);
#3585=AXIS2_PLACEMENT_3D('',#5204,#4111,#4112);
#3586=AXIS2_PLACEMENT_3D('',#5205,#4113,#4114);
#3587=AXIS2_PLACEMENT_3D('',#5206,#4115,#4116);
#3588=AXIS2_PLACEMENT_3D('',#5212,#4120,#4121);
#3589=AXIS2_PLACEMENT_3D('',#5216,#4123,#4124);
#3590=AXIS2_PLACEMENT_3D('',#5217,#4125,#4126);
#3591=AXIS2_PLACEMENT_3D('',#5218,#4127,#4128);
#3592=AXIS2_PLACEMENT_3D('',#5234,#4137,#4138);
#3593=AXIS2_PLACEMENT_3D('',#5235,#4139,#4140);
#3594=AXIS2_PLACEMENT_3D('',#5236,#4141,#4142);
#3595=AXIS2_PLACEMENT_3D('',#5241,#4145,#4146);
#3596=AXIS2_PLACEMENT_3D('',#5244,#4149,#4150);
#3597=AXIS2_PLACEMENT_3D('',#5245,#4151,#4152);
#3598=AXIS2_PLACEMENT_3D('',#5246,#4153,#4154);
#3599=AXIS2_PLACEMENT_3D('',#5255,#4158,#4159);
#3600=AXIS2_PLACEMENT_3D('',#5263,#4163,#4164);
#3601=AXIS2_PLACEMENT_3D('',#5268,#4167,#4168);
#3602=AXIS2_PLACEMENT_3D('',#5269,#4169,#4170);
#3603=AXIS2_PLACEMENT_3D('',#5270,#4171,#4172);
#3604=AXIS2_PLACEMENT_3D('',#5271,#4173,#4174);
#3605=AXIS2_PLACEMENT_3D('',#5272,#4175,#4176);
#3606=AXIS2_PLACEMENT_3D('',#5273,#4177,#4178);
#3607=AXIS2_PLACEMENT_3D('',#5274,#4179,#4180);
#3608=AXIS2_PLACEMENT_3D('',#5275,#4181,#4182);
#3609=AXIS2_PLACEMENT_3D('',#5276,#4183,#4184);
#3610=AXIS2_PLACEMENT_3D('',#5277,#4185,#4186);
#3611=AXIS2_PLACEMENT_3D('',#5278,#4187,#4188);
#3612=AXIS2_PLACEMENT_3D('',#5279,#4189,#4190);
#3613=AXIS2_PLACEMENT_3D('',#5280,#4191,#4192);
#3614=AXIS2_PLACEMENT_3D('',#5281,#4193,#4194);
#3615=AXIS2_PLACEMENT_3D('',#5282,#4195,#4196);
#3616=AXIS2_PLACEMENT_3D('',#5283,#4197,#4198);
#3617=AXIS2_PLACEMENT_3D('',#5284,#4199,#4200);
#3618=AXIS2_PLACEMENT_3D('',#5285,#4201,#4202);
#3619=AXIS2_PLACEMENT_3D('',#5286,#4203,#4204);
#3620=AXIS2_PLACEMENT_3D('',#5287,#4205,#4206);
#3621=AXIS2_PLACEMENT_3D('',#5288,#4207,#4208);
#3622=AXIS2_PLACEMENT_3D('',#5289,#4209,#4210);
#3623=AXIS2_PLACEMENT_3D('',#5290,#4211,#4212);
#3624=AXIS2_PLACEMENT_3D('',#5291,#4213,#4214);
#3625=AXIS2_PLACEMENT_3D('',#5292,#4215,#4216);
#3626=AXIS2_PLACEMENT_3D('',#5293,#4217,#4218);
#3627=AXIS2_PLACEMENT_3D('',#5294,#4219,#4220);
#3628=AXIS2_PLACEMENT_3D('',#5295,#4221,#4222);
#3629=AXIS2_PLACEMENT_3D('',#5296,#4223,#4224);
#3630=AXIS2_PLACEMENT_3D('',#5297,#4225,#4226);
#3631=AXIS2_PLACEMENT_3D('',#5298,#4227,#4228);
#3632=AXIS2_PLACEMENT_3D('',#5299,#4229,#4230);
#3633=AXIS2_PLACEMENT_3D('',#5300,#4231,#4232);
#3634=AXIS2_PLACEMENT_3D('',#5301,#4233,#4234);
#3635=AXIS2_PLACEMENT_3D('',#5307,#4238,#4239);
#3636=AXIS2_PLACEMENT_3D('',#5313,#4243,#4244);
#3637=AXIS2_PLACEMENT_3D('',#5314,#4245,#4246);
#3638=AXIS2_PLACEMENT_3D('',#5319,#4248,#4249);
#3639=AXIS2_PLACEMENT_3D('',#5323,#4251,#4252);
#3640=AXIS2_PLACEMENT_3D('',#5327,#4254,#4255);
#3641=AXIS2_PLACEMENT_3D('',#5330,#4257,#4258);
#3642=AXIS2_PLACEMENT_3D('',#5335,#4260,#4261);
#3643=AXIS2_PLACEMENT_3D('',#5339,#4263,#4264);
#3644=AXIS2_PLACEMENT_3D('',#5343,#4266,#4267);
#3645=AXIS2_PLACEMENT_3D('',#5346,#4269,#4270);
#3646=AXIS2_PLACEMENT_3D('',#5352,#4274,#4275);
#3647=AXIS2_PLACEMENT_3D('',#5358,#4279,#4280);
#3648=AXIS2_PLACEMENT_3D('',#5362,#4282,#4283);
#3649=AXIS2_PLACEMENT_3D('',#5366,#4285,#4286);
#3650=AXIS2_PLACEMENT_3D('',#5370,#4288,#4289);
#3651=AXIS2_PLACEMENT_3D('',#5374,#4291,#4292);
#3652=AXIS2_PLACEMENT_3D('',#5375,#4293,#4294);
#3653=AXIS2_PLACEMENT_3D('',#5376,#4295,#4296);
#3654=AXIS2_PLACEMENT_3D('',#5377,#4297,#4298);
#3655=AXIS2_PLACEMENT_3D('',#5378,#4299,#4300);
#3656=AXIS2_PLACEMENT_3D('',#5379,#4301,#4302);
#3657=AXIS2_PLACEMENT_3D('',#5380,#4303,#4304);
#3658=AXIS2_PLACEMENT_3D('',#5381,#4305,#4306);
#3659=AXIS2_PLACEMENT_3D('',#5382,#4307,#4308);
#3660=AXIS2_PLACEMENT_3D('',#5383,#4309,#4310);
#3661=AXIS2_PLACEMENT_3D('',#5386,#4312,#4313);
#3662=AXIS2_PLACEMENT_3D('',#5389,#4315,#4316);
#3663=AXIS2_PLACEMENT_3D('',#5393,#4319,#4320);
#3664=AXIS2_PLACEMENT_3D('',#5397,#4323,#4324);
#3665=AXIS2_PLACEMENT_3D('',#5400,#4326,#4327);
#3666=AXIS2_PLACEMENT_3D('',#5401,#4328,#4329);
#3667=AXIS2_PLACEMENT_3D('',#5402,#4330,#4331);
#3668=AXIS2_PLACEMENT_3D('',#5405,#4333,#4334);
#3669=AXIS2_PLACEMENT_3D('',#5409,#4337,#4338);
#3670=AXIS2_PLACEMENT_3D('',#5413,#4341,#4342);
#3671=AXIS2_PLACEMENT_3D('',#5414,#4343,#4344);
#3672=AXIS2_PLACEMENT_3D('',#5415,#4345,#4346);
#3673=AXIS2_PLACEMENT_3D('',#5418,#4348,#4349);
#3674=AXIS2_PLACEMENT_3D('',#5421,#4351,#4352);
#3675=AXIS2_PLACEMENT_3D('',#5425,#4355,#4356);
#3676=AXIS2_PLACEMENT_3D('',#5429,#4359,#4360);
#3677=AXIS2_PLACEMENT_3D('',#5432,#4362,#4363);
#3678=AXIS2_PLACEMENT_3D('',#5433,#4364,#4365);
#3679=AXIS2_PLACEMENT_3D('',#5434,#4366,#4367);
#3680=AXIS2_PLACEMENT_3D('',#5437,#4369,#4370);
#3681=AXIS2_PLACEMENT_3D('',#5441,#4373,#4374);
#3682=AXIS2_PLACEMENT_3D('',#5445,#4377,#4378);
#3683=AXIS2_PLACEMENT_3D('',#5446,#4379,#4380);
#3684=AXIS2_PLACEMENT_3D('',#5447,#4381,#4382);
#3685=AXIS2_PLACEMENT_3D('',#5448,#4383,#4384);
#3686=AXIS2_PLACEMENT_3D('',#5449,#4385,#4386);
#3687=AXIS2_PLACEMENT_3D('',#5450,#4387,#4388);
#3688=AXIS2_PLACEMENT_3D('',#5451,#4389,#4390);
#3689=AXIS2_PLACEMENT_3D('',#5452,#4391,#4392);
#3690=AXIS2_PLACEMENT_3D('',#5453,#4393,#4394);
#3691=AXIS2_PLACEMENT_3D('',#5454,#4395,#4396);
#3692=AXIS2_PLACEMENT_3D('',#5455,#4397,#4398);
#3693=AXIS2_PLACEMENT_3D('',#5456,#4399,#4400);
#3694=AXIS2_PLACEMENT_3D('',#5457,#4401,#4402);
#3695=AXIS2_PLACEMENT_3D('',#5458,#4403,#4404);
#3696=AXIS2_PLACEMENT_3D('',#5459,#4405,#4406);
#3697=AXIS2_PLACEMENT_3D('',#5460,#4407,#4408);
#3698=AXIS2_PLACEMENT_3D('',#5461,#4409,#4410);
#3699=AXIS2_PLACEMENT_3D('',#5462,#4411,#4412);
#3700=AXIS2_PLACEMENT_3D('',#5463,#4413,#4414);
#3701=AXIS2_PLACEMENT_3D('',#5464,#4415,#4416);
#3702=AXIS2_PLACEMENT_3D('',#5465,#4417,#4418);
#3703=AXIS2_PLACEMENT_3D('',#5466,#4419,#4420);
#3704=AXIS2_PLACEMENT_3D('',#5467,#4421,#4422);
#3705=AXIS2_PLACEMENT_3D('',#5468,#4423,#4424);
#3706=AXIS2_PLACEMENT_3D('',#5469,#4425,#4426);
#3707=AXIS2_PLACEMENT_3D('',#5470,#4427,#4428);
#3708=AXIS2_PLACEMENT_3D('',#5471,#4429,#4430);
#3709=AXIS2_PLACEMENT_3D('',#5472,#4431,#4432);
#3710=AXIS2_PLACEMENT_3D('',#5473,#4433,#4434);
#3711=AXIS2_PLACEMENT_3D('',#5474,#4435,#4436);
#3712=AXIS2_PLACEMENT_3D('',#5475,#4437,#4438);
#3713=AXIS2_PLACEMENT_3D('',#5476,#4439,#4440);
#3714=AXIS2_PLACEMENT_3D('',#5477,#4441,#4442);
#3715=AXIS2_PLACEMENT_3D('',#5478,#4443,#4444);
#3716=AXIS2_PLACEMENT_3D('',#5479,#4445,#4446);
#3717=AXIS2_PLACEMENT_3D('',#5485,#4450,#4451);
#3718=AXIS2_PLACEMENT_3D('',#5491,#4455,#4456);
#3719=AXIS2_PLACEMENT_3D('',#5492,#4457,#4458);
#3720=AXIS2_PLACEMENT_3D('',#5494,#4460,#4461);
#3721=AXIS2_PLACEMENT_3D('',#5495,#4462,#4463);
#3722=AXIS2_PLACEMENT_3D('',#5500,#4465,#4466);
#3723=AXIS2_PLACEMENT_3D('',#5504,#4468,#4469);
#3724=AXIS2_PLACEMENT_3D('',#5508,#4471,#4472);
#3725=AXIS2_PLACEMENT_3D('',#5532,#4485,#4486);
#3726=AXIS2_PLACEMENT_3D('',#5550,#4496,#4497);
#3727=AXIS2_PLACEMENT_3D('',#5551,#4498,#4499);
#3728=AXIS2_PLACEMENT_3D('',#5554,#4501,#4502);
#3729=AXIS2_PLACEMENT_3D('',#5572,#4512,#4513);
#3730=AXIS2_PLACEMENT_3D('',#5573,#4514,#4515);
#3731=AXIS2_PLACEMENT_3D('',#5574,#4516,#4517);
#3732=AXIS2_PLACEMENT_3D('',#5575,#4518,#4519);
#3733=AXIS2_PLACEMENT_3D('',#5576,#4520,#4521);
#3734=AXIS2_PLACEMENT_3D('',#5579,#4524,#4525);
#3735=AXIS2_PLACEMENT_3D('',#5582,#4528,#4529);
#3736=AXIS2_PLACEMENT_3D('',#5588,#4533,#4534);
#3737=AXIS2_PLACEMENT_3D('',#5597,#4539,#4540);
#3738=AXIS2_PLACEMENT_3D('',#5603,#4544,#4545);
#3739=AXIS2_PLACEMENT_3D('',#5609,#4549,#4550);
#3740=AXIS2_PLACEMENT_3D('',#5610,#4551,#4552);
#3741=AXIS2_PLACEMENT_3D('',#5611,#4553,#4554);
#3742=AXIS2_PLACEMENT_3D('',#5614,#4556,#4557);
#3743=AXIS2_PLACEMENT_3D('',#5622,#4562,#4563);
#3744=AXIS2_PLACEMENT_3D('',#5623,#4564,#4565);
#3745=AXIS2_PLACEMENT_3D('',#5624,#4566,#4567);
#3746=AXIS2_PLACEMENT_3D('',#5626,#4569,#4570);
#3747=AXIS2_PLACEMENT_3D('',#5627,#4571,#4572);
#3748=AXIS2_PLACEMENT_3D('',#5628,#4573,#4574);
#3749=AXIS2_PLACEMENT_3D('',#5631,#4576,#4577);
#3750=AXIS2_PLACEMENT_3D('',#5632,#4578,#4579);
#3751=AXIS2_PLACEMENT_3D('',#5636,#4582,#4583);
#3752=AXIS2_PLACEMENT_3D('',#5637,#4584,#4585);
#3753=AXIS2_PLACEMENT_3D('',#5640,#4587,#4588);
#3754=AXIS2_PLACEMENT_3D('',#5644,#4591,#4592);
#3755=AXIS2_PLACEMENT_3D('',#5645,#4593,#4594);
#3756=AXIS2_PLACEMENT_3D('',#5646,#4595,#4596);
#3757=AXIS2_PLACEMENT_3D('',#5647,#4597,#4598);
#3758=AXIS2_PLACEMENT_3D('',#5648,#4599,#4600);
#3759=AXIS2_PLACEMENT_3D('',#5652,#4603,#4604);
#3760=AXIS2_PLACEMENT_3D('',#5653,#4605,#4606);
#3761=AXIS2_PLACEMENT_3D('',#5654,#4607,#4608);
#3762=AXIS2_PLACEMENT_3D('',#5655,#4609,#4610);
#3763=AXIS2_PLACEMENT_3D('',#5659,#4612,#4613);
#3764=AXIS2_PLACEMENT_3D('',#5666,#4617,#4618);
#3765=AXIS2_PLACEMENT_3D('',#5667,#4619,#4620);
#3766=AXIS2_PLACEMENT_3D('',#5670,#4622,#4623);
#3767=AXIS2_PLACEMENT_3D('',#5674,#4626,#4627);
#3768=AXIS2_PLACEMENT_3D('',#5678,#4630,#4631);
#3769=AXIS2_PLACEMENT_3D('',#5682,#4634,#4635);
#3770=AXIS2_PLACEMENT_3D('',#5690,#4640,#4641);
#3771=AXIS2_PLACEMENT_3D('',#5692,#4643,#4644);
#3772=AXIS2_PLACEMENT_3D('',#5693,#4645,#4646);
#3773=AXIS2_PLACEMENT_3D('',#5694,#4647,#4648);
#3774=AXIS2_PLACEMENT_3D('',#5695,#4649,#4650);
#3775=AXIS2_PLACEMENT_3D('',#5696,#4651,#4652);
#3776=AXIS2_PLACEMENT_3D('',#5700,#4655,#4656);
#3777=AXIS2_PLACEMENT_3D('',#5704,#4659,#4660);
#3778=AXIS2_PLACEMENT_3D('',#5706,#4661,#4662);
#3779=AXIS2_PLACEMENT_3D('',#5708,#4663,#4664);
#3780=AXIS2_PLACEMENT_3D('',#5711,#4667,#4668);
#3781=AXIS2_PLACEMENT_3D('',#5713,#4670,#4671);
#3782=AXIS2_PLACEMENT_3D('',#5715,#4673,#4674);
#3783=AXIS2_PLACEMENT_3D('',#5716,#4675,#4676);
#3784=AXIS2_PLACEMENT_3D('',#5720,#4679,#4680);
#3785=AXIS2_PLACEMENT_3D('',#5724,#4683,#4684);
#3786=AXIS2_PLACEMENT_3D('',#5725,#4685,#4686);
#3787=AXIS2_PLACEMENT_3D('',#5727,#4687,#4688);
#3788=AXIS2_PLACEMENT_3D('',#5729,#4689,#4690);
#3789=AXIS2_PLACEMENT_3D('',#5730,#4691,#4692);
#3790=AXIS2_PLACEMENT_3D('',#5734,#4695,#4696);
#3791=AXIS2_PLACEMENT_3D('',#5738,#4699,#4700);
#3792=AXIS2_PLACEMENT_3D('',#5739,#4701,#4702);
#3793=AXIS2_PLACEMENT_3D('',#5740,#4703,#4704);
#3794=AXIS2_PLACEMENT_3D('',#5741,#4705,#4706);
#3795=AXIS2_PLACEMENT_3D('',#5742,#4707,#4708);
#3796=AXIS2_PLACEMENT_3D('',#5743,#4709,#4710);
#3797=AXIS2_PLACEMENT_3D('',#5745,#4711,#4712);
#3798=AXIS2_PLACEMENT_3D('',#5746,#4713,#4714);
#3799=AXIS2_PLACEMENT_3D('',#5818,#4715,#4716);
#3800=AXIS2_PLACEMENT_3D('',#5819,#4717,#4718);
#3801=AXIS2_PLACEMENT_3D('',#5892,#4719,#4720);
#3802=AXIS2_PLACEMENT_3D('',#5893,#4721,#4722);
#3803=AXIS2_PLACEMENT_3D('',#5894,#4723,#4724);
#3804=AXIS2_PLACEMENT_3D('',#5961,#4725,#4726);
#3805=AXIS2_PLACEMENT_3D('',#5964,#4729,#4730);
#3806=AXIS2_PLACEMENT_3D('',#5965,#4731,#4732);
#3807=AXIS2_PLACEMENT_3D('',#5966,#4733,#4734);
#3808=AXIS2_PLACEMENT_3D('',#5967,#4735,#4736);
#3809=AXIS2_PLACEMENT_3D('',#5969,#4737,#4738);
#3810=AXIS2_PLACEMENT_3D('',#5971,#4740,#4741);
#3811=AXIS2_PLACEMENT_3D('',#5973,#4743,#4744);
#3812=AXIS2_PLACEMENT_3D('',#5974,#4745,#4746);
#3813=AXIS2_PLACEMENT_3D('',#5975,#4747,#4748);
#3814=AXIS2_PLACEMENT_3D('',#5977,#4749,#4750);
#3815=AXIS2_PLACEMENT_3D('',#5979,#4751,#4752);
#3816=AXIS2_PLACEMENT_3D('',#5992,#4759,#4760);
#3817=AXIS2_PLACEMENT_3D('',#5998,#4764,#4765);
#3818=AXIS2_PLACEMENT_3D('',#6002,#4768,#4769);
#3819=AXIS2_PLACEMENT_3D('',#6006,#4772,#4773);
#3820=AXIS2_PLACEMENT_3D('',#6010,#4776,#4777);
#3821=AXIS2_PLACEMENT_3D('',#6014,#4780,#4781);
#3822=AXIS2_PLACEMENT_3D('',#6016,#4783,#4784);
#3823=AXIS2_PLACEMENT_3D('',#6017,#4785,#4786);
#3824=AXIS2_PLACEMENT_3D('',#6019,#4787,#4788);
#3825=AXIS2_PLACEMENT_3D('',#6020,#4789,#4790);
#3826=AXIS2_PLACEMENT_3D('',#6022,#4791,#4792);
#3827=AXIS2_PLACEMENT_3D('',#6023,#4793,#4794);
#3828=AXIS2_PLACEMENT_3D('',#6024,#4795,#4796);
#3829=AXIS2_PLACEMENT_3D('',#6025,#4797,#4798);
#3830=AXIS2_PLACEMENT_3D('',#6026,#4799,#4800);
#3831=AXIS2_PLACEMENT_3D('',#6027,#4801,#4802);
#3832=AXIS2_PLACEMENT_3D('',#6028,#4803,#4804);
#3833=AXIS2_PLACEMENT_3D('',#6029,#4805,#4806);
#3834=AXIS2_PLACEMENT_3D('',#6038,#4811,#4812);
#3835=AXIS2_PLACEMENT_3D('',#6047,#4817,#4818);
#3836=AXIS2_PLACEMENT_3D('',#6048,#4819,#4820);
#3837=AXIS2_PLACEMENT_3D('',#6052,#4822,#4823);
#3838=AXIS2_PLACEMENT_3D('',#6053,#4824,#4825);
#3839=AXIS2_PLACEMENT_3D('',#6054,#4826,#4827);
#3840=AXIS2_PLACEMENT_3D('',#6056,#4828,#4829);
#3841=AXIS2_PLACEMENT_3D('',#6059,#4831,#4832);
#3842=AXIS2_PLACEMENT_3D('',#6060,#4833,#4834);
#3843=AXIS2_PLACEMENT_3D('',#6064,#4836,#4837);
#3844=AXIS2_PLACEMENT_3D('',#6065,#4838,#4839);
#3845=AXIS2_PLACEMENT_3D('',#6069,#4842,#4843);
#3846=AXIS2_PLACEMENT_3D('',#6070,#4844,#4845);
#3847=AXIS2_PLACEMENT_3D('',#6071,#4846,#4847);
#3848=AXIS2_PLACEMENT_3D('',#6074,#4849,#4850);
#3849=AXIS2_PLACEMENT_3D('',#6077,#4852,#4853);
#3850=AXIS2_PLACEMENT_3D('',#6081,#4855,#4856);
#3851=AXIS2_PLACEMENT_3D('',#6084,#4858,#4859);
#3852=AXIS2_PLACEMENT_3D('',#6087,#4861,#4862);
#3853=AXIS2_PLACEMENT_3D('',#6091,#4864,#4865);
#3854=AXIS2_PLACEMENT_3D('',#6094,#4867,#4868);
#3855=AXIS2_PLACEMENT_3D('',#6097,#4871,#4872);
#3856=AXIS2_PLACEMENT_3D('',#6100,#4875,#4876);
#3857=AXIS2_PLACEMENT_3D('',#6101,#4877,#4878);
#3858=AXIS2_PLACEMENT_3D('',#6104,#4881,#4882);
#3859=AXIS2_PLACEMENT_3D('',#6107,#4885,#4886);
#3860=AXIS2_PLACEMENT_3D('',#6108,#4887,#4888);
#3861=AXIS2_PLACEMENT_3D('',#6109,#4889,#4890);
#3862=AXIS2_PLACEMENT_3D('',#6110,#4891,#4892);
#3863=AXIS2_PLACEMENT_3D('',#6111,#4893,#4894);
#3864=AXIS2_PLACEMENT_3D('',#6113,#4895,#4896);
#3865=AXIS2_PLACEMENT_3D('',#6114,#4897,#4898);
#3866=AXIS2_PLACEMENT_3D('',#6115,#4899,#4900);
#3867=AXIS2_PLACEMENT_3D('',#6117,#4901,#4902);
#3868=AXIS2_PLACEMENT_3D('',#6118,#4903,#4904);
#3869=AXIS2_PLACEMENT_3D('',#6120,#4905,#4906);
#3870=AXIS2_PLACEMENT_3D('',#6121,#4907,#4908);
#3871=AXIS2_PLACEMENT_3D('',#6122,#4909,#4910);
#3872=AXIS2_PLACEMENT_3D('',#6124,#4911,#4912);
#3873=AXIS2_PLACEMENT_3D('',#6126,#4913,#4914);
#3874=AXIS2_PLACEMENT_3D('',#6127,#4915,#4916);
#3875=AXIS2_PLACEMENT_3D('',#6129,#4917,#4918);
#3876=AXIS2_PLACEMENT_3D('',#6130,#4919,#4920);
#3877=AXIS2_PLACEMENT_3D('',#6132,#4921,#4922);
#3878=AXIS2_PLACEMENT_3D('',#6133,#4923,#4924);
#3879=DIRECTION('',(0.,0.,1.));
#3880=DIRECTION('',(1.,0.,0.));
#3881=DIRECTION('',(1.,0.,0.));
#3882=DIRECTION('',(0.,1.,0.));
#3883=DIRECTION('',(0.,-0.866025403784442,-0.499999999999994));
#3884=DIRECTION('',(0.,-0.866025403784441,0.499999999999995));
#3885=DIRECTION('',(0.,5.77813307206598E-16,1.));
#3886=DIRECTION('',(0.,0.866025403784442,0.499999999999995));
#3887=DIRECTION('',(0.,0.866025403784434,-0.500000000000007));
#3888=DIRECTION('',(0.,-4.04469315044626E-15,-1.));
#3889=DIRECTION('',(1.,0.,0.));
#3890=DIRECTION('',(0.,1.,0.));
#3891=DIRECTION('',(-1.,0.,0.));
#3892=DIRECTION('',(0.,-1.,0.));
#3893=DIRECTION('',(-1.,0.,0.));
#3894=DIRECTION('',(0.,-1.,0.));
#3895=DIRECTION('',(1.,0.,0.));
#3896=DIRECTION('',(0.,0.,0.999999999999997));
#3897=DIRECTION('',(-1.,0.,0.));
#3898=DIRECTION('',(0.,0.866025403784442,0.499999999999994));
#3899=DIRECTION('',(-1.,0.,0.));
#3900=DIRECTION('',(0.,-0.499999999999994,0.866025403784442));
#3901=DIRECTION('',(0.,-0.866025403784442,-0.499999999999994));
#3902=DIRECTION('',(-1.,0.,0.));
#3903=DIRECTION('',(0.,4.04469315044626E-15,1.));
#3904=DIRECTION('',(0.,-1.,4.04469315044626E-15));
#3905=DIRECTION('',(0.,-4.04537514597791E-15,-1.));
#3906=DIRECTION('',(-1.,0.,0.));
#3907=DIRECTION('',(0.,-0.866025403784434,0.500000000000007));
#3908=DIRECTION('',(0.,-0.500000000000007,-0.866025403784434));
#3909=DIRECTION('',(0.,0.866025403784434,-0.500000000000007));
#3910=DIRECTION('',(-1.,0.,0.));
#3911=DIRECTION('',(0.,-0.866025403784442,-0.499999999999995));
#3912=DIRECTION('',(0.,0.499999999999995,-0.866025403784442));
#3913=DIRECTION('',(0.,0.866025403784442,0.499999999999995));
#3914=DIRECTION('',(-1.,0.,0.));
#3915=DIRECTION('',(0.,-5.77813307206598E-16,-1.));
#3916=DIRECTION('',(0.,1.,-5.77813307206598E-16));
#3917=DIRECTION('',(0.,5.79397640976254E-16,1.));
#3918=DIRECTION('',(0.,0.866025403784441,-0.499999999999995));
#3919=DIRECTION('',(0.,0.499999999999995,0.866025403784441));
#3920=DIRECTION('',(0.,-0.866025403784441,0.499999999999995));
#3921=DIRECTION('',(1.,0.,0.));
#3922=DIRECTION('',(0.,1.,0.));
#3923=DIRECTION('',(-1.,0.,0.));
#3924=DIRECTION('',(1.21297216380357E-17,-1.,0.));
#3925=DIRECTION('',(0.,-1.,0.));
#3926=DIRECTION('',(-1.,0.,0.));
#3927=DIRECTION('',(0.,-1.,0.));
#3928=DIRECTION('',(1.,0.,0.));
#3929=DIRECTION('',(0.,-1.,0.));
#3930=DIRECTION('',(1.,0.,0.));
#3931=DIRECTION('',(0.,0.,-1.));
#3932=DIRECTION('',(-1.,0.,0.));
#3933=DIRECTION('',(0.,-1.,0.));
#3934=DIRECTION('',(0.,0.,1.00000000000003));
#3935=DIRECTION('',(-0.707106781186559,0.,0.707106781186536));
#3936=DIRECTION('',(0.,-1.,0.));
#3937=DIRECTION('',(0.,0.,0.999999999999994));
#3938=DIRECTION('',(1.,0.,-2.67974922552551E-14));
#3939=DIRECTION('',(0.,-1.,0.));
#3940=DIRECTION('',(0.,0.,1.00000000000003));
#3941=DIRECTION('',(0.,0.,-1.));
#3942=DIRECTION('',(-1.,0.,0.));
#3943=DIRECTION('',(0.,0.,-1.));
#3944=DIRECTION('',(1.,0.,0.));
#3945=DIRECTION('',(0.,0.,-1.));
#3946=DIRECTION('',(0.,1.,0.));
#3947=DIRECTION('',(0.,0.,1.00000000000003));
#3948=DIRECTION('',(1.,0.,2.67974922552551E-14));
#3949=DIRECTION('',(0.,1.,0.));
#3950=DIRECTION('',(0.,0.,0.999999999999994));
#3951=DIRECTION('',(-0.707106781186559,0.,-0.707106781186536));
#3952=DIRECTION('',(0.,1.,0.));
#3953=DIRECTION('',(0.,0.,1.00000000000003));
#3954=DIRECTION('',(-1.,0.,0.));
#3955=DIRECTION('',(0.,-1.,0.));
#3956=DIRECTION('',(0.,0.,1.00000000000003));
#3957=DIRECTION('',(0.,0.,-1.));
#3958=DIRECTION('',(0.,1.,0.));
#3959=DIRECTION('',(0.,0.,1.00000000000003));
#3960=DIRECTION('',(-1.,0.,0.));
#3961=DIRECTION('',(-1.,0.,0.));
#3962=DIRECTION('',(0.,0.,-1.));
#3963=DIRECTION('',(0.707106781186556,0.,0.70710678118654));
#3964=DIRECTION('',(0.,-1.,0.));
#3965=DIRECTION('',(0.,0.,1.));
#3966=DIRECTION('',(1.,0.,2.25164545034084E-14));
#3967=DIRECTION('',(0.,0.,1.));
#3968=DIRECTION('',(-1.,0.,2.25164545034084E-14));
#3969=DIRECTION('',(0.,-1.,0.));
#3970=DIRECTION('',(0.,0.,1.));
#3971=DIRECTION('',(-0.707106781186556,0.,0.707106781186539));
#3972=DIRECTION('',(0.,-1.,0.));
#3973=DIRECTION('',(0.,0.,-1.));
#3974=DIRECTION('',(0.,0.,-1.));
#3975=DIRECTION('',(-1.,0.,0.));
#3976=DIRECTION('',(-0.707106781186555,0.,0.70710678118654));
#3977=DIRECTION('',(0.,-1.,0.));
#3978=DIRECTION('',(0.,0.,1.));
#3979=DIRECTION('',(-1.,0.,2.54827561916804E-14));
#3980=DIRECTION('',(0.,0.,1.));
#3981=DIRECTION('',(1.,0.,2.35225441769357E-14));
#3982=DIRECTION('',(0.,-1.,0.));
#3983=DIRECTION('',(0.,0.,1.));
#3984=DIRECTION('',(0.707106781186558,0.,0.707106781186537));
#3985=DIRECTION('',(0.,1.,0.));
#3986=DIRECTION('',(0.,0.,1.));
#3987=DIRECTION('',(1.,0.,0.));
#3988=DIRECTION('',(0.,-1.,0.));
#3989=DIRECTION('',(0.,-1.,0.));
#3990=DIRECTION('',(0.,-1.,0.));
#3991=DIRECTION('',(0.,0.,1.));
#3992=DIRECTION('',(1.,0.,0.));
#3993=DIRECTION('',(0.,-1.,0.));
#3994=DIRECTION('',(0.707106781186539,0.,0.707106781186556));
#3995=DIRECTION('',(0.707106781186556,0.,-0.707106781186539));
#3996=DIRECTION('',(0.,-1.,0.));
#3997=DIRECTION('',(0.,-1.,0.));
#3998=DIRECTION('',(0.,0.,-1.));
#3999=DIRECTION('',(0.,-1.,0.));
#4000=DIRECTION('',(2.25164545034084E-14,0.,1.));
#4001=DIRECTION('',(1.,0.,-2.2516710718179E-14));
#4002=DIRECTION('',(0.,-1.,0.));
#4003=DIRECTION('',(1.,0.,0.));
#4004=DIRECTION('',(0.,0.,-1.));
#4005=DIRECTION('',(0.,-1.,0.));
#4006=DIRECTION('',(2.25164545034084E-14,0.,-1.));
#4007=DIRECTION('',(-1.,0.,-2.2516710718179E-14));
#4008=DIRECTION('',(0.,-1.,0.));
#4009=DIRECTION('',(0.,-1.,0.));
#4010=DIRECTION('',(0.,0.,-1.));
#4011=DIRECTION('',(0.70710678118654,0.,-0.707106781186556));
#4012=DIRECTION('',(-0.707106781186556,0.,-0.70710678118654));
#4013=DIRECTION('',(0.,-1.,0.));
#4014=DIRECTION('',(1.,2.22044604925031E-16,0.));
#4015=DIRECTION('',(0.,0.,1.));
#4016=DIRECTION('',(0.,-1.,0.));
#4017=DIRECTION('',(0.,0.,-1.));
#4018=DIRECTION('',(0.,1.,0.));
#4019=DIRECTION('',(0.,0.,1.));
#4020=DIRECTION('',(0.,1.,0.));
#4021=DIRECTION('',(0.,0.,-1.));
#4022=DIRECTION('',(-1.,0.,0.));
#4023=DIRECTION('',(0.,0.999999999999999,0.));
#4024=DIRECTION('',(0.,-1.,0.));
#4025=DIRECTION('',(-1.,0.,0.));
#4026=DIRECTION('',(0.,0.999999999999999,0.));
#4027=DIRECTION('',(0.,0.,1.));
#4028=DIRECTION('',(-1.,0.,0.));
#4029=DIRECTION('',(0.,0.999999999999999,0.));
#4030=DIRECTION('',(0.,1.,0.));
#4031=DIRECTION('',(-1.,0.,0.));
#4032=DIRECTION('',(0.,0.999999999999999,0.));
#4033=DIRECTION('',(0.,0.,1.));
#4034=DIRECTION('',(-1.,0.,0.));
#4035=DIRECTION('',(0.,0.,1.));
#4036=DIRECTION('',(0.,1.,0.));
#4037=DIRECTION('',(0.,1.,0.));
#4038=DIRECTION('',(0.,0.,0.999999999999994));
#4039=DIRECTION('',(0.,-1.,0.));
#4040=DIRECTION('',(0.,-1.,0.));
#4041=DIRECTION('',(0.,1.,0.));
#4042=DIRECTION('',(0.,0.,0.999999999999994));
#4043=DIRECTION('',(0.,1.,0.));
#4044=DIRECTION('',(0.,0.,0.999999999999994));
#4045=DIRECTION('',(0.,-1.,0.));
#4046=DIRECTION('',(1.,0.,0.));
#4047=DIRECTION('',(-1.,0.,0.));
#4048=DIRECTION('',(0.,-1.,0.));
#4049=DIRECTION('',(0.,1.,0.));
#4050=DIRECTION('',(1.,0.,0.));
#4051=DIRECTION('',(0.,1.,0.));
#4052=DIRECTION('',(-1.,0.,0.));
#4053=DIRECTION('',(0.,0.,-1.));
#4054=DIRECTION('',(-1.,0.,0.));
#4055=DIRECTION('',(0.,1.,0.));
#4056=DIRECTION('',(0.,1.,0.));
#4057=DIRECTION('',(0.,0.,0.999999999999994));
#4058=DIRECTION('',(0.,1.,0.));
#4059=DIRECTION('',(0.,0.,0.999999999999994));
#4060=DIRECTION('',(0.,1.,0.));
#4061=DIRECTION('',(0.,0.,0.999999999999994));
#4062=DIRECTION('',(0.,-1.,0.));
#4063=DIRECTION('',(0.70710678118656,0.,0.707106781186535));
#4064=DIRECTION('',(0.707106781186559,0.,0.707106781186536));
#4065=DIRECTION('',(0.707106781186535,0.,-0.70710678118656));
#4066=DIRECTION('',(-0.70710678118656,0.,-0.707106781186535));
#4067=DIRECTION('',(0.,1.,0.));
#4068=DIRECTION('',(0.,-1.,0.));
#4069=DIRECTION('',(0.,0.,-1.00000000000003));
#4070=DIRECTION('',(0.,-1.,0.));
#4071=DIRECTION('',(0.,0.,1.00000000000003));
#4072=DIRECTION('',(0.,1.,0.));
#4073=DIRECTION('',(0.,0.,1.00000000000003));
#4074=DIRECTION('',(0.,1.,0.));
#4075=DIRECTION('',(1.,0.,2.7442968206425E-14));
#4076=DIRECTION('',(-1.,0.,-2.67974922552551E-14));
#4077=DIRECTION('',(0.,1.,0.));
#4078=DIRECTION('',(-1.,0.,-2.67974922552551E-14));
#4079=DIRECTION('',(2.7442968206425E-14,0.,-1.));
#4080=DIRECTION('',(-1.,0.,-2.74433253899531E-14));
#4081=DIRECTION('',(0.,1.,0.));
#4082=DIRECTION('',(0.,1.,0.));
#4083=DIRECTION('',(0.,0.,0.999999999999994));
#4084=DIRECTION('',(0.,1.,0.));
#4085=DIRECTION('',(0.,0.,0.999999999999994));
#4086=DIRECTION('',(0.,1.,0.));
#4087=DIRECTION('',(0.,0.,0.999999999999994));
#4088=DIRECTION('',(0.,1.,0.));
#4089=DIRECTION('',(0.,0.,1.));
#4090=DIRECTION('',(0.,0.,1.));
#4091=DIRECTION('',(0.,-1.,0.));
#4092=DIRECTION('',(0.,1.,0.));
#4093=DIRECTION('',(0.,0.,1.));
#4094=DIRECTION('',(1.,0.,0.));
#4095=DIRECTION('',(0.,0.,-1.));
#4096=DIRECTION('',(0.,1.,0.));
#4097=DIRECTION('',(0.,1.,0.));
#4098=DIRECTION('',(0.,0.,0.999999999999994));
#4099=DIRECTION('',(0.,-1.,0.));
#4100=DIRECTION('',(0.,0.,0.999999999999994));
#4101=DIRECTION('',(0.,1.,0.));
#4102=DIRECTION('',(0.,0.,0.999999999999994));
#4103=DIRECTION('',(0.,-1.,0.));
#4104=DIRECTION('',(-1.,0.,2.7442968206425E-14));
#4105=DIRECTION('',(-1.,0.,2.67974922552551E-14));
#4106=DIRECTION('',(0.,-1.,0.));
#4107=DIRECTION('',(-1.,0.,2.67974922552551E-14));
#4108=DIRECTION('',(2.7442968206425E-14,0.,1.));
#4109=DIRECTION('',(1.,0.,-2.74433253899531E-14));
#4110=DIRECTION('',(0.,1.,0.));
#4111=DIRECTION('',(0.,-1.,0.));
#4112=DIRECTION('',(0.,0.,-1.00000000000003));
#4113=DIRECTION('',(0.,-1.,0.));
#4114=DIRECTION('',(0.,0.,1.00000000000003));
#4115=DIRECTION('',(0.,1.,0.));
#4116=DIRECTION('',(0.,0.,1.00000000000003));
#4117=DIRECTION('',(0.,-1.,0.));
#4118=DIRECTION('',(-0.70710678118656,0.,0.707106781186535));
#4119=DIRECTION('',(0.707106781186559,0.,-0.707106781186536));
#4120=DIRECTION('',(0.707106781186535,0.,0.70710678118656));
#4121=DIRECTION('',(0.70710678118656,0.,-0.707106781186535));
#4122=DIRECTION('',(0.,1.,0.));
#4123=DIRECTION('',(0.,1.,0.));
#4124=DIRECTION('',(0.,0.,0.999999999999994));
#4125=DIRECTION('',(0.,1.,0.));
#4126=DIRECTION('',(0.,0.,0.999999999999994));
#4127=DIRECTION('',(0.,1.,0.));
#4128=DIRECTION('',(0.,0.,0.999999999999994));
#4129=DIRECTION('',(0.,1.,0.));
#4130=DIRECTION('',(-1.,0.,0.));
#4131=DIRECTION('',(-1.,0.,0.));
#4132=DIRECTION('',(0.,1.,0.));
#4133=DIRECTION('',(1.,0.,0.));
#4134=DIRECTION('',(0.,1.,0.));
#4135=DIRECTION('',(0.,-1.,0.));
#4136=DIRECTION('',(-1.,0.,0.));
#4137=DIRECTION('',(0.,0.,1.));
#4138=DIRECTION('',(1.,0.,0.));
#4139=DIRECTION('',(0.,1.,0.));
#4140=DIRECTION('',(0.,0.,0.999999999999994));
#4141=DIRECTION('',(0.,-1.,0.));
#4142=DIRECTION('',(0.,0.,0.999999999999994));
#4143=DIRECTION('',(0.,-1.,0.));
#4144=DIRECTION('',(0.,-1.,0.));
#4145=DIRECTION('',(0.,1.,0.));
#4146=DIRECTION('',(0.,0.,0.999999999999994));
#4147=DIRECTION('',(0.,0.,1.));
#4148=DIRECTION('',(0.,0.,1.));
#4149=DIRECTION('',(0.,1.,0.));
#4150=DIRECTION('',(0.,0.,1.));
#4151=DIRECTION('',(1.,0.,0.));
#4152=DIRECTION('',(0.,0.,-1.));
#4153=DIRECTION('',(0.,-1.,0.));
#4154=DIRECTION('',(0.,0.,-1.));
#4155=DIRECTION('',(0.,0.,1.));
#4156=DIRECTION('',(-1.,0.,0.));
#4157=DIRECTION('',(-0.70710678118656,0.,-0.707106781186535));
#4158=DIRECTION('',(0.,1.,0.));
#4159=DIRECTION('',(0.,0.,-1.));
#4160=DIRECTION('',(-1.,0.,-2.7442968206425E-14));
#4161=DIRECTION('',(0.,0.,-1.));
#4162=DIRECTION('',(1.,0.,-2.7442968206425E-14));
#4163=DIRECTION('',(0.,1.,0.));
#4164=DIRECTION('',(0.,0.,-1.));
#4165=DIRECTION('',(0.70710678118656,0.,-0.707106781186535));
#4166=DIRECTION('',(1.,0.,0.));
#4167=DIRECTION('',(0.,-1.,0.));
#4168=DIRECTION('',(0.,0.,-1.));
#4169=DIRECTION('',(0.,0.,-1.));
#4170=DIRECTION('',(-0.999999999999998,0.,0.));
#4171=DIRECTION('',(0.,0.,-1.));
#4172=DIRECTION('',(-0.999999999999998,0.,0.));
#4173=DIRECTION('',(0.,0.,-1.));
#4174=DIRECTION('',(-0.999999999999998,0.,0.));
#4175=DIRECTION('',(-1.,0.,0.));
#4176=DIRECTION('',(0.,0.,0.999999999999994));
#4177=DIRECTION('',(0.,0.,0.999999999999994));
#4178=DIRECTION('',(0.999999999999998,0.,0.));
#4179=DIRECTION('',(-1.,-4.33680868994202E-15,0.));
#4180=DIRECTION('',(4.33680868994202E-15,-1.,0.));
#4181=DIRECTION('',(-1.,0.,0.));
#4182=DIRECTION('',(0.,0.,0.999999999999994));
#4183=DIRECTION('',(-0.707106781186565,-3.06658683336682E-15,0.70710678118653));
#4184=DIRECTION('',(0.707106781186531,0.,0.707106781186566));
#4185=DIRECTION('',(0.,-1.,0.));
#4186=DIRECTION('',(0.,0.,-0.999999999999994));
#4187=DIRECTION('',(-0.707106781186563,5.05986827505514E-14,0.707106781186532));
#4188=DIRECTION('',(0.707106781186533,0.,0.707106781186566));
#4189=DIRECTION('',(0.70710678118656,0.,-0.707106781186535));
#4190=DIRECTION('',(-0.707106781186535,0.,-0.707106781186566));
#4191=DIRECTION('',(-1.,-3.68628738645071E-14,-8.67361737988409E-15));
#4192=DIRECTION('',(3.68628738645072E-14,-1.,0.));
#4193=DIRECTION('',(0.,-1.,0.));
#4194=DIRECTION('',(0.,0.,-0.999999999999998));
#4195=DIRECTION('',(-1.,9.75781955236954E-15,2.73761048552592E-14));
#4196=DIRECTION('',(2.76471553983804E-14,0.,0.999999999999994));
#4197=DIRECTION('',(1.,0.,-2.7442968206425E-14));
#4198=DIRECTION('',(-2.76471553983804E-14,0.,-0.999999999999994));
#4199=DIRECTION('',(0.,0.,1.));
#4200=DIRECTION('',(1.,0.,0.));
#4201=DIRECTION('',(0.,-1.,0.));
#4202=DIRECTION('',(0.,0.,-0.999999999999994));
#4203=DIRECTION('',(0.,0.,1.));
#4204=DIRECTION('',(1.,0.,0.));
#4205=DIRECTION('',(0.,0.,-1.));
#4206=DIRECTION('',(-1.,0.,0.));
#4207=DIRECTION('',(1.,0.,1.68051336735254E-14));
#4208=DIRECTION('',(1.68051336735253E-14,0.,-0.999999999999994));
#4209=DIRECTION('',(0.,-1.,0.));
#4210=DIRECTION('',(0.,0.,-0.999999999999994));
#4211=DIRECTION('',(1.,4.98732999343332E-14,2.81892564846233E-14));
#4212=DIRECTION('',(-4.98732999343332E-14,1.,0.));
#4213=DIRECTION('',(-1.,0.,-2.7442968206425E-14));
#4214=DIRECTION('',(-2.81892564846231E-14,0.,0.999999999999994));
#4215=DIRECTION('',(0.707106781186567,2.91325749169835E-14,0.707106781186528));
#4216=DIRECTION('',(0.707106781186529,0.,-0.707106781186566));
#4217=DIRECTION('',(0.,-1.,0.));
#4218=DIRECTION('',(0.,0.,-0.999999999999998));
#4219=DIRECTION('',(0.707106781186563,4.9065389333868E-14,0.707106781186532));
#4220=DIRECTION('',(0.707106781186531,0.,-0.707106781186566));
#4221=DIRECTION('',(0.70710678118656,0.,0.707106781186535));
#4222=DIRECTION('',(0.707106781186535,0.,-0.707106781186566));
#4223=DIRECTION('',(1.,0.,0.));
#4224=DIRECTION('',(0.,0.,-0.999999999999994));
#4225=DIRECTION('',(0.,-1.,0.));
#4226=DIRECTION('',(0.,0.,-0.999999999999994));
#4227=DIRECTION('',(1.,0.,0.));
#4228=DIRECTION('',(0.,0.,-0.999999999999994));
#4229=DIRECTION('',(1.,0.,0.));
#4230=DIRECTION('',(0.,0.,-0.999999999999994));
#4231=DIRECTION('',(0.,0.,0.999999999999994));
#4232=DIRECTION('',(0.999999999999998,0.,0.));
#4233=DIRECTION('',(1.,0.,0.));
#4234=DIRECTION('',(0.,0.,-1.));
#4235=DIRECTION('',(1.,2.22044604925031E-16,0.));
#4236=DIRECTION('',(0.,0.,1.));
#4237=DIRECTION('',(-1.,-2.22044604925031E-16,0.));
#4238=DIRECTION('',(2.22044604925031E-16,-1.,0.));
#4239=DIRECTION('',(0.,0.,-1.));
#4240=DIRECTION('',(1.,2.22044604925031E-16,0.));
#4241=DIRECTION('',(-2.22044604925031E-16,1.,0.));
#4242=DIRECTION('',(-1.,-2.22044604925031E-16,0.));
#4243=DIRECTION('',(0.,0.,1.));
#4244=DIRECTION('',(2.22044604925031E-16,-1.,0.));
#4245=DIRECTION('',(-1.,-2.22044604925031E-16,0.));
#4246=DIRECTION('',(0.,1.,0.));
#4247=DIRECTION('',(0.,0.,-1.));
#4248=DIRECTION('',(-1.,-2.22044604925031E-16,0.));
#4249=DIRECTION('',(0.,1.,0.));
#4250=DIRECTION('',(2.22044604925031E-16,-1.,-4.71890076124991E-32));
#4251=DIRECTION('',(-1.,-2.22044604925031E-16,0.));
#4252=DIRECTION('',(0.,0.999999999999999,0.));
#4253=DIRECTION('',(0.,0.,1.));
#4254=DIRECTION('',(-1.,-2.22044604925031E-16,0.));
#4255=DIRECTION('',(0.,0.999999999999999,0.));
#4256=DIRECTION('',(-2.22044604925031E-16,1.,-4.71890076124991E-32));
#4257=DIRECTION('',(1.,2.22044604925031E-16,0.));
#4258=DIRECTION('',(0.,1.,0.));
#4259=DIRECTION('',(-2.22044604925031E-16,1.,0.));
#4260=DIRECTION('',(1.,2.22044604925031E-16,0.));
#4261=DIRECTION('',(0.,0.999999999999999,0.));
#4262=DIRECTION('',(0.,0.,1.));
#4263=DIRECTION('',(1.,2.22044604925031E-16,0.));
#4264=DIRECTION('',(0.,0.999999999999999,0.));
#4265=DIRECTION('',(2.22044604925031E-16,-1.,0.));
#4266=DIRECTION('',(1.,2.22044604925031E-16,0.));
#4267=DIRECTION('',(0.,1.,0.));
#4268=DIRECTION('',(0.,0.,-1.));
#4269=DIRECTION('',(1.,2.22044604925031E-16,0.));
#4270=DIRECTION('',(2.22044604925031E-16,-1.,0.));
#4271=DIRECTION('',(1.,2.22044604925031E-16,0.));
#4272=DIRECTION('',(0.,0.,-1.));
#4273=DIRECTION('',(-1.,-2.22044604925031E-16,0.));
#4274=DIRECTION('',(-2.22044604925031E-16,1.,0.));
#4275=DIRECTION('',(0.,0.,1.));
#4276=DIRECTION('',(1.,2.22044604925031E-16,0.));
#4277=DIRECTION('',(2.22044604925031E-16,-1.,0.));
#4278=DIRECTION('',(-1.,-2.22044604925031E-16,0.));
#4279=DIRECTION('',(0.,0.,-1.));
#4280=DIRECTION('',(-2.22044604925031E-16,1.,0.));
#4281=DIRECTION('',(0.,0.,-1.));
#4282=DIRECTION('',(1.,0.,0.));
#4283=DIRECTION('',(0.,-0.999999999999994,0.));
#4284=DIRECTION('',(0.,-1.,0.));
#4285=DIRECTION('',(1.,0.,0.));
#4286=DIRECTION('',(0.,-0.999999999999994,0.));
#4287=DIRECTION('',(0.,0.,-1.));
#4288=DIRECTION('',(1.,0.,0.));
#4289=DIRECTION('',(0.,-0.999999999999994,0.));
#4290=DIRECTION('',(0.,1.,0.));
#4291=DIRECTION('',(1.,0.,0.));
#4292=DIRECTION('',(0.,-0.999999999999994,0.));
#4293=DIRECTION('',(-1.,0.,0.));
#4294=DIRECTION('',(0.,-1.,0.));
#4295=DIRECTION('',(-1.,0.,0.));
#4296=DIRECTION('',(0.,-0.999999999999999,0.));
#4297=DIRECTION('',(1.,2.22044604925031E-16,0.));
#4298=DIRECTION('',(0.,0.999999999999999,0.));
#4299=DIRECTION('',(-1.,0.,0.));
#4300=DIRECTION('',(0.,-1.,0.));
#4301=DIRECTION('',(-1.,-2.22044604925031E-16,0.));
#4302=DIRECTION('',(0.,-1.,0.));
#4303=DIRECTION('',(-1.,0.,0.));
#4304=DIRECTION('',(0.,-1.,0.));
#4305=DIRECTION('',(1.,2.22044604925031E-16,0.));
#4306=DIRECTION('',(0.,0.999999999999999,0.));
#4307=DIRECTION('',(-1.,0.,0.));
#4308=DIRECTION('',(0.,-0.999999999999999,0.));
#4309=DIRECTION('',(-1.,-2.22044604925031E-16,0.));
#4310=DIRECTION('',(0.,-0.999999999999999,0.));
#4311=DIRECTION('',(-0.928476690885256,3.29861184015565E-17,-0.371390676354113));
#4312=DIRECTION('',(-1.,-2.22044604925031E-16,0.));
#4313=DIRECTION('',(0.,1.,0.));
#4314=DIRECTION('',(0.928476690885259,0.371390676354104,0.));
#4315=DIRECTION('',(-1.,0.,0.));
#4316=DIRECTION('',(6.91641555335883E-17,-1.,0.));
#4317=DIRECTION('',(-0.928476690885256,3.29861184015565E-17,-0.371390676354113));
#4318=DIRECTION('',(2.22044604925031E-16,-1.,0.));
#4319=DIRECTION('',(-0.371390676354113,-8.2465296003889E-17,0.928476690885256));
#4320=DIRECTION('',(0.928476690885256,0.,0.371390676354113));
#4321=DIRECTION('',(0.,0.,1.));
#4322=DIRECTION('',(0.928476690885259,0.371390676354104,0.));
#4323=DIRECTION('',(-0.371390676354104,0.928476690885259,0.));
#4324=DIRECTION('',(-0.928476690885259,-0.371390676354104,0.));
#4325=DIRECTION('',(-0.928476690885259,0.371390676354104,0.));
#4326=DIRECTION('',(-1.,-2.22044604925031E-16,0.));
#4327=DIRECTION('',(0.,1.,0.));
#4328=DIRECTION('',(-1.,0.,0.));
#4329=DIRECTION('',(6.91641555335883E-17,-1.,0.));
#4330=DIRECTION('',(-1.,-2.22044604925031E-16,0.));
#4331=DIRECTION('',(0.,1.,0.));
#4332=DIRECTION('',(0.928476690885256,0.,-0.371390676354113));
#4333=DIRECTION('',(-1.,0.,0.));
#4334=DIRECTION('',(6.91641555335883E-17,-1.,0.));
#4335=DIRECTION('',(-0.928476690885259,0.371390676354104,0.));
#4336=DIRECTION('',(0.,0.,-1.));
#4337=DIRECTION('',(-0.371390676354104,-0.928476690885259,0.));
#4338=DIRECTION('',(0.928476690885259,-0.371390676354104,0.));
#4339=DIRECTION('',(-2.22044604925031E-16,1.,0.));
#4340=DIRECTION('',(0.928476690885256,0.,-0.371390676354113));
#4341=DIRECTION('',(-0.371390676354113,-8.2465296003889E-17,-0.928476690885256));
#4342=DIRECTION('',(-0.928476690885256,0.,0.371390676354113));
#4343=DIRECTION('',(-1.,-2.22044604925031E-16,0.));
#4344=DIRECTION('',(0.,1.,0.));
#4345=DIRECTION('',(-1.,0.,0.));
#4346=DIRECTION('',(6.91641555335883E-17,-1.,0.));
#4347=DIRECTION('',(-0.707106781186547,-0.707106781186547,0.));
#4348=DIRECTION('',(1.,2.22044604925031E-16,0.));
#4349=DIRECTION('',(0.,-1.,0.));
#4350=DIRECTION('',(0.707106781186551,0.,0.707106781186544));
#4351=DIRECTION('',(1.,0.,0.));
#4352=DIRECTION('',(-6.93542619081183E-18,1.,0.));
#4353=DIRECTION('',(-0.707106781186549,-0.707106781186546,0.));
#4354=DIRECTION('',(0.,0.,1.));
#4355=DIRECTION('',(0.707106781186546,-0.707106781186549,0.));
#4356=DIRECTION('',(0.,0.,-1.));
#4357=DIRECTION('',(2.22044604925031E-16,-1.,3.69778549322349E-32));
#4358=DIRECTION('',(0.707106781186551,0.,0.707106781186544));
#4359=DIRECTION('',(0.707106781186544,1.57009245868377E-16,-0.707106781186551));
#4360=DIRECTION('',(-2.22044604925031E-16,1.,0.));
#4361=DIRECTION('',(-0.707106781186551,0.,0.707106781186544));
#4362=DIRECTION('',(1.,2.22044604925031E-16,0.));
#4363=DIRECTION('',(0.,-1.,0.));
#4364=DIRECTION('',(1.,0.,0.));
#4365=DIRECTION('',(-6.93542619081183E-18,1.,0.));
#4366=DIRECTION('',(1.,2.22044604925031E-16,0.));
#4367=DIRECTION('',(0.,-1.,0.));
#4368=DIRECTION('',(0.707106781186547,-0.707106781186547,0.));
#4369=DIRECTION('',(1.,0.,0.));
#4370=DIRECTION('',(-6.93542619081183E-18,1.,0.));
#4371=DIRECTION('',(-0.707106781186551,0.,0.707106781186544));
#4372=DIRECTION('',(-2.22044604925031E-16,1.,3.69778549322349E-32));
#4373=DIRECTION('',(0.707106781186544,1.57009245868377E-16,0.707106781186551));
#4374=DIRECTION('',(2.22044604925031E-16,-1.,0.));
#4375=DIRECTION('',(0.,0.,-1.));
#4376=DIRECTION('',(0.707106781186549,-0.707106781186546,0.));
#4377=DIRECTION('',(0.707106781186546,0.707106781186549,0.));
#4378=DIRECTION('',(0.,0.,1.));
#4379=DIRECTION('',(1.,2.22044604925031E-16,0.));
#4380=DIRECTION('',(0.,-1.,0.));
#4381=DIRECTION('',(1.,0.,0.));
#4382=DIRECTION('',(-6.93542619081183E-18,1.,0.));
#4383=DIRECTION('',(0.,0.,-1.));
#4384=DIRECTION('',(0.,0.999999999999994,0.));
#4385=DIRECTION('',(0.,0.,1.));
#4386=DIRECTION('',(0.,-0.999999999999994,0.));
#4387=DIRECTION('',(0.,0.,1.));
#4388=DIRECTION('',(0.,-0.999999999999994,0.));
#4389=DIRECTION('',(-2.22044604925031E-16,1.,0.));
#4390=DIRECTION('',(0.999999999999994,0.,0.));
#4391=DIRECTION('',(1.,2.22044604925031E-16,0.));
#4392=DIRECTION('',(0.,1.,0.));
#4393=DIRECTION('',(-2.22044604925031E-16,1.,4.71890076124991E-32));
#4394=DIRECTION('',(0.999999999999994,0.,0.));
#4395=DIRECTION('',(1.,2.22044604925031E-16,0.));
#4396=DIRECTION('',(0.,1.,0.));
#4397=DIRECTION('',(-2.22044604925031E-16,1.,-4.71890076124991E-32));
#4398=DIRECTION('',(-0.999999999999994,0.,0.));
#4399=DIRECTION('',(-2.22044604925031E-16,1.,-4.71890076124991E-32));
#4400=DIRECTION('',(-0.999999999999994,0.,0.));
#4401=DIRECTION('',(-2.22044604925031E-16,1.,0.));
#4402=DIRECTION('',(-0.999999999999994,0.,0.));
#4403=DIRECTION('',(2.22044604925031E-16,-1.,-4.71890076124991E-32));
#4404=DIRECTION('',(0.999999999999994,0.,0.));
#4405=DIRECTION('',(0.,0.,-1.));
#4406=DIRECTION('',(0.,-0.999999999999994,0.));
#4407=DIRECTION('',(1.,2.22044604925031E-16,0.));
#4408=DIRECTION('',(0.,1.,0.));
#4409=DIRECTION('',(0.,0.,1.));
#4410=DIRECTION('',(0.,0.999999999999994,0.));
#4411=DIRECTION('',(1.,2.22044604925031E-16,0.));
#4412=DIRECTION('',(0.,0.999999999999999,0.));
#4413=DIRECTION('',(0.,0.,-1.));
#4414=DIRECTION('',(0.,0.999999999999994,0.));
#4415=DIRECTION('',(-2.22044604925031E-16,1.,0.));
#4416=DIRECTION('',(0.999999999999994,0.,0.));
#4417=DIRECTION('',(2.22044604925031E-16,-1.,0.));
#4418=DIRECTION('',(0.999999999999994,0.,0.));
#4419=DIRECTION('',(2.22044604925031E-16,-1.,0.));
#4420=DIRECTION('',(0.999999999999994,0.,0.));
#4421=DIRECTION('',(0.,0.,-1.));
#4422=DIRECTION('',(0.,0.999999999999994,0.));
#4423=DIRECTION('',(1.,2.22044604925031E-16,0.));
#4424=DIRECTION('',(0.,1.,0.));
#4425=DIRECTION('',(0.,0.,-1.));
#4426=DIRECTION('',(0.,0.999999999999994,0.));
#4427=DIRECTION('',(1.,2.22044604925031E-16,0.));
#4428=DIRECTION('',(0.,1.,0.));
#4429=DIRECTION('',(0.,0.,-1.));
#4430=DIRECTION('',(0.,0.999999999999994,0.));
#4431=DIRECTION('',(0.,0.,-1.));
#4432=DIRECTION('',(0.,0.999999999999994,0.));
#4433=DIRECTION('',(0.,0.,-1.));
#4434=DIRECTION('',(0.,-0.999999999999994,0.));
#4435=DIRECTION('',(0.,0.,-1.));
#4436=DIRECTION('',(0.,0.999999999999994,0.));
#4437=DIRECTION('',(-2.22044604925031E-16,1.,0.));
#4438=DIRECTION('',(-0.999999999999994,0.,0.));
#4439=DIRECTION('',(1.,2.22044604925031E-16,0.));
#4440=DIRECTION('',(0.,1.,0.));
#4441=DIRECTION('',(2.22044604925031E-16,-1.,0.));
#4442=DIRECTION('',(-0.999999999999994,0.,0.));
#4443=DIRECTION('',(1.,2.22044604925031E-16,0.));
#4444=DIRECTION('',(0.,1.,0.));
#4445=DIRECTION('',(-2.22044604925031E-16,1.,0.));
#4446=DIRECTION('',(-0.999999999999994,0.,0.));
#4447=DIRECTION('',(0.,1.,0.));
#4448=DIRECTION('',(-0.707106781186559,0.,0.707106781186536));
#4449=DIRECTION('',(0.,-1.,0.));
#4450=DIRECTION('',(0.707106781186536,0.,0.707106781186559));
#4451=DIRECTION('',(-0.707106781186559,0.,0.707106781186536));
#4452=DIRECTION('',(0.,1.,0.));
#4453=DIRECTION('',(-1.,0.,2.67974922552551E-14));
#4454=DIRECTION('',(0.,-1.,0.));
#4455=DIRECTION('',(2.67974922552551E-14,0.,1.));
#4456=DIRECTION('',(-1.,0.,2.67980082568897E-14));
#4457=DIRECTION('',(1.,2.22044604925031E-16,0.));
#4458=DIRECTION('',(0.,0.,1.));
#4459=DIRECTION('',(0.,0.,1.));
#4460=DIRECTION('',(-1.,0.,0.));
#4461=DIRECTION('',(0.,-1.,0.));
#4462=DIRECTION('',(-1.,0.,0.));
#4463=DIRECTION('',(0.,0.,1.));
#4464=DIRECTION('',(0.,0.,-1.));
#4465=DIRECTION('',(-1.,0.,0.));
#4466=DIRECTION('',(0.,0.,1.));
#4467=DIRECTION('',(0.,-1.,0.));
#4468=DIRECTION('',(-1.,0.,0.));
#4469=DIRECTION('',(0.,0.,1.));
#4470=DIRECTION('',(0.,0.,1.));
#4471=DIRECTION('',(-1.,0.,0.));
#4472=DIRECTION('',(0.,0.,1.));
#4473=DIRECTION('',(0.,-1.,0.));
#4474=DIRECTION('',(0.,0.,-1.));
#4475=DIRECTION('',(0.,1.,0.));
#4476=DIRECTION('',(0.,0.,1.));
#4477=DIRECTION('',(0.,-1.,0.));
#4478=DIRECTION('',(0.,0.,1.));
#4479=DIRECTION('',(0.,-1.,0.));
#4480=DIRECTION('',(0.,0.,-1.));
#4481=DIRECTION('',(0.,1.,0.));
#4482=DIRECTION('',(0.,0.,1.));
#4483=DIRECTION('',(0.,1.,0.));
#4484=DIRECTION('',(0.,1.,0.));
#4485=DIRECTION('',(-1.,0.,0.));
#4486=DIRECTION('',(0.,-1.,0.));
#4487=DIRECTION('',(-1.,0.,0.));
#4488=DIRECTION('',(0.,1.,0.));
#4489=DIRECTION('',(1.,0.,0.));
#4490=DIRECTION('',(0.,-1.,0.));
#4491=DIRECTION('',(-1.,0.,0.));
#4492=DIRECTION('',(0.,1.,0.));
#4493=DIRECTION('',(1.,0.,0.));
#4494=DIRECTION('',(0.,-1.,0.));
#4495=DIRECTION('',(0.,1.,0.));
#4496=DIRECTION('',(0.,0.,-1.));
#4497=DIRECTION('',(0.,1.,0.));
#4498=DIRECTION('',(0.,-1.,0.));
#4499=DIRECTION('',(0.,0.,1.00000000000003));
#4500=DIRECTION('',(0.,-1.,0.));
#4501=DIRECTION('',(0.,1.,0.));
#4502=DIRECTION('',(0.,0.,-1.00000000000003));
#4503=DIRECTION('',(1.,0.,0.));
#4504=DIRECTION('',(0.,-1.,0.));
#4505=DIRECTION('',(-1.,0.,0.));
#4506=DIRECTION('',(0.,-1.,0.));
#4507=DIRECTION('',(1.,0.,0.));
#4508=DIRECTION('',(0.,1.,0.));
#4509=DIRECTION('',(-1.,0.,0.));
#4510=DIRECTION('',(0.,1.,0.));
#4511=DIRECTION('',(0.,-1.,0.));
#4512=DIRECTION('',(0.,0.,1.));
#4513=DIRECTION('',(0.,1.,0.));
#4514=DIRECTION('',(0.,-1.,0.));
#4515=DIRECTION('',(0.,0.,1.00000000000003));
#4516=DIRECTION('',(0.,1.,0.));
#4517=DIRECTION('',(0.,0.,-1.00000000000003));
#4518=DIRECTION('',(0.,-1.,0.));
#4519=DIRECTION('',(0.,0.,0.999999999999994));
#4520=DIRECTION('',(0.,-1.,0.));
#4521=DIRECTION('',(0.,0.,0.999999999999994));
#4522=DIRECTION('',(0.,0.,1.));
#4523=DIRECTION('',(0.,0.,1.));
#4524=DIRECTION('',(0.,1.,0.));
#4525=DIRECTION('',(0.,0.,-1.));
#4526=DIRECTION('',(0.,0.,-1.));
#4527=DIRECTION('',(0.,0.,-1.));
#4528=DIRECTION('',(0.,1.,0.));
#4529=DIRECTION('',(0.,0.,-1.));
#4530=DIRECTION('',(0.,0.,-1.));
#4531=DIRECTION('',(0.,-1.,0.));
#4532=DIRECTION('',(0.,-1.,0.));
#4533=DIRECTION('',(1.,0.,0.));
#4534=DIRECTION('',(0.,1.,0.));
#4535=DIRECTION('',(0.,1.,0.));
#4536=DIRECTION('',(1.,0.,0.));
#4537=DIRECTION('',(0.,-1.,0.));
#4538=DIRECTION('',(-1.,0.,0.));
#4539=DIRECTION('',(0.,0.,-1.));
#4540=DIRECTION('',(0.,1.,0.));
#4541=DIRECTION('',(0.,1.,0.));
#4542=DIRECTION('',(0.,-0.707106781186548,-0.707106781186548));
#4543=DIRECTION('',(0.,0.,-1.));
#4544=DIRECTION('',(1.,0.,0.));
#4545=DIRECTION('',(0.,1.,0.));
#4546=DIRECTION('',(0.,0.707106781186548,0.707106781186548));
#4547=DIRECTION('',(0.,-1.,0.));
#4548=DIRECTION('',(0.,0.,1.));
#4549=DIRECTION('',(1.,0.,0.));
#4550=DIRECTION('',(0.,1.,0.));
#4551=DIRECTION('',(0.,-1.,0.));
#4552=DIRECTION('',(0.,0.,0.999999999999994));
#4553=DIRECTION('',(0.,1.,0.));
#4554=DIRECTION('',(0.,0.,1.00000000000003));
#4555=DIRECTION('',(0.,0.,1.));
#4556=DIRECTION('',(0.,1.,0.));
#4557=DIRECTION('',(0.,0.,1.));
#4558=DIRECTION('',(0.,1.,0.));
#4559=DIRECTION('',(0.,0.,-1.));
#4560=DIRECTION('',(0.,1.,0.));
#4561=DIRECTION('',(0.,0.,1.));
#4562=DIRECTION('',(1.,0.,0.));
#4563=DIRECTION('',(0.,1.,0.));
#4564=DIRECTION('',(0.,1.,0.));
#4565=DIRECTION('',(0.,0.,0.999999999999994));
#4566=DIRECTION('',(0.,-1.,0.));
#4567=DIRECTION('',(0.,0.,-0.999999999999994));
#4568=DIRECTION('',(-1.,0.,0.));
#4569=DIRECTION('',(0.,-0.707106781186547,0.707106781186547));
#4570=DIRECTION('',(0.,-0.707106781186548,-0.707106781186548));
#4571=DIRECTION('',(0.,-1.,0.));
#4572=DIRECTION('',(0.,0.,1.00000000000003));
#4573=DIRECTION('',(0.,-1.,0.));
#4574=DIRECTION('',(0.,0.,-1.00000000000003));
#4575=DIRECTION('',(0.,-1.,0.));
#4576=DIRECTION('',(0.,1.,0.));
#4577=DIRECTION('',(0.,0.,1.00000000000003));
#4578=DIRECTION('',(0.,1.,0.));
#4579=DIRECTION('',(0.,0.,1.00000000000003));
#4580=DIRECTION('',(-0.707106781186559,0.,-0.707106781186536));
#4581=DIRECTION('',(0.,1.,0.));
#4582=DIRECTION('',(0.707106781186536,0.,-0.707106781186559));
#4583=DIRECTION('',(-0.707106781186559,0.,-0.707106781186536));
#4584=DIRECTION('',(0.,1.,0.));
#4585=DIRECTION('',(0.,0.,0.999999999999994));
#4586=DIRECTION('',(0.,-1.,0.));
#4587=DIRECTION('',(0.,-1.,0.));
#4588=DIRECTION('',(0.,0.,-0.999999999999994));
#4589=DIRECTION('',(-1.,0.,-2.67974922552551E-14));
#4590=DIRECTION('',(0.,1.,0.));
#4591=DIRECTION('',(2.67974922552551E-14,0.,-1.));
#4592=DIRECTION('',(-1.,0.,-2.67980082568897E-14));
#4593=DIRECTION('',(0.,1.,0.));
#4594=DIRECTION('',(0.,0.,1.00000000000003));
#4595=DIRECTION('',(0.,1.,0.));
#4596=DIRECTION('',(0.,0.,1.00000000000003));
#4597=DIRECTION('',(0.,-1.,0.));
#4598=DIRECTION('',(0.,0.,1.00000000000003));
#4599=DIRECTION('',(0.,1.,0.));
#4600=DIRECTION('',(0.,0.,1.00000000000003));
#4601=DIRECTION('',(0.,0.,-1.));
#4602=DIRECTION('',(0.,1.,0.));
#4603=DIRECTION('',(1.,0.,0.));
#4604=DIRECTION('',(0.,1.,0.));
#4605=DIRECTION('',(0.,1.,0.));
#4606=DIRECTION('',(0.,0.,1.00000000000003));
#4607=DIRECTION('',(0.,1.,0.));
#4608=DIRECTION('',(0.,0.,-1.00000000000003));
#4609=DIRECTION('',(0.,1.,0.));
#4610=DIRECTION('',(0.,0.,0.999999999999994));
#4611=DIRECTION('',(0.,0.,-1.));
#4612=DIRECTION('',(0.,1.,0.));
#4613=DIRECTION('',(0.,0.,1.00000000000003));
#4614=DIRECTION('',(0.,0.,-1.));
#4615=DIRECTION('',(-1.,0.,0.));
#4616=DIRECTION('',(0.,0.,1.));
#4617=DIRECTION('',(0.,1.,0.));
#4618=DIRECTION('',(0.,0.,-1.));
#4619=DIRECTION('',(0.,-1.,0.));
#4620=DIRECTION('',(0.,0.,0.999999999999994));
#4621=DIRECTION('',(0.,1.,0.));
#4622=DIRECTION('',(0.,-1.,0.));
#4623=DIRECTION('',(0.,0.,0.999999999999994));
#4624=DIRECTION('',(0.,-1.,0.));
#4625=DIRECTION('',(0.,0.707106781186548,-0.707106781186548));
#4626=DIRECTION('',(1.,0.,0.));
#4627=DIRECTION('',(0.,1.,0.));
#4628=DIRECTION('',(0.,1.,0.));
#4629=DIRECTION('',(-1.,0.,0.));
#4630=DIRECTION('',(0.,0.,1.));
#4631=DIRECTION('',(0.,1.,0.));
#4632=DIRECTION('',(0.,1.,0.));
#4633=DIRECTION('',(0.,-0.707106781186548,0.707106781186548));
#4634=DIRECTION('',(1.,0.,0.));
#4635=DIRECTION('',(0.,1.,0.));
#4636=DIRECTION('',(0.,0.,-1.));
#4637=DIRECTION('',(0.,1.,0.));
#4638=DIRECTION('',(0.,0.,1.));
#4639=DIRECTION('',(0.,-1.,0.));
#4640=DIRECTION('',(1.,0.,0.));
#4641=DIRECTION('',(0.,1.,0.));
#4642=DIRECTION('',(1.,0.,0.));
#4643=DIRECTION('',(0.,-0.707106781186547,-0.707106781186547));
#4644=DIRECTION('',(0.,0.707106781186548,-0.707106781186548));
#4645=DIRECTION('',(0.,-1.,0.));
#4646=DIRECTION('',(0.,0.,1.00000000000003));
#4647=DIRECTION('',(0.,-1.,0.));
#4648=DIRECTION('',(0.,0.,-1.00000000000003));
#4649=DIRECTION('',(0.,1.,0.));
#4650=DIRECTION('',(0.,0.,0.999999999999994));
#4651=DIRECTION('',(0.,1.,0.));
#4652=DIRECTION('',(0.,0.,0.999999999999994));
#4653=DIRECTION('',(-1.,0.,0.));
#4654=DIRECTION('',(0.,0.,-1.));
#4655=DIRECTION('',(0.,-1.,0.));
#4656=DIRECTION('',(0.,0.,1.));
#4657=DIRECTION('',(0.,0.,1.));
#4658=DIRECTION('',(-1.,0.,0.));
#4659=DIRECTION('',(0.,1.,0.));
#4660=DIRECTION('',(0.,0.,1.));
#4661=DIRECTION('',(0.,-1.,0.));
#4662=DIRECTION('',(0.,0.,0.999999999999997));
#4663=DIRECTION('',(0.,1.,0.));
#4664=DIRECTION('',(0.,0.,1.));
#4665=DIRECTION('',(-1.,0.,-6.12323399573677E-17));
#4666=DIRECTION('',(1.,0.,6.12323399573677E-17));
#4667=DIRECTION('',(0.,1.,0.));
#4668=DIRECTION('',(-6.07153216591882E-17,0.,1.));
#4669=DIRECTION('',(1.,0.,6.12323399573677E-17));
#4670=DIRECTION('',(6.12323399573677E-17,0.,-1.));
#4671=DIRECTION('',(0.,1.,0.));
#4672=DIRECTION('',(-1.,0.,-6.12323399573677E-17));
#4673=DIRECTION('',(0.,-1.,0.));
#4674=DIRECTION('',(6.07153216591882E-17,0.,-1.));
#4675=DIRECTION('',(-6.12323399573677E-17,0.,1.));
#4676=DIRECTION('',(0.,-1.,0.));
#4677=DIRECTION('',(0.,1.,0.));
#4678=DIRECTION('',(1.,0.,0.));
#4679=DIRECTION('',(0.,0.,-1.));
#4680=DIRECTION('',(0.,1.,0.));
#4681=DIRECTION('',(0.,-1.,0.));
#4682=DIRECTION('',(-1.,0.,0.));
#4683=DIRECTION('',(0.,0.,-1.));
#4684=DIRECTION('',(0.,1.,0.));
#4685=DIRECTION('',(-1.,0.,0.));
#4686=DIRECTION('',(0.,-1.,0.));
#4687=DIRECTION('',(-1.,1.49975978266186E-32,1.83667601732677E-48));
#4688=DIRECTION('',(8.26058798084194E-16,0.,-0.999999999999999));
#4689=DIRECTION('',(1.,-1.49975978266186E-32,-1.83667601732677E-48));
#4690=DIRECTION('',(8.26058798084194E-16,0.,-0.999999999999999));
#4691=DIRECTION('',(-1.,1.49975978266186E-32,1.83667601732677E-48));
#4692=DIRECTION('',(0.,-1.,0.));
#4693=DIRECTION('',(-1.,0.,0.));
#4694=DIRECTION('',(0.,-1.,0.));
#4695=DIRECTION('',(0.,0.,1.));
#4696=DIRECTION('',(0.,1.,0.));
#4697=DIRECTION('',(-1.,0.,0.));
#4698=DIRECTION('',(0.,-1.,0.));
#4699=DIRECTION('',(0.,0.,-1.));
#4700=DIRECTION('',(0.,1.,0.));
#4701=DIRECTION('',(0.,-1.,0.));
#4702=DIRECTION('',(0.,0.,0.999999999999994));
#4703=DIRECTION('',(0.,-1.,0.));
#4704=DIRECTION('',(0.,0.,-0.999999999999994));
#4705=DIRECTION('',(0.,-1.,0.));
#4706=DIRECTION('',(0.,0.,0.999999999999994));
#4707=DIRECTION('',(0.,-1.,0.));
#4708=DIRECTION('',(0.,0.,-0.999999999999994));
#4709=DIRECTION('',(2.22044604925031E-16,-1.,0.));
#4710=DIRECTION('',(-1.,0.,0.));
#4711=DIRECTION('',(-2.22044604925031E-16,1.,0.));
#4712=DIRECTION('',(0.,0.,1.));
#4713=DIRECTION('',(-2.22044604925031E-16,1.,0.));
#4714=DIRECTION('',(-1.,-2.22044604925031E-16,0.));
#4715=DIRECTION('',(2.22044604925031E-16,-1.,0.));
#4716=DIRECTION('',(0.,0.,0.999999999999997));
#4717=DIRECTION('',(2.22044604925031E-16,-1.,0.));
#4718=DIRECTION('',(0.,0.,0.999999999999997));
#4719=DIRECTION('',(2.22044604925031E-16,-1.,0.));
#4720=DIRECTION('',(0.,0.,0.999999999999997));
#4721=DIRECTION('',(2.22044604925031E-16,-1.,0.));
#4722=DIRECTION('',(1.,2.22044604925031E-16,0.));
#4723=DIRECTION('',(-1.,0.,0.));
#4724=DIRECTION('',(0.,1.,0.));
#4725=DIRECTION('',(1.,0.,0.));
#4726=DIRECTION('',(0.,0.,1.));
#4727=DIRECTION('',(0.,0.,1.));
#4728=DIRECTION('',(0.,0.,-1.));
#4729=DIRECTION('',(1.,0.,0.));
#4730=DIRECTION('',(0.,1.,0.));
#4731=DIRECTION('',(0.,1.,0.));
#4732=DIRECTION('',(0.,0.,1.));
#4733=DIRECTION('',(0.,-1.,0.));
#4734=DIRECTION('',(0.,0.,1.));
#4735=DIRECTION('',(1.,0.,0.));
#4736=DIRECTION('',(0.,1.,0.));
#4737=DIRECTION('',(1.,0.,0.));
#4738=DIRECTION('',(0.,1.,0.));
#4739=DIRECTION('',(0.,0.,1.));
#4740=DIRECTION('',(1.,0.,0.));
#4741=DIRECTION('',(0.,1.,0.));
#4742=DIRECTION('',(0.,0.,-1.));
#4743=DIRECTION('',(1.,0.,0.));
#4744=DIRECTION('',(0.,1.,0.));
#4745=DIRECTION('',(0.,1.,0.));
#4746=DIRECTION('',(0.,0.,1.));
#4747=DIRECTION('',(-1.,0.,0.));
#4748=DIRECTION('',(0.,-1.,0.));
#4749=DIRECTION('',(-1.,-2.22044604925031E-16,0.));
#4750=DIRECTION('',(0.,-1.,0.));
#4751=DIRECTION('',(-1.,0.,0.));
#4752=DIRECTION('',(0.,0.,0.999999999999998));
#4753=DIRECTION('',(1.92296268638356E-16,-0.866025403784438,0.500000000000001));
#4754=DIRECTION('',(1.92296268638356E-16,-0.866025403784437,-0.500000000000002));
#4755=DIRECTION('',(2.22387234366467E-31,-1.00154306582478E-15,-1.));
#4756=DIRECTION('',(-1.92296268638356E-16,0.866025403784437,-0.500000000000003));
#4757=DIRECTION('',(-1.92296268638357E-16,0.866025403784441,0.499999999999996));
#4758=DIRECTION('',(-8.548009320961E-31,3.84968115926395E-15,1.));
#4759=DIRECTION('',(-1.,-2.22044604925031E-16,0.));
#4760=DIRECTION('',(2.22044604925031E-16,-1.,0.));
#4761=DIRECTION('',(-2.22387234366467E-31,1.00154306582478E-15,1.));
#4762=DIRECTION('',(-1.,0.,0.));
#4763=DIRECTION('',(-1.,0.,0.));
#4764=DIRECTION('',(0.,1.,-1.00154306582478E-15));
#4765=DIRECTION('',(0.,1.00267016911459E-15,1.));
#4766=DIRECTION('',(1.92296268638356E-16,-0.866025403784437,0.500000000000003));
#4767=DIRECTION('',(-1.,0.,0.));
#4768=DIRECTION('',(0.,0.500000000000003,0.866025403784437));
#4769=DIRECTION('',(0.,-0.866025403784437,0.500000000000003));
#4770=DIRECTION('',(1.92296268638357E-16,-0.866025403784441,-0.499999999999996));
#4771=DIRECTION('',(-1.,0.,0.));
#4772=DIRECTION('',(0.,-0.499999999999996,0.866025403784441));
#4773=DIRECTION('',(0.,-0.866025403784441,-0.499999999999996));
#4774=DIRECTION('',(8.548009320961E-31,-3.84968115926395E-15,-1.));
#4775=DIRECTION('',(-1.,0.,0.));
#4776=DIRECTION('',(0.,-1.,3.84968115926395E-15));
#4777=DIRECTION('',(0.,-3.85108611666851E-15,-1.));
#4778=DIRECTION('',(-1.92296268638356E-16,0.866025403784438,-0.500000000000001));
#4779=DIRECTION('',(-1.,0.,0.));
#4780=DIRECTION('',(0.,-0.500000000000001,-0.866025403784438));
#4781=DIRECTION('',(0.,0.866025403784438,-0.500000000000001));
#4782=DIRECTION('',(-1.92296268638356E-16,0.866025403784437,0.500000000000002));
#4783=DIRECTION('',(0.,0.500000000000002,-0.866025403784438));
#4784=DIRECTION('',(0.,0.866025403784437,0.500000000000002));
#4785=DIRECTION('',(1.,2.22044604925031E-16,0.));
#4786=DIRECTION('',(0.,1.,0.));
#4787=DIRECTION('',(1.,2.22044604925031E-16,0.));
#4788=DIRECTION('',(-2.22044604925031E-16,1.,0.));
#4789=DIRECTION('',(-1.,-2.22044604925031E-16,0.));
#4790=DIRECTION('',(0.,1.,0.));
#4791=DIRECTION('',(1.,2.22044604925031E-16,0.));
#4792=DIRECTION('',(0.,1.,0.));
#4793=DIRECTION('',(1.,2.22044604925031E-16,0.));
#4794=DIRECTION('',(0.,0.,1.));
#4795=DIRECTION('',(-1.,-2.22044604925031E-16,0.));
#4796=DIRECTION('',(2.22044604925031E-16,-1.,0.));
#4797=DIRECTION('',(1.,2.22044604925031E-16,0.));
#4798=DIRECTION('',(0.,0.,1.));
#4799=DIRECTION('',(1.,2.22044604925031E-16,0.));
#4800=DIRECTION('',(0.,0.,1.));
#4801=DIRECTION('',(-1.,0.,0.));
#4802=DIRECTION('',(0.,-1.,0.));
#4803=DIRECTION('',(-1.,-2.22044604925031E-16,0.));
#4804=DIRECTION('',(2.22044604925031E-16,-1.,0.));
#4805=DIRECTION('',(0.,1.,0.));
#4806=DIRECTION('',(0.,0.,1.));
#4807=DIRECTION('',(0.,1.,0.));
#4808=DIRECTION('',(-1.,-2.22044604925031E-16,0.));
#4809=DIRECTION('',(2.22044604925031E-16,-1.,0.));
#4810=DIRECTION('',(1.,2.22044604925031E-16,0.));
#4811=DIRECTION('',(0.,0.,-1.));
#4812=DIRECTION('',(-2.22044604925031E-16,1.,0.));
#4813=DIRECTION('',(0.,1.,0.));
#4814=DIRECTION('',(-1.,-2.22044604925031E-16,0.));
#4815=DIRECTION('',(2.22044604925031E-16,-1.,0.));
#4816=DIRECTION('',(1.,2.22044604925031E-16,0.));
#4817=DIRECTION('',(0.,0.,1.));
#4818=DIRECTION('',(2.22044604925031E-16,-1.,0.));
#4819=DIRECTION('',(-1.,0.,0.));
#4820=DIRECTION('',(0.,-1.,0.));
#4821=DIRECTION('',(1.,2.22044604925031E-16,0.));
#4822=DIRECTION('',(-1.,-2.22044604925031E-16,0.));
#4823=DIRECTION('',(0.,-1.,0.));
#4824=DIRECTION('',(-1.,-2.22044604925031E-16,0.));
#4825=DIRECTION('',(0.,-1.,0.));
#4826=DIRECTION('',(1.,0.,0.));
#4827=DIRECTION('',(0.,-1.,0.));
#4828=DIRECTION('',(-1.,-2.22044604925031E-16,0.));
#4829=DIRECTION('',(0.,-1.,0.));
#4830=DIRECTION('',(-1.,-2.22044604925031E-16,0.));
#4831=DIRECTION('',(1.,2.22044604925031E-16,0.));
#4832=DIRECTION('',(0.,1.,0.));
#4833=DIRECTION('',(-1.,0.,0.));
#4834=DIRECTION('',(0.,-1.,0.));
#4835=DIRECTION('',(1.,2.22044604925031E-16,0.));
#4836=DIRECTION('',(-1.,-2.22044604925031E-16,0.));
#4837=DIRECTION('',(0.,-1.,0.));
#4838=DIRECTION('',(-1.,-2.22044604925031E-16,0.));
#4839=DIRECTION('',(0.,-1.,0.));
#4840=DIRECTION('',(0.,0.,-1.));
#4841=DIRECTION('',(0.,0.,1.));
#4842=DIRECTION('',(-1.,-2.22044604925031E-16,0.));
#4843=DIRECTION('',(0.,-1.,0.));
#4844=DIRECTION('',(-1.,-2.22044604925031E-16,0.));
#4845=DIRECTION('',(-2.22044604925031E-16,1.,0.));
#4846=DIRECTION('',(1.,0.,0.));
#4847=DIRECTION('',(0.,-1.,0.));
#4848=DIRECTION('',(-1.,-2.22044604925031E-16,0.));
#4849=DIRECTION('',(1.,2.22044604925031E-16,0.));
#4850=DIRECTION('',(0.,1.,0.));
#4851=DIRECTION('',(0.,0.,-1.));
#4852=DIRECTION('',(-1.,0.,0.));
#4853=DIRECTION('',(0.,-1.,0.));
#4854=DIRECTION('',(0.,-1.,0.));
#4855=DIRECTION('',(1.,0.,0.));
#4856=DIRECTION('',(0.,-1.,0.));
#4857=DIRECTION('',(0.,0.,-1.));
#4858=DIRECTION('',(-1.,0.,0.));
#4859=DIRECTION('',(0.,-1.,0.));
#4860=DIRECTION('',(0.,0.,-1.));
#4861=DIRECTION('',(-1.,0.,0.));
#4862=DIRECTION('',(0.,-1.,0.));
#4863=DIRECTION('',(0.,-1.,0.));
#4864=DIRECTION('',(1.,0.,0.));
#4865=DIRECTION('',(0.,-1.,0.));
#4866=DIRECTION('',(0.,0.,-1.));
#4867=DIRECTION('',(-1.,0.,0.));
#4868=DIRECTION('',(0.,-1.,0.));
#4869=DIRECTION('',(-1.,-2.22044604925031E-16,0.));
#4870=DIRECTION('',(1.,2.22044604925031E-16,0.));
#4871=DIRECTION('',(1.,2.22044604925031E-16,0.));
#4872=DIRECTION('',(0.,1.,0.));
#4873=DIRECTION('',(-1.,-2.22044604925031E-16,0.));
#4874=DIRECTION('',(1.,2.22044604925031E-16,0.));
#4875=DIRECTION('',(-1.,-2.22044604925031E-16,0.));
#4876=DIRECTION('',(0.,-1.,0.));
#4877=DIRECTION('',(0.,0.,1.));
#4878=DIRECTION('',(2.22044604925031E-16,-1.,0.));
#4879=DIRECTION('',(-1.,-2.22044604925031E-16,0.));
#4880=DIRECTION('',(1.,2.22044604925031E-16,0.));
#4881=DIRECTION('',(-1.,-2.22044604925031E-16,0.));
#4882=DIRECTION('',(0.,-1.,0.));
#4883=DIRECTION('',(-1.,-2.22044604925031E-16,0.));
#4884=DIRECTION('',(1.,2.22044604925031E-16,0.));
#4885=DIRECTION('',(1.,2.22044604925031E-16,0.));
#4886=DIRECTION('',(0.,1.,0.));
#4887=DIRECTION('',(0.,0.,-1.));
#4888=DIRECTION('',(-2.22044604925031E-16,1.,0.));
#4889=DIRECTION('',(2.22044604925031E-16,-1.,0.));
#4890=DIRECTION('',(0.,0.,-1.));
#4891=DIRECTION('',(-2.22044604925031E-16,1.,0.));
#4892=DIRECTION('',(0.,0.,1.));
#4893=DIRECTION('',(0.,1.,0.));
#4894=DIRECTION('',(0.,0.,-1.));
#4895=DIRECTION('',(0.,-1.,0.));
#4896=DIRECTION('',(0.,0.,-1.));
#4897=DIRECTION('',(0.,-1.,0.));
#4898=DIRECTION('',(1.,0.,0.));
#4899=DIRECTION('',(-1.,0.,0.));
#4900=DIRECTION('',(0.,-1.,0.));
#4901=DIRECTION('',(-1.,0.,0.));
#4902=DIRECTION('',(0.,-1.,0.));
#4903=DIRECTION('',(1.,0.,0.));
#4904=DIRECTION('',(0.,-1.,0.));
#4905=DIRECTION('',(1.,0.,0.));
#4906=DIRECTION('',(-4.37536387657721E-17,1.,0.));
#4907=DIRECTION('',(1.,0.,0.));
#4908=DIRECTION('',(0.,0.,0.999999999999997));
#4909=DIRECTION('',(-1.,0.,0.));
#4910=DIRECTION('',(0.,0.,1.));
#4911=DIRECTION('',(-1.,0.,0.));
#4912=DIRECTION('',(0.,0.,1.));
#4913=DIRECTION('',(-1.,0.,0.));
#4914=DIRECTION('',(0.,0.,1.));
#4915=DIRECTION('',(1.,0.,0.));
#4916=DIRECTION('',(0.,0.,0.999999999999999));
#4917=DIRECTION('',(-1.,0.,0.));
#4918=DIRECTION('',(0.,-1.,0.));
#4919=DIRECTION('',(-1.,0.,0.));
#4920=DIRECTION('',(0.,1.,0.));
#4921=DIRECTION('',(-1.,-2.22044604925031E-16,0.));
#4922=DIRECTION('',(2.22044604925031E-16,-1.,0.));
#4923=DIRECTION('',(-1.,0.,0.));
#4924=DIRECTION('',(0.,0.,0.999999999999999));
#4925=CARTESIAN_POINT('',(0.,0.,0.));
#4926=CARTESIAN_POINT('',(13.9505719403976,23.4948106553203,55.1640750000001));
#4927=CARTESIAN_POINT('',(13.9505719403976,24.3948106553203,55.1640750000001));
#4928=CARTESIAN_POINT('',(13.9505719403976,57.6281949707931,75.6215489728374));
#4929=CARTESIAN_POINT('',(13.9505719403976,23.4948106553203,55.9146303499466));
#4930=CARTESIAN_POINT('',(13.9505719403976,22.8448106553203,55.5393526749733));
#4931=CARTESIAN_POINT('',(13.9505719403976,-13.4885736601526,77.2669972400279));
#4932=CARTESIAN_POINT('',(13.9505719403976,24.1448106553203,55.5393526749733));
#4933=CARTESIAN_POINT('',(13.9505719403976,24.1448106553203,138.033201375893));
#4934=CARTESIAN_POINT('',(13.9505719403976,24.1448106553203,54.7887973250268));
#4935=CARTESIAN_POINT('',(13.9505719403976,58.2781949707931,74.4957159479177));
#4936=CARTESIAN_POINT('',(13.9505719403976,23.4948106553203,54.4135196500536));
#4937=CARTESIAN_POINT('',(13.9505719403976,-14.1385736601531,76.1411642151092));
#4938=CARTESIAN_POINT('',(13.9505719403976,22.8448106553203,54.7887973250268));
#4939=CARTESIAN_POINT('',(13.9505719403976,22.8448106553206,138.033201375893));
#4940=CARTESIAN_POINT('',(13.9505719403976,21.5948106553203,138.033201375893));
#4941=CARTESIAN_POINT('',(9.65057194039762,23.4948106553203,55.1640750000001));
#4942=CARTESIAN_POINT('',(9.65057194039762,22.3948106553203,55.1640750000001));
#4943=CARTESIAN_POINT('',(13.7505719403976,23.4948106553203,55.1640750000001));
#4944=CARTESIAN_POINT('',(13.7505719403976,22.3948106553203,55.1640750000001));
#4945=CARTESIAN_POINT('',(-4.04942805960238,23.4948106553203,55.1640750000001));
#4946=CARTESIAN_POINT('',(17.2505719403976,22.8448106553203,55.5393526749733));
#4947=CARTESIAN_POINT('',(11.2505719403976,22.8448106553203,55.5393526749733));
#4948=CARTESIAN_POINT('',(11.2505719403976,23.4948106553203,55.9146303499466));
#4949=CARTESIAN_POINT('',(11.2505719403976,23.4948106553203,55.9146303499466));
#4950=CARTESIAN_POINT('',(17.2505719403976,23.4948106553203,55.9146303499466));
#4951=CARTESIAN_POINT('',(17.2505719403976,23.4948106553203,55.9146303499466));
#4952=CARTESIAN_POINT('',(17.2505719403976,22.8448106553203,54.7887973250268));
#4953=CARTESIAN_POINT('',(11.2505719403976,22.8448106553203,54.7887973250268));
#4954=CARTESIAN_POINT('',(11.2505719403976,22.8448106553203,55.5393526749733));
#4955=CARTESIAN_POINT('',(17.2505719403976,22.8448106553203,55.5393526749733));
#4956=CARTESIAN_POINT('',(17.2505719403976,23.4948106553203,54.4135196500536));
#4957=CARTESIAN_POINT('',(11.2505719403976,23.4948106553203,54.4135196500536));
#4958=CARTESIAN_POINT('',(11.2505719403976,22.8448106553203,54.7887973250268));
#4959=CARTESIAN_POINT('',(17.2505719403976,22.8448106553203,54.7887973250268));
#4960=CARTESIAN_POINT('',(17.2505719403976,24.1448106553203,54.7887973250268));
#4961=CARTESIAN_POINT('',(11.2505719403976,24.1448106553203,54.7887973250268));
#4962=CARTESIAN_POINT('',(11.2505719403976,23.4948106553203,54.4135196500536));
#4963=CARTESIAN_POINT('',(17.2505719403976,23.4948106553203,54.4135196500536));
#4964=CARTESIAN_POINT('',(17.2505719403976,24.1448106553203,55.5393526749733));
#4965=CARTESIAN_POINT('',(11.2505719403976,24.1448106553203,55.5393526749733));
#4966=CARTESIAN_POINT('',(11.2505719403976,24.1448106553203,54.7887973250268));
#4967=CARTESIAN_POINT('',(17.2505719403976,24.1448106553203,54.7887973250268));
#4968=CARTESIAN_POINT('',(11.2505719403976,24.1448106553203,55.5393526749733));
#4969=CARTESIAN_POINT('',(17.2505719403976,24.1448106553203,55.5393526749733));
#4970=CARTESIAN_POINT('',(11.2505719403976,21.5948106553203,137.883201375893));
#4971=CARTESIAN_POINT('',(13.7505719403976,23.4948106553203,55.1640750000001));
#4972=CARTESIAN_POINT('',(14.3505719403976,16.5948106553203,57.764075));
#4973=CARTESIAN_POINT('',(14.3505719403976,7.3948106553203,57.764075));
#4974=CARTESIAN_POINT('',(14.3505719403976,-2.50518934467971,57.764075));
#4975=CARTESIAN_POINT('',(10.0505719403976,7.3948106553203,57.764075));
#4976=CARTESIAN_POINT('',(13.4505719403976,7.3948106553203,57.764075));
#4977=CARTESIAN_POINT('',(13.4505719403976,18.6448106553203,57.764075));
#4978=CARTESIAN_POINT('',(13.4505719403976,17.3448106553203,57.764075));
#4979=CARTESIAN_POINT('',(-1.22058757856185,17.3448106553203,57.764075));
#4980=CARTESIAN_POINT('',(8.04052143405877,17.3448106553203,57.764075));
#4981=CARTESIAN_POINT('',(8.04052143405877,18.6448106553203,57.764075));
#4982=CARTESIAN_POINT('',(8.04052143405877,-2.50518934467971,57.764075));
#4983=CARTESIAN_POINT('',(14.6505719403976,-2.50518934467971,57.764075));
#4984=CARTESIAN_POINT('',(8.04052143405877,18.6448106553203,57.764075));
#4985=CARTESIAN_POINT('',(7.91625736534683,-2.50518934467971,52.264075));
#4986=CARTESIAN_POINT('',(7.84554668722819,-2.50518934467971,52.1933643218813));
#4987=CARTESIAN_POINT('',(7.91625736534683,-2.50518934467971,52.164075));
#4988=CARTESIAN_POINT('',(6.14199329663487,-2.50518934467971,53.8969177124746));
#4989=CARTESIAN_POINT('',(6.14199329663506,-2.50518934467971,53.8969177124744));
#4990=CARTESIAN_POINT('',(5.85915058416044,-2.50518934467971,53.6140749999998));
#4991=CARTESIAN_POINT('',(5.85915058416045,-2.50518934467971,54.0140749999997));
#4992=CARTESIAN_POINT('',(14.6505719403976,-2.50518934467971,54.0140749999995));
#4993=CARTESIAN_POINT('',(-1.22058757856186,-2.50518934467971,54.0140749999999));
#4994=CARTESIAN_POINT('',(-1.22058757856186,-2.50518934467971,54.114075));
#4995=CARTESIAN_POINT('',(-1.32058757856186,-2.50518934467971,54.114075));
#4996=CARTESIAN_POINT('',(-1.32058757856186,-2.50518934467971,55.0140749999999));
#4997=CARTESIAN_POINT('',(-1.32058757856186,-2.50518934467971,55.114075));
#4998=CARTESIAN_POINT('',(14.6505719403976,-2.50518934467971,55.114075));
#4999=CARTESIAN_POINT('',(-1.62058757856186,-2.50518934467971,55.114075));
#5000=CARTESIAN_POINT('',(-1.62058757856186,-2.50518934467971,55.114075));
#5001=CARTESIAN_POINT('',(-1.62058757856186,-2.50518934467971,55.214075));
#5002=CARTESIAN_POINT('',(-1.62058757856186,-2.50518934467971,55.214075));
#5003=CARTESIAN_POINT('',(-1.32058757856186,-2.50518934467971,55.214075));
#5004=CARTESIAN_POINT('',(-1.32058757856186,-2.50518934467971,55.0140749999999));
#5005=CARTESIAN_POINT('',(-1.32058757856186,-2.50518934467971,56.214075));
#5006=CARTESIAN_POINT('',(-1.22058757856186,-2.50518934467971,56.214075));
#5007=CARTESIAN_POINT('',(-1.22058757856187,-2.50518934467971,56.314075));
#5008=CARTESIAN_POINT('',(-1.52058757856183,-2.50518934467971,56.314075));
#5009=CARTESIAN_POINT('',(5.85915058416045,-2.50518934467971,56.3140750000002));
#5010=CARTESIAN_POINT('',(5.85915058416044,-2.50518934467971,56.7140750000002));
#5011=CARTESIAN_POINT('',(6.14199329663506,-2.50518934467971,56.4312322875256));
#5012=CARTESIAN_POINT('',(9.68770397475368,-2.50518934467971,59.9769429656441));
#5013=CARTESIAN_POINT('',(7.84554668722819,-2.50518934467971,58.1347856781186));
#5014=CARTESIAN_POINT('',(7.91625736534683,-2.50518934467971,58.064075));
#5015=CARTESIAN_POINT('',(7.91625736534683,-2.50518934467971,58.164075));
#5016=CARTESIAN_POINT('',(14.6505719403976,-2.50518934467971,58.164075));
#5017=CARTESIAN_POINT('',(14.7505719403976,-2.50518934467971,58.164075));
#5018=CARTESIAN_POINT('',(14.7505719403976,-2.50518934467971,58.064075));
#5019=CARTESIAN_POINT('',(14.8505719403976,-2.50518934467971,58.064075));
#5020=CARTESIAN_POINT('',(14.8505719403976,-2.50518934467971,51.9640749999999));
#5021=CARTESIAN_POINT('',(14.8505719403976,-2.50518934467971,52.264075));
#5022=CARTESIAN_POINT('',(14.7505719403976,-2.50518934467971,52.264075));
#5023=CARTESIAN_POINT('',(14.7505719403976,-2.50518934467971,52.164075));
#5024=CARTESIAN_POINT('',(7.79199329663493,-2.50518934467971,52.164075));
#5025=CARTESIAN_POINT('',(14.6505719403976,-2.50518934467971,52.564075));
#5026=CARTESIAN_POINT('',(14.3505719403976,-2.50518934467971,52.564075));
#5027=CARTESIAN_POINT('',(8.04052143405873,-2.50518934467971,52.564075));
#5028=CARTESIAN_POINT('',(14.3505719403976,-2.50518934467971,55.0140749999999));
#5029=CARTESIAN_POINT('',(9.97054668722826,-2.50518934467971,59.6941002531694));
#5030=CARTESIAN_POINT('',(6.42483600910971,-2.50518934467971,56.148389575051));
#5031=CARTESIAN_POINT('',(5.85915058416044,-2.50518934467971,56.7140750000002));
#5032=CARTESIAN_POINT('',(5.85915058416044,-2.50518934467971,55.9140750000002));
#5033=CARTESIAN_POINT('',(14.6505719403976,-2.50518934467971,55.9140750000003));
#5034=CARTESIAN_POINT('',(-0.92058757856186,-2.50518934467971,55.914075));
#5035=CARTESIAN_POINT('',(-0.92058757856186,-2.50518934467971,55.0140749999999));
#5036=CARTESIAN_POINT('',(-0.92058757856186,-2.50518934467971,54.4140749999999));
#5037=CARTESIAN_POINT('',(14.6505719403976,-2.50518934467971,54.4140749999995));
#5038=CARTESIAN_POINT('',(5.85915058416044,-2.50518934467971,54.4140749999997));
#5039=CARTESIAN_POINT('',(5.85915058416044,-2.50518934467971,53.6140749999998));
#5040=CARTESIAN_POINT('',(6.42483600910968,-2.50518934467971,54.179760424949));
#5041=CARTESIAN_POINT('',(10.1205466872283,-2.50518934467971,50.4840497468305));
#5042=CARTESIAN_POINT('',(14.2505719403976,-2.50518934467971,58.064075));
#5043=CARTESIAN_POINT('',(13.4505719403976,17.3448106553203,54.1140749999999));
#5044=CARTESIAN_POINT('',(13.4505719403976,17.3448106553203,52.564075));
#5045=CARTESIAN_POINT('',(-1.22058757856185,17.3448106553203,52.564075));
#5046=CARTESIAN_POINT('',(8.04052143405874,17.3448106553203,52.564075));
#5047=CARTESIAN_POINT('',(2.63496692774837,17.3448106553203,57.9696295063102));
#5048=CARTESIAN_POINT('',(6.42483600910968,17.3448106553203,54.179760424949));
#5049=CARTESIAN_POINT('',(5.85915058416044,17.3448106553203,53.6140749999998));
#5050=CARTESIAN_POINT('',(5.85915058416047,17.3448106553203,54.4140749999998));
#5051=CARTESIAN_POINT('',(-1.22058757856185,17.3448106553203,54.4140749999999));
#5052=CARTESIAN_POINT('',(-0.92058757856186,17.3448106553203,54.4140749999999));
#5053=CARTESIAN_POINT('',(-0.92058757856186,17.3448106553203,54.1140749999999));
#5054=CARTESIAN_POINT('',(-0.92058757856186,17.3448106553203,55.914075));
#5055=CARTESIAN_POINT('',(-1.22058757856189,17.3448106553203,55.914075));
#5056=CARTESIAN_POINT('',(5.85915058416046,17.3448106553203,55.9140750000002));
#5057=CARTESIAN_POINT('',(5.85915058416044,17.3448106553203,56.7140750000002));
#5058=CARTESIAN_POINT('',(6.42483600910969,17.3448106553203,56.148389575051));
#5059=CARTESIAN_POINT('',(1.5849669277483,17.3448106553203,51.3085204936897));
#5060=CARTESIAN_POINT('',(-1.22058757856185,17.3448106553203,54.1140749999999));
#5061=CARTESIAN_POINT('',(9.55057194039764,7.3948106553203,52.564075));
#5062=CARTESIAN_POINT('',(13.4505719403976,7.3948106553203,52.564075));
#5063=CARTESIAN_POINT('',(14.3505719403976,7.3948106553203,52.564075));
#5064=CARTESIAN_POINT('',(14.3505719403976,16.5948106553203,52.564075));
#5065=CARTESIAN_POINT('',(8.04052143405874,18.6448106553203,52.564075));
#5066=CARTESIAN_POINT('',(13.4505719403976,16.5948106553203,52.564075));
#5067=CARTESIAN_POINT('',(13.4505719403976,18.6448106553203,52.564075));
#5068=CARTESIAN_POINT('',(6.42483600910967,18.6448106553203,54.179760424949));
#5069=CARTESIAN_POINT('',(8.04052143405874,18.6448106553203,52.564075));
#5070=CARTESIAN_POINT('',(5.85915058416044,18.6448106553203,54.4140749999998));
#5071=CARTESIAN_POINT('',(5.85915058416044,18.6448106553203,53.6140749999998));
#5072=CARTESIAN_POINT('',(-0.920587578561859,18.6448106553203,54.4140749999999));
#5073=CARTESIAN_POINT('',(5.85915058416047,18.6448106553203,54.4140749999997));
#5074=CARTESIAN_POINT('',(-0.92058757856186,18.6448106553203,55.914075));
#5075=CARTESIAN_POINT('',(-0.92058757856186,18.6448106553203,54.4140749999999));
#5076=CARTESIAN_POINT('',(5.85915058416046,18.6448106553203,55.9140750000001));
#5077=CARTESIAN_POINT('',(-0.92058757856186,18.6448106553203,55.914075));
#5078=CARTESIAN_POINT('',(6.42483600910969,18.6448106553203,56.148389575051));
#5079=CARTESIAN_POINT('',(5.85915058416044,18.6448106553203,56.7140750000002));
#5080=CARTESIAN_POINT('',(6.42483600910969,18.6448106553203,56.1483895750509));
#5081=CARTESIAN_POINT('',(15.1505719403976,-4.0051893446797,52.264075));
#5082=CARTESIAN_POINT('',(15.1505719403976,22.7266960805336,52.264075));
#5083=CARTESIAN_POINT('',(15.1505719403976,-3.60518934467971,52.264075));
#5084=CARTESIAN_POINT('',(15.1505719403976,23.4948106553203,55.164075));
#5085=CARTESIAN_POINT('',(15.1505719403976,22.7266960805333,58.064075));
#5086=CARTESIAN_POINT('',(15.1505719403976,-4.0051893446797,58.064075));
#5087=CARTESIAN_POINT('',(15.1505719403976,-3.60518934467971,58.064075));
#5088=CARTESIAN_POINT('',(15.1505719403976,-3.60518934467971,56.1640749999999));
#5089=CARTESIAN_POINT('',(15.1505719403976,22.8948106553203,56.764075));
#5090=CARTESIAN_POINT('',(15.1505719403976,-1.50518934467971,56.764075));
#5091=CARTESIAN_POINT('',(15.1505719403976,-0.505189344679707,56.764075));
#5092=CARTESIAN_POINT('',(15.1505719403976,-0.505189344679707,55.664075));
#5093=CARTESIAN_POINT('',(15.1505719403976,-0.505189344679707,53.564075));
#5094=CARTESIAN_POINT('',(15.1505719403976,-1.00518934467971,53.564075));
#5095=CARTESIAN_POINT('',(15.1505719403976,-1.50518934467971,53.564075));
#5096=CARTESIAN_POINT('',(15.1505719403976,-1.50518934467971,55.664075));
#5097=CARTESIAN_POINT('',(15.1505719403976,11.8948106553203,54.164075));
#5098=CARTESIAN_POINT('',(15.1505719403976,13.1948106553203,54.164075));
#5099=CARTESIAN_POINT('',(15.1505719403976,11.8948106553203,52.864075));
#5100=CARTESIAN_POINT('',(15.1505719403976,11.8948106553203,52.864075));
#5101=CARTESIAN_POINT('',(15.1505719403976,8.89481065532029,52.864075));
#5102=CARTESIAN_POINT('',(15.1505719403976,8.89481065532029,54.164075));
#5103=CARTESIAN_POINT('',(15.1505719403976,7.59481065532029,54.164075));
#5104=CARTESIAN_POINT('',(15.1505719403976,7.59481065532029,54.414075));
#5105=CARTESIAN_POINT('',(15.1505719403976,7.59481065532029,56.164075));
#5106=CARTESIAN_POINT('',(15.1505719403976,8.89481065532029,56.164075));
#5107=CARTESIAN_POINT('',(15.1505719403976,8.89481065532029,57.464075));
#5108=CARTESIAN_POINT('',(15.1505719403976,11.8948106553203,57.464075));
#5109=CARTESIAN_POINT('',(15.1505719403976,11.8948106553203,57.464075));
#5110=CARTESIAN_POINT('',(15.1505719403976,11.8948106553203,56.164075));
#5111=CARTESIAN_POINT('',(15.1505719403976,13.1948106553203,56.164075));
#5112=CARTESIAN_POINT('',(15.1505719403976,13.1948106553203,55.164075));
#5113=CARTESIAN_POINT('',(15.1505719403976,-4.0051893446797,52.264075));
#5114=CARTESIAN_POINT('',(14.7505719403976,-4.0051893446797,58.464075));
#5115=CARTESIAN_POINT('',(14.7505719403976,-3.60518934467971,58.464075));
#5116=CARTESIAN_POINT('',(14.7505719403976,27.4948106553203,58.464075));
#5117=CARTESIAN_POINT('',(14.7505719403976,-3.60518934467971,58.064075));
#5118=CARTESIAN_POINT('',(15.1505719403976,22.8948106553203,58.064075));
#5119=CARTESIAN_POINT('',(15.1505719403976,24.2629252301073,58.064075));
#5120=CARTESIAN_POINT('',(15.1505719403976,22.8948106553203,58.064075));
#5121=CARTESIAN_POINT('',(15.1505719403976,27.4948106553203,58.064075));
#5122=CARTESIAN_POINT('',(14.7505719403976,27.4948106553203,58.064075));
#5123=CARTESIAN_POINT('',(14.7505719403976,-4.0051893446797,58.064075));
#5124=CARTESIAN_POINT('',(7.91625736534684,-4.0051893446797,58.464075));
#5125=CARTESIAN_POINT('',(7.91625736534685,27.4948106553203,58.4640749999999));
#5126=CARTESIAN_POINT('',(7.91625736534684,-3.60518934467971,58.464075));
#5127=CARTESIAN_POINT('',(14.2505719403976,-3.60518934467971,58.464075));
#5128=CARTESIAN_POINT('',(7.79199329663493,27.4948106553203,58.464075));
#5129=CARTESIAN_POINT('',(10.0505719403976,27.4948106553203,58.464075));
#5130=CARTESIAN_POINT('',(10.0505719403976,22.8948106553203,58.464075));
#5131=CARTESIAN_POINT('',(10.0505719403976,20.4948106553203,58.464075));
#5132=CARTESIAN_POINT('',(10.0505719403976,27.8948106553203,58.464075));
#5133=CARTESIAN_POINT('',(10.0505719403976,19.8948106553203,58.464075));
#5134=CARTESIAN_POINT('',(7.79199329663493,19.8948106553203,58.464075));
#5135=CARTESIAN_POINT('',(9.55057194039764,19.8948106553203,58.4640749999999));
#5136=CARTESIAN_POINT('',(9.55057194039764,27.8948106553203,58.4640749999999));
#5137=CARTESIAN_POINT('',(9.55057194039764,27.4948106553203,58.4640749999999));
#5138=CARTESIAN_POINT('',(7.61625736534678,27.4948106553203,58.4640749999999));
#5139=CARTESIAN_POINT('',(14.2505719403976,-4.0051893446797,58.464075));
#5140=CARTESIAN_POINT('',(7.63341465287222,-4.0051893446797,58.3469177124746));
#5141=CARTESIAN_POINT('',(7.63341465287222,-3.60518934467971,58.3469177124746));
#5142=CARTESIAN_POINT('',(7.63341465287224,27.4948106553203,58.3469177124746));
#5143=CARTESIAN_POINT('',(7.91625736534684,-3.60518934467971,58.064075));
#5144=CARTESIAN_POINT('',(7.91625736534685,27.4948106553203,58.0640749999999));
#5145=CARTESIAN_POINT('',(7.91625736534684,-4.0051893446797,58.064075));
#5146=CARTESIAN_POINT('',(5.9298612622791,-4.0051893446797,56.6433643218815));
#5147=CARTESIAN_POINT('',(5.92986126227911,27.4948106553203,56.6433643218815));
#5148=CARTESIAN_POINT('',(5.9298612622791,-3.60518934467971,56.6433643218815));
#5149=CARTESIAN_POINT('',(7.63341465287222,-3.60518934467971,58.3469177124746));
#5150=CARTESIAN_POINT('',(5.92986126227891,27.4948106553203,56.6433643218813));
#5151=CARTESIAN_POINT('',(7.63341465287221,-4.0051893446797,58.3469177124746));
#5152=CARTESIAN_POINT('',(5.85915058416046,-4.0051893446797,56.6140750000002));
#5153=CARTESIAN_POINT('',(5.85915058416046,-3.60518934467971,56.6140750000002));
#5154=CARTESIAN_POINT('',(5.85915058416046,27.4948106553203,56.6140750000001));
#5155=CARTESIAN_POINT('',(5.85915058416045,-3.60518934467971,56.7140750000002));
#5156=CARTESIAN_POINT('',(5.85915058416045,27.4948106553203,56.7140750000001));
#5157=CARTESIAN_POINT('',(5.85915058416045,-4.0051893446797,56.7140750000002));
#5158=CARTESIAN_POINT('',(-1.22058757856187,-4.0051893446797,56.614075));
#5159=CARTESIAN_POINT('',(-1.22058757856187,-3.60518934467971,56.614075));
#5160=CARTESIAN_POINT('',(-1.22058757856187,19.8948106553203,56.614075));
#5161=CARTESIAN_POINT('',(5.85915058416046,-3.60518934467971,56.6140750000002));
#5162=CARTESIAN_POINT('',(7.61625736534667,27.4948106553203,56.6140750000002));
#5163=CARTESIAN_POINT('',(1.1832529024786,27.4948106553203,56.614075));
#5164=CARTESIAN_POINT('',(1.1832529024786,26.4948106553203,56.614075));
#5165=CARTESIAN_POINT('',(1.1832529024786,19.8948106553203,56.614075));
#5166=CARTESIAN_POINT('',(-1.52058757856184,19.8948106553203,56.614075));
#5167=CARTESIAN_POINT('',(5.85915058416045,-4.0051893446797,56.6140750000002));
#5168=CARTESIAN_POINT('',(-1.62058757856186,-4.0051893446797,56.214075));
#5169=CARTESIAN_POINT('',(-1.62058757856186,-3.60518934467971,56.214075));
#5170=CARTESIAN_POINT('',(-1.62058757856186,19.8948106553203,56.214075));
#5171=CARTESIAN_POINT('',(-1.22058757856186,-3.60518934467971,56.214075));
#5172=CARTESIAN_POINT('',(-1.22058757856186,19.8948106553203,56.214075));
#5173=CARTESIAN_POINT('',(-1.22058757856186,-4.0051893446797,56.214075));
#5174=CARTESIAN_POINT('',(-1.62058757856186,-4.0051893446797,54.1140749999999));
#5175=CARTESIAN_POINT('',(-1.62058757856186,-3.60518934467971,54.1140749999999));
#5176=CARTESIAN_POINT('',(-1.62058757856186,19.8948106553203,54.114075));
#5177=CARTESIAN_POINT('',(-1.62058757856186,-3.60518934467971,56.214075));
#5178=CARTESIAN_POINT('',(-1.62058757856186,19.8948106553203,56.5140749999999));
#5179=CARTESIAN_POINT('',(-1.62058757856186,19.8948106553203,55.214075));
#5180=CARTESIAN_POINT('',(-1.62058757856186,-2.50518934467971,55.214075));
#5181=CARTESIAN_POINT('',(-1.62058757856186,22.8948106553203,55.114075));
#5182=CARTESIAN_POINT('',(-1.62058757856186,19.8948106553203,55.114075));
#5183=CARTESIAN_POINT('',(-1.62058757856186,19.8948106553203,56.5140749999999));
#5184=CARTESIAN_POINT('',(-1.62058757856186,-4.0051893446797,55.114075));
#5185=CARTESIAN_POINT('',(-1.22058757856187,-4.0051893446797,53.7140749999999));
#5186=CARTESIAN_POINT('',(-1.22058757856187,-3.60518934467971,53.7140749999999));
#5187=CARTESIAN_POINT('',(-1.22058757856187,19.8948106553203,53.714075));
#5188=CARTESIAN_POINT('',(-1.22058757856186,-3.60518934467971,54.1140749999999));
#5189=CARTESIAN_POINT('',(-1.22058757856186,19.8948106553203,54.114075));
#5190=CARTESIAN_POINT('',(-1.22058757856186,-4.0051893446797,54.1140749999999));
#5191=CARTESIAN_POINT('',(5.85915058416045,-4.0051893446797,53.7140749999998));
#5192=CARTESIAN_POINT('',(5.85915058416046,27.4948106553203,53.7140749999997));
#5193=CARTESIAN_POINT('',(5.85915058416045,-3.60518934467971,53.7140749999998));
#5194=CARTESIAN_POINT('',(-1.22058757856187,-3.60518934467971,53.714075));
#5195=CARTESIAN_POINT('',(-1.52058757856184,19.8948106553203,53.714075));
#5196=CARTESIAN_POINT('',(1.18325290247856,19.8948106553203,53.7140749999999));
#5197=CARTESIAN_POINT('',(1.18325290247851,26.4948106553203,53.7140749999998));
#5198=CARTESIAN_POINT('',(1.18325290247851,27.4948106553203,53.7140749999998));
#5199=CARTESIAN_POINT('',(-1.52058757856184,27.4948106553203,53.7140749999999));
#5200=CARTESIAN_POINT('',(-1.22058757856187,-4.0051893446797,53.714075));
#5201=CARTESIAN_POINT('',(5.92986126227911,-4.0051893446797,53.6847856781184));
#5202=CARTESIAN_POINT('',(5.92986126227911,-3.60518934467971,53.6847856781184));
#5203=CARTESIAN_POINT('',(5.92986126227911,27.4948106553203,53.6847856781184));
#5204=CARTESIAN_POINT('',(5.85915058416045,-3.60518934467971,53.6140749999998));
#5205=CARTESIAN_POINT('',(5.85915058416045,27.4948106553203,53.6140749999997));
#5206=CARTESIAN_POINT('',(5.85915058416045,-4.0051893446797,53.6140749999998));
#5207=CARTESIAN_POINT('',(7.63341465287223,-4.0051893446797,51.9812322875253));
#5208=CARTESIAN_POINT('',(7.63341465287224,27.4948106553203,51.9812322875253));
#5209=CARTESIAN_POINT('',(7.63341465287223,-3.60518934467971,51.9812322875253));
#5210=CARTESIAN_POINT('',(5.9298612622791,-3.60518934467971,53.6847856781184));
#5211=CARTESIAN_POINT('',(7.33341465287219,27.4948106553203,52.2812322875254));
#5212=CARTESIAN_POINT('',(5.9298612622791,-4.0051893446797,53.6847856781184));
#5213=CARTESIAN_POINT('',(7.91625736534684,-4.0051893446797,51.864075));
#5214=CARTESIAN_POINT('',(7.91625736534684,-3.60518934467971,51.864075));
#5215=CARTESIAN_POINT('',(7.91625736534685,27.4948106553203,51.8640749999999));
#5216=CARTESIAN_POINT('',(7.91625736534684,-3.60518934467971,52.264075));
#5217=CARTESIAN_POINT('',(7.91625736534685,27.4948106553203,52.2640749999999));
#5218=CARTESIAN_POINT('',(7.91625736534684,-4.0051893446797,52.264075));
#5219=CARTESIAN_POINT('',(14.7505719403976,-4.0051893446797,51.8640749999999));
#5220=CARTESIAN_POINT('',(14.7505719403976,-3.60518934467971,51.8640749999999));
#5221=CARTESIAN_POINT('',(14.7505719403976,27.4948106553203,51.864075));
#5222=CARTESIAN_POINT('',(7.91625736534684,-3.60518934467971,51.8640749999999));
#5223=CARTESIAN_POINT('',(7.79199329663493,27.4948106553203,51.8640749999999));
#5224=CARTESIAN_POINT('',(9.55057194039764,27.4948106553203,51.8640749999999));
#5225=CARTESIAN_POINT('',(9.55057194039764,46.8948106553203,51.8640749999999));
#5226=CARTESIAN_POINT('',(9.55057194039764,19.8948106553203,51.864075));
#5227=CARTESIAN_POINT('',(13.9005969403976,19.8948106553203,51.864075));
#5228=CARTESIAN_POINT('',(10.0505719403976,19.8948106553203,51.864075));
#5229=CARTESIAN_POINT('',(10.0505719403976,22.8948106553203,51.864075));
#5230=CARTESIAN_POINT('',(10.0505719403976,20.4948106553203,51.864075));
#5231=CARTESIAN_POINT('',(10.0505719403976,22.8948106553203,51.864075));
#5232=CARTESIAN_POINT('',(10.0505719403976,27.4948106553203,51.864075));
#5233=CARTESIAN_POINT('',(7.4919932966349,27.4948106553203,51.864075));
#5234=CARTESIAN_POINT('',(7.91625736534684,-4.0051893446797,51.8640749999999));
#5235=CARTESIAN_POINT('',(14.7505719403976,-3.60518934467971,52.264075));
#5236=CARTESIAN_POINT('',(14.7505719403976,27.4948106553203,52.264075));
#5237=CARTESIAN_POINT('',(15.1505719403976,27.4948106553203,52.264075));
#5238=CARTESIAN_POINT('',(15.1505719403976,22.8948106553203,52.264075));
#5239=CARTESIAN_POINT('',(15.1505719403976,24.262925230107,52.264075));
#5240=CARTESIAN_POINT('',(15.1505719403976,22.8948106553203,52.264075));
#5241=CARTESIAN_POINT('',(14.7505719403976,-4.0051893446797,52.264075));
#5242=CARTESIAN_POINT('',(14.3505719403976,7.3948106553203,58.164075));
#5243=CARTESIAN_POINT('',(13.4505719403976,7.3948106553203,58.164075));
#5244=CARTESIAN_POINT('',(14.3005719403976,7.3948106553203,57.964075));
#5245=CARTESIAN_POINT('',(13.4505719403976,16.5948106553203,58.164075));
#5246=CARTESIAN_POINT('',(10.7574124214382,-4.0051893446797,54.975));
#5247=CARTESIAN_POINT('',(10.7574124214382,-4.0051893446797,53.225));
#5248=CARTESIAN_POINT('',(14.7505719403976,-4.0051893446797,54.164075));
#5249=CARTESIAN_POINT('',(14.7505719403976,-4.0051893446797,52.264075));
#5250=CARTESIAN_POINT('',(14.7505719403976,-4.0051893446797,58.064075));
#5251=CARTESIAN_POINT('',(7.91625736534684,-4.0051893446797,58.064075));
#5252=CARTESIAN_POINT('',(7.91625736534684,-4.0051893446797,58.064075));
#5253=CARTESIAN_POINT('',(6.21270397475372,-4.0051893446797,56.3605216094069));
#5254=CARTESIAN_POINT('',(6.21270397475372,-4.0051893446797,56.3605216094069));
#5255=CARTESIAN_POINT('',(5.85915058416045,-4.0051893446797,56.7140750000002));
#5256=CARTESIAN_POINT('',(5.85915058416049,-4.0051893446797,56.2140750000002));
#5257=CARTESIAN_POINT('',(-1.22058757856186,-4.0051893446797,56.214075));
#5258=CARTESIAN_POINT('',(-1.22058757856186,-4.0051893446797,56.214075));
#5259=CARTESIAN_POINT('',(-1.22058757856186,-4.0051893446797,54.1140749999999));
#5260=CARTESIAN_POINT('',(-1.22058757856186,-4.0051893446797,54.114075));
#5261=CARTESIAN_POINT('',(5.85915058416046,-4.0051893446797,54.1140749999998));
#5262=CARTESIAN_POINT('',(5.85915058416046,-4.0051893446797,54.1140749999998));
#5263=CARTESIAN_POINT('',(5.85915058416045,-4.0051893446797,53.6140749999998));
#5264=CARTESIAN_POINT('',(6.21270397475369,-4.0051893446797,53.967628390593));
#5265=CARTESIAN_POINT('',(7.91625736534684,-4.0051893446797,52.264075));
#5266=CARTESIAN_POINT('',(7.91625736534684,-4.0051893446797,52.2640749999999));
#5267=CARTESIAN_POINT('',(14.2505719403976,-4.0051893446797,52.2640749999999));
#5268=CARTESIAN_POINT('',(14.2505719403976,-4.0051893446797,58.064075));
#5269=CARTESIAN_POINT('',(14.7505719403976,-3.60518934467971,52.264075));
#5270=CARTESIAN_POINT('',(14.7505719403976,-3.60518934467971,58.064075));
#5271=CARTESIAN_POINT('',(14.7505719403976,-3.60518934467971,58.064075));
#5272=CARTESIAN_POINT('',(14.7505719403976,-3.60518934467971,52.2640749999999));
#5273=CARTESIAN_POINT('',(14.7505719403976,-3.60518934467971,52.264075));
#5274=CARTESIAN_POINT('',(7.91625736534684,-3.60518934467971,52.2640749999999));
#5275=CARTESIAN_POINT('',(14.2505719403976,-3.60518934467971,52.2640749999999));
#5276=CARTESIAN_POINT('',(7.91625736534684,-3.60518934467971,52.264075));
#5277=CARTESIAN_POINT('',(7.91625736534684,-3.60518934467971,52.264075));
#5278=CARTESIAN_POINT('',(6.21270397475371,-3.60518934467971,53.967628390593));
#5279=CARTESIAN_POINT('',(6.21270397475371,-3.60518934467971,53.967628390593));
#5280=CARTESIAN_POINT('',(5.85915058416045,-3.60518934467971,54.1140749999998));
#5281=CARTESIAN_POINT('',(5.85915058416045,-3.60518934467971,53.6140749999998));
#5282=CARTESIAN_POINT('',(-1.22058757856186,-3.60518934467971,54.114075));
#5283=CARTESIAN_POINT('',(-1.22058757856186,-3.60518934467971,54.114075));
#5284=CARTESIAN_POINT('',(-1.22058757856186,-3.60518934467971,54.1140749999999));
#5285=CARTESIAN_POINT('',(-1.22058757856186,-3.60518934467971,54.1140749999999));
#5286=CARTESIAN_POINT('',(-1.22058757856186,-3.60518934467971,56.214075));
#5287=CARTESIAN_POINT('',(-1.22058757856186,-3.60518934467971,55.114075));
#5288=CARTESIAN_POINT('',(-1.22058757856186,-3.60518934467971,56.214075));
#5289=CARTESIAN_POINT('',(-1.22058757856186,-3.60518934467971,56.214075));
#5290=CARTESIAN_POINT('',(5.85915058416047,-3.60518934467971,56.2140750000002));
#5291=CARTESIAN_POINT('',(5.85915058416046,-3.60518934467971,56.2140750000002));
#5292=CARTESIAN_POINT('',(6.21270397475372,-3.60518934467971,56.3605216094069));
#5293=CARTESIAN_POINT('',(5.85915058416045,-3.60518934467971,56.7140750000002));
#5294=CARTESIAN_POINT('',(7.91625736534683,-3.60518934467971,58.064075));
#5295=CARTESIAN_POINT('',(11.0834146528724,-3.60518934467971,61.2312322875254));
#5296=CARTESIAN_POINT('',(7.91625736534684,-3.60518934467971,58.064075));
#5297=CARTESIAN_POINT('',(7.91625736534684,-3.60518934467971,58.064075));
#5298=CARTESIAN_POINT('',(14.7505719403976,-3.60518934467971,58.064075));
#5299=CARTESIAN_POINT('',(14.2505719403976,-3.60518934467971,58.064075));
#5300=CARTESIAN_POINT('',(14.7505719403976,-3.60518934467971,58.064075));
#5301=CARTESIAN_POINT('',(14.3505719403976,16.5948106553203,58.164075));
#5302=CARTESIAN_POINT('',(15.6005719403976,7.59481065532029,54.164075));
#5303=CARTESIAN_POINT('',(15.6505719403976,7.59481065532029,54.164075));
#5304=CARTESIAN_POINT('',(15.6505719403976,7.59481065532029,54.414075));
#5305=CARTESIAN_POINT('',(15.6505719403976,7.5948106553203,56.164075));
#5306=CARTESIAN_POINT('',(15.6005719403976,7.59481065532029,56.164075));
#5307=CARTESIAN_POINT('',(15.6005719403976,7.59481065532029,54.414075));
#5308=CARTESIAN_POINT('',(15.6005719403976,8.89481065532029,57.464075));
#5309=CARTESIAN_POINT('',(15.6505719403976,8.89481065532029,57.464075));
#5310=CARTESIAN_POINT('',(15.6505719403976,11.8948106553203,57.464075));
#5311=CARTESIAN_POINT('',(15.6505719403976,11.8948106553203,57.464075));
#5312=CARTESIAN_POINT('',(15.6005719403976,11.8948106553203,57.464075));
#5313=CARTESIAN_POINT('',(15.6005719403976,11.8948106553203,57.464075));
#5314=CARTESIAN_POINT('',(16.1505719403976,11.7948106553203,56.064075));
#5315=CARTESIAN_POINT('',(16.1505719403976,11.7948106553203,56.8054963562373));
#5316=CARTESIAN_POINT('',(16.1505719403976,12.5362320115576,56.064075));
#5317=CARTESIAN_POINT('',(16.1505719403976,12.5362320115576,54.414075));
#5318=CARTESIAN_POINT('',(16.1505719403976,12.5362320115576,54.264075));
#5319=CARTESIAN_POINT('',(16.1505719403976,11.7948106553203,54.264075));
#5320=CARTESIAN_POINT('',(16.1505719403976,11.7948106553203,53.5226536437627));
#5321=CARTESIAN_POINT('',(16.1505719403976,11.8948106553203,53.5226536437627));
#5322=CARTESIAN_POINT('',(16.1505719403976,8.99481065532029,53.5226536437627));
#5323=CARTESIAN_POINT('',(16.1505719403976,8.99481065532029,54.264075));
#5324=CARTESIAN_POINT('',(16.1505719403976,8.25338929908299,54.264075));
#5325=CARTESIAN_POINT('',(16.1505719403976,8.25338929908299,54.414075));
#5326=CARTESIAN_POINT('',(16.1505719403976,8.25338929908299,56.064075));
#5327=CARTESIAN_POINT('',(16.1505719403976,8.99481065532029,56.064075));
#5328=CARTESIAN_POINT('',(16.1505719403976,8.99481065532029,56.8054963562373));
#5329=CARTESIAN_POINT('',(16.1505719403976,11.8948106553203,56.8054963562373));
#5330=CARTESIAN_POINT('',(16.1505719403976,8.89481065532029,54.164075));
#5331=CARTESIAN_POINT('',(16.1505719403976,7.86251395146298,54.164075));
#5332=CARTESIAN_POINT('',(16.1505719403976,8.89481065532029,53.1317782961427));
#5333=CARTESIAN_POINT('',(16.1505719403976,11.8948106553203,53.1317782961427));
#5334=CARTESIAN_POINT('',(16.1505719403976,11.8948106553203,53.1317782961427));
#5335=CARTESIAN_POINT('',(16.1505719403976,11.8948106553203,54.164075));
#5336=CARTESIAN_POINT('',(16.1505719403976,12.9271073591776,54.164075));
#5337=CARTESIAN_POINT('',(16.1505719403976,12.9271073591776,54.414075));
#5338=CARTESIAN_POINT('',(16.1505719403976,12.9271073591776,56.164075));
#5339=CARTESIAN_POINT('',(16.1505719403976,11.8948106553203,56.164075));
#5340=CARTESIAN_POINT('',(16.1505719403976,11.8948106553203,57.1963717038573));
#5341=CARTESIAN_POINT('',(16.1505719403976,11.8948106553203,57.1963717038573));
#5342=CARTESIAN_POINT('',(16.1505719403976,8.89481065532029,57.1963717038573));
#5343=CARTESIAN_POINT('',(16.1505719403976,8.89481065532029,56.164075));
#5344=CARTESIAN_POINT('',(16.1505719403976,7.86251395146298,56.164075));
#5345=CARTESIAN_POINT('',(16.1505719403976,7.86251395146298,54.414075));
#5346=CARTESIAN_POINT('',(16.1505719403976,11.8948106553203,54.414075));
#5347=CARTESIAN_POINT('',(15.6005719403976,13.1948106553203,56.164075));
#5348=CARTESIAN_POINT('',(15.6505719403976,13.1948106553203,56.164075));
#5349=CARTESIAN_POINT('',(15.6505719403976,13.1948106553203,54.414075));
#5350=CARTESIAN_POINT('',(15.6505719403976,13.1948106553203,54.164075));
#5351=CARTESIAN_POINT('',(15.6005719403976,13.1948106553203,54.164075));
#5352=CARTESIAN_POINT('',(15.6005719403976,13.1948106553203,54.414075));
#5353=CARTESIAN_POINT('',(15.6005719403976,11.8948106553203,52.864075));
#5354=CARTESIAN_POINT('',(15.6505719403976,11.8948106553203,52.864075));
#5355=CARTESIAN_POINT('',(15.6505719403976,11.8948106553203,52.864075));
#5356=CARTESIAN_POINT('',(15.6505719403976,8.89481065532029,52.864075));
#5357=CARTESIAN_POINT('',(15.6005719403976,8.89481065532029,52.864075));
#5358=CARTESIAN_POINT('',(15.6005719403976,11.8948106553203,52.864075));
#5359=CARTESIAN_POINT('',(15.5505719403976,11.8948106553203,55.164075));
#5360=CARTESIAN_POINT('',(15.5505719403976,11.8948106553203,56.064075));
#5361=CARTESIAN_POINT('',(15.5505719403976,11.8948106553203,54.264075));
#5362=CARTESIAN_POINT('',(15.5505719403976,11.7948106553203,56.064075));
#5363=CARTESIAN_POINT('',(15.5505719403976,11.7948106553203,56.164075));
#5364=CARTESIAN_POINT('',(15.5505719403976,11.8948106553203,56.164075));
#5365=CARTESIAN_POINT('',(15.5505719403976,8.99481065532029,56.164075));
#5366=CARTESIAN_POINT('',(15.5505719403976,8.99481065532029,56.064075));
#5367=CARTESIAN_POINT('',(15.5505719403976,8.89481065532029,56.064075));
#5368=CARTESIAN_POINT('',(15.5505719403976,8.89481065532029,54.414075));
#5369=CARTESIAN_POINT('',(15.5505719403976,8.89481065532029,54.264075));
#5370=CARTESIAN_POINT('',(15.5505719403976,8.99481065532029,54.264075));
#5371=CARTESIAN_POINT('',(15.5505719403976,8.99481065532029,54.164075));
#5372=CARTESIAN_POINT('',(15.5505719403976,11.8948106553203,54.164075));
#5373=CARTESIAN_POINT('',(15.5505719403976,11.7948106553203,54.164075));
#5374=CARTESIAN_POINT('',(15.5505719403976,11.7948106553203,54.264075));
#5375=CARTESIAN_POINT('',(15.5505719403976,10.3948106553203,55.164075));
#5376=CARTESIAN_POINT('',(15.6505719403976,11.8948106553203,54.164075));
#5377=CARTESIAN_POINT('',(15.6005719403976,11.8948106553203,54.164075));
#5378=CARTESIAN_POINT('',(15.6505719403976,8.89481065532029,54.164075));
#5379=CARTESIAN_POINT('',(15.6005719403976,8.89481065532029,54.164075));
#5380=CARTESIAN_POINT('',(15.6505719403976,8.89481065532029,56.164075));
#5381=CARTESIAN_POINT('',(15.6005719403976,8.89481065532029,56.164075));
#5382=CARTESIAN_POINT('',(15.6505719403976,11.8948106553203,56.164075));
#5383=CARTESIAN_POINT('',(15.6005719403976,11.8948106553203,56.164075));
#5384=CARTESIAN_POINT('',(16.0988478024666,8.89481065532029,53.0433853448276));
#5385=CARTESIAN_POINT('',(16.087711008033,8.89481065532029,53.0389306270542));
#5386=CARTESIAN_POINT('',(16.087711008033,8.89481065532029,54.164075));
#5387=CARTESIAN_POINT('',(16.087711008033,7.76966628237446,54.164075));
#5388=CARTESIAN_POINT('',(15.6505719403976,7.59481065532029,54.164075));
#5389=CARTESIAN_POINT('',(15.6505719403976,8.89481065532029,54.164075));
#5390=CARTESIAN_POINT('',(16.0988478024666,11.8948106553203,53.0433853448276));
#5391=CARTESIAN_POINT('',(16.087711008033,11.8948106553203,53.0389306270542));
#5392=CARTESIAN_POINT('',(16.087711008033,11.8948106553203,53.0389306270542));
#5393=CARTESIAN_POINT('',(16.1505719403976,11.8948106553203,53.064075));
#5394=CARTESIAN_POINT('',(16.087711008033,7.76966628237446,54.414075));
#5395=CARTESIAN_POINT('',(16.087711008033,7.76966628237446,56.164075));
#5396=CARTESIAN_POINT('',(15.6505719403976,7.5948106553203,56.164075));
#5397=CARTESIAN_POINT('',(15.6505719403976,7.59481065532029,54.414075));
#5398=CARTESIAN_POINT('',(15.6505719403976,13.1948106553203,54.164075));
#5399=CARTESIAN_POINT('',(16.087711008033,13.0199550282661,54.164075));
#5400=CARTESIAN_POINT('',(16.087711008033,11.8948106553203,54.164075));
#5401=CARTESIAN_POINT('',(15.6505719403976,11.8948106553203,54.164075));
#5402=CARTESIAN_POINT('',(16.087711008033,8.89481065532029,56.164075));
#5403=CARTESIAN_POINT('',(16.087711008033,8.89481065532029,57.2892193729459));
#5404=CARTESIAN_POINT('',(15.6505719403976,8.89481065532029,57.464075));
#5405=CARTESIAN_POINT('',(15.6505719403976,8.89481065532029,56.164075));
#5406=CARTESIAN_POINT('',(15.6505719403976,13.1948106553203,56.164075));
#5407=CARTESIAN_POINT('',(16.087711008033,13.0199550282661,56.164075));
#5408=CARTESIAN_POINT('',(16.087711008033,13.0199550282661,54.414075));
#5409=CARTESIAN_POINT('',(15.6505719403976,13.1948106553203,54.414075));
#5410=CARTESIAN_POINT('',(16.087711008033,11.8948106553203,57.2892193729459));
#5411=CARTESIAN_POINT('',(16.087711008033,11.8948106553203,57.2892193729459));
#5412=CARTESIAN_POINT('',(15.6505719403976,11.8948106553203,57.464075));
#5413=CARTESIAN_POINT('',(15.6505719403976,11.8948106553203,57.464075));
#5414=CARTESIAN_POINT('',(16.087711008033,11.8948106553203,56.164075));
#5415=CARTESIAN_POINT('',(15.6505719403976,11.8948106553203,56.164075));
#5416=CARTESIAN_POINT('',(15.9505719403976,12.2948106553203,56.064075));
#5417=CARTESIAN_POINT('',(16.1212826185163,12.4655213334389,56.064075));
#5418=CARTESIAN_POINT('',(16.1212826185163,11.7948106553203,56.064075));
#5419=CARTESIAN_POINT('',(16.1212826185163,11.7948106553203,56.7347856781187));
#5420=CARTESIAN_POINT('',(15.5505719403976,11.7948106553203,56.164075));
#5421=CARTESIAN_POINT('',(15.9505719403976,11.7948106553203,56.064075));
#5422=CARTESIAN_POINT('',(15.9505719403976,12.2948106553203,54.264075));
#5423=CARTESIAN_POINT('',(16.1212826185163,12.4655213334389,54.264075));
#5424=CARTESIAN_POINT('',(16.1212826185163,12.4655213334389,54.414075));
#5425=CARTESIAN_POINT('',(15.5505719403976,11.8948106553203,54.414075));
#5426=CARTESIAN_POINT('',(16.1212826185163,11.8948106553203,56.7347856781187));
#5427=CARTESIAN_POINT('',(16.1212826185163,8.99481065532029,56.7347856781187));
#5428=CARTESIAN_POINT('',(15.5505719403976,8.99481065532029,56.164075));
#5429=CARTESIAN_POINT('',(15.5505719403976,11.8948106553203,56.164075));
#5430=CARTESIAN_POINT('',(15.9505719403976,11.7948106553203,53.764075));
#5431=CARTESIAN_POINT('',(16.1212826185163,11.7948106553203,53.5933643218814));
#5432=CARTESIAN_POINT('',(16.1212826185163,11.7948106553203,54.264075));
#5433=CARTESIAN_POINT('',(15.9505719403976,11.7948106553203,54.264075));
#5434=CARTESIAN_POINT('',(16.1212826185163,8.99481065532029,56.064075));
#5435=CARTESIAN_POINT('',(16.1212826185163,8.32409997720164,56.064075));
#5436=CARTESIAN_POINT('',(15.5505719403976,8.89481065532029,56.064075));
#5437=CARTESIAN_POINT('',(15.9505719403976,8.99481065532029,56.064075));
#5438=CARTESIAN_POINT('',(15.9505719403976,8.99481065532029,53.764075));
#5439=CARTESIAN_POINT('',(16.1212826185163,8.99481065532029,53.5933643218814));
#5440=CARTESIAN_POINT('',(16.1212826185163,11.8948106553203,53.5933643218814));
#5441=CARTESIAN_POINT('',(15.5505719403976,11.8948106553203,54.164075));
#5442=CARTESIAN_POINT('',(16.1212826185163,8.32409997720164,54.414075));
#5443=CARTESIAN_POINT('',(16.1212826185163,8.32409997720164,54.264075));
#5444=CARTESIAN_POINT('',(15.5505719403976,8.89481065532029,54.264075));
#5445=CARTESIAN_POINT('',(15.5505719403976,8.89481065532029,54.414075));
#5446=CARTESIAN_POINT('',(16.1212826185163,8.99481065532029,54.264075));
#5447=CARTESIAN_POINT('',(15.9505719403976,8.99481065532029,54.264075));
#5448=CARTESIAN_POINT('',(16.0505719403976,8.25338929908299,54.264075));
#5449=CARTESIAN_POINT('',(16.0505719403976,8.25338929908299,56.064075));
#5450=CARTESIAN_POINT('',(16.0505719403976,8.25338929908299,54.414075));
#5451=CARTESIAN_POINT('',(16.0505719403976,8.99481065532029,56.8054963562373));
#5452=CARTESIAN_POINT('',(16.0505719403976,8.99481065532029,56.064075));
#5453=CARTESIAN_POINT('',(16.0505719403976,8.99481065532029,53.5226536437627));
#5454=CARTESIAN_POINT('',(16.0505719403976,8.99481065532029,54.264075));
#5455=CARTESIAN_POINT('',(16.0505719403976,11.7948106553203,56.8054963562373));
#5456=CARTESIAN_POINT('',(16.0505719403976,11.8948106553203,56.8054963562373));
#5457=CARTESIAN_POINT('',(16.0505719403976,11.7948106553203,53.5226536437627));
#5458=CARTESIAN_POINT('',(16.0505719403976,11.8948106553203,53.5226536437627));
#5459=CARTESIAN_POINT('',(16.0505719403976,12.5362320115576,56.064075));
#5460=CARTESIAN_POINT('',(16.0505719403976,11.7948106553203,56.064075));
#5461=CARTESIAN_POINT('',(16.0505719403976,12.5362320115576,54.264075));
#5462=CARTESIAN_POINT('',(16.0505719403976,11.7948106553203,54.264075));
#5463=CARTESIAN_POINT('',(16.0505719403976,12.5362320115576,54.414075));
#5464=CARTESIAN_POINT('',(16.0505719403976,11.8948106553203,57.1963717038573));
#5465=CARTESIAN_POINT('',(16.0505719403976,8.89481065532029,57.1963717038573));
#5466=CARTESIAN_POINT('',(16.0505719403976,11.8948106553203,57.1963717038573));
#5467=CARTESIAN_POINT('',(16.0505719403976,7.86251395146298,56.164075));
#5468=CARTESIAN_POINT('',(16.0505719403976,8.89481065532029,56.164075));
#5469=CARTESIAN_POINT('',(16.0505719403976,12.9271073591776,56.164075));
#5470=CARTESIAN_POINT('',(16.0505719403976,11.8948106553203,56.164075));
#5471=CARTESIAN_POINT('',(16.0505719403976,7.86251395146298,54.164075));
#5472=CARTESIAN_POINT('',(16.0505719403976,7.86251395146298,54.414075));
#5473=CARTESIAN_POINT('',(16.0505719403976,12.9271073591776,54.164075));
#5474=CARTESIAN_POINT('',(16.0505719403976,12.9271073591776,54.414075));
#5475=CARTESIAN_POINT('',(16.0505719403976,8.89481065532029,53.1317782961427));
#5476=CARTESIAN_POINT('',(16.0505719403976,8.89481065532029,54.164075));
#5477=CARTESIAN_POINT('',(16.0505719403976,11.8948106553203,53.1317782961427));
#5478=CARTESIAN_POINT('',(16.0505719403976,11.8948106553203,54.164075));
#5479=CARTESIAN_POINT('',(16.0505719403976,11.8948106553203,53.1317782961427));
#5480=CARTESIAN_POINT('',(7.84554668722819,-2.1051893446797,52.1933643218813));
#5481=CARTESIAN_POINT('',(7.84554668722819,17.8948106553203,52.1933643218813));
#5482=CARTESIAN_POINT('',(6.14199329663487,17.8948106553203,53.8969177124745));
#5483=CARTESIAN_POINT('',(6.14199329663506,17.8948106553203,53.8969177124744));
#5484=CARTESIAN_POINT('',(6.14199329663506,22.8948106553203,53.8969177124744));
#5485=CARTESIAN_POINT('',(6.14199329663487,22.8948106553203,53.8969177124746));
#5486=CARTESIAN_POINT('',(5.85915058416045,22.8948106553203,54.0140749999998));
#5487=CARTESIAN_POINT('',(5.85915058416045,17.8948106553203,54.0140749999998));
#5488=CARTESIAN_POINT('',(-1.52058757856183,17.8948106553203,54.0140749999999));
#5489=CARTESIAN_POINT('',(-1.22058757856187,17.8948106553203,54.0140749999999));
#5490=CARTESIAN_POINT('',(-1.22058757856187,21.8948106553203,54.0140749999999));
#5491=CARTESIAN_POINT('',(-1.52058757856183,22.8948106553203,54.0140749999999));
#5492=CARTESIAN_POINT('',(15.1505719403976,23.4948106553203,55.164075));
#5493=CARTESIAN_POINT('',(15.1505719403976,27.4948106553203,51.9640750000001));
#5494=CARTESIAN_POINT('',(15.1505719403976,22.8948106553203,51.9640749999999));
#5495=CARTESIAN_POINT('',(14.8505719403976,11.8948106553203,54.164075));
#5496=CARTESIAN_POINT('',(14.8505719403976,12.3948106553203,54.164075));
#5497=CARTESIAN_POINT('',(14.8505719403976,11.8948106553203,53.664075));
#5498=CARTESIAN_POINT('',(14.8505719403976,12.3948106553203,51.9640749999999));
#5499=CARTESIAN_POINT('',(14.8505719403976,12.3948106553203,56.164075));
#5500=CARTESIAN_POINT('',(14.8505719403976,11.8948106553203,56.164075));
#5501=CARTESIAN_POINT('',(14.8505719403976,11.8948106553203,56.664075));
#5502=CARTESIAN_POINT('',(14.8505719403976,11.8948106553203,56.664075));
#5503=CARTESIAN_POINT('',(14.8505719403976,8.89481065532029,56.664075));
#5504=CARTESIAN_POINT('',(14.8505719403976,8.89481065532029,56.164075));
#5505=CARTESIAN_POINT('',(14.8505719403976,8.3948106553203,56.164075));
#5506=CARTESIAN_POINT('',(14.8505719403976,8.39481065532029,51.9640749999999));
#5507=CARTESIAN_POINT('',(14.8505719403976,8.3948106553203,54.164075));
#5508=CARTESIAN_POINT('',(14.8505719403976,8.89481065532029,54.164075));
#5509=CARTESIAN_POINT('',(14.8505719403976,8.89481065532029,53.664075));
#5510=CARTESIAN_POINT('',(14.8505719403976,22.8948106553203,53.664075));
#5511=CARTESIAN_POINT('',(14.8505719403976,-0.505189344679707,51.9640749999999));
#5512=CARTESIAN_POINT('',(14.8505719403976,-0.505189344679707,56.764075));
#5513=CARTESIAN_POINT('',(14.8505719403976,-0.505189344679707,53.564075));
#5514=CARTESIAN_POINT('',(14.8505719403976,22.8948106553203,56.764075));
#5515=CARTESIAN_POINT('',(14.8505719403976,-1.50518934467971,56.764075));
#5516=CARTESIAN_POINT('',(14.8505719403976,-1.50518934467971,51.9640749999999));
#5517=CARTESIAN_POINT('',(14.8505719403976,-1.50518934467971,53.564075));
#5518=CARTESIAN_POINT('',(14.8505719403976,22.8948106553203,53.564075));
#5519=CARTESIAN_POINT('',(14.8505719403976,27.4948106553203,51.9640750000001));
#5520=CARTESIAN_POINT('',(14.8505719403976,27.4948106553203,57.964075));
#5521=CARTESIAN_POINT('',(14.8505719403976,27.4948106553203,58.064075));
#5522=CARTESIAN_POINT('',(14.8505719403976,22.8948106553203,57.964075));
#5523=CARTESIAN_POINT('',(14.8505719403976,17.8948106553203,57.964075));
#5524=CARTESIAN_POINT('',(14.8505719403976,17.8948106553203,52.2640750000001));
#5525=CARTESIAN_POINT('',(14.8505719403976,17.8948106553203,52.364075));
#5526=CARTESIAN_POINT('',(14.8505719403976,22.8948106553203,52.364075));
#5527=CARTESIAN_POINT('',(14.8505719403976,27.4948106553203,52.364075));
#5528=CARTESIAN_POINT('',(14.8505719403976,27.4948106553203,51.9640750000001));
#5529=CARTESIAN_POINT('',(14.8505719403976,27.4948106553203,52.264075));
#5530=CARTESIAN_POINT('',(14.8505719403976,27.8948106553203,52.264075));
#5531=CARTESIAN_POINT('',(14.8505719403976,27.8948106553203,58.064075));
#5532=CARTESIAN_POINT('',(14.8505719403976,22.8948106553203,51.9640749999999));
#5533=CARTESIAN_POINT('',(7.4919932966349,17.8948106553203,58.164075));
#5534=CARTESIAN_POINT('',(9.55057194039764,17.8948106553203,58.164075));
#5535=CARTESIAN_POINT('',(7.91625736534683,17.8948106553203,58.164075));
#5536=CARTESIAN_POINT('',(9.55057194039764,27.8948106553203,58.164075));
#5537=CARTESIAN_POINT('',(9.55057194039764,19.8948106553203,58.164075));
#5538=CARTESIAN_POINT('',(7.79199329663493,19.8948106553203,58.164075));
#5539=CARTESIAN_POINT('',(10.0505719403976,19.8948106553203,58.164075));
#5540=CARTESIAN_POINT('',(10.0505719403976,22.8948106553203,58.164075));
#5541=CARTESIAN_POINT('',(10.0505719403976,17.8948106553203,58.164075));
#5542=CARTESIAN_POINT('',(7.4919932966349,17.8948106553203,58.164075));
#5543=CARTESIAN_POINT('',(14.6505719403976,17.8948106553203,58.164075));
#5544=CARTESIAN_POINT('',(14.6505719403976,22.8948106553203,58.164075));
#5545=CARTESIAN_POINT('',(14.6505719403976,27.4948106553203,58.164075));
#5546=CARTESIAN_POINT('',(7.79199329663493,27.4948106553203,58.164075));
#5547=CARTESIAN_POINT('',(14.7505719403976,27.4948106553203,58.164075));
#5548=CARTESIAN_POINT('',(14.7505719403976,-2.1051893446797,58.164075));
#5549=CARTESIAN_POINT('',(7.91625736534683,21.8948106553203,58.164075));
#5550=CARTESIAN_POINT('',(7.79199329663493,22.8948106553203,58.164075));
#5551=CARTESIAN_POINT('',(-1.22058757856186,17.8948106553203,54.1140749999999));
#5552=CARTESIAN_POINT('',(-1.32058757856186,17.8948106553203,54.114075));
#5553=CARTESIAN_POINT('',(-1.32058757856186,-2.1051893446797,54.114075));
#5554=CARTESIAN_POINT('',(-1.22058757856186,22.8948106553203,54.114075));
#5555=CARTESIAN_POINT('',(7.4919932966349,27.4948106553203,52.164075));
#5556=CARTESIAN_POINT('',(14.6505719403976,27.4948106553203,52.1640749999999));
#5557=CARTESIAN_POINT('',(14.7505719403976,27.4948106553203,52.164075));
#5558=CARTESIAN_POINT('',(14.6505719403976,22.8948106553203,52.1640749999999));
#5559=CARTESIAN_POINT('',(14.6505719403976,17.8948106553203,52.1640749999999));
#5560=CARTESIAN_POINT('',(7.79199329663493,17.8948106553203,52.1640749999999));
#5561=CARTESIAN_POINT('',(10.0505719403976,17.8948106553203,52.164075));
#5562=CARTESIAN_POINT('',(10.0505719403976,27.8948106553203,52.1640749999999));
#5563=CARTESIAN_POINT('',(10.0505719403976,19.8948106553203,52.1640749999999));
#5564=CARTESIAN_POINT('',(13.9005969403976,19.8948106553203,52.164075));
#5565=CARTESIAN_POINT('',(9.55057194039764,19.8948106553203,52.164075));
#5566=CARTESIAN_POINT('',(9.55057194039764,22.8948106553203,52.1640749999999));
#5567=CARTESIAN_POINT('',(9.55057194039764,17.8948106553203,52.164075));
#5568=CARTESIAN_POINT('',(7.79199329663493,17.8948106553203,52.1640749999999));
#5569=CARTESIAN_POINT('',(7.91625736534683,17.8948106553203,52.164075));
#5570=CARTESIAN_POINT('',(7.91625736534683,21.8948106553203,52.164075));
#5571=CARTESIAN_POINT('',(14.7505719403976,-2.1051893446797,52.164075));
#5572=CARTESIAN_POINT('',(7.79199329663493,22.8948106553203,52.164075));
#5573=CARTESIAN_POINT('',(7.91625736534683,17.8948106553203,52.2640749999999));
#5574=CARTESIAN_POINT('',(7.91625736534683,22.8948106553203,52.264075));
#5575=CARTESIAN_POINT('',(5.85915058416044,17.8948106553203,53.6140749999997));
#5576=CARTESIAN_POINT('',(5.85915058416044,22.8948106553203,53.6140749999998));
#5577=CARTESIAN_POINT('',(9.55057194039764,19.8948106553203,52.7640749999999));
#5578=CARTESIAN_POINT('',(10.0505719403976,19.8948106553203,52.164075));
#5579=CARTESIAN_POINT('',(13.9005969403976,19.8948106553203,57.9640625));
#5580=CARTESIAN_POINT('',(9.55057194039764,19.8948106553203,55.3140749999999));
#5581=CARTESIAN_POINT('',(10.0505719403976,19.8948106553203,57.9640625));
#5582=CARTESIAN_POINT('',(13.9005969403976,19.8948106553203,57.9640625));
#5583=CARTESIAN_POINT('',(-1.32058757856186,17.8948106553203,52.2640750000001));
#5584=CARTESIAN_POINT('',(-1.32058757856186,17.8948106553203,56.2140749999999));
#5585=CARTESIAN_POINT('',(-1.32058757856186,17.8948106553203,55.214075));
#5586=CARTESIAN_POINT('',(-1.32058757856186,-2.1051893446797,56.214075));
#5587=CARTESIAN_POINT('',(-1.32058757856186,-2.50518934467971,55.214075));
#5588=CARTESIAN_POINT('',(-1.32058757856186,22.8948106553203,56.5140749999999));
#5589=CARTESIAN_POINT('',(9.65057194039765,21.8948106553203,57.564075));
#5590=CARTESIAN_POINT('',(9.65057194039765,20.4948106553203,57.564075));
#5591=CARTESIAN_POINT('',(9.65057194039765,26.9948106553203,57.564075));
#5592=CARTESIAN_POINT('',(4.79199329663494,26.9948106553203,57.564075));
#5593=CARTESIAN_POINT('',(9.95057194039764,26.9948106553203,57.564075));
#5594=CARTESIAN_POINT('',(9.95057194039764,22.8948106553203,57.564075));
#5595=CARTESIAN_POINT('',(9.95057194039764,20.4948106553203,57.564075));
#5596=CARTESIAN_POINT('',(11.6505719403976,20.4948106553203,57.564075));
#5597=CARTESIAN_POINT('',(4.79199329663494,22.8948106553203,57.564075));
#5598=CARTESIAN_POINT('',(9.65057194039765,21.8948106553203,58.064075));
#5599=CARTESIAN_POINT('',(9.65057194039765,20.4948106553203,58.064075));
#5600=CARTESIAN_POINT('',(9.65057194039765,27.4948106553203,58.064075));
#5601=CARTESIAN_POINT('',(9.65057194039765,26.9948106553203,57.564075));
#5602=CARTESIAN_POINT('',(9.65057194039765,20.4948106553203,55.314075));
#5603=CARTESIAN_POINT('',(9.65057194039765,21.8948106553203,55.314075));
#5604=CARTESIAN_POINT('',(9.95057194039764,27.7448106553203,58.314075));
#5605=CARTESIAN_POINT('',(9.95057194039764,27.4948106553203,58.064075));
#5606=CARTESIAN_POINT('',(9.95057194039764,23.4948106553203,58.064075));
#5607=CARTESIAN_POINT('',(9.95057194039764,20.4948106553203,58.064075));
#5608=CARTESIAN_POINT('',(9.95057194039764,20.4948106553203,58.164075));
#5609=CARTESIAN_POINT('',(9.95057194039764,27.8948106553203,58.164075));
#5610=CARTESIAN_POINT('',(10.0505719403976,20.4948106553203,58.064075));
#5611=CARTESIAN_POINT('',(10.0505719403976,20.4948106553203,58.064075));
#5612=CARTESIAN_POINT('',(10.0505719403976,20.4948106553203,58.164075));
#5613=CARTESIAN_POINT('',(10.0505719403976,20.4948106553203,58.164075));
#5614=CARTESIAN_POINT('',(11.6505719403976,20.4948106553203,55.314075));
#5615=CARTESIAN_POINT('',(10.0505719403976,26.4948106553203,58.164075));
#5616=CARTESIAN_POINT('',(10.0505719403976,27.4948106553203,58.164075));
#5617=CARTESIAN_POINT('',(10.0505719403976,27.4948106553203,52.564075));
#5618=CARTESIAN_POINT('',(10.0505719403976,27.4948106553203,57.4640749999999));
#5619=CARTESIAN_POINT('',(10.0505719403976,46.8948106553203,57.4640749999999));
#5620=CARTESIAN_POINT('',(10.0505719403976,17.8948106553203,57.4640749999999));
#5621=CARTESIAN_POINT('',(10.0505719403976,17.8948106553203,57.5640749999999));
#5622=CARTESIAN_POINT('',(10.0505719403976,27.8948106553203,58.164075));
#5623=CARTESIAN_POINT('',(10.0505719403976,27.4948106553203,58.064075));
#5624=CARTESIAN_POINT('',(10.0505719403976,22.8948106553203,58.064075));
#5625=CARTESIAN_POINT('',(7.4919932966349,27.4948106553203,58.064075));
#5626=CARTESIAN_POINT('',(4.79199329663494,26.9948106553203,57.564075));
#5627=CARTESIAN_POINT('',(10.0505719403976,27.4948106553203,58.064075));
#5628=CARTESIAN_POINT('',(10.0505719403976,22.8948106553203,58.064075));
#5629=CARTESIAN_POINT('',(7.84554668722819,-2.1051893446797,58.1347856781186));
#5630=CARTESIAN_POINT('',(7.84554668722819,17.8948106553203,58.1347856781186));
#5631=CARTESIAN_POINT('',(7.91625736534683,17.8948106553203,58.0640749999999));
#5632=CARTESIAN_POINT('',(7.91625736534683,22.8948106553203,58.064075));
#5633=CARTESIAN_POINT('',(4.73341465287228,17.8948106553203,55.0226536437628));
#5634=CARTESIAN_POINT('',(6.14199329663506,17.8948106553203,56.4312322875255));
#5635=CARTESIAN_POINT('',(6.14199329663506,22.8948106553203,56.4312322875256));
#5636=CARTESIAN_POINT('',(6.14199329663487,22.8948106553203,56.4312322875254));
#5637=CARTESIAN_POINT('',(5.85915058416044,17.8948106553203,56.7140750000001));
#5638=CARTESIAN_POINT('',(5.85915058416045,17.8948106553203,56.3140750000002));
#5639=CARTESIAN_POINT('',(5.85915058416045,22.8948106553203,56.3140750000002));
#5640=CARTESIAN_POINT('',(5.85915058416044,22.8948106553203,56.7140750000002));
#5641=CARTESIAN_POINT('',(7.49199329663479,17.8948106553203,56.3140750000002));
#5642=CARTESIAN_POINT('',(-1.22058757856187,17.8948106553203,56.3140749999999));
#5643=CARTESIAN_POINT('',(-1.22058757856187,21.8948106553203,56.314075));
#5644=CARTESIAN_POINT('',(-1.52058757856183,22.8948106553203,56.314075));
#5645=CARTESIAN_POINT('',(-1.22058757856186,17.8948106553203,56.2140749999999));
#5646=CARTESIAN_POINT('',(-1.22058757856186,22.8948106553203,56.214075));
#5647=CARTESIAN_POINT('',(14.7505719403976,27.4948106553203,58.064075));
#5648=CARTESIAN_POINT('',(14.7505719403976,22.8948106553203,58.064075));
#5649=CARTESIAN_POINT('',(-1.32058757856186,17.8948106553203,52.2640750000001));
#5650=CARTESIAN_POINT('',(-1.32058757856186,17.8948106553203,55.114075));
#5651=CARTESIAN_POINT('',(-1.32058757856186,22.8948106553203,55.114075));
#5652=CARTESIAN_POINT('',(-1.32058757856186,22.8948106553203,56.5140749999999));
#5653=CARTESIAN_POINT('',(14.7505719403976,27.4948106553203,52.264075));
#5654=CARTESIAN_POINT('',(14.7505719403976,22.8948106553203,52.264075));
#5655=CARTESIAN_POINT('',(10.0505719403976,20.4948106553203,52.264075));
#5656=CARTESIAN_POINT('',(9.65057194039765,20.4948106553203,52.264075));
#5657=CARTESIAN_POINT('',(10.0505719403976,20.4948106553203,55.0140749999999));
#5658=CARTESIAN_POINT('',(10.0505719403976,20.4948106553203,52.1640749999999));
#5659=CARTESIAN_POINT('',(10.0505719403976,20.4948106553203,52.264075));
#5660=CARTESIAN_POINT('',(9.95057194039764,20.4948106553203,52.264075));
#5661=CARTESIAN_POINT('',(9.95057194039764,20.4948106553203,55.0140749999999));
#5662=CARTESIAN_POINT('',(9.95057194039764,20.4948106553203,52.764075));
#5663=CARTESIAN_POINT('',(4.79199329663494,20.4948106553203,52.764075));
#5664=CARTESIAN_POINT('',(9.65057194039765,20.4948106553203,52.764075));
#5665=CARTESIAN_POINT('',(9.65057194039765,20.4948106553203,55.0140749999999));
#5666=CARTESIAN_POINT('',(11.6505719403976,20.4948106553203,55.0140749999999));
#5667=CARTESIAN_POINT('',(10.0505719403976,27.4948106553203,52.264075));
#5668=CARTESIAN_POINT('',(9.65057194039765,27.4948106553203,52.264075));
#5669=CARTESIAN_POINT('',(9.65057194039765,21.8948106553203,52.264075));
#5670=CARTESIAN_POINT('',(10.0505719403976,22.8948106553203,52.264075));
#5671=CARTESIAN_POINT('',(9.65057194039765,21.8948106553203,52.764075));
#5672=CARTESIAN_POINT('',(9.65057194039765,26.9948106553203,52.764075));
#5673=CARTESIAN_POINT('',(9.65057194039765,27.4948106553203,52.264075));
#5674=CARTESIAN_POINT('',(9.65057194039765,21.8948106553203,55.0140749999999));
#5675=CARTESIAN_POINT('',(9.95057194039764,22.8948106553203,52.764075));
#5676=CARTESIAN_POINT('',(9.95057194039764,26.9948106553203,52.764075));
#5677=CARTESIAN_POINT('',(4.79199329663494,26.9948106553203,52.764075));
#5678=CARTESIAN_POINT('',(4.79199329663494,22.8948106553203,52.764075));
#5679=CARTESIAN_POINT('',(9.95057194039764,26.4948106553203,52.264075));
#5680=CARTESIAN_POINT('',(9.95057194039764,27.4948106553203,52.264075));
#5681=CARTESIAN_POINT('',(9.95057194039764,27.7448106553203,52.014075));
#5682=CARTESIAN_POINT('',(9.95057194039764,27.8948106553203,52.164075));
#5683=CARTESIAN_POINT('',(10.0505719403976,17.8948106553203,52.2640750000001));
#5684=CARTESIAN_POINT('',(10.0505719403976,17.8948106553203,52.8640749999999));
#5685=CARTESIAN_POINT('',(10.0505719403976,46.8948106553203,52.8640749999999));
#5686=CARTESIAN_POINT('',(10.0505719403976,27.4948106553203,52.8640749999999));
#5687=CARTESIAN_POINT('',(10.0505719403976,27.4948106553203,52.7640749999999));
#5688=CARTESIAN_POINT('',(10.0505719403976,27.4948106553203,52.1640749999999));
#5689=CARTESIAN_POINT('',(10.0505719403976,23.4948106553203,52.164075));
#5690=CARTESIAN_POINT('',(10.0505719403976,27.8948106553203,52.164075));
#5691=CARTESIAN_POINT('',(7.4919932966349,27.4948106553203,52.264075));
#5692=CARTESIAN_POINT('',(7.4919932966349,27.4948106553203,52.264075));
#5693=CARTESIAN_POINT('',(10.0505719403976,27.4948106553203,52.264075));
#5694=CARTESIAN_POINT('',(10.0505719403976,27.8948106553203,52.264075));
#5695=CARTESIAN_POINT('',(14.6505719403976,27.4948106553203,52.364075));
#5696=CARTESIAN_POINT('',(14.6505719403976,27.4948106553203,57.964075));
#5697=CARTESIAN_POINT('',(7.79199329663493,27.4948106553203,52.8640749999999));
#5698=CARTESIAN_POINT('',(9.55057194039764,27.4948106553203,52.8640749999999));
#5699=CARTESIAN_POINT('',(9.55057194039764,27.4948106553203,52.564075));
#5700=CARTESIAN_POINT('',(-0.120587578561875,27.4948106553203,55.164075));
#5701=CARTESIAN_POINT('',(9.55057194039764,27.4948106553203,57.5640749999999));
#5702=CARTESIAN_POINT('',(9.55057194039764,27.4948106553203,57.4640749999999));
#5703=CARTESIAN_POINT('',(7.61625736534678,27.4948106553203,57.4640749999999));
#5704=CARTESIAN_POINT('',(5.87941242143812,27.4948106553203,55.164075));
#5705=CARTESIAN_POINT('',(5.87941242143812,27.4948106553203,55.664075));
#5706=CARTESIAN_POINT('',(-0.120587578561876,27.4948106553203,55.164075));
#5707=CARTESIAN_POINT('',(-0.120587578561876,27.4948106553203,56.264075));
#5708=CARTESIAN_POINT('',(7.4919932966349,27.4948106553203,51.9640750000001));
#5709=CARTESIAN_POINT('',(14.8005719403977,-0.505189344679707,53.564075));
#5710=CARTESIAN_POINT('',(14.8005719403977,-0.505189344679707,56.764075));
#5711=CARTESIAN_POINT('',(14.8005719403977,-0.505189344679707,55.664075));
#5712=CARTESIAN_POINT('',(14.8005719403977,-1.50518934467971,53.564075));
#5713=CARTESIAN_POINT('',(14.8005719403977,-1.00518934467971,53.564075));
#5714=CARTESIAN_POINT('',(14.8005719403977,-1.50518934467971,56.764075));
#5715=CARTESIAN_POINT('',(14.8005719403977,-1.50518934467971,55.664075));
#5716=CARTESIAN_POINT('',(14.8005719403977,-1.00518934467971,56.764075));
#5717=CARTESIAN_POINT('',(-1.32058757856186,22.8948106553203,55.114075));
#5718=CARTESIAN_POINT('',(-1.32058757856186,19.8948106553203,55.114075));
#5719=CARTESIAN_POINT('',(-1.62058757856186,19.8948106553203,55.114075));
#5720=CARTESIAN_POINT('',(-1.62058757856186,-2.50518934467971,55.114075));
#5721=CARTESIAN_POINT('',(-1.32058757856186,-2.50518934467971,55.214075));
#5722=CARTESIAN_POINT('',(-1.32058757856186,19.8948106553203,55.214075));
#5723=CARTESIAN_POINT('',(13.9005969403976,19.8948106553203,55.214075));
#5724=CARTESIAN_POINT('',(-1.62058757856186,-2.50518934467971,55.214075));
#5725=CARTESIAN_POINT('',(11.1505719403976,23.4948106553203,55.164075));
#5726=CARTESIAN_POINT('',(11.1505719403976,21.3948106553203,55.164075));
#5727=CARTESIAN_POINT('',(9.65057194039762,23.4948106553203,55.1640750000001));
#5728=CARTESIAN_POINT('',(9.65057194039762,23.4948106553203,53.0640750000001));
#5729=CARTESIAN_POINT('',(9.65057194039762,23.4948106553203,55.1640750000001));
#5730=CARTESIAN_POINT('',(9.65057194039762,23.4948106553203,55.1640750000001));
#5731=CARTESIAN_POINT('',(7.79199329663493,17.8948106553203,52.8640749999999));
#5732=CARTESIAN_POINT('',(9.55057194039764,17.8948106553203,52.8640749999999));
#5733=CARTESIAN_POINT('',(9.55057194039764,27.8948106553203,52.8640749999999));
#5734=CARTESIAN_POINT('',(7.79199329663493,46.8948106553203,52.8640749999999));
#5735=CARTESIAN_POINT('',(7.4919932966349,17.8948106553203,57.4640749999999));
#5736=CARTESIAN_POINT('',(9.55057194039764,17.8948106553203,57.4640749999999));
#5737=CARTESIAN_POINT('',(9.55057194039764,46.8948106553203,57.4640749999999));
#5738=CARTESIAN_POINT('',(7.79199329663493,46.8948106553203,57.4640749999999));
#5739=CARTESIAN_POINT('',(14.6505719403976,17.8948106553203,52.364075));
#5740=CARTESIAN_POINT('',(14.6505719403976,22.8948106553203,52.364075));
#5741=CARTESIAN_POINT('',(14.6505719403976,17.8948106553203,57.964075));
#5742=CARTESIAN_POINT('',(14.6505719403976,22.8948106553203,57.964075));
#5743=CARTESIAN_POINT('',(5.87941242143812,28.0948106553203,55.164075));
#5744=CARTESIAN_POINT('',(5.37941242143812,28.0948106553203,55.164075));
#5745=CARTESIAN_POINT('',(5.87941242143812,26.4948106553203,55.164075));
#5746=CARTESIAN_POINT('',(5.87941242143812,28.0948106553203,55.164075));
#5747=CARTESIAN_POINT('',(-0.120587578561875,24.0885277596724,56.264075));
#5748=CARTESIAN_POINT('',(-0.0509940284383015,24.0885277596724,56.264075));
#5749=CARTESIAN_POINT('',(0.019326966631695,24.1016785582756,56.2571511848241));
#5750=CARTESIAN_POINT('',(0.084435067145993,24.1229302977882,56.2447996248452));
#5751=CARTESIAN_POINT('',(0.179361411050537,24.1539149205556,56.2267912906894));
#5752=CARTESIAN_POINT('',(0.267140980693052,24.2011203937287,56.197275376042));
#5753=CARTESIAN_POINT('',(0.34725898173177,24.250707740894,56.1596248962992));
#5754=CARTESIAN_POINT('',(0.476478034338008,24.3306851484538,56.0988999748152));
#5755=CARTESIAN_POINT('',(0.591607693829507,24.4202366284941,56.0146094940689));
#5756=CARTESIAN_POINT('',(0.688866667401057,24.4986613296278,55.9089131191189));
#5757=CARTESIAN_POINT('',(0.763374399426158,24.5587405840313,55.827941699294));
#5758=CARTESIAN_POINT('',(0.82877628700444,24.6142542774803,55.7320721662113));
#5759=CARTESIAN_POINT('',(0.878197798017728,24.6567367409511,55.6249738734318));
#5760=CARTESIAN_POINT('',(0.918227377377768,24.691145950788,55.5382282535136));
#5761=CARTESIAN_POINT('',(0.94847051213783,24.7176449780788,55.4419611150797));
#5762=CARTESIAN_POINT('',(0.964801147460478,24.7319721995725,55.34276835025));
#5763=CARTESIAN_POINT('',(0.981198682503228,24.7463581136454,55.24316923453));
#5764=CARTESIAN_POINT('',(0.983767235021874,24.7486321222733,55.137801217906));
#5765=CARTESIAN_POINT('',(0.972052504395778,24.7383388419271,55.0370409529327));
#5766=CARTESIAN_POINT('',(0.961349146863313,24.72893421597,54.9449796691101));
#5767=CARTESIAN_POINT('',(0.93867274929644,24.7090098233803,54.8544160587575));
#5768=CARTESIAN_POINT('',(0.906892107046061,24.6814927965599,54.7712830758684));
#5769=CARTESIAN_POINT('',(0.872987496580675,24.652136748052,54.6825941381346));
#5770=CARTESIAN_POINT('',(0.828173661493162,24.6136627743128,54.6002819610199));
#5771=CARTESIAN_POINT('',(0.776362727370065,24.5704592277227,54.527301768238));
#5772=CARTESIAN_POINT('',(0.697582065599117,24.5047664536235,54.4163323757567));
#5773=CARTESIAN_POINT('',(0.600910821697753,24.4261823282814,54.3236681030867));
#5774=CARTESIAN_POINT('',(0.493211268627491,24.34877144178,54.2512491813527));
#5775=CARTESIAN_POINT('',(0.383227728491296,24.269718900708,54.1772944697677));
#5776=CARTESIAN_POINT('',(0.257890027516571,24.1864876638674,54.1210917270104));
#5777=CARTESIAN_POINT('',(0.116172735602121,24.1339940768534,54.0898568873073));
#5778=CARTESIAN_POINT('',(0.0559193638556949,24.1116755893215,54.0765768959764));
#5779=CARTESIAN_POINT('',(-0.00879712770202118,24.0954367661802,54.067816878714));
#5780=CARTESIAN_POINT('',(-0.0741526808708516,24.0903408390418,54.0650555277992));
#5781=CARTESIAN_POINT('',(-0.13992555701322,24.0852123722436,54.0622765444857));
#5782=CARTESIAN_POINT('',(-0.20774163494074,24.0917209220877,54.0656580372063));
#5783=CARTESIAN_POINT('',(-0.271290076550632,24.1073555458388,54.0744471933155));
#5784=CARTESIAN_POINT('',(-0.354196273803753,24.1277526974896,54.0859136508969));
#5785=CARTESIAN_POINT('',(-0.432581146872192,24.1627851622577,54.1064575952786));
#5786=CARTESIAN_POINT('',(-0.504528657600948,24.2018543259472,54.13325530295));
#5787=CARTESIAN_POINT('',(-0.63172638062224,24.2709256337843,54.1806316105311));
#5788=CARTESIAN_POINT('',(-0.745080805832026,24.3541932321323,54.2490174913239));
#5789=CARTESIAN_POINT('',(-0.84420680300523,24.4308260301854,54.3355973491149));
#5790=CARTESIAN_POINT('',(-0.947567753526765,24.5107328061451,54.4258761523805));
#5791=CARTESIAN_POINT('',(-1.0384440865773,24.5874171120624,54.5399443832371));
#5792=CARTESIAN_POINT('',(-1.10470829381311,24.644155504435,54.6726419752515));
#5793=CARTESIAN_POINT('',(-1.14747128941407,24.680771103182,54.7582771436219));
#5794=CARTESIAN_POINT('',(-1.18074247190565,24.7098584037127,54.8537759371819));
#5795=CARTESIAN_POINT('',(-1.20013882895849,24.7268540402028,54.952961055015));
#5796=CARTESIAN_POINT('',(-1.21962389940013,24.7439274098727,55.052599817205));
#5797=CARTESIAN_POINT('',(-1.2253536809426,24.7489994568117,55.1588224300408));
#5798=CARTESIAN_POINT('',(-1.2163031795705,24.7410420456703,55.2610663486158));
#5799=CARTESIAN_POINT('',(-1.20808554510624,24.7338169104702,55.3539013325022));
#5800=CARTESIAN_POINT('',(-1.18767418331691,24.7158565020333,55.4458377328456));
#5801=CARTESIAN_POINT('',(-1.15775982334945,24.6898948638001,55.5305088066313));
#5802=CARTESIAN_POINT('',(-1.12639336534668,24.6626729999122,55.6192899700202));
#5803=CARTESIAN_POINT('',(-1.08408470728216,24.6262267075928,55.7021856730139));
#5804=CARTESIAN_POINT('',(-1.03467216046744,24.5847880050288,55.7759976888444));
#5805=CARTESIAN_POINT('',(-0.96016472512917,24.5223040480014,55.8872962223383));
#5806=CARTESIAN_POINT('',(-0.867871887935062,24.4466894967203,55.9811939911856));
#5807=CARTESIAN_POINT('',(-0.764982666423412,24.3710212631426,56.0555653088312));
#5808=CARTESIAN_POINT('',(-0.659856064561466,24.2937075839442,56.1315538699769));
#5809=CARTESIAN_POINT('',(-0.540635161021273,24.2119175939846,56.1902154108373));
#5810=CARTESIAN_POINT('',(-0.406110945351518,24.1536153251452,56.2263727016906));
#5811=CARTESIAN_POINT('',(-0.343068162845297,24.1262928298178,56.2433172808649));
#5812=CARTESIAN_POINT('',(-0.275002273634515,24.1043669908602,56.2554352098946));
#5813=CARTESIAN_POINT('',(-0.205130991962383,24.0945169073718,56.2608212839009));
#5814=CARTESIAN_POINT('',(-0.177216445183144,24.0905816623077,56.2629730952204));
#5815=CARTESIAN_POINT('',(-0.148860151270397,24.0885277596724,56.264075));
#5816=CARTESIAN_POINT('',(-0.120587578561875,24.0885277596724,56.264075));
#5817=CARTESIAN_POINT('',(-0.120587578561875,24.0885277596724,56.264075));
#5818=CARTESIAN_POINT('',(-0.120587578561875,26.4948106553203,55.164075));
#5819=CARTESIAN_POINT('',(-0.120587578561875,21.4948106553203,55.164075));
#5820=CARTESIAN_POINT('',(-0.120587578561875,21.4948106553203,56.264075));
#5821=CARTESIAN_POINT('',(-0.120587578561875,22.9010935509682,56.264075));
#5822=CARTESIAN_POINT('',(-0.190181128685449,22.9010935509682,56.264075));
#5823=CARTESIAN_POINT('',(-0.260502123755446,22.887942752365,56.2571511848241));
#5824=CARTESIAN_POINT('',(-0.325610224269744,22.8666910128524,56.2447996248452));
#5825=CARTESIAN_POINT('',(-0.420536568174289,22.835706390085,56.2267912906894));
#5826=CARTESIAN_POINT('',(-0.508316137816809,22.7885009169119,56.197275376042));
#5827=CARTESIAN_POINT('',(-0.588434138855528,22.7389135697466,56.1596248962992));
#5828=CARTESIAN_POINT('',(-0.717653191461768,22.6589361621867,56.0988999748152));
#5829=CARTESIAN_POINT('',(-0.832782850953257,22.5693846821465,56.0146094940689));
#5830=CARTESIAN_POINT('',(-0.930041824524807,22.4909599810128,55.9089131191189));
#5831=CARTESIAN_POINT('',(-1.0045495565499,22.4308807266093,55.8279416992939));
#5832=CARTESIAN_POINT('',(-1.06995144412819,22.3753670331602,55.7320721662113));
#5833=CARTESIAN_POINT('',(-1.11937295514148,22.3328845696895,55.6249738734318));
#5834=CARTESIAN_POINT('',(-1.15940253450152,22.2984753598526,55.5382282535136));
#5835=CARTESIAN_POINT('',(-1.18964566926157,22.2719763325618,55.4419611150797));
#5836=CARTESIAN_POINT('',(-1.20597630458422,22.2576491110681,55.34276835025));
#5837=CARTESIAN_POINT('',(-1.22237383962697,22.2432631969952,55.24316923453));
#5838=CARTESIAN_POINT('',(-1.22494239214562,22.2409891883673,55.137801217906));
#5839=CARTESIAN_POINT('',(-1.21322766151953,22.2512824687135,55.0370409529327));
#5840=CARTESIAN_POINT('',(-1.20252430398706,22.2606870946706,54.9449796691101));
#5841=CARTESIAN_POINT('',(-1.17984790642019,22.2806114872603,54.8544160587575));
#5842=CARTESIAN_POINT('',(-1.14806726416981,22.3081285140807,54.7712830758684));
#5843=CARTESIAN_POINT('',(-1.11416265370442,22.3374845625886,54.6825941381346));
#5844=CARTESIAN_POINT('',(-1.06934881861691,22.3759585363278,54.6002819610199));
#5845=CARTESIAN_POINT('',(-1.01753788449382,22.4191620829179,54.527301768238));
#5846=CARTESIAN_POINT('',(-0.938757222722867,22.4848548570171,54.4163323757567));
#5847=CARTESIAN_POINT('',(-0.842085978821503,22.5634389823591,54.3236681030867));
#5848=CARTESIAN_POINT('',(-0.734386425751241,22.6408498688606,54.2512491813527));
#5849=CARTESIAN_POINT('',(-0.624402885615046,22.7199024099325,54.1772944697677));
#5850=CARTESIAN_POINT('',(-0.499065184640321,22.8031336467732,54.1210917270104));
#5851=CARTESIAN_POINT('',(-0.357347892725871,22.8556272337871,54.0898568873073));
#5852=CARTESIAN_POINT('',(-0.297094520979448,22.8779457213191,54.0765768959764));
#5853=CARTESIAN_POINT('',(-0.232378029421734,22.8941845444604,54.067816878714));
#5854=CARTESIAN_POINT('',(-0.167022476252906,22.8992804715988,54.0650555277992));
#5855=CARTESIAN_POINT('',(-0.101249600110535,22.9044089383969,54.0622765444857));
#5856=CARTESIAN_POINT('',(-0.0334335221830133,22.8979003885528,54.0656580372063));
#5857=CARTESIAN_POINT('',(0.0301149194268817,22.8822657648018,54.0744471933155));
#5858=CARTESIAN_POINT('',(0.113021116680003,22.861868613151,54.0859136508969));
#5859=CARTESIAN_POINT('',(0.191405989748441,22.8268361483829,54.1064575952786));
#5860=CARTESIAN_POINT('',(0.263353500477197,22.7877669846934,54.13325530295));
#5861=CARTESIAN_POINT('',(0.390551223498488,22.7186956768563,54.1806316105311));
#5862=CARTESIAN_POINT('',(0.503905648708276,22.6354280785083,54.2490174913239));
#5863=CARTESIAN_POINT('',(0.603031645881479,22.5587952804552,54.3355973491149));
#5864=CARTESIAN_POINT('',(0.70639259640301,22.4788885044955,54.4258761523804));
#5865=CARTESIAN_POINT('',(0.797268929453543,22.4022041985782,54.5399443832371));
#5866=CARTESIAN_POINT('',(0.863533136689356,22.3454658062056,54.6726419752515));
#5867=CARTESIAN_POINT('',(0.90629613229032,22.3088502074586,54.7582771436219));
#5868=CARTESIAN_POINT('',(0.939567314781886,22.2797629069279,54.8537759371819));
#5869=CARTESIAN_POINT('',(0.958963671834736,22.2627672704377,54.952961055015));
#5870=CARTESIAN_POINT('',(0.978448742276371,22.2456939007679,55.052599817205));
#5871=CARTESIAN_POINT('',(0.984178523818847,22.2406218538289,55.1588224300408));
#5872=CARTESIAN_POINT('',(0.975128022446747,22.2485792649703,55.2610663486158));
#5873=CARTESIAN_POINT('',(0.966910387982493,22.2558044001704,55.3539013325022));
#5874=CARTESIAN_POINT('',(0.94649902619317,22.2737648086072,55.4458377328456));
#5875=CARTESIAN_POINT('',(0.916584666225707,22.2997264468405,55.5305088066313));
#5876=CARTESIAN_POINT('',(0.885218208222941,22.3269483107283,55.6192899700202));
#5877=CARTESIAN_POINT('',(0.842909550158412,22.3633946030478,55.7021856730139));
#5878=CARTESIAN_POINT('',(0.793497003343693,22.4048333056118,55.7759976888444));
#5879=CARTESIAN_POINT('',(0.718989568005431,22.4673172626392,55.8872962223383));
#5880=CARTESIAN_POINT('',(0.626696730811324,22.5429318139203,55.9811939911856));
#5881=CARTESIAN_POINT('',(0.523807509299682,22.618600047498,56.0555653088311));
#5882=CARTESIAN_POINT('',(0.418680907437735,22.6959137266964,56.1315538699768));
#5883=CARTESIAN_POINT('',(0.299460003897545,22.777703716656,56.1902154108373));
#5884=CARTESIAN_POINT('',(0.164935788227789,22.8360059854954,56.2263727016906));
#5885=CARTESIAN_POINT('',(0.101893005721566,22.8633284808228,56.2433172808649));
#5886=CARTESIAN_POINT('',(0.0338271165107801,22.8852543197804,56.2554352098946));
#5887=CARTESIAN_POINT('',(-0.0360441651613537,22.8951044032688,56.2608212839009));
#5888=CARTESIAN_POINT('',(-0.0639587119405972,22.8990396483328,56.2629730952204));
#5889=CARTESIAN_POINT('',(-0.0923150058533493,22.9010935509682,56.264075));
#5890=CARTESIAN_POINT('',(-0.120587578561875,22.9010935509682,56.264075));
#5891=CARTESIAN_POINT('',(-0.120587578561875,22.9010935509682,56.264075));
#5892=CARTESIAN_POINT('',(-0.120587578561875,26.4948106553203,55.164075));
#5893=CARTESIAN_POINT('',(-0.120587578561875,21.4948106553203,55.164075));
#5894=CARTESIAN_POINT('',(5.90057194039777,23.4948106553203,55.1640750000001));
#5895=CARTESIAN_POINT('',(5.90057194039777,24.7448106553203,55.1640750000001));
#5896=CARTESIAN_POINT('',(-1.62475802607462,23.644906408661,56.4050307868149));
#5897=CARTESIAN_POINT('',(-1.61955291609828,23.5927438895477,56.4113399339139));
#5898=CARTESIAN_POINT('',(-1.61699361022032,23.5397391970416,56.414382632536));
#5899=CARTESIAN_POINT('',(-1.61727122247083,23.4869410972108,56.4140502277767));
#5900=CARTESIAN_POINT('',(-1.61785780010171,23.375381955796,56.4133478769408));
#5901=CARTESIAN_POINT('',(-1.63166785651758,23.262699295126,56.3971755492939));
#5902=CARTESIAN_POINT('',(-1.65476831545859,23.1576007303994,56.3677317062643));
#5903=CARTESIAN_POINT('',(-1.68713903401342,23.0103259049091,56.3264719911081));
#5904=CARTESIAN_POINT('',(-1.73791574134789,22.8726801253603,56.258207934226));
#5905=CARTESIAN_POINT('',(-1.79051638461156,22.7540932886583,56.1709701200226));
#5906=CARTESIAN_POINT('',(-1.83704769354713,22.6491896146363,56.093798256112));
#5907=CARTESIAN_POINT('',(-1.88624969235359,22.5558838809543,55.9996530497557));
#5908=CARTESIAN_POINT('',(-1.92927614072158,22.4792544949395,55.8928724239201));
#5909=CARTESIAN_POINT('',(-1.96718520821352,22.4117390788062,55.7987918268648));
#5910=CARTESIAN_POINT('',(-2.00107102059646,22.3558670841209,55.6927996350789));
#5911=CARTESIAN_POINT('',(-2.02565535382669,22.3161320611512,55.5802681902945));
#5912=CARTESIAN_POINT('',(-2.04987027676442,22.2769941064981,55.4694276709277));
#5913=CARTESIAN_POINT('',(-2.06544571847485,22.2528377891367,55.3495227656626));
#5914=CARTESIAN_POINT('',(-2.06948163167898,22.2465366348123,55.2297405901121));
#5915=CARTESIAN_POINT('',(-2.07413245402841,22.2392754406594,55.091708479178));
#5916=CARTESIAN_POINT('',(-2.06331401096993,22.2558397716668,54.9495465256787));
#5917=CARTESIAN_POINT('',(-2.03973643895547,22.2935062191552,54.8185787602955));
#5918=CARTESIAN_POINT('',(-2.01294458826757,22.3363076508053,54.6697564467458));
#5919=CARTESIAN_POINT('',(-1.96905039644698,22.4074282985638,54.5297911430858));
#5920=CARTESIAN_POINT('',(-1.91923628300976,22.4972450374225,54.4108400844604));
#5921=CARTESIAN_POINT('',(-1.87471133073629,22.577525217779,54.3045190071044));
#5922=CARTESIAN_POINT('',(-1.82436425635138,22.6747277077982,54.2114419205834));
#5923=CARTESIAN_POINT('',(-1.77761251405429,22.7836625435718,54.1360826054968));
#5924=CARTESIAN_POINT('',(-1.73159611535868,22.8908839772232,54.061908593619));
#5925=CARTESIAN_POINT('',(-1.68796329509375,23.012560889301,54.0029686506069));
#5926=CARTESIAN_POINT('',(-1.65824903261907,23.1421029189534,53.9648680734411));
#5927=CARTESIAN_POINT('',(-1.6344536936545,23.2458408632609,53.9343569291993));
#5928=CARTESIAN_POINT('',(-1.61948591025062,23.3571833368085,53.9167524837959));
#5929=CARTESIAN_POINT('',(-1.61749318904058,23.467858722507,53.9143655964515));
#5930=CARTESIAN_POINT('',(-1.61550177788087,23.5784613482404,53.9119802782894));
#5931=CARTESIAN_POINT('',(-1.62650500113226,23.6909595810055,53.9247872233016));
#5932=CARTESIAN_POINT('',(-1.64733770999395,23.7964162982178,53.9510069738068));
#5933=CARTESIAN_POINT('',(-1.67235977201493,23.923079831805,53.9824993844997));
#5934=CARTESIAN_POINT('',(-1.71158484861229,24.0433464595606,54.033843075849));
#5935=CARTESIAN_POINT('',(-1.75454756914975,24.1504212492262,54.0998030661607));
#5936=CARTESIAN_POINT('',(-1.80086324412339,24.2658525136802,54.1709107947757));
#5937=CARTESIAN_POINT('',(-1.85257675411829,24.3695056969445,54.2608883673402));
#5938=CARTESIAN_POINT('',(-1.89935621941049,24.4560691417152,54.3650242366979));
#5939=CARTESIAN_POINT('',(-1.94009772255504,24.5314595899664,54.4557189853959));
#5940=CARTESIAN_POINT('',(-1.97798883128559,24.5954389324562,54.5592306722702));
#5941=CARTESIAN_POINT('',(-2.00714122379807,24.6433247633546,54.6707035946206));
#5942=CARTESIAN_POINT('',(-2.0348432529973,24.6888282219544,54.7766306175417));
#5943=CARTESIAN_POINT('',(-2.05512718691059,24.7206043228882,54.8922268556016));
#5944=CARTESIAN_POINT('',(-2.06445308037234,24.735219091735,55.0095210907282));
#5945=CARTESIAN_POINT('',(-2.0745231948127,24.7510001421417,55.1361755904567));
#5946=CARTESIAN_POINT('',(-2.07186255614679,24.7469284995902,55.2683515654912));
#5947=CARTESIAN_POINT('',(-2.05706008984484,24.7236010308338,55.3933656736992));
#5948=CARTESIAN_POINT('',(-2.04230599850167,24.7003497970316,55.517971231588));
#5949=CARTESIAN_POINT('',(-2.01530209814391,24.6575988010142,55.6389907908585));
#5950=CARTESIAN_POINT('',(-1.98119098604502,24.6001816518359,55.7477315428933));
#5951=CARTESIAN_POINT('',(-1.94036622327391,24.5314638250058,55.8778743360247));
#5952=CARTESIAN_POINT('',(-1.88826979839667,24.4399705169006,55.9946108676252));
#5953=CARTESIAN_POINT('',(-1.83622216416376,24.3335013201745,56.0909503792645));
#5954=CARTESIAN_POINT('',(-1.79116394474753,24.2413297450806,56.1743525726181));
#5955=CARTESIAN_POINT('',(-1.7450816794077,24.135687464525,56.2447267735943));
#5956=CARTESIAN_POINT('',(-1.70699719569585,24.0208291657697,56.2980082108483));
#5957=CARTESIAN_POINT('',(-1.66864747807179,23.9051709529033,56.3516607190129));
#5958=CARTESIAN_POINT('',(-1.63788316123918,23.7764387138378,56.3891217265212));
#5959=CARTESIAN_POINT('',(-1.62475802607462,23.644906408661,56.4050307868149));
#5960=CARTESIAN_POINT('',(-1.62475802607462,23.644906408661,56.4050307868149));
#5961=CARTESIAN_POINT('',(-4.04942805960238,23.4948106553203,55.1640750000001));
#5962=CARTESIAN_POINT('',(-1.32058757856186,19.8948106553203,53.814075));
#5963=CARTESIAN_POINT('',(-1.32058757856186,17.8948106553203,52.2640750000001));
#5964=CARTESIAN_POINT('',(-1.32058757856186,22.8948106553203,53.814075));
#5965=CARTESIAN_POINT('',(-0.120587578561875,19.8948106553203,55.164075));
#5966=CARTESIAN_POINT('',(-0.120587578561875,26.4948106553203,55.164075));
#5967=CARTESIAN_POINT('',(5.90057194039777,23.4948106553203,55.1640750000001));
#5968=CARTESIAN_POINT('',(5.90057194039777,24.5948106553203,55.1640750000001));
#5969=CARTESIAN_POINT('',(5.90057194039777,26.4948106553203,56.6140750000001));
#5970=CARTESIAN_POINT('',(9.55057194039764,17.8948106553203,52.7640749999999));
#5971=CARTESIAN_POINT('',(9.55057194039764,27.8948106553203,52.7640749999999));
#5972=CARTESIAN_POINT('',(9.55057194039764,17.8948106553203,52.2640750000001));
#5973=CARTESIAN_POINT('',(9.55057194039764,27.8948106553203,57.5640749999999));
#5974=CARTESIAN_POINT('',(7.4919932966349,17.8948106553203,52.2640750000001));
#5975=CARTESIAN_POINT('',(11.1505719403976,23.4948106553203,55.164075));
#5976=CARTESIAN_POINT('',(11.1505719403976,22.1448106553203,55.164075));
#5977=CARTESIAN_POINT('',(15.1505719403976,23.4948106553203,55.164075));
#5978=CARTESIAN_POINT('',(15.1505719403976,22.1448106553203,55.164075));
#5979=CARTESIAN_POINT('',(16.6505719403976,23.4948106553203,55.164075));
#5980=CARTESIAN_POINT('',(15.1505719403976,21.9948106553203,54.2980495962156));
#5981=CARTESIAN_POINT('',(15.1505719403976,23.4948106553203,53.4320241924311));
#5982=CARTESIAN_POINT('',(15.1505719403976,21.9948106553203,54.2980495962156));
#5983=CARTESIAN_POINT('',(15.1505719403976,24.2448106553203,53.8650368943233));
#5984=CARTESIAN_POINT('',(15.1505719403976,24.9948106553203,54.2980495962156));
#5985=CARTESIAN_POINT('',(15.1505719403976,24.9948106553203,54.2980495962156));
#5986=CARTESIAN_POINT('',(15.1505719403976,24.9948106553203,56.0301004037844));
#5987=CARTESIAN_POINT('',(15.1505719403976,24.9948106553203,56.0301004037844));
#5988=CARTESIAN_POINT('',(15.1505719403976,23.4948106553203,56.8961258075689));
#5989=CARTESIAN_POINT('',(15.1505719403976,23.4948106553203,56.8961258075689));
#5990=CARTESIAN_POINT('',(15.1505719403976,21.9948106553203,56.0301004037844));
#5991=CARTESIAN_POINT('',(15.1505719403976,21.9948106553203,56.0301004037844));
#5992=CARTESIAN_POINT('',(15.1505719403976,23.4948106553203,55.164075));
#5993=CARTESIAN_POINT('',(16.6505719403976,24.9948106553203,55.164075));
#5994=CARTESIAN_POINT('',(16.6505719403976,24.9948106553203,54.2980495962156));
#5995=CARTESIAN_POINT('',(16.6505719403976,24.9948106553203,56.0301004037844));
#5996=CARTESIAN_POINT('',(17.9505719403976,24.9948106553203,56.0301004037844));
#5997=CARTESIAN_POINT('',(17.9505719403976,24.9948106553203,54.2980495962156));
#5998=CARTESIAN_POINT('',(17.9505719403976,24.9948106553203,54.2980495962156));
#5999=CARTESIAN_POINT('',(16.6505719403976,24.2448106553203,56.4631131056766));
#6000=CARTESIAN_POINT('',(16.6505719403976,23.4948106553203,56.8961258075689));
#6001=CARTESIAN_POINT('',(17.9505719403976,23.4948106553203,56.8961258075689));
#6002=CARTESIAN_POINT('',(17.9505719403976,24.9948106553203,56.0301004037844));
#6003=CARTESIAN_POINT('',(16.6505719403976,22.7448106553203,56.4631131056767));
#6004=CARTESIAN_POINT('',(16.6505719403976,21.9948106553203,56.0301004037844));
#6005=CARTESIAN_POINT('',(17.9505719403976,21.9948106553203,56.0301004037844));
#6006=CARTESIAN_POINT('',(17.9505719403976,23.4948106553203,56.8961258075689));
#6007=CARTESIAN_POINT('',(16.6505719403976,21.9948106553203,55.164075));
#6008=CARTESIAN_POINT('',(16.6505719403976,21.9948106553203,54.2980495962156));
#6009=CARTESIAN_POINT('',(17.9505719403976,21.9948106553203,54.2980495962156));
#6010=CARTESIAN_POINT('',(17.9505719403976,21.9948106553203,56.0301004037844));
#6011=CARTESIAN_POINT('',(16.6505719403976,22.7448106553203,53.8650368943233));
#6012=CARTESIAN_POINT('',(16.6505719403976,23.4948106553203,53.4320241924311));
#6013=CARTESIAN_POINT('',(17.9505719403976,23.4948106553203,53.4320241924311));
#6014=CARTESIAN_POINT('',(17.9505719403976,21.9948106553203,54.2980495962156));
#6015=CARTESIAN_POINT('',(16.6505719403976,24.2448106553203,53.8650368943233));
#6016=CARTESIAN_POINT('',(17.9505719403976,23.4948106553203,53.4320241924311));
#6017=CARTESIAN_POINT('',(16.6505719403976,23.4948106553203,55.164075));
#6018=CARTESIAN_POINT('',(16.6505719403976,25.4948106553203,55.164075));
#6019=CARTESIAN_POINT('',(16.6505719403976,23.4948106553203,55.164075));
#6020=CARTESIAN_POINT('',(15.6505719403976,23.4948106553203,55.164075));
#6021=CARTESIAN_POINT('',(15.6505719403976,26.4948106553203,55.164075));
#6022=CARTESIAN_POINT('',(15.6505719403976,23.4948106553203,55.164075));
#6023=CARTESIAN_POINT('',(15.1505719403976,23.4948106553203,55.164075));
#6024=CARTESIAN_POINT('',(15.1505719403976,23.4948106553203,55.164075));
#6025=CARTESIAN_POINT('',(15.1505719403976,23.4948106553203,55.164075));
#6026=CARTESIAN_POINT('',(15.1505719403976,23.4948106553203,55.164075));
#6027=CARTESIAN_POINT('',(11.1505719403976,23.4948106553203,55.164075));
#6028=CARTESIAN_POINT('',(15.1505719403976,23.4948106553203,55.164075));
#6029=CARTESIAN_POINT('',(14.6505719403976,19.8948106553203,55.3140749999999));
#6030=CARTESIAN_POINT('',(14.8005719403976,11.8948106553203,53.564075));
#6031=CARTESIAN_POINT('',(14.8005719403976,8.89481065532029,53.564075));
#6032=CARTESIAN_POINT('',(14.8005719403976,11.8948106553203,53.564075));
#6033=CARTESIAN_POINT('',(15.6005719403976,8.89481065532029,53.564075));
#6034=CARTESIAN_POINT('',(13.8505719403976,8.89481065532029,53.564075));
#6035=CARTESIAN_POINT('',(13.8505719403976,11.8948106553203,53.564075));
#6036=CARTESIAN_POINT('',(13.8505719403976,11.8948106553203,53.564075));
#6037=CARTESIAN_POINT('',(15.6005719403976,11.8948106553203,53.564075));
#6038=CARTESIAN_POINT('',(15.6005719403976,11.8948106553203,53.564075));
#6039=CARTESIAN_POINT('',(14.8005719403976,11.9948106553203,56.764075));
#6040=CARTESIAN_POINT('',(14.8005719403976,8.89481065532029,56.764075));
#6041=CARTESIAN_POINT('',(14.8005719403976,11.8948106553203,56.764075));
#6042=CARTESIAN_POINT('',(15.6005719403976,11.8948106553203,56.764075));
#6043=CARTESIAN_POINT('',(13.8505719403976,11.8948106553203,56.764075));
#6044=CARTESIAN_POINT('',(13.8505719403976,11.8948106553203,56.764075));
#6045=CARTESIAN_POINT('',(13.8505719403976,8.89481065532029,56.764075));
#6046=CARTESIAN_POINT('',(15.6005719403976,8.89481065532029,56.764075));
#6047=CARTESIAN_POINT('',(15.6005719403976,11.8948106553203,56.764075));
#6048=CARTESIAN_POINT('',(14.8005719403976,11.8948106553203,56.264075));
#6049=CARTESIAN_POINT('',(14.8005719403976,12.3948106553203,56.264075));
#6050=CARTESIAN_POINT('',(15.6005719403976,12.3948106553203,56.264075));
#6051=CARTESIAN_POINT('',(13.8505719403976,12.3948106553203,56.264075));
#6052=CARTESIAN_POINT('',(13.8505719403976,11.8948106553203,56.264075));
#6053=CARTESIAN_POINT('',(15.6005719403976,11.8948106553203,56.264075));
#6054=CARTESIAN_POINT('',(14.8005719403976,11.8948106553203,54.064075));
#6055=CARTESIAN_POINT('',(14.8005719403976,12.3948106553203,54.064075));
#6056=CARTESIAN_POINT('',(13.8505719403976,11.8948106553203,54.064075));
#6057=CARTESIAN_POINT('',(13.8505719403976,12.3948106553203,54.064075));
#6058=CARTESIAN_POINT('',(15.6005719403976,12.3948106553203,54.064075));
#6059=CARTESIAN_POINT('',(15.6005719403976,11.8948106553203,54.064075));
#6060=CARTESIAN_POINT('',(14.8005719403976,8.89481065532029,54.064075));
#6061=CARTESIAN_POINT('',(14.8005719403976,8.3948106553203,54.064075));
#6062=CARTESIAN_POINT('',(15.6005719403976,8.3948106553203,54.064075));
#6063=CARTESIAN_POINT('',(13.8505719403976,8.3948106553203,54.064075));
#6064=CARTESIAN_POINT('',(13.8505719403976,8.89481065532029,54.064075));
#6065=CARTESIAN_POINT('',(15.6005719403976,8.89481065532029,54.064075));
#6066=CARTESIAN_POINT('',(13.8505719403976,12.3948106553203,54.414075));
#6067=CARTESIAN_POINT('',(13.8505719403976,8.3948106553203,54.414075));
#6068=CARTESIAN_POINT('',(13.8505719403976,8.3948106553203,56.264075));
#6069=CARTESIAN_POINT('',(13.8505719403976,8.89481065532029,56.264075));
#6070=CARTESIAN_POINT('',(13.8505719403976,11.8948106553203,54.414075));
#6071=CARTESIAN_POINT('',(14.8005719403976,8.89481065532029,56.264075));
#6072=CARTESIAN_POINT('',(14.8005719403976,8.3948106553203,56.264075));
#6073=CARTESIAN_POINT('',(15.6005719403976,8.3948106553203,56.264075));
#6074=CARTESIAN_POINT('',(15.6005719403976,8.89481065532029,56.264075));
#6075=CARTESIAN_POINT('',(14.8005719403976,12.3948106553203,55.164075));
#6076=CARTESIAN_POINT('',(14.8005719403976,12.3948106553203,54.164075));
#6077=CARTESIAN_POINT('',(14.8005719403976,11.8948106553203,54.164075));
#6078=CARTESIAN_POINT('',(14.8005719403976,11.8948106553203,53.664075));
#6079=CARTESIAN_POINT('',(14.8005719403976,11.9948106553203,53.664075));
#6080=CARTESIAN_POINT('',(14.8005719403976,8.89481065532029,53.664075));
#6081=CARTESIAN_POINT('',(14.8005719403976,8.89481065532029,54.164075));
#6082=CARTESIAN_POINT('',(14.8005719403976,8.3948106553203,54.164075));
#6083=CARTESIAN_POINT('',(14.8005719403976,8.3948106553203,54.414075));
#6084=CARTESIAN_POINT('',(14.8005719403976,11.9948106553203,55.164075));
#6085=CARTESIAN_POINT('',(14.8005719403976,8.3948106553203,54.414075));
#6086=CARTESIAN_POINT('',(14.8005719403976,8.3948106553203,56.164075));
#6087=CARTESIAN_POINT('',(14.8005719403976,8.89481065532029,56.164075));
#6088=CARTESIAN_POINT('',(14.8005719403976,8.89481065532029,56.664075));
#6089=CARTESIAN_POINT('',(14.8005719403976,11.8948106553203,56.664075));
#6090=CARTESIAN_POINT('',(14.8005719403976,11.8948106553203,56.664075));
#6091=CARTESIAN_POINT('',(14.8005719403976,11.8948106553203,56.164075));
#6092=CARTESIAN_POINT('',(14.8005719403976,12.3948106553203,56.164075));
#6093=CARTESIAN_POINT('',(14.8005719403976,12.3948106553203,55.164075));
#6094=CARTESIAN_POINT('',(14.8005719403976,11.9948106553203,55.164075));
#6095=CARTESIAN_POINT('',(15.6005719403976,8.3948106553203,56.164075));
#6096=CARTESIAN_POINT('',(15.6005719403976,8.89481065532029,56.664075));
#6097=CARTESIAN_POINT('',(15.6005719403976,8.89481065532029,56.164075));
#6098=CARTESIAN_POINT('',(15.6005719403976,11.8948106553203,56.664075));
#6099=CARTESIAN_POINT('',(15.6005719403976,12.3948106553203,56.164075));
#6100=CARTESIAN_POINT('',(15.6005719403976,11.8948106553203,56.164075));
#6101=CARTESIAN_POINT('',(15.6005719403976,11.8948106553203,56.664075));
#6102=CARTESIAN_POINT('',(15.6005719403976,8.89481065532029,53.664075));
#6103=CARTESIAN_POINT('',(15.6005719403976,8.3948106553203,54.164075));
#6104=CARTESIAN_POINT('',(15.6005719403976,8.89481065532029,54.164075));
#6105=CARTESIAN_POINT('',(15.6005719403976,12.3948106553203,54.164075));
#6106=CARTESIAN_POINT('',(15.6005719403976,11.8948106553203,53.664075));
#6107=CARTESIAN_POINT('',(15.6005719403976,11.8948106553203,54.164075));
#6108=CARTESIAN_POINT('',(15.6005719403976,11.8948106553203,53.664075));
#6109=CARTESIAN_POINT('',(15.6005719403976,8.3948106553203,54.414075));
#6110=CARTESIAN_POINT('',(15.6005719403976,12.3948106553203,54.414075));
#6111=CARTESIAN_POINT('',(10.7574124214382,-69.9,54.975));
#6112=CARTESIAN_POINT('',(10.7574124214382,-69.9,53.225));
#6113=CARTESIAN_POINT('',(10.7574124214382,-69.9,54.975));
#6114=CARTESIAN_POINT('',(10.7574124214382,0.0999999999999942,54.975));
#6115=CARTESIAN_POINT('',(-2.04942805960238,23.4948106553203,55.1640750000001));
#6116=CARTESIAN_POINT('',(-2.04942805960238,22.5948106553203,55.1640750000001));
#6117=CARTESIAN_POINT('',(-2.04942805960238,23.4948106553203,55.1640750000001));
#6118=CARTESIAN_POINT('',(-1.84942805960238,23.4948106553203,55.1640750000001));
#6119=CARTESIAN_POINT('',(-1.84942805960238,22.3948106553203,55.1640750000001));
#6120=CARTESIAN_POINT('',(-1.84942805960238,23.4948106553203,55.1640750000001));
#6121=CARTESIAN_POINT('',(-4.04942805960238,23.4948106553203,55.1640750000001));
#6122=CARTESIAN_POINT('',(15.1505719403976,23.4948106553203,55.164075));
#6123=CARTESIAN_POINT('',(15.1505719403976,23.4948106553203,57.664075));
#6124=CARTESIAN_POINT('',(14.8505719403976,23.4948106553203,55.164075));
#6125=CARTESIAN_POINT('',(14.8505719403976,23.4948106553203,57.664075));
#6126=CARTESIAN_POINT('',(14.6505719403976,23.4948106553203,55.164075));
#6127=CARTESIAN_POINT('',(14.8505719403976,23.4948106553203,55.1640750000001));
#6128=CARTESIAN_POINT('',(14.8505719403976,23.4948106553203,57.2640750000001));
#6129=CARTESIAN_POINT('',(14.8505719403976,22.8948106553203,58.364075));
#6130=CARTESIAN_POINT('',(15.1505719403976,23.4948106553203,55.164075));
#6131=CARTESIAN_POINT('',(15.1505719403976,25.5948106553203,55.164075));
#6132=CARTESIAN_POINT('',(15.1505719403976,23.4948106553203,55.164075));
#6133=CARTESIAN_POINT('',(15.1505719403976,23.4948106553203,55.164075));
#6134=MECHANICAL_DESIGN_GEOMETRIC_PRESENTATION_REPRESENTATION('',(#24),
#6135);
#6135=(
GEOMETRIC_REPRESENTATION_CONTEXT(3)
GLOBAL_UNCERTAINTY_ASSIGNED_CONTEXT((#6136))
GLOBAL_UNIT_ASSIGNED_CONTEXT((#6142,#6138,#6137))
REPRESENTATION_CONTEXT('AN-A6H','TOP_LEVEL_ASSEMBLY_PART')
);
#6136=UNCERTAINTY_MEASURE_WITH_UNIT(LENGTH_MEASURE(0.0508),#6142,
'DISTANCE_ACCURACY_VALUE','Maximum Tolerance applied to model');
#6137=(
NAMED_UNIT(*)
SI_UNIT($,.STERADIAN.)
SOLID_ANGLE_UNIT()
);
#6138=(
CONVERSION_BASED_UNIT('DEGREE',#6140)
NAMED_UNIT(#6139)
PLANE_ANGLE_UNIT()
);
#6139=DIMENSIONAL_EXPONENTS(0.,0.,0.,0.,0.,0.,0.);
#6140=PLANE_ANGLE_MEASURE_WITH_UNIT(PLANE_ANGLE_MEASURE(0.0174532925),#6141);
#6141=(
NAMED_UNIT(*)
PLANE_ANGLE_UNIT()
SI_UNIT($,.RADIAN.)
);
#6142=(
LENGTH_UNIT()
NAMED_UNIT(*)
SI_UNIT(.MILLI.,.METRE.)
);
ENDSEC;
END-ISO-10303-21;
