ISO-10303-21;
HEADER;
/* Generated by software containing ST-Developer
 * from STEP Tools, Inc. (www.steptools.com) 
 */
/* OPTION: using custom schema-name function */

FILE_DESCRIPTION(
/* description */ (''),
/* implementation_level */ '2;1');

FILE_NAME(
/* name */ 'AN-A6G-D.stp',
/* time_stamp */ '2026-08-25T14:31:15+08:00',
/* author */ (''),
/* organization */ (''),
/* preprocessor_version */ 'ST-DEVELOPER v16',
/* originating_system */ 'SIEMENS PLM Software NX 10.0',
/* authorisation */ '');

FILE_SCHEMA (('AUTOMOTIVE_DESIGN { 1 0 10303 214 3 1 1 1 }'));
ENDSEC;

DATA;
#10=SHAPE_REPRESENTATION_RELATIONSHIP('None',
'relationship between AN-A6G-D-None and AN-A6G-D-None',#22,#11);
#11=ADVANCED_BREP_SHAPE_REPRESENTATION('AN-A6G-D-None',(#104),#6283);
#12=SHAPE_DEFINITION_REPRESENTATION(#13,#22);
#13=PRODUCT_DEFINITION_SHAPE('','',#14);
#14=PRODUCT_DEFINITION(' ','',#16,#15);
#15=PRODUCT_DEFINITION_CONTEXT('part definition',#21,'design');
#16=PRODUCT_DEFINITION_FORMATION_WITH_SPECIFIED_SOURCE(' ',' ',#18,
 .NOT_KNOWN.);
#17=PRODUCT_RELATED_PRODUCT_CATEGORY('part','',(#18));
#18=PRODUCT('AN-A6G-D','AN-A6G-D',' ',(#19));
#19=PRODUCT_CONTEXT(' ',#21,'mechanical');
#20=APPLICATION_PROTOCOL_DEFINITION('international standard',
'automotive_design',2010,#21);
#21=APPLICATION_CONTEXT(
'core data for automotive mechanical design processes');
#22=SHAPE_REPRESENTATION('AN-A6G-D-None',(#3720),#6283);
#23=OVER_RIDING_STYLED_ITEM('',(#36),#1084,#34);
#24=OVER_RIDING_STYLED_ITEM('',(#37),#1085,#34);
#25=OVER_RIDING_STYLED_ITEM('',(#38),#1086,#34);
#26=OVER_RIDING_STYLED_ITEM('',(#39),#1087,#34);
#27=OVER_RIDING_STYLED_ITEM('',(#40),#1088,#34);
#28=OVER_RIDING_STYLED_ITEM('',(#41),#1089,#34);
#29=OVER_RIDING_STYLED_ITEM('',(#42),#1090,#34);
#30=OVER_RIDING_STYLED_ITEM('',(#43),#1091,#34);
#31=OVER_RIDING_STYLED_ITEM('',(#44),#1092,#34);
#32=OVER_RIDING_STYLED_ITEM('',(#45),#1093,#34);
#33=PRESENTATION_LAYER_ASSIGNMENT('1','Layer 1',(#104));
#34=STYLED_ITEM('',(#35),#104);
#35=PRESENTATION_STYLE_ASSIGNMENT((#46));
#36=PRESENTATION_STYLE_ASSIGNMENT((#47));
#37=PRESENTATION_STYLE_ASSIGNMENT((#48));
#38=PRESENTATION_STYLE_ASSIGNMENT((#49));
#39=PRESENTATION_STYLE_ASSIGNMENT((#50));
#40=PRESENTATION_STYLE_ASSIGNMENT((#51));
#41=PRESENTATION_STYLE_ASSIGNMENT((#52));
#42=PRESENTATION_STYLE_ASSIGNMENT((#53));
#43=PRESENTATION_STYLE_ASSIGNMENT((#54));
#44=PRESENTATION_STYLE_ASSIGNMENT((#55));
#45=PRESENTATION_STYLE_ASSIGNMENT((#56));
#46=SURFACE_STYLE_USAGE(.BOTH.,#57);
#47=SURFACE_STYLE_USAGE(.BOTH.,#58);
#48=SURFACE_STYLE_USAGE(.BOTH.,#59);
#49=SURFACE_STYLE_USAGE(.BOTH.,#60);
#50=SURFACE_STYLE_USAGE(.BOTH.,#61);
#51=SURFACE_STYLE_USAGE(.BOTH.,#62);
#52=SURFACE_STYLE_USAGE(.BOTH.,#63);
#53=SURFACE_STYLE_USAGE(.BOTH.,#64);
#54=SURFACE_STYLE_USAGE(.BOTH.,#65);
#55=SURFACE_STYLE_USAGE(.BOTH.,#66);
#56=SURFACE_STYLE_USAGE(.BOTH.,#67);
#57=SURFACE_SIDE_STYLE('',(#68));
#58=SURFACE_SIDE_STYLE('',(#69));
#59=SURFACE_SIDE_STYLE('',(#70));
#60=SURFACE_SIDE_STYLE('',(#71));
#61=SURFACE_SIDE_STYLE('',(#72));
#62=SURFACE_SIDE_STYLE('',(#73));
#63=SURFACE_SIDE_STYLE('',(#74));
#64=SURFACE_SIDE_STYLE('',(#75));
#65=SURFACE_SIDE_STYLE('',(#76));
#66=SURFACE_SIDE_STYLE('',(#77));
#67=SURFACE_SIDE_STYLE('',(#78));
#68=SURFACE_STYLE_FILL_AREA(#79);
#69=SURFACE_STYLE_FILL_AREA(#80);
#70=SURFACE_STYLE_FILL_AREA(#81);
#71=SURFACE_STYLE_FILL_AREA(#82);
#72=SURFACE_STYLE_FILL_AREA(#83);
#73=SURFACE_STYLE_FILL_AREA(#84);
#74=SURFACE_STYLE_FILL_AREA(#85);
#75=SURFACE_STYLE_FILL_AREA(#86);
#76=SURFACE_STYLE_FILL_AREA(#87);
#77=SURFACE_STYLE_FILL_AREA(#88);
#78=SURFACE_STYLE_FILL_AREA(#89);
#79=FILL_AREA_STYLE('',(#90));
#80=FILL_AREA_STYLE('',(#91));
#81=FILL_AREA_STYLE('',(#92));
#82=FILL_AREA_STYLE('',(#93));
#83=FILL_AREA_STYLE('',(#94));
#84=FILL_AREA_STYLE('',(#95));
#85=FILL_AREA_STYLE('',(#96));
#86=FILL_AREA_STYLE('',(#97));
#87=FILL_AREA_STYLE('',(#98));
#88=FILL_AREA_STYLE('',(#99));
#89=FILL_AREA_STYLE('',(#100));
#90=FILL_AREA_STYLE_COLOUR('',#101);
#91=FILL_AREA_STYLE_COLOUR('',#102);
#92=FILL_AREA_STYLE_COLOUR('',#102);
#93=FILL_AREA_STYLE_COLOUR('',#102);
#94=FILL_AREA_STYLE_COLOUR('',#102);
#95=FILL_AREA_STYLE_COLOUR('',#102);
#96=FILL_AREA_STYLE_COLOUR('',#103);
#97=FILL_AREA_STYLE_COLOUR('',#103);
#98=FILL_AREA_STYLE_COLOUR('',#103);
#99=FILL_AREA_STYLE_COLOUR('',#102);
#100=FILL_AREA_STYLE_COLOUR('',#102);
#101=COLOUR_RGB('Medium Sky',0.764705882352941,0.87843137254902,0.94508278019379);
#102=COLOUR_RGB('Dark Gray',0.2,0.2,0.2);
#103=COLOUR_RGB('Iron Gray',0.298023956664378,0.298023956664378,0.298023956664378);
#104=BREP_WITH_VOIDS('',#106,(#105));
#105=ORIENTED_CLOSED_SHELL('',*,#107,.F.);
#106=CLOSED_SHELL('',(#1083,#1084,#1085,#1086,#1087,#1088,#1089,#1090,#1091,
#1092,#1093,#1094,#1095,#1096,#1097,#1098,#1099,#1100,#1101,#1102,#1103,
#1104,#1105,#1106,#1107,#1108,#1109,#1110,#1111,#1112,#1113,#1114,#1115,
#1116,#1117,#1118,#1119,#1120,#1121,#1122,#1123,#1124,#1125,#1126,#1127,
#1128,#1129,#1130,#1131,#1132,#1133,#1134,#1135,#1136,#1137,#1138,#1139,
#1140,#1141,#1142,#1143,#1144,#1145,#1146,#1147,#1148,#1149,#1150,#1151,
#1152,#1153,#1154,#1155,#1156,#1157,#1158,#1159,#1160,#1161,#1162,#1163,
#1164,#1165,#1166,#1167,#1168,#1169,#1170,#1171,#1172,#1173,#1174,#1175,
#1176,#1177,#1178,#1179,#1180,#1181,#1182,#1183,#1184,#1185,#1186,#1187,
#1188,#1189,#1190,#1191,#1192,#1193,#1194,#1195,#1196,#1197,#1198,#1199,
#1200,#1201,#1202,#1203,#1204,#1205,#1206,#1207,#1208,#1209,#1210,#1211,
#1212,#1213,#1214,#1215,#1216,#1217,#1218,#1219,#1220,#1221,#1222,#1223,
#1224,#1225,#1226,#1227,#1228,#1229,#1230,#1231,#1232,#1233,#1234,#1235,
#1236,#1237,#1238,#1239,#1240,#1241,#1242,#1243,#1244,#1245,#1246,#1247,
#1248,#1249,#1250,#1251,#1252,#1253,#1254,#1255,#1256,#1257,#1258,#1259,
#1260,#1261,#1262,#1263,#1264,#1265,#1266,#1267,#1268,#1269,#1270,#1271,
#1272,#1273,#1274,#1275,#1276,#1277,#1278,#1279,#1280,#1281,#1282,#1283));
#107=CLOSED_SHELL('',(#1284,#1285,#1286,#1287));
#108=CONICAL_SURFACE('',#3925,1.3,21.8014094863518);
#109=CONICAL_SURFACE('',#3929,1.3,21.8014094863518);
#110=CONICAL_SURFACE('',#3931,1.3,21.8014094863518);
#111=CONICAL_SURFACE('',#3935,1.3,21.8014094863518);
#112=CONICAL_SURFACE('',#3937,0.5,45.);
#113=CONICAL_SURFACE('',#3941,0.5,45.);
#114=CONICAL_SURFACE('',#3943,0.5,45.);
#115=CONICAL_SURFACE('',#3947,0.500000000000001,45.);
#116=CONICAL_SURFACE('',#4058,1.1,45.0000000000002);
#117=CONICAL_SURFACE('',#4072,1.1,45.);
#118=SPHERICAL_SURFACE('',#3795,0.4);
#119=SPHERICAL_SURFACE('',#3800,0.4);
#120=SPHERICAL_SURFACE('',#3811,0.4);
#121=SPHERICAL_SURFACE('',#3816,0.4);
#122=SPHERICAL_SURFACE('',#3827,0.4);
#123=SPHERICAL_SURFACE('',#3832,0.4);
#124=FACE_OUTER_BOUND('',#1473,.T.);
#125=FACE_OUTER_BOUND('',#1474,.T.);
#126=FACE_OUTER_BOUND('',#1475,.T.);
#127=FACE_OUTER_BOUND('',#1476,.T.);
#128=FACE_OUTER_BOUND('',#1477,.T.);
#129=FACE_OUTER_BOUND('',#1478,.T.);
#130=FACE_OUTER_BOUND('',#1487,.T.);
#131=FACE_OUTER_BOUND('',#1488,.T.);
#132=FACE_OUTER_BOUND('',#1494,.T.);
#133=FACE_OUTER_BOUND('',#1495,.T.);
#134=FACE_OUTER_BOUND('',#1496,.T.);
#135=FACE_OUTER_BOUND('',#1497,.T.);
#136=FACE_OUTER_BOUND('',#1498,.T.);
#137=FACE_OUTER_BOUND('',#1499,.T.);
#138=FACE_OUTER_BOUND('',#1502,.T.);
#139=FACE_OUTER_BOUND('',#1505,.T.);
#140=FACE_OUTER_BOUND('',#1506,.T.);
#141=FACE_OUTER_BOUND('',#1507,.T.);
#142=FACE_OUTER_BOUND('',#1508,.T.);
#143=FACE_OUTER_BOUND('',#1509,.T.);
#144=FACE_OUTER_BOUND('',#1512,.T.);
#145=FACE_OUTER_BOUND('',#1513,.T.);
#146=FACE_OUTER_BOUND('',#1514,.T.);
#147=FACE_OUTER_BOUND('',#1515,.T.);
#148=FACE_OUTER_BOUND('',#1516,.T.);
#149=FACE_OUTER_BOUND('',#1517,.T.);
#150=FACE_OUTER_BOUND('',#1518,.T.);
#151=FACE_OUTER_BOUND('',#1519,.T.);
#152=FACE_OUTER_BOUND('',#1520,.T.);
#153=FACE_OUTER_BOUND('',#1521,.T.);
#154=FACE_OUTER_BOUND('',#1522,.T.);
#155=FACE_OUTER_BOUND('',#1523,.T.);
#156=FACE_OUTER_BOUND('',#1524,.T.);
#157=FACE_OUTER_BOUND('',#1525,.T.);
#158=FACE_OUTER_BOUND('',#1526,.T.);
#159=FACE_OUTER_BOUND('',#1527,.T.);
#160=FACE_OUTER_BOUND('',#1528,.T.);
#161=FACE_OUTER_BOUND('',#1529,.T.);
#162=FACE_OUTER_BOUND('',#1530,.T.);
#163=FACE_OUTER_BOUND('',#1531,.T.);
#164=FACE_OUTER_BOUND('',#1532,.T.);
#165=FACE_OUTER_BOUND('',#1535,.T.);
#166=FACE_OUTER_BOUND('',#1536,.T.);
#167=FACE_OUTER_BOUND('',#1537,.T.);
#168=FACE_OUTER_BOUND('',#1538,.T.);
#169=FACE_OUTER_BOUND('',#1539,.T.);
#170=FACE_OUTER_BOUND('',#1540,.T.);
#171=FACE_OUTER_BOUND('',#1541,.T.);
#172=FACE_OUTER_BOUND('',#1542,.T.);
#173=FACE_OUTER_BOUND('',#1543,.T.);
#174=FACE_OUTER_BOUND('',#1544,.T.);
#175=FACE_OUTER_BOUND('',#1545,.T.);
#176=FACE_OUTER_BOUND('',#1546,.T.);
#177=FACE_OUTER_BOUND('',#1549,.T.);
#178=FACE_OUTER_BOUND('',#1550,.T.);
#179=FACE_OUTER_BOUND('',#1551,.T.);
#180=FACE_OUTER_BOUND('',#1552,.T.);
#181=FACE_OUTER_BOUND('',#1553,.T.);
#182=FACE_OUTER_BOUND('',#1554,.T.);
#183=FACE_OUTER_BOUND('',#1555,.T.);
#184=FACE_OUTER_BOUND('',#1556,.T.);
#185=FACE_OUTER_BOUND('',#1557,.T.);
#186=FACE_OUTER_BOUND('',#1558,.T.);
#187=FACE_OUTER_BOUND('',#1559,.T.);
#188=FACE_OUTER_BOUND('',#1560,.T.);
#189=FACE_OUTER_BOUND('',#1561,.T.);
#190=FACE_OUTER_BOUND('',#1562,.T.);
#191=FACE_OUTER_BOUND('',#1563,.T.);
#192=FACE_OUTER_BOUND('',#1564,.T.);
#193=FACE_OUTER_BOUND('',#1565,.T.);
#194=FACE_OUTER_BOUND('',#1566,.T.);
#195=FACE_OUTER_BOUND('',#1567,.T.);
#196=FACE_OUTER_BOUND('',#1570,.T.);
#197=FACE_OUTER_BOUND('',#1571,.T.);
#198=FACE_OUTER_BOUND('',#1572,.T.);
#199=FACE_OUTER_BOUND('',#1573,.T.);
#200=FACE_OUTER_BOUND('',#1574,.T.);
#201=FACE_OUTER_BOUND('',#1575,.T.);
#202=FACE_OUTER_BOUND('',#1576,.T.);
#203=FACE_OUTER_BOUND('',#1577,.T.);
#204=FACE_OUTER_BOUND('',#1578,.T.);
#205=FACE_OUTER_BOUND('',#1579,.T.);
#206=FACE_OUTER_BOUND('',#1580,.T.);
#207=FACE_OUTER_BOUND('',#1581,.T.);
#208=FACE_OUTER_BOUND('',#1582,.T.);
#209=FACE_OUTER_BOUND('',#1583,.T.);
#210=FACE_OUTER_BOUND('',#1584,.T.);
#211=FACE_OUTER_BOUND('',#1585,.T.);
#212=FACE_OUTER_BOUND('',#1586,.T.);
#213=FACE_OUTER_BOUND('',#1587,.T.);
#214=FACE_OUTER_BOUND('',#1588,.T.);
#215=FACE_OUTER_BOUND('',#1589,.T.);
#216=FACE_OUTER_BOUND('',#1590,.T.);
#217=FACE_OUTER_BOUND('',#1591,.T.);
#218=FACE_OUTER_BOUND('',#1592,.T.);
#219=FACE_OUTER_BOUND('',#1593,.T.);
#220=FACE_OUTER_BOUND('',#1594,.T.);
#221=FACE_OUTER_BOUND('',#1595,.T.);
#222=FACE_OUTER_BOUND('',#1596,.T.);
#223=FACE_OUTER_BOUND('',#1597,.T.);
#224=FACE_OUTER_BOUND('',#1598,.T.);
#225=FACE_OUTER_BOUND('',#1599,.T.);
#226=FACE_OUTER_BOUND('',#1600,.T.);
#227=FACE_OUTER_BOUND('',#1601,.T.);
#228=FACE_OUTER_BOUND('',#1602,.T.);
#229=FACE_OUTER_BOUND('',#1603,.T.);
#230=FACE_OUTER_BOUND('',#1604,.T.);
#231=FACE_OUTER_BOUND('',#1605,.T.);
#232=FACE_OUTER_BOUND('',#1606,.T.);
#233=FACE_OUTER_BOUND('',#1607,.T.);
#234=FACE_OUTER_BOUND('',#1608,.T.);
#235=FACE_OUTER_BOUND('',#1609,.T.);
#236=FACE_OUTER_BOUND('',#1610,.T.);
#237=FACE_OUTER_BOUND('',#1611,.T.);
#238=FACE_OUTER_BOUND('',#1612,.T.);
#239=FACE_OUTER_BOUND('',#1613,.T.);
#240=FACE_OUTER_BOUND('',#1614,.T.);
#241=FACE_OUTER_BOUND('',#1620,.T.);
#242=FACE_OUTER_BOUND('',#1621,.T.);
#243=FACE_OUTER_BOUND('',#1622,.T.);
#244=FACE_OUTER_BOUND('',#1623,.T.);
#245=FACE_OUTER_BOUND('',#1624,.T.);
#246=FACE_OUTER_BOUND('',#1625,.T.);
#247=FACE_OUTER_BOUND('',#1626,.T.);
#248=FACE_OUTER_BOUND('',#1627,.T.);
#249=FACE_OUTER_BOUND('',#1628,.T.);
#250=FACE_OUTER_BOUND('',#1629,.T.);
#251=FACE_OUTER_BOUND('',#1630,.T.);
#252=FACE_OUTER_BOUND('',#1631,.T.);
#253=FACE_OUTER_BOUND('',#1632,.T.);
#254=FACE_OUTER_BOUND('',#1633,.T.);
#255=FACE_OUTER_BOUND('',#1634,.T.);
#256=FACE_OUTER_BOUND('',#1635,.T.);
#257=FACE_OUTER_BOUND('',#1636,.T.);
#258=FACE_OUTER_BOUND('',#1637,.T.);
#259=FACE_OUTER_BOUND('',#1638,.T.);
#260=FACE_OUTER_BOUND('',#1639,.T.);
#261=FACE_OUTER_BOUND('',#1640,.T.);
#262=FACE_OUTER_BOUND('',#1641,.T.);
#263=FACE_OUTER_BOUND('',#1642,.T.);
#264=FACE_OUTER_BOUND('',#1643,.T.);
#265=FACE_OUTER_BOUND('',#1644,.T.);
#266=FACE_OUTER_BOUND('',#1645,.T.);
#267=FACE_OUTER_BOUND('',#1646,.T.);
#268=FACE_OUTER_BOUND('',#1647,.T.);
#269=FACE_OUTER_BOUND('',#1648,.T.);
#270=FACE_OUTER_BOUND('',#1649,.T.);
#271=FACE_OUTER_BOUND('',#1650,.T.);
#272=FACE_OUTER_BOUND('',#1651,.T.);
#273=FACE_OUTER_BOUND('',#1652,.T.);
#274=FACE_OUTER_BOUND('',#1653,.T.);
#275=FACE_OUTER_BOUND('',#1654,.T.);
#276=FACE_OUTER_BOUND('',#1655,.T.);
#277=FACE_OUTER_BOUND('',#1656,.T.);
#278=FACE_OUTER_BOUND('',#1657,.T.);
#279=FACE_OUTER_BOUND('',#1658,.T.);
#280=FACE_OUTER_BOUND('',#1659,.T.);
#281=FACE_OUTER_BOUND('',#1660,.T.);
#282=FACE_OUTER_BOUND('',#1661,.T.);
#283=FACE_OUTER_BOUND('',#1662,.T.);
#284=FACE_OUTER_BOUND('',#1663,.T.);
#285=FACE_OUTER_BOUND('',#1664,.T.);
#286=FACE_OUTER_BOUND('',#1665,.T.);
#287=FACE_OUTER_BOUND('',#1666,.T.);
#288=FACE_OUTER_BOUND('',#1667,.T.);
#289=FACE_OUTER_BOUND('',#1671,.T.);
#290=FACE_OUTER_BOUND('',#1672,.T.);
#291=FACE_OUTER_BOUND('',#1675,.T.);
#292=FACE_OUTER_BOUND('',#1681,.T.);
#293=FACE_OUTER_BOUND('',#1682,.T.);
#294=FACE_OUTER_BOUND('',#1683,.T.);
#295=FACE_OUTER_BOUND('',#1684,.T.);
#296=FACE_OUTER_BOUND('',#1685,.T.);
#297=FACE_OUTER_BOUND('',#1686,.T.);
#298=FACE_OUTER_BOUND('',#1687,.T.);
#299=FACE_OUTER_BOUND('',#1694,.T.);
#300=LINE('',#5187,#652);
#301=LINE('',#5190,#653);
#302=LINE('',#5192,#654);
#303=LINE('',#5194,#655);
#304=LINE('',#5196,#656);
#305=LINE('',#5198,#657);
#306=LINE('',#5200,#658);
#307=LINE('',#5202,#659);
#308=LINE('',#5204,#660);
#309=LINE('',#5206,#661);
#310=LINE('',#5208,#662);
#311=LINE('',#5210,#663);
#312=LINE('',#5212,#664);
#313=LINE('',#5214,#665);
#314=LINE('',#5216,#666);
#315=LINE('',#5218,#667);
#316=LINE('',#5220,#668);
#317=LINE('',#5222,#669);
#318=LINE('',#5234,#670);
#319=LINE('',#5237,#671);
#320=LINE('',#5239,#672);
#321=LINE('',#5241,#673);
#322=LINE('',#5243,#674);
#323=LINE('',#5246,#675);
#324=LINE('',#5248,#676);
#325=LINE('',#5250,#677);
#326=LINE('',#5334,#678);
#327=LINE('',#5338,#679);
#328=LINE('',#5343,#680);
#329=LINE('',#5347,#681);
#330=LINE('',#5349,#682);
#331=LINE('',#5352,#683);
#332=LINE('',#5354,#684);
#333=LINE('',#5356,#685);
#334=LINE('',#5358,#686);
#335=LINE('',#5361,#687);
#336=LINE('',#5363,#688);
#337=LINE('',#5365,#689);
#338=LINE('',#5367,#690);
#339=LINE('',#5369,#691);
#340=LINE('',#5371,#692);
#341=LINE('',#5373,#693);
#342=LINE('',#5376,#694);
#343=LINE('',#5377,#695);
#344=LINE('',#5391,#696);
#345=LINE('',#5395,#697);
#346=LINE('',#5400,#698);
#347=LINE('',#5404,#699);
#348=LINE('',#5406,#700);
#349=LINE('',#5407,#701);
#350=LINE('',#5409,#702);
#351=LINE('',#5410,#703);
#352=LINE('',#5412,#704);
#353=LINE('',#5415,#705);
#354=LINE('',#5417,#706);
#355=LINE('',#5419,#707);
#356=LINE('',#5421,#708);
#357=LINE('',#5422,#709);
#358=LINE('',#5424,#710);
#359=LINE('',#5426,#711);
#360=LINE('',#5428,#712);
#361=LINE('',#5430,#713);
#362=LINE('',#5432,#714);
#363=LINE('',#5434,#715);
#364=LINE('',#5436,#716);
#365=LINE('',#5438,#717);
#366=LINE('',#5440,#718);
#367=LINE('',#5442,#719);
#368=LINE('',#5444,#720);
#369=LINE('',#5446,#721);
#370=LINE('',#5447,#722);
#371=LINE('',#5449,#723);
#372=LINE('',#5450,#724);
#373=LINE('',#5454,#725);
#374=LINE('',#5458,#726);
#375=LINE('',#5462,#727);
#376=LINE('',#5463,#728);
#377=LINE('',#5467,#729);
#378=LINE('',#5471,#730);
#379=LINE('',#5475,#731);
#380=LINE('',#5476,#732);
#381=LINE('',#5478,#733);
#382=LINE('',#5480,#734);
#383=LINE('',#5484,#735);
#384=LINE('',#5488,#736);
#385=LINE('',#5489,#737);
#386=LINE('',#5493,#738);
#387=LINE('',#5497,#739);
#388=LINE('',#5499,#740);
#389=LINE('',#5501,#741);
#390=LINE('',#5504,#742);
#391=LINE('',#5506,#743);
#392=LINE('',#5508,#744);
#393=LINE('',#5517,#745);
#394=LINE('',#5521,#746);
#395=LINE('',#5527,#747);
#396=LINE('',#5531,#748);
#397=LINE('',#5542,#749);
#398=LINE('',#5543,#750);
#399=LINE('',#5549,#751);
#400=LINE('',#5553,#752);
#401=LINE('',#5559,#753);
#402=LINE('',#5563,#754);
#403=LINE('',#5574,#755);
#404=LINE('',#5575,#756);
#405=LINE('',#5581,#757);
#406=LINE('',#5585,#758);
#407=LINE('',#5591,#759);
#408=LINE('',#5592,#760);
#409=LINE('',#5597,#761);
#410=LINE('',#5600,#762);
#411=LINE('',#5602,#763);
#412=LINE('',#5604,#764);
#413=LINE('',#5606,#765);
#414=LINE('',#5607,#766);
#415=LINE('',#5609,#767);
#416=LINE('',#5612,#768);
#417=LINE('',#5614,#769);
#418=LINE('',#5616,#770);
#419=LINE('',#5620,#771);
#420=LINE('',#5624,#772);
#421=LINE('',#5626,#773);
#422=LINE('',#5628,#774);
#423=LINE('',#5630,#775);
#424=LINE('',#5632,#776);
#425=LINE('',#5634,#777);
#426=LINE('',#5636,#778);
#427=LINE('',#5638,#779);
#428=LINE('',#5640,#780);
#429=LINE('',#5644,#781);
#430=LINE('',#5648,#782);
#431=LINE('',#5650,#783);
#432=LINE('',#5652,#784);
#433=LINE('',#5654,#785);
#434=LINE('',#5655,#786);
#435=LINE('',#5657,#787);
#436=LINE('',#5659,#788);
#437=LINE('',#5661,#789);
#438=LINE('',#5664,#790);
#439=LINE('',#5666,#791);
#440=LINE('',#5670,#792);
#441=LINE('',#5674,#793);
#442=LINE('',#5678,#794);
#443=LINE('',#5682,#795);
#444=LINE('',#5686,#796);
#445=LINE('',#5690,#797);
#446=LINE('',#5694,#798);
#447=LINE('',#5698,#799);
#448=LINE('',#5700,#800);
#449=LINE('',#5702,#801);
#450=LINE('',#5707,#802);
#451=LINE('',#5711,#803);
#452=LINE('',#5716,#804);
#453=LINE('',#5720,#805);
#454=LINE('',#5725,#806);
#455=LINE('',#5729,#807);
#456=LINE('',#5734,#808);
#457=LINE('',#5738,#809);
#458=LINE('',#5739,#810);
#459=LINE('',#5741,#811);
#460=LINE('',#5742,#812);
#461=LINE('',#5744,#813);
#462=LINE('',#5746,#814);
#463=LINE('',#5748,#815);
#464=LINE('',#5750,#816);
#465=LINE('',#5752,#817);
#466=LINE('',#5755,#818);
#467=LINE('',#5757,#819);
#468=LINE('',#5759,#820);
#469=LINE('',#5761,#821);
#470=LINE('',#5762,#822);
#471=LINE('',#5764,#823);
#472=LINE('',#5766,#824);
#473=LINE('',#5768,#825);
#474=LINE('',#5770,#826);
#475=LINE('',#5772,#827);
#476=LINE('',#5775,#828);
#477=LINE('',#5777,#829);
#478=LINE('',#5779,#830);
#479=LINE('',#5794,#831);
#480=LINE('',#5797,#832);
#481=LINE('',#5799,#833);
#482=LINE('',#5802,#834);
#483=LINE('',#5804,#835);
#484=LINE('',#5806,#836);
#485=LINE('',#5808,#837);
#486=LINE('',#5811,#838);
#487=LINE('',#5813,#839);
#488=LINE('',#5815,#840);
#489=LINE('',#5820,#841);
#490=LINE('',#5824,#842);
#491=LINE('',#5828,#843);
#492=LINE('',#5832,#844);
#493=LINE('',#5836,#845);
#494=LINE('',#5840,#846);
#495=LINE('',#5844,#847);
#496=LINE('',#5848,#848);
#497=LINE('',#5850,#849);
#498=LINE('',#5853,#850);
#499=LINE('',#5855,#851);
#500=LINE('',#5857,#852);
#501=LINE('',#5859,#853);
#502=LINE('',#5862,#854);
#503=LINE('',#5864,#855);
#504=LINE('',#5866,#856);
#505=LINE('',#5868,#857);
#506=LINE('',#5873,#858);
#507=LINE('',#5877,#859);
#508=LINE('',#5881,#860);
#509=LINE('',#5897,#861);
#510=LINE('',#5901,#862);
#511=LINE('',#5903,#863);
#512=LINE('',#5905,#864);
#513=LINE('',#5907,#865);
#514=LINE('',#5909,#866);
#515=LINE('',#5911,#867);
#516=LINE('',#5917,#868);
#517=LINE('',#5919,#869);
#518=LINE('',#5921,#870);
#519=LINE('',#5923,#871);
#520=LINE('',#5925,#872);
#521=LINE('',#5929,#873);
#522=LINE('',#5933,#874);
#523=LINE('',#5935,#875);
#524=LINE('',#5937,#876);
#525=LINE('',#5939,#877);
#526=LINE('',#5941,#878);
#527=LINE('',#5943,#879);
#528=LINE('',#5949,#880);
#529=LINE('',#5951,#881);
#530=LINE('',#5953,#882);
#531=LINE('',#5955,#883);
#532=LINE('',#5957,#884);
#533=LINE('',#5993,#885);
#534=LINE('',#5994,#886);
#535=LINE('',#5996,#887);
#536=LINE('',#5997,#888);
#537=LINE('',#5999,#889);
#538=LINE('',#6002,#890);
#539=LINE('',#6004,#891);
#540=LINE('',#6006,#892);
#541=LINE('',#6008,#893);
#542=LINE('',#6010,#894);
#543=LINE('',#6012,#895);
#544=LINE('',#6014,#896);
#545=LINE('',#6016,#897);
#546=LINE('',#6018,#898);
#547=LINE('',#6020,#899);
#548=LINE('',#6021,#900);
#549=LINE('',#6023,#901);
#550=LINE('',#6025,#902);
#551=LINE('',#6028,#903);
#552=LINE('',#6030,#904);
#553=LINE('',#6033,#905);
#554=LINE('',#6037,#906);
#555=LINE('',#6041,#907);
#556=LINE('',#6045,#908);
#557=LINE('',#6049,#909);
#558=LINE('',#6053,#910);
#559=LINE('',#6057,#911);
#560=LINE('',#6058,#912);
#561=LINE('',#6062,#913);
#562=LINE('',#6063,#914);
#563=LINE('',#6067,#915);
#564=LINE('',#6072,#916);
#565=LINE('',#6073,#917);
#566=LINE('',#6075,#918);
#567=LINE('',#6077,#919);
#568=LINE('',#6079,#920);
#569=LINE('',#6081,#921);
#570=LINE('',#6083,#922);
#571=LINE('',#6085,#923);
#572=LINE('',#6087,#924);
#573=LINE('',#6089,#925);
#574=LINE('',#6091,#926);
#575=LINE('',#6093,#927);
#576=LINE('',#6095,#928);
#577=LINE('',#6097,#929);
#578=LINE('',#6099,#930);
#579=LINE('',#6101,#931);
#580=LINE('',#6105,#932);
#581=LINE('',#6106,#933);
#582=LINE('',#6107,#934);
#583=LINE('',#6109,#935);
#584=LINE('',#6110,#936);
#585=LINE('',#6112,#937);
#586=LINE('',#6114,#938);
#587=LINE('',#6116,#939);
#588=LINE('',#6118,#940);
#589=LINE('',#6120,#941);
#590=LINE('',#6122,#942);
#591=LINE('',#6123,#943);
#592=LINE('',#6125,#944);
#593=LINE('',#6127,#945);
#594=LINE('',#6128,#946);
#595=LINE('',#6130,#947);
#596=LINE('',#6131,#948);
#597=LINE('',#6132,#949);
#598=LINE('',#6134,#950);
#599=LINE('',#6136,#951);
#600=LINE('',#6138,#952);
#601=LINE('',#6139,#953);
#602=LINE('',#6141,#954);
#603=LINE('',#6143,#955);
#604=LINE('',#6145,#956);
#605=LINE('',#6147,#957);
#606=LINE('',#6149,#958);
#607=LINE('',#6151,#959);
#608=LINE('',#6152,#960);
#609=LINE('',#6154,#961);
#610=LINE('',#6156,#962);
#611=LINE('',#6158,#963);
#612=LINE('',#6160,#964);
#613=LINE('',#6165,#965);
#614=LINE('',#6166,#966);
#615=LINE('',#6168,#967);
#616=LINE('',#6170,#968);
#617=LINE('',#6172,#969);
#618=LINE('',#6174,#970);
#619=LINE('',#6178,#971);
#620=LINE('',#6179,#972);
#621=LINE('',#6181,#973);
#622=LINE('',#6183,#974);
#623=LINE('',#6185,#975);
#624=LINE('',#6187,#976);
#625=LINE('',#6189,#977);
#626=LINE('',#6191,#978);
#627=LINE('',#6196,#979);
#628=LINE('',#6199,#980);
#629=LINE('',#6201,#981);
#630=LINE('',#6202,#982);
#631=LINE('',#6204,#983);
#632=LINE('',#6205,#984);
#633=LINE('',#6208,#985);
#634=LINE('',#6224,#986);
#635=LINE('',#6227,#987);
#636=LINE('',#6229,#988);
#637=LINE('',#6231,#989);
#638=LINE('',#6233,#990);
#639=LINE('',#6235,#991);
#640=LINE('',#6237,#992);
#641=LINE('',#6240,#993);
#642=LINE('',#6241,#994);
#643=LINE('',#6243,#995);
#644=LINE('',#6245,#996);
#645=LINE('',#6247,#997);
#646=LINE('',#6249,#998);
#647=LINE('',#6251,#999);
#648=LINE('',#6253,#1000);
#649=LINE('',#6255,#1001);
#650=LINE('',#6257,#1002);
#651=LINE('',#6259,#1003);
#652=VECTOR('',#4101,1.);
#653=VECTOR('',#4102,1.);
#654=VECTOR('',#4103,1.);
#655=VECTOR('',#4104,1.);
#656=VECTOR('',#4105,1.);
#657=VECTOR('',#4106,1.);
#658=VECTOR('',#4109,1.);
#659=VECTOR('',#4110,1.);
#660=VECTOR('',#4111,1.);
#661=VECTOR('',#4114,1.);
#662=VECTOR('',#4115,1.);
#663=VECTOR('',#4118,1.);
#664=VECTOR('',#4119,1.);
#665=VECTOR('',#4122,1.);
#666=VECTOR('',#4123,1.);
#667=VECTOR('',#4126,1.);
#668=VECTOR('',#4127,1.);
#669=VECTOR('',#4130,1.);
#670=VECTOR('',#4147,1.);
#671=VECTOR('',#4148,1.);
#672=VECTOR('',#4149,1.);
#673=VECTOR('',#4150,1.);
#674=VECTOR('',#4153,1.);
#675=VECTOR('',#4154,1.);
#676=VECTOR('',#4155,1.);
#677=VECTOR('',#4156,1.);
#678=VECTOR('',#4171,1.);
#679=VECTOR('',#4174,1.);
#680=VECTOR('',#4179,1.);
#681=VECTOR('',#4182,1.);
#682=VECTOR('',#4185,1.);
#683=VECTOR('',#4186,1.);
#684=VECTOR('',#4187,1.);
#685=VECTOR('',#4188,1.);
#686=VECTOR('',#4191,1.);
#687=VECTOR('',#4192,1.);
#688=VECTOR('',#4193,1.);
#689=VECTOR('',#4194,1.);
#690=VECTOR('',#4197,1.);
#691=VECTOR('',#4198,1.);
#692=VECTOR('',#4199,1.);
#693=VECTOR('',#4202,1.);
#694=VECTOR('',#4203,1.);
#695=VECTOR('',#4204,1.);
#696=VECTOR('',#4221,1.);
#697=VECTOR('',#4224,1.);
#698=VECTOR('',#4229,1.);
#699=VECTOR('',#4232,1.);
#700=VECTOR('',#4235,1.);
#701=VECTOR('',#4236,1.);
#702=VECTOR('',#4239,1.);
#703=VECTOR('',#4240,1.);
#704=VECTOR('',#4243,1.);
#705=VECTOR('',#4244,1.);
#706=VECTOR('',#4245,1.);
#707=VECTOR('',#4246,1.);
#708=VECTOR('',#4249,1.);
#709=VECTOR('',#4250,1.);
#710=VECTOR('',#4253,1.);
#711=VECTOR('',#4254,1.);
#712=VECTOR('',#4255,1.);
#713=VECTOR('',#4256,1.);
#714=VECTOR('',#4257,1.);
#715=VECTOR('',#4260,1.);
#716=VECTOR('',#4261,1.);
#717=VECTOR('',#4262,1.);
#718=VECTOR('',#4263,1.);
#719=VECTOR('',#4264,1.);
#720=VECTOR('',#4267,1.);
#721=VECTOR('',#4268,1.);
#722=VECTOR('',#4269,1.);
#723=VECTOR('',#4270,1.);
#724=VECTOR('',#4271,1.);
#725=VECTOR('',#4274,1.);
#726=VECTOR('',#4277,1.);
#727=VECTOR('',#4280,1.);
#728=VECTOR('',#4281,1.);
#729=VECTOR('',#4284,1.);
#730=VECTOR('',#4287,1.);
#731=VECTOR('',#4290,1.);
#732=VECTOR('',#4291,1.);
#733=VECTOR('',#4294,1.);
#734=VECTOR('',#4295,1.);
#735=VECTOR('',#4298,1.);
#736=VECTOR('',#4301,1.);
#737=VECTOR('',#4302,1.);
#738=VECTOR('',#4305,1.);
#739=VECTOR('',#4308,1.);
#740=VECTOR('',#4309,1.);
#741=VECTOR('',#4312,1.);
#742=VECTOR('',#4313,1.);
#743=VECTOR('',#4314,1.);
#744=VECTOR('',#4315,1.);
#745=VECTOR('',#4326,1.);
#746=VECTOR('',#4329,1.);
#747=VECTOR('',#4338,1.);
#748=VECTOR('',#4341,1.);
#749=VECTOR('',#4354,1.);
#750=VECTOR('',#4355,1.);
#751=VECTOR('',#4364,1.);
#752=VECTOR('',#4367,1.);
#753=VECTOR('',#4376,1.);
#754=VECTOR('',#4379,1.);
#755=VECTOR('',#4392,1.);
#756=VECTOR('',#4393,1.);
#757=VECTOR('',#4402,1.);
#758=VECTOR('',#4405,1.);
#759=VECTOR('',#4414,1.);
#760=VECTOR('',#4415,1.);
#761=VECTOR('',#4422,1.);
#762=VECTOR('',#4423,1.);
#763=VECTOR('',#4424,1.);
#764=VECTOR('',#4425,1.);
#765=VECTOR('',#4428,1.);
#766=VECTOR('',#4429,1.);
#767=VECTOR('',#4432,1.);
#768=VECTOR('',#4433,1.);
#769=VECTOR('',#4434,1.);
#770=VECTOR('',#4435,1.);
#771=VECTOR('',#4440,1.);
#772=VECTOR('',#4445,1.);
#773=VECTOR('',#4446,1.);
#774=VECTOR('',#4447,1.);
#775=VECTOR('',#4450,1.);
#776=VECTOR('',#4451,1.);
#777=VECTOR('',#4452,1.);
#778=VECTOR('',#4455,1.);
#779=VECTOR('',#4456,1.);
#780=VECTOR('',#4457,1.);
#781=VECTOR('',#4462,1.);
#782=VECTOR('',#4467,1.);
#783=VECTOR('',#4468,1.);
#784=VECTOR('',#4469,1.);
#785=VECTOR('',#4472,1.);
#786=VECTOR('',#4473,1.);
#787=VECTOR('',#4476,1.);
#788=VECTOR('',#4479,1.);
#789=VECTOR('',#4482,1.);
#790=VECTOR('',#4483,1.);
#791=VECTOR('',#4484,1.);
#792=VECTOR('',#4487,1.);
#793=VECTOR('',#4490,1.);
#794=VECTOR('',#4493,1.);
#795=VECTOR('',#4496,1.);
#796=VECTOR('',#4499,1.);
#797=VECTOR('',#4502,1.);
#798=VECTOR('',#4505,1.);
#799=VECTOR('',#4508,1.);
#800=VECTOR('',#4509,1.);
#801=VECTOR('',#4512,1.);
#802=VECTOR('',#4515,1.);
#803=VECTOR('',#4520,1.);
#804=VECTOR('',#4523,1.);
#805=VECTOR('',#4528,1.);
#806=VECTOR('',#4531,1.);
#807=VECTOR('',#4536,1.);
#808=VECTOR('',#4539,1.);
#809=VECTOR('',#4544,1.);
#810=VECTOR('',#4545,1.);
#811=VECTOR('',#4548,1.);
#812=VECTOR('',#4549,1.);
#813=VECTOR('',#4550,1.);
#814=VECTOR('',#4551,1.);
#815=VECTOR('',#4552,1.);
#816=VECTOR('',#4553,1.);
#817=VECTOR('',#4556,1.);
#818=VECTOR('',#4557,1.);
#819=VECTOR('',#4558,1.);
#820=VECTOR('',#4559,1.);
#821=VECTOR('',#4562,1.);
#822=VECTOR('',#4563,1.);
#823=VECTOR('',#4564,1.);
#824=VECTOR('',#4565,1.);
#825=VECTOR('',#4566,1.);
#826=VECTOR('',#4567,1.);
#827=VECTOR('',#4570,1.);
#828=VECTOR('',#4571,1.);
#829=VECTOR('',#4572,1.);
#830=VECTOR('',#4573,1.);
#831=VECTOR('',#4602,1.);
#832=VECTOR('',#4607,1.);
#833=VECTOR('',#4610,1.);
#834=VECTOR('',#4611,1.);
#835=VECTOR('',#4612,1.);
#836=VECTOR('',#4613,1.);
#837=VECTOR('',#4616,1.);
#838=VECTOR('',#4617,1.);
#839=VECTOR('',#4618,1.);
#840=VECTOR('',#4619,1.);
#841=VECTOR('',#4624,1.);
#842=VECTOR('',#4627,1.);
#843=VECTOR('',#4630,1.);
#844=VECTOR('',#4633,1.);
#845=VECTOR('',#4636,1.);
#846=VECTOR('',#4639,1.);
#847=VECTOR('',#4642,1.);
#848=VECTOR('',#4645,1.);
#849=VECTOR('',#4648,1.);
#850=VECTOR('',#4649,1.);
#851=VECTOR('',#4650,1.);
#852=VECTOR('',#4651,1.);
#853=VECTOR('',#4654,1.);
#854=VECTOR('',#4655,1.);
#855=VECTOR('',#4656,1.);
#856=VECTOR('',#4657,1.);
#857=VECTOR('',#4660,1.);
#858=VECTOR('',#4663,1.);
#859=VECTOR('',#4666,1.);
#860=VECTOR('',#4669,1.);
#861=VECTOR('',#4698,1.);
#862=VECTOR('',#4701,1.);
#863=VECTOR('',#4704,1.);
#864=VECTOR('',#4705,1.);
#865=VECTOR('',#4708,1.);
#866=VECTOR('',#4709,1.);
#867=VECTOR('',#4712,1.);
#868=VECTOR('',#4719,1.);
#869=VECTOR('',#4722,1.);
#870=VECTOR('',#4723,1.);
#871=VECTOR('',#4726,1.);
#872=VECTOR('',#4727,1.);
#873=VECTOR('',#4734,1.);
#874=VECTOR('',#4737,1.);
#875=VECTOR('',#4740,1.);
#876=VECTOR('',#4741,1.);
#877=VECTOR('',#4744,1.);
#878=VECTOR('',#4745,1.);
#879=VECTOR('',#4748,1.);
#880=VECTOR('',#4755,1.);
#881=VECTOR('',#4758,1.);
#882=VECTOR('',#4759,1.);
#883=VECTOR('',#4762,1.);
#884=VECTOR('',#4763,1.);
#885=VECTOR('',#4834,1.);
#886=VECTOR('',#4835,1.);
#887=VECTOR('',#4838,1.);
#888=VECTOR('',#4839,1.);
#889=VECTOR('',#4842,1.);
#890=VECTOR('',#4843,1.);
#891=VECTOR('',#4844,1.);
#892=VECTOR('',#4845,1.);
#893=VECTOR('',#4848,1.);
#894=VECTOR('',#4849,1.);
#895=VECTOR('',#4850,1.);
#896=VECTOR('',#4853,1.);
#897=VECTOR('',#4854,1.);
#898=VECTOR('',#4855,1.);
#899=VECTOR('',#4858,1.);
#900=VECTOR('',#4859,1.);
#901=VECTOR('',#4862,1.);
#902=VECTOR('',#4863,1.);
#903=VECTOR('',#4866,1.);
#904=VECTOR('',#4867,1.);
#905=VECTOR('',#4870,1.);
#906=VECTOR('',#4873,1.);
#907=VECTOR('',#4876,1.);
#908=VECTOR('',#4879,1.);
#909=VECTOR('',#4882,1.);
#910=VECTOR('',#4885,1.);
#911=VECTOR('',#4888,1.);
#912=VECTOR('',#4889,1.);
#913=VECTOR('',#4892,1.);
#914=VECTOR('',#4893,1.);
#915=VECTOR('',#4896,1.);
#916=VECTOR('',#4901,1.);
#917=VECTOR('',#4902,1.);
#918=VECTOR('',#4905,1.);
#919=VECTOR('',#4906,1.);
#920=VECTOR('',#4907,1.);
#921=VECTOR('',#4910,1.);
#922=VECTOR('',#4911,1.);
#923=VECTOR('',#4912,1.);
#924=VECTOR('',#4913,1.);
#925=VECTOR('',#4916,1.);
#926=VECTOR('',#4917,1.);
#927=VECTOR('',#4920,1.);
#928=VECTOR('',#4921,1.);
#929=VECTOR('',#4924,1.);
#930=VECTOR('',#4925,1.);
#931=VECTOR('',#4928,1.);
#932=VECTOR('',#4935,1.);
#933=VECTOR('',#4936,1.);
#934=VECTOR('',#4937,1.);
#935=VECTOR('',#4940,1.);
#936=VECTOR('',#4941,1.);
#937=VECTOR('',#4944,1.);
#938=VECTOR('',#4947,1.);
#939=VECTOR('',#4950,1.);
#940=VECTOR('',#4953,1.);
#941=VECTOR('',#4956,1.);
#942=VECTOR('',#4959,1.);
#943=VECTOR('',#4960,1.);
#944=VECTOR('',#4963,1.);
#945=VECTOR('',#4966,1.);
#946=VECTOR('',#4967,1.);
#947=VECTOR('',#4970,1.);
#948=VECTOR('',#4971,1.);
#949=VECTOR('',#4972,1.);
#950=VECTOR('',#4975,1.);
#951=VECTOR('',#4976,1.);
#952=VECTOR('',#4977,1.);
#953=VECTOR('',#4978,1.);
#954=VECTOR('',#4981,1.);
#955=VECTOR('',#4984,1.);
#956=VECTOR('',#4987,1.);
#957=VECTOR('',#4990,1.);
#958=VECTOR('',#4993,1.);
#959=VECTOR('',#4996,1.);
#960=VECTOR('',#4997,1.);
#961=VECTOR('',#5000,1.);
#962=VECTOR('',#5003,1.);
#963=VECTOR('',#5006,1.);
#964=VECTOR('',#5009,1.);
#965=VECTOR('',#5014,1.);
#966=VECTOR('',#5015,1.);
#967=VECTOR('',#5018,1.);
#968=VECTOR('',#5019,1.);
#969=VECTOR('',#5020,1.);
#970=VECTOR('',#5023,1.);
#971=VECTOR('',#5028,1.);
#972=VECTOR('',#5029,1.);
#973=VECTOR('',#5030,1.);
#974=VECTOR('',#5033,1.);
#975=VECTOR('',#5034,1.);
#976=VECTOR('',#5035,1.);
#977=VECTOR('',#5038,1.);
#978=VECTOR('',#5041,1.);
#979=VECTOR('',#5050,1.);
#980=VECTOR('',#5055,1.);
#981=VECTOR('',#5058,1.);
#982=VECTOR('',#5059,1.);
#983=VECTOR('',#5062,1.);
#984=VECTOR('',#5063,1.);
#985=VECTOR('',#5068,1.);
#986=VECTOR('',#5093,1.);
#987=VECTOR('',#5094,1.);
#988=VECTOR('',#5095,1.);
#989=VECTOR('',#5096,1.);
#990=VECTOR('',#5097,1.);
#991=VECTOR('',#5098,1.);
#992=VECTOR('',#5101,1.);
#993=VECTOR('',#5102,1.);
#994=VECTOR('',#5103,1.);
#995=VECTOR('',#5106,1.);
#996=VECTOR('',#5107,1.);
#997=VECTOR('',#5110,1.);
#998=VECTOR('',#5111,1.);
#999=VECTOR('',#5114,1.);
#1000=VECTOR('',#5115,1.);
#1001=VECTOR('',#5118,1.);
#1002=VECTOR('',#5119,1.);
#1003=VECTOR('',#5122,1.);
#1004=TOROIDAL_SURFACE('',#3729,2.,1.);
#1005=TOROIDAL_SURFACE('',#3806,0.5,0.4);
#1006=TOROIDAL_SURFACE('',#3822,0.5,0.4);
#1007=TOROIDAL_SURFACE('',#3952,0.741421356237308,0.1);
#1008=TOROIDAL_SURFACE('',#3954,0.741421356237308,0.1);
#1009=TOROIDAL_SURFACE('',#3960,0.741421356237307,0.1);
#1010=TOROIDAL_SURFACE('',#3962,0.741421356237308,0.1);
#1011=TOROIDAL_SURFACE('',#3968,1.03229670385731,0.1);
#1012=TOROIDAL_SURFACE('',#3970,1.03229670385731,0.1);
#1013=TOROIDAL_SURFACE('',#3976,1.03229670385731,0.1);
#1014=TOROIDAL_SURFACE('',#3978,1.03229670385731,0.1);
#1015=CYLINDRICAL_SURFACE('',#3727,3.);
#1016=CYLINDRICAL_SURFACE('',#3739,1.35);
#1017=CYLINDRICAL_SURFACE('',#3741,2.1);
#1018=CYLINDRICAL_SURFACE('',#3750,1.25);
#1019=CYLINDRICAL_SURFACE('',#3753,0.2);
#1020=CYLINDRICAL_SURFACE('',#3756,0.2);
#1021=CYLINDRICAL_SURFACE('',#3763,0.5);
#1022=CYLINDRICAL_SURFACE('',#3766,1.1);
#1023=CYLINDRICAL_SURFACE('',#3769,0.1);
#1024=CYLINDRICAL_SURFACE('',#3772,0.1);
#1025=CYLINDRICAL_SURFACE('',#3797,0.4);
#1026=CYLINDRICAL_SURFACE('',#3802,0.4);
#1027=CYLINDRICAL_SURFACE('',#3808,0.4);
#1028=CYLINDRICAL_SURFACE('',#3813,0.4);
#1029=CYLINDRICAL_SURFACE('',#3818,0.4);
#1030=CYLINDRICAL_SURFACE('',#3824,0.4);
#1031=CYLINDRICAL_SURFACE('',#3829,0.4);
#1032=CYLINDRICAL_SURFACE('',#3833,0.4);
#1033=CYLINDRICAL_SURFACE('',#3841,0.8);
#1034=CYLINDRICAL_SURFACE('',#3847,0.8);
#1035=CYLINDRICAL_SURFACE('',#3863,0.5);
#1036=CYLINDRICAL_SURFACE('',#3866,0.5);
#1037=CYLINDRICAL_SURFACE('',#3869,0.5);
#1038=CYLINDRICAL_SURFACE('',#3872,0.5);
#1039=CYLINDRICAL_SURFACE('',#3880,0.5);
#1040=CYLINDRICAL_SURFACE('',#3883,0.5);
#1041=CYLINDRICAL_SURFACE('',#3886,0.5);
#1042=CYLINDRICAL_SURFACE('',#3889,0.5);
#1043=CYLINDRICAL_SURFACE('',#3914,1.3);
#1044=CYLINDRICAL_SURFACE('',#3917,1.3);
#1045=CYLINDRICAL_SURFACE('',#3920,1.3);
#1046=CYLINDRICAL_SURFACE('',#3923,1.3);
#1047=CYLINDRICAL_SURFACE('',#3950,0.1);
#1048=CYLINDRICAL_SURFACE('',#3956,0.1);
#1049=CYLINDRICAL_SURFACE('',#3958,0.1);
#1050=CYLINDRICAL_SURFACE('',#3963,0.1);
#1051=CYLINDRICAL_SURFACE('',#3966,0.1);
#1052=CYLINDRICAL_SURFACE('',#3972,0.1);
#1053=CYLINDRICAL_SURFACE('',#3974,0.1);
#1054=CYLINDRICAL_SURFACE('',#3979,0.1);
#1055=CYLINDRICAL_SURFACE('',#3998,0.1);
#1056=CYLINDRICAL_SURFACE('',#4005,0.4);
#1057=CYLINDRICAL_SURFACE('',#4007,0.4);
#1058=CYLINDRICAL_SURFACE('',#4009,0.4);
#1059=CYLINDRICAL_SURFACE('',#4011,0.1);
#1060=CYLINDRICAL_SURFACE('',#4013,0.4);
#1061=CYLINDRICAL_SURFACE('',#4014,0.1);
#1062=CYLINDRICAL_SURFACE('',#4016,0.1);
#1063=CYLINDRICAL_SURFACE('',#4017,0.4);
#1064=CYLINDRICAL_SURFACE('',#4019,0.4);
#1065=CYLINDRICAL_SURFACE('',#4021,0.1);
#1066=CYLINDRICAL_SURFACE('',#4023,0.4);
#1067=CYLINDRICAL_SURFACE('',#4024,0.1);
#1068=CYLINDRICAL_SURFACE('',#4026,0.4);
#1069=CYLINDRICAL_SURFACE('',#4028,0.1);
#1070=CYLINDRICAL_SURFACE('',#4030,0.1);
#1071=CYLINDRICAL_SURFACE('',#4033,0.4);
#1072=CYLINDRICAL_SURFACE('',#4044,0.4);
#1073=CYLINDRICAL_SURFACE('',#4045,0.1);
#1074=CYLINDRICAL_SURFACE('',#4047,0.1);
#1075=CYLINDRICAL_SURFACE('',#4053,1.75);
#1076=CYLINDRICAL_SURFACE('',#4067,1.1);
#1077=CYLINDRICAL_SURFACE('',#4069,1.1);
#1078=CYLINDRICAL_SURFACE('',#4077,2.1);
#1079=CYLINDRICAL_SURFACE('',#4079,2.5);
#1080=B_SPLINE_CURVE_WITH_KNOTS('',3,(#5161,#5162,#5163,#5164,#5165,#5166,
#5167),.UNSPECIFIED.,.F.,.F.,(4,3,4),(0.,0.521514781139178,1.),
 .UNSPECIFIED.);
#1081=B_SPLINE_CURVE_WITH_KNOTS('',3,(#5172,#5173,#5174,#5175,#5176,#5177,
#5178),.UNSPECIFIED.,.F.,.F.,(4,3,4),(0.,0.521514781139472,1.),
 .UNSPECIFIED.);
#1082=B_SPLINE_CURVE_WITH_KNOTS('',3,(#5259,#5260,#5261,#5262,#5263,#5264,
#5265,#5266,#5267,#5268,#5269,#5270,#5271,#5272,#5273,#5274,#5275,#5276,
#5277,#5278,#5279,#5280,#5281,#5282,#5283,#5284,#5285,#5286,#5287,#5288,
#5289,#5290,#5291,#5292,#5293,#5294,#5295,#5296,#5297,#5298,#5299,#5300,
#5301,#5302,#5303,#5304,#5305,#5306,#5307,#5308,#5309,#5310,#5311,#5312,
#5313,#5314,#5315,#5316,#5317,#5318,#5319,#5320,#5321,#5322,#5323,#5324,
#5325,#5326,#5327,#5328),.UNSPECIFIED.,.T.,.F.,(1,3,3,3,3,3,3,3,3,3,3,3,
3,3,3,3,3,3,3,3,3,3,3,3,3,1),(-0.0111481911441951,0.,0.0280260995358355,
0.0688790311643539,0.135104104588578,0.18569342815642,0.226613021594346,
0.267800154583757,0.305273401527271,0.345194752191936,0.406248682710422,
0.468743510881253,0.494974565014949,0.521455098548754,0.555965774852486,
0.617251033900779,0.681442307083642,0.722524220950066,0.763910670085194,
0.801332771672758,0.840504166127852,0.899902149423071,0.960632780719609,
0.988851808855805,1.,1.02802609953584),.UNSPECIFIED.);
#1083=ADVANCED_FACE('',(#1401,#1402),#1288,.T.);
#1084=ADVANCED_FACE('',(#1403,#1404),#1015,.T.);
#1085=ADVANCED_FACE('',(#1405,#1406),#1004,.T.);
#1086=ADVANCED_FACE('',(#1407,#1408),#1289,.T.);
#1087=ADVANCED_FACE('',(#124),#1290,.F.);
#1088=ADVANCED_FACE('',(#125),#1291,.F.);
#1089=ADVANCED_FACE('',(#126),#1292,.F.);
#1090=ADVANCED_FACE('',(#127),#1293,.F.);
#1091=ADVANCED_FACE('',(#128),#1294,.F.);
#1092=ADVANCED_FACE('',(#129),#1295,.F.);
#1093=ADVANCED_FACE('',(#1409,#1410),#1296,.F.);
#1094=ADVANCED_FACE('',(#1411,#1412),#1016,.F.);
#1095=ADVANCED_FACE('',(#1413,#1414),#1017,.F.);
#1096=ADVANCED_FACE('',(#1415,#1416),#1297,.F.);
#1097=ADVANCED_FACE('',(#130),#1298,.F.);
#1098=ADVANCED_FACE('',(#131),#1299,.F.);
#1099=ADVANCED_FACE('',(#1417,#1418),#1300,.F.);
#1100=ADVANCED_FACE('',(#1419,#1420,#1421),#1018,.F.);
#1101=ADVANCED_FACE('',(#132),#1019,.T.);
#1102=ADVANCED_FACE('',(#133),#1020,.T.);
#1103=ADVANCED_FACE('',(#134),#1301,.T.);
#1104=ADVANCED_FACE('',(#135),#1302,.T.);
#1105=ADVANCED_FACE('',(#136),#1303,.T.);
#1106=ADVANCED_FACE('',(#137),#1304,.T.);
#1107=ADVANCED_FACE('',(#1422,#1423),#1021,.T.);
#1108=ADVANCED_FACE('',(#138),#1305,.T.);
#1109=ADVANCED_FACE('',(#1424,#1425),#1022,.F.);
#1110=ADVANCED_FACE('',(#139),#1023,.F.);
#1111=ADVANCED_FACE('',(#140),#1024,.F.);
#1112=ADVANCED_FACE('',(#141),#1306,.F.);
#1113=ADVANCED_FACE('',(#142),#1307,.F.);
#1114=ADVANCED_FACE('',(#143),#1308,.F.);
#1115=ADVANCED_FACE('',(#1426,#1427),#1309,.T.);
#1116=ADVANCED_FACE('',(#144),#1310,.T.);
#1117=ADVANCED_FACE('',(#145),#1311,.T.);
#1118=ADVANCED_FACE('',(#146),#1312,.F.);
#1119=ADVANCED_FACE('',(#147),#1313,.F.);
#1120=ADVANCED_FACE('',(#148),#1314,.T.);
#1121=ADVANCED_FACE('',(#149),#118,.T.);
#1122=ADVANCED_FACE('',(#150),#1025,.T.);
#1123=ADVANCED_FACE('',(#151),#119,.T.);
#1124=ADVANCED_FACE('',(#152),#1026,.T.);
#1125=ADVANCED_FACE('',(#153),#1005,.T.);
#1126=ADVANCED_FACE('',(#154),#1027,.T.);
#1127=ADVANCED_FACE('',(#155),#120,.T.);
#1128=ADVANCED_FACE('',(#156),#1028,.T.);
#1129=ADVANCED_FACE('',(#157),#121,.T.);
#1130=ADVANCED_FACE('',(#158),#1029,.T.);
#1131=ADVANCED_FACE('',(#159),#1006,.T.);
#1132=ADVANCED_FACE('',(#160),#1030,.T.);
#1133=ADVANCED_FACE('',(#161),#122,.T.);
#1134=ADVANCED_FACE('',(#162),#1031,.T.);
#1135=ADVANCED_FACE('',(#163),#123,.T.);
#1136=ADVANCED_FACE('',(#164),#1032,.T.);
#1137=ADVANCED_FACE('',(#1428,#1429),#1315,.T.);
#1138=ADVANCED_FACE('',(#165),#1316,.T.);
#1139=ADVANCED_FACE('',(#166),#1317,.T.);
#1140=ADVANCED_FACE('',(#167),#1318,.F.);
#1141=ADVANCED_FACE('',(#168),#1033,.F.);
#1142=ADVANCED_FACE('',(#169),#1319,.F.);
#1143=ADVANCED_FACE('',(#170),#1320,.F.);
#1144=ADVANCED_FACE('',(#171),#1321,.F.);
#1145=ADVANCED_FACE('',(#172),#1034,.F.);
#1146=ADVANCED_FACE('',(#173),#1322,.F.);
#1147=ADVANCED_FACE('',(#174),#1323,.F.);
#1148=ADVANCED_FACE('',(#175),#1324,.T.);
#1149=ADVANCED_FACE('',(#176),#1325,.F.);
#1150=ADVANCED_FACE('',(#1430,#1431),#1326,.F.);
#1151=ADVANCED_FACE('',(#177),#1035,.T.);
#1152=ADVANCED_FACE('',(#178),#1036,.T.);
#1153=ADVANCED_FACE('',(#179),#1037,.T.);
#1154=ADVANCED_FACE('',(#180),#1038,.T.);
#1155=ADVANCED_FACE('',(#181),#1327,.T.);
#1156=ADVANCED_FACE('',(#182),#1328,.T.);
#1157=ADVANCED_FACE('',(#183),#1329,.T.);
#1158=ADVANCED_FACE('',(#184),#1330,.T.);
#1159=ADVANCED_FACE('',(#185),#1331,.T.);
#1160=ADVANCED_FACE('',(#186),#1039,.T.);
#1161=ADVANCED_FACE('',(#187),#1040,.T.);
#1162=ADVANCED_FACE('',(#188),#1041,.T.);
#1163=ADVANCED_FACE('',(#189),#1042,.T.);
#1164=ADVANCED_FACE('',(#190),#1332,.T.);
#1165=ADVANCED_FACE('',(#191),#1333,.F.);
#1166=ADVANCED_FACE('',(#192),#1334,.F.);
#1167=ADVANCED_FACE('',(#193),#1335,.T.);
#1168=ADVANCED_FACE('',(#194),#1336,.T.);
#1169=ADVANCED_FACE('',(#195),#1337,.T.);
#1170=ADVANCED_FACE('',(#1432,#1433),#1338,.T.);
#1171=ADVANCED_FACE('',(#196),#1339,.T.);
#1172=ADVANCED_FACE('',(#197),#1340,.T.);
#1173=ADVANCED_FACE('',(#198),#1341,.F.);
#1174=ADVANCED_FACE('',(#199),#1043,.T.);
#1175=ADVANCED_FACE('',(#200),#1044,.T.);
#1176=ADVANCED_FACE('',(#201),#1045,.T.);
#1177=ADVANCED_FACE('',(#202),#1046,.T.);
#1178=ADVANCED_FACE('',(#203),#108,.T.);
#1179=ADVANCED_FACE('',(#204),#1342,.F.);
#1180=ADVANCED_FACE('',(#205),#1343,.F.);
#1181=ADVANCED_FACE('',(#206),#109,.T.);
#1182=ADVANCED_FACE('',(#207),#110,.T.);
#1183=ADVANCED_FACE('',(#208),#1344,.F.);
#1184=ADVANCED_FACE('',(#209),#1345,.F.);
#1185=ADVANCED_FACE('',(#210),#111,.T.);
#1186=ADVANCED_FACE('',(#211),#112,.F.);
#1187=ADVANCED_FACE('',(#212),#1346,.T.);
#1188=ADVANCED_FACE('',(#213),#1347,.T.);
#1189=ADVANCED_FACE('',(#214),#113,.F.);
#1190=ADVANCED_FACE('',(#215),#114,.F.);
#1191=ADVANCED_FACE('',(#216),#1348,.T.);
#1192=ADVANCED_FACE('',(#217),#1349,.T.);
#1193=ADVANCED_FACE('',(#218),#115,.F.);
#1194=ADVANCED_FACE('',(#219),#1047,.T.);
#1195=ADVANCED_FACE('',(#220),#1007,.T.);
#1196=ADVANCED_FACE('',(#221),#1008,.T.);
#1197=ADVANCED_FACE('',(#222),#1048,.T.);
#1198=ADVANCED_FACE('',(#223),#1049,.T.);
#1199=ADVANCED_FACE('',(#224),#1009,.T.);
#1200=ADVANCED_FACE('',(#225),#1010,.T.);
#1201=ADVANCED_FACE('',(#226),#1050,.T.);
#1202=ADVANCED_FACE('',(#227),#1051,.T.);
#1203=ADVANCED_FACE('',(#228),#1011,.T.);
#1204=ADVANCED_FACE('',(#229),#1012,.T.);
#1205=ADVANCED_FACE('',(#230),#1052,.T.);
#1206=ADVANCED_FACE('',(#231),#1053,.T.);
#1207=ADVANCED_FACE('',(#232),#1013,.T.);
#1208=ADVANCED_FACE('',(#233),#1014,.T.);
#1209=ADVANCED_FACE('',(#234),#1054,.T.);
#1210=ADVANCED_FACE('',(#235),#1350,.T.);
#1211=ADVANCED_FACE('',(#236),#1351,.F.);
#1212=ADVANCED_FACE('',(#237),#1352,.F.);
#1213=ADVANCED_FACE('',(#238),#1353,.F.);
#1214=ADVANCED_FACE('',(#239),#1354,.F.);
#1215=ADVANCED_FACE('',(#240),#1355,.F.);
#1216=ADVANCED_FACE('',(#1434,#1435,#1436,#1437,#1438),#1356,.T.);
#1217=ADVANCED_FACE('',(#241),#1055,.F.);
#1218=ADVANCED_FACE('',(#242),#1357,.F.);
#1219=ADVANCED_FACE('',(#243),#1358,.F.);
#1220=ADVANCED_FACE('',(#244),#1359,.T.);
#1221=ADVANCED_FACE('',(#245),#1360,.T.);
#1222=ADVANCED_FACE('',(#246),#1361,.F.);
#1223=ADVANCED_FACE('',(#247),#1056,.T.);
#1224=ADVANCED_FACE('',(#248),#1362,.F.);
#1225=ADVANCED_FACE('',(#249),#1057,.T.);
#1226=ADVANCED_FACE('',(#250),#1363,.F.);
#1227=ADVANCED_FACE('',(#251),#1058,.T.);
#1228=ADVANCED_FACE('',(#252),#1364,.F.);
#1229=ADVANCED_FACE('',(#253),#1059,.F.);
#1230=ADVANCED_FACE('',(#254),#1365,.F.);
#1231=ADVANCED_FACE('',(#255),#1060,.T.);
#1232=ADVANCED_FACE('',(#256),#1061,.F.);
#1233=ADVANCED_FACE('',(#257),#1366,.T.);
#1234=ADVANCED_FACE('',(#258),#1062,.F.);
#1235=ADVANCED_FACE('',(#259),#1063,.T.);
#1236=ADVANCED_FACE('',(#260),#1367,.F.);
#1237=ADVANCED_FACE('',(#261),#1064,.T.);
#1238=ADVANCED_FACE('',(#262),#1368,.F.);
#1239=ADVANCED_FACE('',(#263),#1065,.F.);
#1240=ADVANCED_FACE('',(#264),#1369,.F.);
#1241=ADVANCED_FACE('',(#265),#1066,.T.);
#1242=ADVANCED_FACE('',(#266),#1067,.F.);
#1243=ADVANCED_FACE('',(#267),#1370,.T.);
#1244=ADVANCED_FACE('',(#268),#1068,.T.);
#1245=ADVANCED_FACE('',(#269),#1371,.T.);
#1246=ADVANCED_FACE('',(#270),#1069,.F.);
#1247=ADVANCED_FACE('',(#271),#1070,.F.);
#1248=ADVANCED_FACE('',(#272),#1372,.F.);
#1249=ADVANCED_FACE('',(#273),#1071,.T.);
#1250=ADVANCED_FACE('',(#274),#1373,.F.);
#1251=ADVANCED_FACE('',(#275),#1374,.F.);
#1252=ADVANCED_FACE('',(#276),#1375,.T.);
#1253=ADVANCED_FACE('',(#277),#1376,.F.);
#1254=ADVANCED_FACE('',(#278),#1377,.T.);
#1255=ADVANCED_FACE('',(#279),#1378,.F.);
#1256=ADVANCED_FACE('',(#280),#1379,.T.);
#1257=ADVANCED_FACE('',(#281),#1380,.T.);
#1258=ADVANCED_FACE('',(#282),#1381,.F.);
#1259=ADVANCED_FACE('',(#283),#1382,.T.);
#1260=ADVANCED_FACE('',(#284),#1072,.T.);
#1261=ADVANCED_FACE('',(#285),#1073,.F.);
#1262=ADVANCED_FACE('',(#286),#1383,.T.);
#1263=ADVANCED_FACE('',(#287),#1074,.F.);
#1264=ADVANCED_FACE('',(#288),#1384,.T.);
#1265=ADVANCED_FACE('',(#1439,#1440,#1441),#1385,.T.);
#1266=ADVANCED_FACE('',(#289),#1386,.T.);
#1267=ADVANCED_FACE('',(#290),#1387,.T.);
#1268=ADVANCED_FACE('',(#1442,#1443),#1075,.T.);
#1269=ADVANCED_FACE('',(#291),#1388,.T.);
#1270=ADVANCED_FACE('',(#1444,#1445,#1446),#1389,.F.);
#1271=ADVANCED_FACE('',(#1447,#1448),#116,.T.);
#1272=ADVANCED_FACE('',(#292),#1390,.T.);
#1273=ADVANCED_FACE('',(#293),#1391,.F.);
#1274=ADVANCED_FACE('',(#294),#1392,.F.);
#1275=ADVANCED_FACE('',(#295),#1393,.F.);
#1276=ADVANCED_FACE('',(#296),#1394,.F.);
#1277=ADVANCED_FACE('',(#297),#1395,.F.);
#1278=ADVANCED_FACE('',(#298),#1396,.F.);
#1279=ADVANCED_FACE('',(#1449,#1450),#1397,.T.);
#1280=ADVANCED_FACE('',(#1451,#1452),#1076,.T.);
#1281=ADVANCED_FACE('',(#1453,#1454),#1077,.T.);
#1282=ADVANCED_FACE('',(#299),#1398,.T.);
#1283=ADVANCED_FACE('',(#1455,#1456),#117,.T.);
#1284=ADVANCED_FACE('',(#1457,#1458),#1399,.F.);
#1285=ADVANCED_FACE('',(#1459,#1460),#1078,.F.);
#1286=ADVANCED_FACE('',(#1461,#1462),#1079,.T.);
#1287=ADVANCED_FACE('',(#1463,#1464),#1400,.T.);
#1288=PLANE('',#3723);
#1289=PLANE('',#3730);
#1290=PLANE('',#3731);
#1291=PLANE('',#3732);
#1292=PLANE('',#3733);
#1293=PLANE('',#3734);
#1294=PLANE('',#3735);
#1295=PLANE('',#3736);
#1296=PLANE('',#3738);
#1297=PLANE('',#3743);
#1298=PLANE('',#3744);
#1299=PLANE('',#3745);
#1300=PLANE('',#3748);
#1301=PLANE('',#3757);
#1302=PLANE('',#3758);
#1303=PLANE('',#3759);
#1304=PLANE('',#3760);
#1305=PLANE('',#3764);
#1306=PLANE('',#3773);
#1307=PLANE('',#3774);
#1308=PLANE('',#3775);
#1309=PLANE('',#3776);
#1310=PLANE('',#3777);
#1311=PLANE('',#3778);
#1312=PLANE('',#3785);
#1313=PLANE('',#3790);
#1314=PLANE('',#3791);
#1315=PLANE('',#3835);
#1316=PLANE('',#3836);
#1317=PLANE('',#3837);
#1318=PLANE('',#3838);
#1319=PLANE('',#3842);
#1320=PLANE('',#3843);
#1321=PLANE('',#3844);
#1322=PLANE('',#3848);
#1323=PLANE('',#3849);
#1324=PLANE('',#3850);
#1325=PLANE('',#3851);
#1326=PLANE('',#3860);
#1327=PLANE('',#3873);
#1328=PLANE('',#3874);
#1329=PLANE('',#3875);
#1330=PLANE('',#3876);
#1331=PLANE('',#3877);
#1332=PLANE('',#3890);
#1333=PLANE('',#3891);
#1334=PLANE('',#3892);
#1335=PLANE('',#3893);
#1336=PLANE('',#3894);
#1337=PLANE('',#3895);
#1338=PLANE('',#3904);
#1339=PLANE('',#3905);
#1340=PLANE('',#3906);
#1341=PLANE('',#3911);
#1342=PLANE('',#3926);
#1343=PLANE('',#3927);
#1344=PLANE('',#3932);
#1345=PLANE('',#3933);
#1346=PLANE('',#3938);
#1347=PLANE('',#3939);
#1348=PLANE('',#3944);
#1349=PLANE('',#3945);
#1350=PLANE('',#3980);
#1351=PLANE('',#3981);
#1352=PLANE('',#3982);
#1353=PLANE('',#3983);
#1354=PLANE('',#3984);
#1355=PLANE('',#3985);
#1356=PLANE('',#3996);
#1357=PLANE('',#3999);
#1358=PLANE('',#4000);
#1359=PLANE('',#4001);
#1360=PLANE('',#4002);
#1361=PLANE('',#4003);
#1362=PLANE('',#4006);
#1363=PLANE('',#4008);
#1364=PLANE('',#4010);
#1365=PLANE('',#4012);
#1366=PLANE('',#4015);
#1367=PLANE('',#4018);
#1368=PLANE('',#4020);
#1369=PLANE('',#4022);
#1370=PLANE('',#4025);
#1371=PLANE('',#4027);
#1372=PLANE('',#4031);
#1373=PLANE('',#4034);
#1374=PLANE('',#4035);
#1375=PLANE('',#4036);
#1376=PLANE('',#4037);
#1377=PLANE('',#4038);
#1378=PLANE('',#4039);
#1379=PLANE('',#4040);
#1380=PLANE('',#4041);
#1381=PLANE('',#4042);
#1382=PLANE('',#4043);
#1383=PLANE('',#4046);
#1384=PLANE('',#4048);
#1385=PLANE('',#4049);
#1386=PLANE('',#4050);
#1387=PLANE('',#4051);
#1388=PLANE('',#4054);
#1389=PLANE('',#4055);
#1390=PLANE('',#4059);
#1391=PLANE('',#4060);
#1392=PLANE('',#4061);
#1393=PLANE('',#4062);
#1394=PLANE('',#4063);
#1395=PLANE('',#4064);
#1396=PLANE('',#4065);
#1397=PLANE('',#4066);
#1398=PLANE('',#4071);
#1399=PLANE('',#4075);
#1400=PLANE('',#4080);
#1401=FACE_BOUND('',#1465,.T.);
#1402=FACE_BOUND('',#1466,.T.);
#1403=FACE_BOUND('',#1467,.T.);
#1404=FACE_BOUND('',#1468,.T.);
#1405=FACE_BOUND('',#1469,.T.);
#1406=FACE_BOUND('',#1470,.T.);
#1407=FACE_BOUND('',#1471,.T.);
#1408=FACE_BOUND('',#1472,.T.);
#1409=FACE_BOUND('',#1479,.T.);
#1410=FACE_BOUND('',#1480,.T.);
#1411=FACE_BOUND('',#1481,.T.);
#1412=FACE_BOUND('',#1482,.T.);
#1413=FACE_BOUND('',#1483,.T.);
#1414=FACE_BOUND('',#1484,.T.);
#1415=FACE_BOUND('',#1485,.T.);
#1416=FACE_BOUND('',#1486,.T.);
#1417=FACE_BOUND('',#1489,.T.);
#1418=FACE_BOUND('',#1490,.T.);
#1419=FACE_BOUND('',#1491,.T.);
#1420=FACE_BOUND('',#1492,.T.);
#1421=FACE_BOUND('',#1493,.T.);
#1422=FACE_BOUND('',#1500,.T.);
#1423=FACE_BOUND('',#1501,.T.);
#1424=FACE_BOUND('',#1503,.T.);
#1425=FACE_BOUND('',#1504,.T.);
#1426=FACE_BOUND('',#1510,.T.);
#1427=FACE_BOUND('',#1511,.T.);
#1428=FACE_BOUND('',#1533,.T.);
#1429=FACE_BOUND('',#1534,.T.);
#1430=FACE_BOUND('',#1547,.T.);
#1431=FACE_BOUND('',#1548,.T.);
#1432=FACE_BOUND('',#1568,.T.);
#1433=FACE_BOUND('',#1569,.T.);
#1434=FACE_BOUND('',#1615,.T.);
#1435=FACE_BOUND('',#1616,.T.);
#1436=FACE_BOUND('',#1617,.T.);
#1437=FACE_BOUND('',#1618,.T.);
#1438=FACE_BOUND('',#1619,.T.);
#1439=FACE_BOUND('',#1668,.T.);
#1440=FACE_BOUND('',#1669,.T.);
#1441=FACE_BOUND('',#1670,.T.);
#1442=FACE_BOUND('',#1673,.T.);
#1443=FACE_BOUND('',#1674,.T.);
#1444=FACE_BOUND('',#1676,.T.);
#1445=FACE_BOUND('',#1677,.T.);
#1446=FACE_BOUND('',#1678,.T.);
#1447=FACE_BOUND('',#1679,.T.);
#1448=FACE_BOUND('',#1680,.T.);
#1449=FACE_BOUND('',#1688,.T.);
#1450=FACE_BOUND('',#1689,.T.);
#1451=FACE_BOUND('',#1690,.T.);
#1452=FACE_BOUND('',#1691,.T.);
#1453=FACE_BOUND('',#1692,.T.);
#1454=FACE_BOUND('',#1693,.T.);
#1455=FACE_BOUND('',#1695,.T.);
#1456=FACE_BOUND('',#1696,.T.);
#1457=FACE_BOUND('',#1697,.F.);
#1458=FACE_BOUND('',#1698,.F.);
#1459=FACE_BOUND('',#1699,.F.);
#1460=FACE_BOUND('',#1700,.F.);
#1461=FACE_BOUND('',#1701,.F.);
#1462=FACE_BOUND('',#1702,.F.);
#1463=FACE_BOUND('',#1703,.F.);
#1464=FACE_BOUND('',#1704,.F.);
#1465=EDGE_LOOP('',(#1705));
#1466=EDGE_LOOP('',(#1706));
#1467=EDGE_LOOP('',(#1707,#1708,#1709,#1710));
#1468=EDGE_LOOP('',(#1711));
#1469=EDGE_LOOP('',(#1712));
#1470=EDGE_LOOP('',(#1713));
#1471=EDGE_LOOP('',(#1714,#1715,#1716,#1717,#1718,#1719));
#1472=EDGE_LOOP('',(#1720));
#1473=EDGE_LOOP('',(#1721,#1722,#1723,#1724));
#1474=EDGE_LOOP('',(#1725,#1726,#1727,#1728));
#1475=EDGE_LOOP('',(#1729,#1730,#1731,#1732));
#1476=EDGE_LOOP('',(#1733,#1734,#1735,#1736));
#1477=EDGE_LOOP('',(#1737,#1738,#1739,#1740));
#1478=EDGE_LOOP('',(#1741,#1742,#1743,#1744));
#1479=EDGE_LOOP('',(#1745));
#1480=EDGE_LOOP('',(#1746,#1747,#1748,#1749,#1750,#1751));
#1481=EDGE_LOOP('',(#1752));
#1482=EDGE_LOOP('',(#1753));
#1483=EDGE_LOOP('',(#1754));
#1484=EDGE_LOOP('',(#1755));
#1485=EDGE_LOOP('',(#1756));
#1486=EDGE_LOOP('',(#1757));
#1487=EDGE_LOOP('',(#1758,#1759,#1760,#1761));
#1488=EDGE_LOOP('',(#1762,#1763,#1764,#1765));
#1489=EDGE_LOOP('',(#1766));
#1490=EDGE_LOOP('',(#1767));
#1491=EDGE_LOOP('',(#1768));
#1492=EDGE_LOOP('',(#1769));
#1493=EDGE_LOOP('',(#1770));
#1494=EDGE_LOOP('',(#1771,#1772,#1773,#1774));
#1495=EDGE_LOOP('',(#1775,#1776,#1777,#1778));
#1496=EDGE_LOOP('',(#1779,#1780,#1781,#1782));
#1497=EDGE_LOOP('',(#1783,#1784,#1785,#1786));
#1498=EDGE_LOOP('',(#1787,#1788,#1789,#1790));
#1499=EDGE_LOOP('',(#1791,#1792,#1793,#1794));
#1500=EDGE_LOOP('',(#1795));
#1501=EDGE_LOOP('',(#1796));
#1502=EDGE_LOOP('',(#1797));
#1503=EDGE_LOOP('',(#1798));
#1504=EDGE_LOOP('',(#1799));
#1505=EDGE_LOOP('',(#1800,#1801,#1802,#1803));
#1506=EDGE_LOOP('',(#1804,#1805,#1806,#1807));
#1507=EDGE_LOOP('',(#1808,#1809,#1810,#1811));
#1508=EDGE_LOOP('',(#1812,#1813,#1814,#1815));
#1509=EDGE_LOOP('',(#1816,#1817,#1818,#1819));
#1510=EDGE_LOOP('',(#1820));
#1511=EDGE_LOOP('',(#1821,#1822,#1823,#1824));
#1512=EDGE_LOOP('',(#1825,#1826,#1827,#1828,#1829,#1830));
#1513=EDGE_LOOP('',(#1831,#1832,#1833,#1834,#1835,#1836));
#1514=EDGE_LOOP('',(#1837,#1838,#1839,#1840,#1841,#1842,#1843,#1844,#1845,
#1846,#1847,#1848,#1849,#1850,#1851,#1852,#1853,#1854,#1855,#1856,#1857,
#1858,#1859,#1860,#1861,#1862));
#1515=EDGE_LOOP('',(#1863,#1864,#1865,#1866,#1867,#1868,#1869,#1870,#1871,
#1872,#1873,#1874,#1875,#1876,#1877,#1878,#1879,#1880,#1881,#1882,#1883,
#1884));
#1516=EDGE_LOOP('',(#1885,#1886,#1887,#1888));
#1517=EDGE_LOOP('',(#1889,#1890,#1891));
#1518=EDGE_LOOP('',(#1892,#1893,#1894,#1895));
#1519=EDGE_LOOP('',(#1896,#1897,#1898));
#1520=EDGE_LOOP('',(#1899,#1900,#1901,#1902));
#1521=EDGE_LOOP('',(#1903,#1904,#1905,#1906));
#1522=EDGE_LOOP('',(#1907,#1908,#1909,#1910));
#1523=EDGE_LOOP('',(#1911,#1912,#1913));
#1524=EDGE_LOOP('',(#1914,#1915,#1916,#1917));
#1525=EDGE_LOOP('',(#1918,#1919,#1920));
#1526=EDGE_LOOP('',(#1921,#1922,#1923,#1924));
#1527=EDGE_LOOP('',(#1925,#1926,#1927,#1928));
#1528=EDGE_LOOP('',(#1929,#1930,#1931,#1932));
#1529=EDGE_LOOP('',(#1933,#1934,#1935));
#1530=EDGE_LOOP('',(#1936,#1937,#1938,#1939));
#1531=EDGE_LOOP('',(#1940,#1941,#1942));
#1532=EDGE_LOOP('',(#1943,#1944,#1945,#1946));
#1533=EDGE_LOOP('',(#1947));
#1534=EDGE_LOOP('',(#1948,#1949,#1950,#1951,#1952,#1953,#1954,#1955,#1956,
#1957));
#1535=EDGE_LOOP('',(#1958,#1959,#1960,#1961));
#1536=EDGE_LOOP('',(#1962,#1963,#1964,#1965));
#1537=EDGE_LOOP('',(#1966,#1967,#1968,#1969));
#1538=EDGE_LOOP('',(#1970,#1971,#1972,#1973));
#1539=EDGE_LOOP('',(#1974,#1975,#1976,#1977));
#1540=EDGE_LOOP('',(#1978,#1979,#1980,#1981));
#1541=EDGE_LOOP('',(#1982,#1983,#1984,#1985));
#1542=EDGE_LOOP('',(#1986,#1987,#1988,#1989));
#1543=EDGE_LOOP('',(#1990,#1991,#1992,#1993));
#1544=EDGE_LOOP('',(#1994,#1995,#1996,#1997,#1998,#1999));
#1545=EDGE_LOOP('',(#2000,#2001,#2002,#2003,#2004,#2005,#2006,#2007,#2008,
#2009));
#1546=EDGE_LOOP('',(#2010,#2011,#2012,#2013,#2014,#2015));
#1547=EDGE_LOOP('',(#2016,#2017,#2018,#2019,#2020,#2021,#2022,#2023,#2024,
#2025));
#1548=EDGE_LOOP('',(#2026,#2027,#2028,#2029,#2030,#2031,#2032,#2033,#2034,
#2035,#2036,#2037,#2038,#2039,#2040,#2041,#2042,#2043,#2044,#2045));
#1549=EDGE_LOOP('',(#2046,#2047,#2048,#2049));
#1550=EDGE_LOOP('',(#2050,#2051,#2052,#2053));
#1551=EDGE_LOOP('',(#2054,#2055,#2056,#2057));
#1552=EDGE_LOOP('',(#2058,#2059,#2060,#2061));
#1553=EDGE_LOOP('',(#2062,#2063,#2064,#2065));
#1554=EDGE_LOOP('',(#2066,#2067,#2068,#2069,#2070,#2071,#2072,#2073));
#1555=EDGE_LOOP('',(#2074,#2075,#2076,#2077));
#1556=EDGE_LOOP('',(#2078,#2079,#2080,#2081,#2082,#2083,#2084,#2085));
#1557=EDGE_LOOP('',(#2086,#2087,#2088,#2089));
#1558=EDGE_LOOP('',(#2090,#2091,#2092,#2093));
#1559=EDGE_LOOP('',(#2094,#2095,#2096,#2097));
#1560=EDGE_LOOP('',(#2098,#2099,#2100,#2101));
#1561=EDGE_LOOP('',(#2102,#2103,#2104,#2105));
#1562=EDGE_LOOP('',(#2106,#2107,#2108,#2109,#2110,#2111,#2112,#2113));
#1563=EDGE_LOOP('',(#2114,#2115,#2116,#2117,#2118,#2119,#2120,#2121));
#1564=EDGE_LOOP('',(#2122,#2123,#2124,#2125,#2126,#2127,#2128,#2129));
#1565=EDGE_LOOP('',(#2130,#2131,#2132,#2133));
#1566=EDGE_LOOP('',(#2134,#2135,#2136,#2137));
#1567=EDGE_LOOP('',(#2138,#2139,#2140,#2141));
#1568=EDGE_LOOP('',(#2142,#2143,#2144,#2145,#2146,#2147,#2148,#2149));
#1569=EDGE_LOOP('',(#2150,#2151,#2152,#2153,#2154,#2155,#2156,#2157));
#1570=EDGE_LOOP('',(#2158,#2159,#2160,#2161));
#1571=EDGE_LOOP('',(#2162,#2163,#2164,#2165));
#1572=EDGE_LOOP('',(#2166,#2167,#2168,#2169,#2170,#2171,#2172,#2173));
#1573=EDGE_LOOP('',(#2174,#2175,#2176,#2177));
#1574=EDGE_LOOP('',(#2178,#2179,#2180,#2181));
#1575=EDGE_LOOP('',(#2182,#2183,#2184,#2185));
#1576=EDGE_LOOP('',(#2186,#2187,#2188,#2189));
#1577=EDGE_LOOP('',(#2190,#2191,#2192,#2193));
#1578=EDGE_LOOP('',(#2194,#2195,#2196,#2197));
#1579=EDGE_LOOP('',(#2198,#2199,#2200,#2201));
#1580=EDGE_LOOP('',(#2202,#2203,#2204,#2205));
#1581=EDGE_LOOP('',(#2206,#2207,#2208,#2209));
#1582=EDGE_LOOP('',(#2210,#2211,#2212,#2213));
#1583=EDGE_LOOP('',(#2214,#2215,#2216,#2217));
#1584=EDGE_LOOP('',(#2218,#2219,#2220,#2221));
#1585=EDGE_LOOP('',(#2222,#2223,#2224,#2225));
#1586=EDGE_LOOP('',(#2226,#2227,#2228,#2229));
#1587=EDGE_LOOP('',(#2230,#2231,#2232,#2233));
#1588=EDGE_LOOP('',(#2234,#2235,#2236,#2237));
#1589=EDGE_LOOP('',(#2238,#2239,#2240,#2241));
#1590=EDGE_LOOP('',(#2242,#2243,#2244,#2245));
#1591=EDGE_LOOP('',(#2246,#2247,#2248,#2249));
#1592=EDGE_LOOP('',(#2250,#2251,#2252,#2253));
#1593=EDGE_LOOP('',(#2254,#2255,#2256,#2257));
#1594=EDGE_LOOP('',(#2258,#2259,#2260,#2261));
#1595=EDGE_LOOP('',(#2262,#2263,#2264,#2265));
#1596=EDGE_LOOP('',(#2266,#2267,#2268,#2269));
#1597=EDGE_LOOP('',(#2270,#2271,#2272,#2273));
#1598=EDGE_LOOP('',(#2274,#2275,#2276,#2277));
#1599=EDGE_LOOP('',(#2278,#2279,#2280,#2281));
#1600=EDGE_LOOP('',(#2282,#2283,#2284,#2285));
#1601=EDGE_LOOP('',(#2286,#2287,#2288,#2289));
#1602=EDGE_LOOP('',(#2290,#2291,#2292,#2293));
#1603=EDGE_LOOP('',(#2294,#2295,#2296,#2297));
#1604=EDGE_LOOP('',(#2298,#2299,#2300,#2301));
#1605=EDGE_LOOP('',(#2302,#2303,#2304,#2305));
#1606=EDGE_LOOP('',(#2306,#2307,#2308,#2309));
#1607=EDGE_LOOP('',(#2310,#2311,#2312,#2313));
#1608=EDGE_LOOP('',(#2314,#2315,#2316,#2317));
#1609=EDGE_LOOP('',(#2318,#2319,#2320,#2321,#2322));
#1610=EDGE_LOOP('',(#2323,#2324,#2325,#2326,#2327));
#1611=EDGE_LOOP('',(#2328,#2329,#2330,#2331));
#1612=EDGE_LOOP('',(#2332,#2333,#2334,#2335));
#1613=EDGE_LOOP('',(#2336,#2337,#2338,#2339));
#1614=EDGE_LOOP('',(#2340,#2341,#2342,#2343));
#1615=EDGE_LOOP('',(#2344,#2345,#2346,#2347));
#1616=EDGE_LOOP('',(#2348,#2349,#2350,#2351));
#1617=EDGE_LOOP('',(#2352,#2353,#2354,#2355,#2356,#2357,#2358,#2359,#2360,
#2361,#2362,#2363,#2364,#2365,#2366,#2367,#2368,#2369,#2370,#2371,#2372,
#2373,#2374,#2375,#2376,#2377,#2378,#2379,#2380,#2381,#2382,#2383));
#1618=EDGE_LOOP('',(#2384));
#1619=EDGE_LOOP('',(#2385));
#1620=EDGE_LOOP('',(#2386,#2387,#2388,#2389));
#1621=EDGE_LOOP('',(#2390,#2391,#2392,#2393));
#1622=EDGE_LOOP('',(#2394,#2395,#2396,#2397,#2398,#2399,#2400,#2401));
#1623=EDGE_LOOP('',(#2402,#2403,#2404,#2405));
#1624=EDGE_LOOP('',(#2406,#2407,#2408,#2409));
#1625=EDGE_LOOP('',(#2410,#2411,#2412,#2413));
#1626=EDGE_LOOP('',(#2414,#2415,#2416,#2417));
#1627=EDGE_LOOP('',(#2418,#2419,#2420,#2421,#2422,#2423));
#1628=EDGE_LOOP('',(#2424,#2425,#2426,#2427,#2428,#2429));
#1629=EDGE_LOOP('',(#2430,#2431,#2432,#2433,#2434,#2435,#2436,#2437,#2438));
#1630=EDGE_LOOP('',(#2439,#2440,#2441,#2442));
#1631=EDGE_LOOP('',(#2443,#2444,#2445,#2446,#2447,#2448));
#1632=EDGE_LOOP('',(#2449,#2450,#2451,#2452));
#1633=EDGE_LOOP('',(#2453,#2454,#2455,#2456));
#1634=EDGE_LOOP('',(#2457,#2458,#2459,#2460));
#1635=EDGE_LOOP('',(#2461,#2462,#2463,#2464));
#1636=EDGE_LOOP('',(#2465,#2466,#2467,#2468));
#1637=EDGE_LOOP('',(#2469,#2470,#2471,#2472));
#1638=EDGE_LOOP('',(#2473,#2474,#2475,#2476,#2477,#2478));
#1639=EDGE_LOOP('',(#2479,#2480,#2481,#2482,#2483,#2484,#2485,#2486,#2487));
#1640=EDGE_LOOP('',(#2488,#2489,#2490,#2491));
#1641=EDGE_LOOP('',(#2492,#2493,#2494,#2495,#2496,#2497));
#1642=EDGE_LOOP('',(#2498,#2499,#2500,#2501));
#1643=EDGE_LOOP('',(#2502,#2503,#2504,#2505));
#1644=EDGE_LOOP('',(#2506,#2507,#2508,#2509));
#1645=EDGE_LOOP('',(#2510,#2511,#2512,#2513));
#1646=EDGE_LOOP('',(#2514,#2515,#2516,#2517));
#1647=EDGE_LOOP('',(#2518,#2519,#2520,#2521));
#1648=EDGE_LOOP('',(#2522,#2523,#2524,#2525));
#1649=EDGE_LOOP('',(#2526,#2527,#2528,#2529));
#1650=EDGE_LOOP('',(#2530,#2531,#2532,#2533));
#1651=EDGE_LOOP('',(#2534,#2535,#2536,#2537));
#1652=EDGE_LOOP('',(#2538,#2539,#2540,#2541));
#1653=EDGE_LOOP('',(#2542,#2543,#2544,#2545,#2546,#2547,#2548,#2549));
#1654=EDGE_LOOP('',(#2550,#2551,#2552,#2553,#2554,#2555));
#1655=EDGE_LOOP('',(#2556,#2557,#2558,#2559));
#1656=EDGE_LOOP('',(#2560,#2561,#2562,#2563));
#1657=EDGE_LOOP('',(#2564,#2565,#2566,#2567));
#1658=EDGE_LOOP('',(#2568,#2569,#2570,#2571,#2572,#2573,#2574,#2575));
#1659=EDGE_LOOP('',(#2576,#2577,#2578,#2579));
#1660=EDGE_LOOP('',(#2580,#2581,#2582,#2583));
#1661=EDGE_LOOP('',(#2584,#2585,#2586,#2587));
#1662=EDGE_LOOP('',(#2588,#2589,#2590,#2591));
#1663=EDGE_LOOP('',(#2592,#2593,#2594,#2595));
#1664=EDGE_LOOP('',(#2596,#2597,#2598,#2599));
#1665=EDGE_LOOP('',(#2600,#2601,#2602,#2603,#2604,#2605,#2606,#2607,#2608,
#2609));
#1666=EDGE_LOOP('',(#2610,#2611,#2612,#2613));
#1667=EDGE_LOOP('',(#2614,#2615,#2616,#2617,#2618,#2619,#2620,#2621,#2622,
#2623));
#1668=EDGE_LOOP('',(#2624,#2625,#2626,#2627,#2628,#2629,#2630,#2631));
#1669=EDGE_LOOP('',(#2632,#2633,#2634,#2635));
#1670=EDGE_LOOP('',(#2636,#2637,#2638,#2639,#2640,#2641,#2642,#2643));
#1671=EDGE_LOOP('',(#2644,#2645,#2646,#2647));
#1672=EDGE_LOOP('',(#2648,#2649,#2650,#2651));
#1673=EDGE_LOOP('',(#2652));
#1674=EDGE_LOOP('',(#2653));
#1675=EDGE_LOOP('',(#2654));
#1676=EDGE_LOOP('',(#2655,#2656,#2657,#2658));
#1677=EDGE_LOOP('',(#2659,#2660,#2661,#2662,#2663,#2664,#2665,#2666));
#1678=EDGE_LOOP('',(#2667,#2668,#2669,#2670));
#1679=EDGE_LOOP('',(#2671));
#1680=EDGE_LOOP('',(#2672));
#1681=EDGE_LOOP('',(#2673,#2674,#2675,#2676,#2677,#2678));
#1682=EDGE_LOOP('',(#2679,#2680,#2681,#2682));
#1683=EDGE_LOOP('',(#2683,#2684,#2685,#2686));
#1684=EDGE_LOOP('',(#2687,#2688,#2689,#2690));
#1685=EDGE_LOOP('',(#2691,#2692,#2693,#2694));
#1686=EDGE_LOOP('',(#2695,#2696,#2697,#2698));
#1687=EDGE_LOOP('',(#2699,#2700,#2701,#2702));
#1688=EDGE_LOOP('',(#2703));
#1689=EDGE_LOOP('',(#2704,#2705,#2706,#2707,#2708,#2709));
#1690=EDGE_LOOP('',(#2710));
#1691=EDGE_LOOP('',(#2711));
#1692=EDGE_LOOP('',(#2712));
#1693=EDGE_LOOP('',(#2713));
#1694=EDGE_LOOP('',(#2714));
#1695=EDGE_LOOP('',(#2715));
#1696=EDGE_LOOP('',(#2716));
#1697=EDGE_LOOP('',(#2717));
#1698=EDGE_LOOP('',(#2718));
#1699=EDGE_LOOP('',(#2719));
#1700=EDGE_LOOP('',(#2720));
#1701=EDGE_LOOP('',(#2721));
#1702=EDGE_LOOP('',(#2722));
#1703=EDGE_LOOP('',(#2723));
#1704=EDGE_LOOP('',(#2724));
#1705=ORIENTED_EDGE('',*,*,#3055,.F.);
#1706=ORIENTED_EDGE('',*,*,#3056,.T.);
#1707=ORIENTED_EDGE('',*,*,#3057,.F.);
#1708=ORIENTED_EDGE('',*,*,#3058,.T.);
#1709=ORIENTED_EDGE('',*,*,#3059,.F.);
#1710=ORIENTED_EDGE('',*,*,#3060,.T.);
#1711=ORIENTED_EDGE('',*,*,#3061,.T.);
#1712=ORIENTED_EDGE('',*,*,#3062,.F.);
#1713=ORIENTED_EDGE('',*,*,#3061,.F.);
#1714=ORIENTED_EDGE('',*,*,#3063,.F.);
#1715=ORIENTED_EDGE('',*,*,#3064,.F.);
#1716=ORIENTED_EDGE('',*,*,#3065,.F.);
#1717=ORIENTED_EDGE('',*,*,#3066,.F.);
#1718=ORIENTED_EDGE('',*,*,#3067,.F.);
#1719=ORIENTED_EDGE('',*,*,#3068,.F.);
#1720=ORIENTED_EDGE('',*,*,#3062,.T.);
#1721=ORIENTED_EDGE('',*,*,#3064,.T.);
#1722=ORIENTED_EDGE('',*,*,#3069,.T.);
#1723=ORIENTED_EDGE('',*,*,#3070,.T.);
#1724=ORIENTED_EDGE('',*,*,#3071,.F.);
#1725=ORIENTED_EDGE('',*,*,#3065,.T.);
#1726=ORIENTED_EDGE('',*,*,#3071,.T.);
#1727=ORIENTED_EDGE('',*,*,#3072,.T.);
#1728=ORIENTED_EDGE('',*,*,#3073,.F.);
#1729=ORIENTED_EDGE('',*,*,#3066,.T.);
#1730=ORIENTED_EDGE('',*,*,#3073,.T.);
#1731=ORIENTED_EDGE('',*,*,#3074,.T.);
#1732=ORIENTED_EDGE('',*,*,#3075,.F.);
#1733=ORIENTED_EDGE('',*,*,#3067,.T.);
#1734=ORIENTED_EDGE('',*,*,#3075,.T.);
#1735=ORIENTED_EDGE('',*,*,#3076,.T.);
#1736=ORIENTED_EDGE('',*,*,#3077,.F.);
#1737=ORIENTED_EDGE('',*,*,#3068,.T.);
#1738=ORIENTED_EDGE('',*,*,#3077,.T.);
#1739=ORIENTED_EDGE('',*,*,#3078,.T.);
#1740=ORIENTED_EDGE('',*,*,#3079,.F.);
#1741=ORIENTED_EDGE('',*,*,#3063,.T.);
#1742=ORIENTED_EDGE('',*,*,#3079,.T.);
#1743=ORIENTED_EDGE('',*,*,#3080,.T.);
#1744=ORIENTED_EDGE('',*,*,#3069,.F.);
#1745=ORIENTED_EDGE('',*,*,#3081,.T.);
#1746=ORIENTED_EDGE('',*,*,#3072,.F.);
#1747=ORIENTED_EDGE('',*,*,#3070,.F.);
#1748=ORIENTED_EDGE('',*,*,#3080,.F.);
#1749=ORIENTED_EDGE('',*,*,#3078,.F.);
#1750=ORIENTED_EDGE('',*,*,#3076,.F.);
#1751=ORIENTED_EDGE('',*,*,#3074,.F.);
#1752=ORIENTED_EDGE('',*,*,#3055,.T.);
#1753=ORIENTED_EDGE('',*,*,#3081,.F.);
#1754=ORIENTED_EDGE('',*,*,#3056,.F.);
#1755=ORIENTED_EDGE('',*,*,#3082,.T.);
#1756=ORIENTED_EDGE('',*,*,#3083,.T.);
#1757=ORIENTED_EDGE('',*,*,#3082,.F.);
#1758=ORIENTED_EDGE('',*,*,#3084,.F.);
#1759=ORIENTED_EDGE('',*,*,#3085,.F.);
#1760=ORIENTED_EDGE('',*,*,#3086,.T.);
#1761=ORIENTED_EDGE('',*,*,#3087,.F.);
#1762=ORIENTED_EDGE('',*,*,#3088,.F.);
#1763=ORIENTED_EDGE('',*,*,#3089,.T.);
#1764=ORIENTED_EDGE('',*,*,#3090,.T.);
#1765=ORIENTED_EDGE('',*,*,#3091,.T.);
#1766=ORIENTED_EDGE('',*,*,#3092,.T.);
#1767=ORIENTED_EDGE('',*,*,#3093,.F.);
#1768=ORIENTED_EDGE('',*,*,#3094,.T.);
#1769=ORIENTED_EDGE('',*,*,#3093,.T.);
#1770=ORIENTED_EDGE('',*,*,#3095,.F.);
#1771=ORIENTED_EDGE('',*,*,#3096,.F.);
#1772=ORIENTED_EDGE('',*,*,#3097,.F.);
#1773=ORIENTED_EDGE('',*,*,#3098,.F.);
#1774=ORIENTED_EDGE('',*,*,#3099,.F.);
#1775=ORIENTED_EDGE('',*,*,#3100,.F.);
#1776=ORIENTED_EDGE('',*,*,#3101,.F.);
#1777=ORIENTED_EDGE('',*,*,#3102,.F.);
#1778=ORIENTED_EDGE('',*,*,#3103,.F.);
#1779=ORIENTED_EDGE('',*,*,#3104,.F.);
#1780=ORIENTED_EDGE('',*,*,#3105,.F.);
#1781=ORIENTED_EDGE('',*,*,#3106,.F.);
#1782=ORIENTED_EDGE('',*,*,#3107,.T.);
#1783=ORIENTED_EDGE('',*,*,#3108,.F.);
#1784=ORIENTED_EDGE('',*,*,#3109,.T.);
#1785=ORIENTED_EDGE('',*,*,#3110,.F.);
#1786=ORIENTED_EDGE('',*,*,#3111,.F.);
#1787=ORIENTED_EDGE('',*,*,#3110,.T.);
#1788=ORIENTED_EDGE('',*,*,#3112,.F.);
#1789=ORIENTED_EDGE('',*,*,#3113,.T.);
#1790=ORIENTED_EDGE('',*,*,#3114,.T.);
#1791=ORIENTED_EDGE('',*,*,#3115,.T.);
#1792=ORIENTED_EDGE('',*,*,#3116,.T.);
#1793=ORIENTED_EDGE('',*,*,#3106,.T.);
#1794=ORIENTED_EDGE('',*,*,#3117,.F.);
#1795=ORIENTED_EDGE('',*,*,#3118,.T.);
#1796=ORIENTED_EDGE('',*,*,#3119,.T.);
#1797=ORIENTED_EDGE('',*,*,#3118,.F.);
#1798=ORIENTED_EDGE('',*,*,#3095,.T.);
#1799=ORIENTED_EDGE('',*,*,#3120,.T.);
#1800=ORIENTED_EDGE('',*,*,#3121,.F.);
#1801=ORIENTED_EDGE('',*,*,#3122,.F.);
#1802=ORIENTED_EDGE('',*,*,#3123,.F.);
#1803=ORIENTED_EDGE('',*,*,#3124,.F.);
#1804=ORIENTED_EDGE('',*,*,#3125,.F.);
#1805=ORIENTED_EDGE('',*,*,#3126,.F.);
#1806=ORIENTED_EDGE('',*,*,#3127,.F.);
#1807=ORIENTED_EDGE('',*,*,#3128,.F.);
#1808=ORIENTED_EDGE('',*,*,#3129,.T.);
#1809=ORIENTED_EDGE('',*,*,#3104,.T.);
#1810=ORIENTED_EDGE('',*,*,#3130,.T.);
#1811=ORIENTED_EDGE('',*,*,#3126,.T.);
#1812=ORIENTED_EDGE('',*,*,#3131,.F.);
#1813=ORIENTED_EDGE('',*,*,#3108,.T.);
#1814=ORIENTED_EDGE('',*,*,#3132,.F.);
#1815=ORIENTED_EDGE('',*,*,#3122,.T.);
#1816=ORIENTED_EDGE('',*,*,#3133,.F.);
#1817=ORIENTED_EDGE('',*,*,#3134,.F.);
#1818=ORIENTED_EDGE('',*,*,#3135,.F.);
#1819=ORIENTED_EDGE('',*,*,#3136,.F.);
#1820=ORIENTED_EDGE('',*,*,#3094,.F.);
#1821=ORIENTED_EDGE('',*,*,#3137,.F.);
#1822=ORIENTED_EDGE('',*,*,#3115,.F.);
#1823=ORIENTED_EDGE('',*,*,#3138,.T.);
#1824=ORIENTED_EDGE('',*,*,#3113,.F.);
#1825=ORIENTED_EDGE('',*,*,#3087,.T.);
#1826=ORIENTED_EDGE('',*,*,#3139,.F.);
#1827=ORIENTED_EDGE('',*,*,#3140,.T.);
#1828=ORIENTED_EDGE('',*,*,#3141,.F.);
#1829=ORIENTED_EDGE('',*,*,#3142,.T.);
#1830=ORIENTED_EDGE('',*,*,#3143,.F.);
#1831=ORIENTED_EDGE('',*,*,#3091,.F.);
#1832=ORIENTED_EDGE('',*,*,#3144,.T.);
#1833=ORIENTED_EDGE('',*,*,#3145,.F.);
#1834=ORIENTED_EDGE('',*,*,#3146,.T.);
#1835=ORIENTED_EDGE('',*,*,#3147,.F.);
#1836=ORIENTED_EDGE('',*,*,#3148,.T.);
#1837=ORIENTED_EDGE('',*,*,#3149,.F.);
#1838=ORIENTED_EDGE('',*,*,#3102,.T.);
#1839=ORIENTED_EDGE('',*,*,#3150,.F.);
#1840=ORIENTED_EDGE('',*,*,#3098,.T.);
#1841=ORIENTED_EDGE('',*,*,#3151,.T.);
#1842=ORIENTED_EDGE('',*,*,#3152,.F.);
#1843=ORIENTED_EDGE('',*,*,#3088,.T.);
#1844=ORIENTED_EDGE('',*,*,#3148,.F.);
#1845=ORIENTED_EDGE('',*,*,#3153,.T.);
#1846=ORIENTED_EDGE('',*,*,#3154,.F.);
#1847=ORIENTED_EDGE('',*,*,#3155,.T.);
#1848=ORIENTED_EDGE('',*,*,#3156,.T.);
#1849=ORIENTED_EDGE('',*,*,#3157,.T.);
#1850=ORIENTED_EDGE('',*,*,#3158,.F.);
#1851=ORIENTED_EDGE('',*,*,#3159,.T.);
#1852=ORIENTED_EDGE('',*,*,#3136,.T.);
#1853=ORIENTED_EDGE('',*,*,#3160,.T.);
#1854=ORIENTED_EDGE('',*,*,#3161,.T.);
#1855=ORIENTED_EDGE('',*,*,#3162,.F.);
#1856=ORIENTED_EDGE('',*,*,#3163,.F.);
#1857=ORIENTED_EDGE('',*,*,#3164,.F.);
#1858=ORIENTED_EDGE('',*,*,#3165,.T.);
#1859=ORIENTED_EDGE('',*,*,#3166,.F.);
#1860=ORIENTED_EDGE('',*,*,#3139,.T.);
#1861=ORIENTED_EDGE('',*,*,#3086,.F.);
#1862=ORIENTED_EDGE('',*,*,#3167,.T.);
#1863=ORIENTED_EDGE('',*,*,#3134,.T.);
#1864=ORIENTED_EDGE('',*,*,#3168,.T.);
#1865=ORIENTED_EDGE('',*,*,#3169,.T.);
#1866=ORIENTED_EDGE('',*,*,#3170,.T.);
#1867=ORIENTED_EDGE('',*,*,#3171,.F.);
#1868=ORIENTED_EDGE('',*,*,#3172,.T.);
#1869=ORIENTED_EDGE('',*,*,#3173,.F.);
#1870=ORIENTED_EDGE('',*,*,#3127,.T.);
#1871=ORIENTED_EDGE('',*,*,#3130,.F.);
#1872=ORIENTED_EDGE('',*,*,#3107,.F.);
#1873=ORIENTED_EDGE('',*,*,#3116,.F.);
#1874=ORIENTED_EDGE('',*,*,#3137,.T.);
#1875=ORIENTED_EDGE('',*,*,#3112,.T.);
#1876=ORIENTED_EDGE('',*,*,#3109,.F.);
#1877=ORIENTED_EDGE('',*,*,#3131,.T.);
#1878=ORIENTED_EDGE('',*,*,#3121,.T.);
#1879=ORIENTED_EDGE('',*,*,#3174,.T.);
#1880=ORIENTED_EDGE('',*,*,#3175,.F.);
#1881=ORIENTED_EDGE('',*,*,#3176,.T.);
#1882=ORIENTED_EDGE('',*,*,#3177,.F.);
#1883=ORIENTED_EDGE('',*,*,#3178,.T.);
#1884=ORIENTED_EDGE('',*,*,#3179,.T.);
#1885=ORIENTED_EDGE('',*,*,#3180,.T.);
#1886=ORIENTED_EDGE('',*,*,#3181,.T.);
#1887=ORIENTED_EDGE('',*,*,#3182,.T.);
#1888=ORIENTED_EDGE('',*,*,#3183,.F.);
#1889=ORIENTED_EDGE('',*,*,#3184,.F.);
#1890=ORIENTED_EDGE('',*,*,#3185,.T.);
#1891=ORIENTED_EDGE('',*,*,#3186,.F.);
#1892=ORIENTED_EDGE('',*,*,#3185,.F.);
#1893=ORIENTED_EDGE('',*,*,#3187,.F.);
#1894=ORIENTED_EDGE('',*,*,#3188,.T.);
#1895=ORIENTED_EDGE('',*,*,#3189,.F.);
#1896=ORIENTED_EDGE('',*,*,#3190,.F.);
#1897=ORIENTED_EDGE('',*,*,#3191,.T.);
#1898=ORIENTED_EDGE('',*,*,#3188,.F.);
#1899=ORIENTED_EDGE('',*,*,#3191,.F.);
#1900=ORIENTED_EDGE('',*,*,#3192,.F.);
#1901=ORIENTED_EDGE('',*,*,#3193,.T.);
#1902=ORIENTED_EDGE('',*,*,#3194,.F.);
#1903=ORIENTED_EDGE('',*,*,#3195,.T.);
#1904=ORIENTED_EDGE('',*,*,#3196,.F.);
#1905=ORIENTED_EDGE('',*,*,#3193,.F.);
#1906=ORIENTED_EDGE('',*,*,#3197,.F.);
#1907=ORIENTED_EDGE('',*,*,#3198,.T.);
#1908=ORIENTED_EDGE('',*,*,#3199,.F.);
#1909=ORIENTED_EDGE('',*,*,#3195,.F.);
#1910=ORIENTED_EDGE('',*,*,#3200,.F.);
#1911=ORIENTED_EDGE('',*,*,#3201,.F.);
#1912=ORIENTED_EDGE('',*,*,#3202,.T.);
#1913=ORIENTED_EDGE('',*,*,#3198,.F.);
#1914=ORIENTED_EDGE('',*,*,#3202,.F.);
#1915=ORIENTED_EDGE('',*,*,#3203,.F.);
#1916=ORIENTED_EDGE('',*,*,#3204,.T.);
#1917=ORIENTED_EDGE('',*,*,#3205,.F.);
#1918=ORIENTED_EDGE('',*,*,#3206,.F.);
#1919=ORIENTED_EDGE('',*,*,#3207,.T.);
#1920=ORIENTED_EDGE('',*,*,#3204,.F.);
#1921=ORIENTED_EDGE('',*,*,#3207,.F.);
#1922=ORIENTED_EDGE('',*,*,#3208,.F.);
#1923=ORIENTED_EDGE('',*,*,#3209,.T.);
#1924=ORIENTED_EDGE('',*,*,#3210,.F.);
#1925=ORIENTED_EDGE('',*,*,#3211,.T.);
#1926=ORIENTED_EDGE('',*,*,#3212,.F.);
#1927=ORIENTED_EDGE('',*,*,#3209,.F.);
#1928=ORIENTED_EDGE('',*,*,#3213,.F.);
#1929=ORIENTED_EDGE('',*,*,#3214,.T.);
#1930=ORIENTED_EDGE('',*,*,#3215,.F.);
#1931=ORIENTED_EDGE('',*,*,#3211,.F.);
#1932=ORIENTED_EDGE('',*,*,#3216,.F.);
#1933=ORIENTED_EDGE('',*,*,#3217,.F.);
#1934=ORIENTED_EDGE('',*,*,#3218,.T.);
#1935=ORIENTED_EDGE('',*,*,#3214,.F.);
#1936=ORIENTED_EDGE('',*,*,#3218,.F.);
#1937=ORIENTED_EDGE('',*,*,#3219,.F.);
#1938=ORIENTED_EDGE('',*,*,#3220,.T.);
#1939=ORIENTED_EDGE('',*,*,#3221,.F.);
#1940=ORIENTED_EDGE('',*,*,#3222,.F.);
#1941=ORIENTED_EDGE('',*,*,#3223,.T.);
#1942=ORIENTED_EDGE('',*,*,#3220,.F.);
#1943=ORIENTED_EDGE('',*,*,#3223,.F.);
#1944=ORIENTED_EDGE('',*,*,#3224,.F.);
#1945=ORIENTED_EDGE('',*,*,#3186,.T.);
#1946=ORIENTED_EDGE('',*,*,#3225,.F.);
#1947=ORIENTED_EDGE('',*,*,#3226,.T.);
#1948=ORIENTED_EDGE('',*,*,#3225,.T.);
#1949=ORIENTED_EDGE('',*,*,#3189,.T.);
#1950=ORIENTED_EDGE('',*,*,#3194,.T.);
#1951=ORIENTED_EDGE('',*,*,#3196,.T.);
#1952=ORIENTED_EDGE('',*,*,#3199,.T.);
#1953=ORIENTED_EDGE('',*,*,#3205,.T.);
#1954=ORIENTED_EDGE('',*,*,#3210,.T.);
#1955=ORIENTED_EDGE('',*,*,#3212,.T.);
#1956=ORIENTED_EDGE('',*,*,#3215,.T.);
#1957=ORIENTED_EDGE('',*,*,#3221,.T.);
#1958=ORIENTED_EDGE('',*,*,#3227,.F.);
#1959=ORIENTED_EDGE('',*,*,#3228,.F.);
#1960=ORIENTED_EDGE('',*,*,#3229,.T.);
#1961=ORIENTED_EDGE('',*,*,#3230,.F.);
#1962=ORIENTED_EDGE('',*,*,#3180,.F.);
#1963=ORIENTED_EDGE('',*,*,#3231,.F.);
#1964=ORIENTED_EDGE('',*,*,#3230,.T.);
#1965=ORIENTED_EDGE('',*,*,#3232,.F.);
#1966=ORIENTED_EDGE('',*,*,#3233,.F.);
#1967=ORIENTED_EDGE('',*,*,#3234,.T.);
#1968=ORIENTED_EDGE('',*,*,#3235,.T.);
#1969=ORIENTED_EDGE('',*,*,#3236,.F.);
#1970=ORIENTED_EDGE('',*,*,#3237,.F.);
#1971=ORIENTED_EDGE('',*,*,#3238,.T.);
#1972=ORIENTED_EDGE('',*,*,#3239,.T.);
#1973=ORIENTED_EDGE('',*,*,#3234,.F.);
#1974=ORIENTED_EDGE('',*,*,#3240,.F.);
#1975=ORIENTED_EDGE('',*,*,#3241,.T.);
#1976=ORIENTED_EDGE('',*,*,#3242,.T.);
#1977=ORIENTED_EDGE('',*,*,#3238,.F.);
#1978=ORIENTED_EDGE('',*,*,#3243,.F.);
#1979=ORIENTED_EDGE('',*,*,#3244,.T.);
#1980=ORIENTED_EDGE('',*,*,#3245,.T.);
#1981=ORIENTED_EDGE('',*,*,#3241,.F.);
#1982=ORIENTED_EDGE('',*,*,#3246,.F.);
#1983=ORIENTED_EDGE('',*,*,#3247,.T.);
#1984=ORIENTED_EDGE('',*,*,#3248,.T.);
#1985=ORIENTED_EDGE('',*,*,#3244,.F.);
#1986=ORIENTED_EDGE('',*,*,#3249,.F.);
#1987=ORIENTED_EDGE('',*,*,#3250,.T.);
#1988=ORIENTED_EDGE('',*,*,#3251,.T.);
#1989=ORIENTED_EDGE('',*,*,#3247,.F.);
#1990=ORIENTED_EDGE('',*,*,#3252,.F.);
#1991=ORIENTED_EDGE('',*,*,#3253,.T.);
#1992=ORIENTED_EDGE('',*,*,#3254,.T.);
#1993=ORIENTED_EDGE('',*,*,#3250,.F.);
#1994=ORIENTED_EDGE('',*,*,#3231,.T.);
#1995=ORIENTED_EDGE('',*,*,#3183,.T.);
#1996=ORIENTED_EDGE('',*,*,#3255,.T.);
#1997=ORIENTED_EDGE('',*,*,#3253,.F.);
#1998=ORIENTED_EDGE('',*,*,#3256,.F.);
#1999=ORIENTED_EDGE('',*,*,#3227,.T.);
#2000=ORIENTED_EDGE('',*,*,#3257,.T.);
#2001=ORIENTED_EDGE('',*,*,#3228,.T.);
#2002=ORIENTED_EDGE('',*,*,#3256,.T.);
#2003=ORIENTED_EDGE('',*,*,#3252,.T.);
#2004=ORIENTED_EDGE('',*,*,#3249,.T.);
#2005=ORIENTED_EDGE('',*,*,#3246,.T.);
#2006=ORIENTED_EDGE('',*,*,#3243,.T.);
#2007=ORIENTED_EDGE('',*,*,#3240,.T.);
#2008=ORIENTED_EDGE('',*,*,#3237,.T.);
#2009=ORIENTED_EDGE('',*,*,#3233,.T.);
#2010=ORIENTED_EDGE('',*,*,#3181,.F.);
#2011=ORIENTED_EDGE('',*,*,#3232,.T.);
#2012=ORIENTED_EDGE('',*,*,#3229,.F.);
#2013=ORIENTED_EDGE('',*,*,#3257,.F.);
#2014=ORIENTED_EDGE('',*,*,#3236,.T.);
#2015=ORIENTED_EDGE('',*,*,#3258,.T.);
#2016=ORIENTED_EDGE('',*,*,#3255,.F.);
#2017=ORIENTED_EDGE('',*,*,#3182,.F.);
#2018=ORIENTED_EDGE('',*,*,#3258,.F.);
#2019=ORIENTED_EDGE('',*,*,#3235,.F.);
#2020=ORIENTED_EDGE('',*,*,#3239,.F.);
#2021=ORIENTED_EDGE('',*,*,#3242,.F.);
#2022=ORIENTED_EDGE('',*,*,#3245,.F.);
#2023=ORIENTED_EDGE('',*,*,#3248,.F.);
#2024=ORIENTED_EDGE('',*,*,#3251,.F.);
#2025=ORIENTED_EDGE('',*,*,#3254,.F.);
#2026=ORIENTED_EDGE('',*,*,#3259,.F.);
#2027=ORIENTED_EDGE('',*,*,#3260,.T.);
#2028=ORIENTED_EDGE('',*,*,#3261,.F.);
#2029=ORIENTED_EDGE('',*,*,#3262,.T.);
#2030=ORIENTED_EDGE('',*,*,#3263,.T.);
#2031=ORIENTED_EDGE('',*,*,#3264,.F.);
#2032=ORIENTED_EDGE('',*,*,#3265,.F.);
#2033=ORIENTED_EDGE('',*,*,#3266,.T.);
#2034=ORIENTED_EDGE('',*,*,#3267,.F.);
#2035=ORIENTED_EDGE('',*,*,#3268,.F.);
#2036=ORIENTED_EDGE('',*,*,#3269,.T.);
#2037=ORIENTED_EDGE('',*,*,#3270,.T.);
#2038=ORIENTED_EDGE('',*,*,#3271,.T.);
#2039=ORIENTED_EDGE('',*,*,#3272,.F.);
#2040=ORIENTED_EDGE('',*,*,#3273,.T.);
#2041=ORIENTED_EDGE('',*,*,#3274,.T.);
#2042=ORIENTED_EDGE('',*,*,#3275,.F.);
#2043=ORIENTED_EDGE('',*,*,#3276,.F.);
#2044=ORIENTED_EDGE('',*,*,#3277,.F.);
#2045=ORIENTED_EDGE('',*,*,#3278,.T.);
#2046=ORIENTED_EDGE('',*,*,#3279,.F.);
#2047=ORIENTED_EDGE('',*,*,#3280,.T.);
#2048=ORIENTED_EDGE('',*,*,#3281,.F.);
#2049=ORIENTED_EDGE('',*,*,#3282,.F.);
#2050=ORIENTED_EDGE('',*,*,#3283,.F.);
#2051=ORIENTED_EDGE('',*,*,#3284,.T.);
#2052=ORIENTED_EDGE('',*,*,#3285,.F.);
#2053=ORIENTED_EDGE('',*,*,#3286,.T.);
#2054=ORIENTED_EDGE('',*,*,#3287,.F.);
#2055=ORIENTED_EDGE('',*,*,#3288,.T.);
#2056=ORIENTED_EDGE('',*,*,#3289,.F.);
#2057=ORIENTED_EDGE('',*,*,#3290,.T.);
#2058=ORIENTED_EDGE('',*,*,#3291,.F.);
#2059=ORIENTED_EDGE('',*,*,#3292,.T.);
#2060=ORIENTED_EDGE('',*,*,#3293,.F.);
#2061=ORIENTED_EDGE('',*,*,#3294,.F.);
#2062=ORIENTED_EDGE('',*,*,#3293,.T.);
#2063=ORIENTED_EDGE('',*,*,#3295,.T.);
#2064=ORIENTED_EDGE('',*,*,#3287,.T.);
#2065=ORIENTED_EDGE('',*,*,#3296,.F.);
#2066=ORIENTED_EDGE('',*,*,#3289,.T.);
#2067=ORIENTED_EDGE('',*,*,#3297,.T.);
#2068=ORIENTED_EDGE('',*,*,#3279,.T.);
#2069=ORIENTED_EDGE('',*,*,#3298,.F.);
#2070=ORIENTED_EDGE('',*,*,#3299,.T.);
#2071=ORIENTED_EDGE('',*,*,#3300,.F.);
#2072=ORIENTED_EDGE('',*,*,#3301,.T.);
#2073=ORIENTED_EDGE('',*,*,#3302,.F.);
#2074=ORIENTED_EDGE('',*,*,#3303,.T.);
#2075=ORIENTED_EDGE('',*,*,#3304,.T.);
#2076=ORIENTED_EDGE('',*,*,#3305,.T.);
#2077=ORIENTED_EDGE('',*,*,#3306,.T.);
#2078=ORIENTED_EDGE('',*,*,#3285,.T.);
#2079=ORIENTED_EDGE('',*,*,#3307,.T.);
#2080=ORIENTED_EDGE('',*,*,#3291,.T.);
#2081=ORIENTED_EDGE('',*,*,#3308,.T.);
#2082=ORIENTED_EDGE('',*,*,#3309,.T.);
#2083=ORIENTED_EDGE('',*,*,#3310,.F.);
#2084=ORIENTED_EDGE('',*,*,#3311,.T.);
#2085=ORIENTED_EDGE('',*,*,#3312,.T.);
#2086=ORIENTED_EDGE('',*,*,#3313,.F.);
#2087=ORIENTED_EDGE('',*,*,#3314,.T.);
#2088=ORIENTED_EDGE('',*,*,#3315,.F.);
#2089=ORIENTED_EDGE('',*,*,#3316,.T.);
#2090=ORIENTED_EDGE('',*,*,#3317,.T.);
#2091=ORIENTED_EDGE('',*,*,#3301,.F.);
#2092=ORIENTED_EDGE('',*,*,#3318,.F.);
#2093=ORIENTED_EDGE('',*,*,#3314,.F.);
#2094=ORIENTED_EDGE('',*,*,#3319,.F.);
#2095=ORIENTED_EDGE('',*,*,#3316,.F.);
#2096=ORIENTED_EDGE('',*,*,#3320,.F.);
#2097=ORIENTED_EDGE('',*,*,#3309,.F.);
#2098=ORIENTED_EDGE('',*,*,#3321,.T.);
#2099=ORIENTED_EDGE('',*,*,#3311,.F.);
#2100=ORIENTED_EDGE('',*,*,#3322,.F.);
#2101=ORIENTED_EDGE('',*,*,#3304,.F.);
#2102=ORIENTED_EDGE('',*,*,#3323,.F.);
#2103=ORIENTED_EDGE('',*,*,#3306,.F.);
#2104=ORIENTED_EDGE('',*,*,#3324,.F.);
#2105=ORIENTED_EDGE('',*,*,#3299,.F.);
#2106=ORIENTED_EDGE('',*,*,#3310,.T.);
#2107=ORIENTED_EDGE('',*,*,#3320,.T.);
#2108=ORIENTED_EDGE('',*,*,#3315,.T.);
#2109=ORIENTED_EDGE('',*,*,#3318,.T.);
#2110=ORIENTED_EDGE('',*,*,#3300,.T.);
#2111=ORIENTED_EDGE('',*,*,#3324,.T.);
#2112=ORIENTED_EDGE('',*,*,#3305,.F.);
#2113=ORIENTED_EDGE('',*,*,#3322,.T.);
#2114=ORIENTED_EDGE('',*,*,#3298,.T.);
#2115=ORIENTED_EDGE('',*,*,#3282,.T.);
#2116=ORIENTED_EDGE('',*,*,#3325,.F.);
#2117=ORIENTED_EDGE('',*,*,#3286,.F.);
#2118=ORIENTED_EDGE('',*,*,#3312,.F.);
#2119=ORIENTED_EDGE('',*,*,#3321,.F.);
#2120=ORIENTED_EDGE('',*,*,#3303,.F.);
#2121=ORIENTED_EDGE('',*,*,#3323,.T.);
#2122=ORIENTED_EDGE('',*,*,#3308,.F.);
#2123=ORIENTED_EDGE('',*,*,#3294,.T.);
#2124=ORIENTED_EDGE('',*,*,#3296,.T.);
#2125=ORIENTED_EDGE('',*,*,#3290,.F.);
#2126=ORIENTED_EDGE('',*,*,#3302,.T.);
#2127=ORIENTED_EDGE('',*,*,#3317,.F.);
#2128=ORIENTED_EDGE('',*,*,#3313,.T.);
#2129=ORIENTED_EDGE('',*,*,#3319,.T.);
#2130=ORIENTED_EDGE('',*,*,#3326,.F.);
#2131=ORIENTED_EDGE('',*,*,#3283,.T.);
#2132=ORIENTED_EDGE('',*,*,#3325,.T.);
#2133=ORIENTED_EDGE('',*,*,#3281,.T.);
#2134=ORIENTED_EDGE('',*,*,#3327,.T.);
#2135=ORIENTED_EDGE('',*,*,#3328,.T.);
#2136=ORIENTED_EDGE('',*,*,#3329,.T.);
#2137=ORIENTED_EDGE('',*,*,#3330,.F.);
#2138=ORIENTED_EDGE('',*,*,#3331,.T.);
#2139=ORIENTED_EDGE('',*,*,#3332,.T.);
#2140=ORIENTED_EDGE('',*,*,#3333,.T.);
#2141=ORIENTED_EDGE('',*,*,#3334,.F.);
#2142=ORIENTED_EDGE('',*,*,#3335,.T.);
#2143=ORIENTED_EDGE('',*,*,#3336,.T.);
#2144=ORIENTED_EDGE('',*,*,#3337,.T.);
#2145=ORIENTED_EDGE('',*,*,#3338,.T.);
#2146=ORIENTED_EDGE('',*,*,#3339,.T.);
#2147=ORIENTED_EDGE('',*,*,#3340,.T.);
#2148=ORIENTED_EDGE('',*,*,#3341,.T.);
#2149=ORIENTED_EDGE('',*,*,#3342,.T.);
#2150=ORIENTED_EDGE('',*,*,#3343,.T.);
#2151=ORIENTED_EDGE('',*,*,#3344,.T.);
#2152=ORIENTED_EDGE('',*,*,#3345,.T.);
#2153=ORIENTED_EDGE('',*,*,#3346,.T.);
#2154=ORIENTED_EDGE('',*,*,#3347,.T.);
#2155=ORIENTED_EDGE('',*,*,#3348,.T.);
#2156=ORIENTED_EDGE('',*,*,#3349,.T.);
#2157=ORIENTED_EDGE('',*,*,#3350,.T.);
#2158=ORIENTED_EDGE('',*,*,#3351,.T.);
#2159=ORIENTED_EDGE('',*,*,#3352,.T.);
#2160=ORIENTED_EDGE('',*,*,#3353,.T.);
#2161=ORIENTED_EDGE('',*,*,#3354,.T.);
#2162=ORIENTED_EDGE('',*,*,#3355,.T.);
#2163=ORIENTED_EDGE('',*,*,#3356,.T.);
#2164=ORIENTED_EDGE('',*,*,#3357,.T.);
#2165=ORIENTED_EDGE('',*,*,#3358,.F.);
#2166=ORIENTED_EDGE('',*,*,#3359,.F.);
#2167=ORIENTED_EDGE('',*,*,#3360,.T.);
#2168=ORIENTED_EDGE('',*,*,#3361,.T.);
#2169=ORIENTED_EDGE('',*,*,#3362,.T.);
#2170=ORIENTED_EDGE('',*,*,#3363,.T.);
#2171=ORIENTED_EDGE('',*,*,#3364,.T.);
#2172=ORIENTED_EDGE('',*,*,#3365,.T.);
#2173=ORIENTED_EDGE('',*,*,#3366,.T.);
#2174=ORIENTED_EDGE('',*,*,#3353,.F.);
#2175=ORIENTED_EDGE('',*,*,#3367,.T.);
#2176=ORIENTED_EDGE('',*,*,#3355,.F.);
#2177=ORIENTED_EDGE('',*,*,#3368,.F.);
#2178=ORIENTED_EDGE('',*,*,#3357,.F.);
#2179=ORIENTED_EDGE('',*,*,#3369,.T.);
#2180=ORIENTED_EDGE('',*,*,#3327,.F.);
#2181=ORIENTED_EDGE('',*,*,#3370,.F.);
#2182=ORIENTED_EDGE('',*,*,#3329,.F.);
#2183=ORIENTED_EDGE('',*,*,#3371,.T.);
#2184=ORIENTED_EDGE('',*,*,#3331,.F.);
#2185=ORIENTED_EDGE('',*,*,#3372,.F.);
#2186=ORIENTED_EDGE('',*,*,#3333,.F.);
#2187=ORIENTED_EDGE('',*,*,#3373,.T.);
#2188=ORIENTED_EDGE('',*,*,#3351,.F.);
#2189=ORIENTED_EDGE('',*,*,#3374,.F.);
#2190=ORIENTED_EDGE('',*,*,#3375,.F.);
#2191=ORIENTED_EDGE('',*,*,#3376,.T.);
#2192=ORIENTED_EDGE('',*,*,#3377,.F.);
#2193=ORIENTED_EDGE('',*,*,#3369,.F.);
#2194=ORIENTED_EDGE('',*,*,#3378,.F.);
#2195=ORIENTED_EDGE('',*,*,#3379,.T.);
#2196=ORIENTED_EDGE('',*,*,#3375,.T.);
#2197=ORIENTED_EDGE('',*,*,#3356,.F.);
#2198=ORIENTED_EDGE('',*,*,#3377,.T.);
#2199=ORIENTED_EDGE('',*,*,#3380,.T.);
#2200=ORIENTED_EDGE('',*,*,#3381,.F.);
#2201=ORIENTED_EDGE('',*,*,#3328,.F.);
#2202=ORIENTED_EDGE('',*,*,#3382,.F.);
#2203=ORIENTED_EDGE('',*,*,#3383,.T.);
#2204=ORIENTED_EDGE('',*,*,#3378,.T.);
#2205=ORIENTED_EDGE('',*,*,#3367,.F.);
#2206=ORIENTED_EDGE('',*,*,#3381,.T.);
#2207=ORIENTED_EDGE('',*,*,#3384,.T.);
#2208=ORIENTED_EDGE('',*,*,#3385,.F.);
#2209=ORIENTED_EDGE('',*,*,#3371,.F.);
#2210=ORIENTED_EDGE('',*,*,#3386,.F.);
#2211=ORIENTED_EDGE('',*,*,#3387,.T.);
#2212=ORIENTED_EDGE('',*,*,#3382,.T.);
#2213=ORIENTED_EDGE('',*,*,#3352,.F.);
#2214=ORIENTED_EDGE('',*,*,#3385,.T.);
#2215=ORIENTED_EDGE('',*,*,#3388,.T.);
#2216=ORIENTED_EDGE('',*,*,#3389,.F.);
#2217=ORIENTED_EDGE('',*,*,#3332,.F.);
#2218=ORIENTED_EDGE('',*,*,#3389,.T.);
#2219=ORIENTED_EDGE('',*,*,#3390,.T.);
#2220=ORIENTED_EDGE('',*,*,#3386,.T.);
#2221=ORIENTED_EDGE('',*,*,#3373,.F.);
#2222=ORIENTED_EDGE('',*,*,#3391,.F.);
#2223=ORIENTED_EDGE('',*,*,#3392,.T.);
#2224=ORIENTED_EDGE('',*,*,#3393,.F.);
#2225=ORIENTED_EDGE('',*,*,#3360,.F.);
#2226=ORIENTED_EDGE('',*,*,#3394,.F.);
#2227=ORIENTED_EDGE('',*,*,#3395,.T.);
#2228=ORIENTED_EDGE('',*,*,#3391,.T.);
#2229=ORIENTED_EDGE('',*,*,#3359,.T.);
#2230=ORIENTED_EDGE('',*,*,#3393,.T.);
#2231=ORIENTED_EDGE('',*,*,#3396,.T.);
#2232=ORIENTED_EDGE('',*,*,#3397,.F.);
#2233=ORIENTED_EDGE('',*,*,#3361,.F.);
#2234=ORIENTED_EDGE('',*,*,#3398,.F.);
#2235=ORIENTED_EDGE('',*,*,#3399,.T.);
#2236=ORIENTED_EDGE('',*,*,#3394,.T.);
#2237=ORIENTED_EDGE('',*,*,#3366,.F.);
#2238=ORIENTED_EDGE('',*,*,#3397,.T.);
#2239=ORIENTED_EDGE('',*,*,#3400,.T.);
#2240=ORIENTED_EDGE('',*,*,#3401,.F.);
#2241=ORIENTED_EDGE('',*,*,#3362,.F.);
#2242=ORIENTED_EDGE('',*,*,#3402,.F.);
#2243=ORIENTED_EDGE('',*,*,#3403,.T.);
#2244=ORIENTED_EDGE('',*,*,#3398,.T.);
#2245=ORIENTED_EDGE('',*,*,#3365,.F.);
#2246=ORIENTED_EDGE('',*,*,#3401,.T.);
#2247=ORIENTED_EDGE('',*,*,#3404,.T.);
#2248=ORIENTED_EDGE('',*,*,#3405,.F.);
#2249=ORIENTED_EDGE('',*,*,#3363,.F.);
#2250=ORIENTED_EDGE('',*,*,#3405,.T.);
#2251=ORIENTED_EDGE('',*,*,#3406,.T.);
#2252=ORIENTED_EDGE('',*,*,#3402,.T.);
#2253=ORIENTED_EDGE('',*,*,#3364,.F.);
#2254=ORIENTED_EDGE('',*,*,#3407,.F.);
#2255=ORIENTED_EDGE('',*,*,#3404,.F.);
#2256=ORIENTED_EDGE('',*,*,#3408,.F.);
#2257=ORIENTED_EDGE('',*,*,#3340,.F.);
#2258=ORIENTED_EDGE('',*,*,#3408,.T.);
#2259=ORIENTED_EDGE('',*,*,#3400,.F.);
#2260=ORIENTED_EDGE('',*,*,#3409,.F.);
#2261=ORIENTED_EDGE('',*,*,#3341,.F.);
#2262=ORIENTED_EDGE('',*,*,#3407,.T.);
#2263=ORIENTED_EDGE('',*,*,#3339,.F.);
#2264=ORIENTED_EDGE('',*,*,#3410,.F.);
#2265=ORIENTED_EDGE('',*,*,#3406,.F.);
#2266=ORIENTED_EDGE('',*,*,#3409,.T.);
#2267=ORIENTED_EDGE('',*,*,#3396,.F.);
#2268=ORIENTED_EDGE('',*,*,#3411,.F.);
#2269=ORIENTED_EDGE('',*,*,#3342,.F.);
#2270=ORIENTED_EDGE('',*,*,#3410,.T.);
#2271=ORIENTED_EDGE('',*,*,#3338,.F.);
#2272=ORIENTED_EDGE('',*,*,#3412,.F.);
#2273=ORIENTED_EDGE('',*,*,#3403,.F.);
#2274=ORIENTED_EDGE('',*,*,#3411,.T.);
#2275=ORIENTED_EDGE('',*,*,#3392,.F.);
#2276=ORIENTED_EDGE('',*,*,#3413,.F.);
#2277=ORIENTED_EDGE('',*,*,#3335,.F.);
#2278=ORIENTED_EDGE('',*,*,#3412,.T.);
#2279=ORIENTED_EDGE('',*,*,#3337,.F.);
#2280=ORIENTED_EDGE('',*,*,#3414,.F.);
#2281=ORIENTED_EDGE('',*,*,#3399,.F.);
#2282=ORIENTED_EDGE('',*,*,#3413,.T.);
#2283=ORIENTED_EDGE('',*,*,#3395,.F.);
#2284=ORIENTED_EDGE('',*,*,#3414,.T.);
#2285=ORIENTED_EDGE('',*,*,#3336,.F.);
#2286=ORIENTED_EDGE('',*,*,#3415,.F.);
#2287=ORIENTED_EDGE('',*,*,#3388,.F.);
#2288=ORIENTED_EDGE('',*,*,#3416,.F.);
#2289=ORIENTED_EDGE('',*,*,#3348,.F.);
#2290=ORIENTED_EDGE('',*,*,#3416,.T.);
#2291=ORIENTED_EDGE('',*,*,#3384,.F.);
#2292=ORIENTED_EDGE('',*,*,#3417,.F.);
#2293=ORIENTED_EDGE('',*,*,#3349,.F.);
#2294=ORIENTED_EDGE('',*,*,#3415,.T.);
#2295=ORIENTED_EDGE('',*,*,#3347,.F.);
#2296=ORIENTED_EDGE('',*,*,#3418,.F.);
#2297=ORIENTED_EDGE('',*,*,#3390,.F.);
#2298=ORIENTED_EDGE('',*,*,#3417,.T.);
#2299=ORIENTED_EDGE('',*,*,#3380,.F.);
#2300=ORIENTED_EDGE('',*,*,#3419,.F.);
#2301=ORIENTED_EDGE('',*,*,#3350,.F.);
#2302=ORIENTED_EDGE('',*,*,#3418,.T.);
#2303=ORIENTED_EDGE('',*,*,#3346,.F.);
#2304=ORIENTED_EDGE('',*,*,#3420,.F.);
#2305=ORIENTED_EDGE('',*,*,#3387,.F.);
#2306=ORIENTED_EDGE('',*,*,#3419,.T.);
#2307=ORIENTED_EDGE('',*,*,#3376,.F.);
#2308=ORIENTED_EDGE('',*,*,#3421,.F.);
#2309=ORIENTED_EDGE('',*,*,#3343,.F.);
#2310=ORIENTED_EDGE('',*,*,#3420,.T.);
#2311=ORIENTED_EDGE('',*,*,#3345,.F.);
#2312=ORIENTED_EDGE('',*,*,#3422,.F.);
#2313=ORIENTED_EDGE('',*,*,#3383,.F.);
#2314=ORIENTED_EDGE('',*,*,#3421,.T.);
#2315=ORIENTED_EDGE('',*,*,#3379,.F.);
#2316=ORIENTED_EDGE('',*,*,#3422,.T.);
#2317=ORIENTED_EDGE('',*,*,#3344,.F.);
#2318=ORIENTED_EDGE('',*,*,#3133,.T.);
#2319=ORIENTED_EDGE('',*,*,#3423,.T.);
#2320=ORIENTED_EDGE('',*,*,#3260,.F.);
#2321=ORIENTED_EDGE('',*,*,#3424,.F.);
#2322=ORIENTED_EDGE('',*,*,#3168,.F.);
#2323=ORIENTED_EDGE('',*,*,#3425,.T.);
#2324=ORIENTED_EDGE('',*,*,#3135,.T.);
#2325=ORIENTED_EDGE('',*,*,#3179,.F.);
#2326=ORIENTED_EDGE('',*,*,#3426,.F.);
#2327=ORIENTED_EDGE('',*,*,#3278,.F.);
#2328=ORIENTED_EDGE('',*,*,#3427,.T.);
#2329=ORIENTED_EDGE('',*,*,#3428,.T.);
#2330=ORIENTED_EDGE('',*,*,#3429,.F.);
#2331=ORIENTED_EDGE('',*,*,#3430,.T.);
#2332=ORIENTED_EDGE('',*,*,#3431,.T.);
#2333=ORIENTED_EDGE('',*,*,#3430,.F.);
#2334=ORIENTED_EDGE('',*,*,#3432,.T.);
#2335=ORIENTED_EDGE('',*,*,#3433,.F.);
#2336=ORIENTED_EDGE('',*,*,#3434,.T.);
#2337=ORIENTED_EDGE('',*,*,#3433,.T.);
#2338=ORIENTED_EDGE('',*,*,#3435,.T.);
#2339=ORIENTED_EDGE('',*,*,#3436,.T.);
#2340=ORIENTED_EDGE('',*,*,#3437,.T.);
#2341=ORIENTED_EDGE('',*,*,#3436,.F.);
#2342=ORIENTED_EDGE('',*,*,#3438,.T.);
#2343=ORIENTED_EDGE('',*,*,#3428,.F.);
#2344=ORIENTED_EDGE('',*,*,#3439,.T.);
#2345=ORIENTED_EDGE('',*,*,#3100,.T.);
#2346=ORIENTED_EDGE('',*,*,#3440,.T.);
#2347=ORIENTED_EDGE('',*,*,#3441,.F.);
#2348=ORIENTED_EDGE('',*,*,#3442,.F.);
#2349=ORIENTED_EDGE('',*,*,#3096,.T.);
#2350=ORIENTED_EDGE('',*,*,#3443,.T.);
#2351=ORIENTED_EDGE('',*,*,#3444,.T.);
#2352=ORIENTED_EDGE('',*,*,#3445,.F.);
#2353=ORIENTED_EDGE('',*,*,#3446,.T.);
#2354=ORIENTED_EDGE('',*,*,#3447,.T.);
#2355=ORIENTED_EDGE('',*,*,#3448,.T.);
#2356=ORIENTED_EDGE('',*,*,#3449,.F.);
#2357=ORIENTED_EDGE('',*,*,#3450,.T.);
#2358=ORIENTED_EDGE('',*,*,#3451,.F.);
#2359=ORIENTED_EDGE('',*,*,#3452,.F.);
#2360=ORIENTED_EDGE('',*,*,#3453,.T.);
#2361=ORIENTED_EDGE('',*,*,#3454,.F.);
#2362=ORIENTED_EDGE('',*,*,#3455,.T.);
#2363=ORIENTED_EDGE('',*,*,#3456,.T.);
#2364=ORIENTED_EDGE('',*,*,#3457,.T.);
#2365=ORIENTED_EDGE('',*,*,#3084,.T.);
#2366=ORIENTED_EDGE('',*,*,#3143,.T.);
#2367=ORIENTED_EDGE('',*,*,#3458,.T.);
#2368=ORIENTED_EDGE('',*,*,#3459,.T.);
#2369=ORIENTED_EDGE('',*,*,#3460,.F.);
#2370=ORIENTED_EDGE('',*,*,#3123,.T.);
#2371=ORIENTED_EDGE('',*,*,#3132,.T.);
#2372=ORIENTED_EDGE('',*,*,#3111,.T.);
#2373=ORIENTED_EDGE('',*,*,#3114,.F.);
#2374=ORIENTED_EDGE('',*,*,#3138,.F.);
#2375=ORIENTED_EDGE('',*,*,#3117,.T.);
#2376=ORIENTED_EDGE('',*,*,#3105,.T.);
#2377=ORIENTED_EDGE('',*,*,#3129,.F.);
#2378=ORIENTED_EDGE('',*,*,#3125,.T.);
#2379=ORIENTED_EDGE('',*,*,#3461,.T.);
#2380=ORIENTED_EDGE('',*,*,#3462,.T.);
#2381=ORIENTED_EDGE('',*,*,#3463,.F.);
#2382=ORIENTED_EDGE('',*,*,#3144,.F.);
#2383=ORIENTED_EDGE('',*,*,#3090,.F.);
#2384=ORIENTED_EDGE('',*,*,#3119,.F.);
#2385=ORIENTED_EDGE('',*,*,#3120,.F.);
#2386=ORIENTED_EDGE('',*,*,#3464,.F.);
#2387=ORIENTED_EDGE('',*,*,#3465,.F.);
#2388=ORIENTED_EDGE('',*,*,#3456,.F.);
#2389=ORIENTED_EDGE('',*,*,#3466,.F.);
#2390=ORIENTED_EDGE('',*,*,#3467,.F.);
#2391=ORIENTED_EDGE('',*,*,#3468,.F.);
#2392=ORIENTED_EDGE('',*,*,#3469,.F.);
#2393=ORIENTED_EDGE('',*,*,#3455,.F.);
#2394=ORIENTED_EDGE('',*,*,#3470,.T.);
#2395=ORIENTED_EDGE('',*,*,#3471,.F.);
#2396=ORIENTED_EDGE('',*,*,#3472,.T.);
#2397=ORIENTED_EDGE('',*,*,#3473,.T.);
#2398=ORIENTED_EDGE('',*,*,#3167,.F.);
#2399=ORIENTED_EDGE('',*,*,#3085,.T.);
#2400=ORIENTED_EDGE('',*,*,#3457,.F.);
#2401=ORIENTED_EDGE('',*,*,#3465,.T.);
#2402=ORIENTED_EDGE('',*,*,#3474,.T.);
#2403=ORIENTED_EDGE('',*,*,#3466,.T.);
#2404=ORIENTED_EDGE('',*,*,#3469,.T.);
#2405=ORIENTED_EDGE('',*,*,#3475,.F.);
#2406=ORIENTED_EDGE('',*,*,#3475,.T.);
#2407=ORIENTED_EDGE('',*,*,#3468,.T.);
#2408=ORIENTED_EDGE('',*,*,#3476,.T.);
#2409=ORIENTED_EDGE('',*,*,#3477,.F.);
#2410=ORIENTED_EDGE('',*,*,#3476,.F.);
#2411=ORIENTED_EDGE('',*,*,#3467,.T.);
#2412=ORIENTED_EDGE('',*,*,#3478,.F.);
#2413=ORIENTED_EDGE('',*,*,#3479,.T.);
#2414=ORIENTED_EDGE('',*,*,#3454,.T.);
#2415=ORIENTED_EDGE('',*,*,#3480,.T.);
#2416=ORIENTED_EDGE('',*,*,#3481,.T.);
#2417=ORIENTED_EDGE('',*,*,#3478,.T.);
#2418=ORIENTED_EDGE('',*,*,#3481,.F.);
#2419=ORIENTED_EDGE('',*,*,#3470,.F.);
#2420=ORIENTED_EDGE('',*,*,#3464,.T.);
#2421=ORIENTED_EDGE('',*,*,#3474,.F.);
#2422=ORIENTED_EDGE('',*,*,#3477,.T.);
#2423=ORIENTED_EDGE('',*,*,#3479,.F.);
#2424=ORIENTED_EDGE('',*,*,#3482,.T.);
#2425=ORIENTED_EDGE('',*,*,#3059,.T.);
#2426=ORIENTED_EDGE('',*,*,#3483,.T.);
#2427=ORIENTED_EDGE('',*,*,#3222,.T.);
#2428=ORIENTED_EDGE('',*,*,#3484,.T.);
#2429=ORIENTED_EDGE('',*,*,#3452,.T.);
#2430=ORIENTED_EDGE('',*,*,#3485,.T.);
#2431=ORIENTED_EDGE('',*,*,#3458,.F.);
#2432=ORIENTED_EDGE('',*,*,#3142,.F.);
#2433=ORIENTED_EDGE('',*,*,#3486,.T.);
#2434=ORIENTED_EDGE('',*,*,#3471,.T.);
#2435=ORIENTED_EDGE('',*,*,#3480,.F.);
#2436=ORIENTED_EDGE('',*,*,#3453,.F.);
#2437=ORIENTED_EDGE('',*,*,#3484,.F.);
#2438=ORIENTED_EDGE('',*,*,#3219,.T.);
#2439=ORIENTED_EDGE('',*,*,#3487,.F.);
#2440=ORIENTED_EDGE('',*,*,#3459,.F.);
#2441=ORIENTED_EDGE('',*,*,#3485,.F.);
#2442=ORIENTED_EDGE('',*,*,#3217,.T.);
#2443=ORIENTED_EDGE('',*,*,#3488,.T.);
#2444=ORIENTED_EDGE('',*,*,#3174,.F.);
#2445=ORIENTED_EDGE('',*,*,#3124,.T.);
#2446=ORIENTED_EDGE('',*,*,#3460,.T.);
#2447=ORIENTED_EDGE('',*,*,#3487,.T.);
#2448=ORIENTED_EDGE('',*,*,#3216,.T.);
#2449=ORIENTED_EDGE('',*,*,#3489,.F.);
#2450=ORIENTED_EDGE('',*,*,#3175,.T.);
#2451=ORIENTED_EDGE('',*,*,#3488,.F.);
#2452=ORIENTED_EDGE('',*,*,#3213,.T.);
#2453=ORIENTED_EDGE('',*,*,#3490,.T.);
#2454=ORIENTED_EDGE('',*,*,#3176,.F.);
#2455=ORIENTED_EDGE('',*,*,#3489,.T.);
#2456=ORIENTED_EDGE('',*,*,#3208,.T.);
#2457=ORIENTED_EDGE('',*,*,#3491,.T.);
#2458=ORIENTED_EDGE('',*,*,#3177,.T.);
#2459=ORIENTED_EDGE('',*,*,#3490,.F.);
#2460=ORIENTED_EDGE('',*,*,#3206,.T.);
#2461=ORIENTED_EDGE('',*,*,#3492,.T.);
#2462=ORIENTED_EDGE('',*,*,#3441,.T.);
#2463=ORIENTED_EDGE('',*,*,#3493,.T.);
#2464=ORIENTED_EDGE('',*,*,#3270,.F.);
#2465=ORIENTED_EDGE('',*,*,#3160,.F.);
#2466=ORIENTED_EDGE('',*,*,#3425,.F.);
#2467=ORIENTED_EDGE('',*,*,#3277,.T.);
#2468=ORIENTED_EDGE('',*,*,#3494,.F.);
#2469=ORIENTED_EDGE('',*,*,#3495,.F.);
#2470=ORIENTED_EDGE('',*,*,#3444,.F.);
#2471=ORIENTED_EDGE('',*,*,#3496,.F.);
#2472=ORIENTED_EDGE('',*,*,#3268,.T.);
#2473=ORIENTED_EDGE('',*,*,#3497,.F.);
#2474=ORIENTED_EDGE('',*,*,#3057,.T.);
#2475=ORIENTED_EDGE('',*,*,#3498,.F.);
#2476=ORIENTED_EDGE('',*,*,#3450,.F.);
#2477=ORIENTED_EDGE('',*,*,#3499,.F.);
#2478=ORIENTED_EDGE('',*,*,#3184,.T.);
#2479=ORIENTED_EDGE('',*,*,#3499,.T.);
#2480=ORIENTED_EDGE('',*,*,#3449,.T.);
#2481=ORIENTED_EDGE('',*,*,#3500,.T.);
#2482=ORIENTED_EDGE('',*,*,#3501,.F.);
#2483=ORIENTED_EDGE('',*,*,#3502,.F.);
#2484=ORIENTED_EDGE('',*,*,#3145,.T.);
#2485=ORIENTED_EDGE('',*,*,#3463,.T.);
#2486=ORIENTED_EDGE('',*,*,#3503,.T.);
#2487=ORIENTED_EDGE('',*,*,#3187,.T.);
#2488=ORIENTED_EDGE('',*,*,#3503,.F.);
#2489=ORIENTED_EDGE('',*,*,#3462,.F.);
#2490=ORIENTED_EDGE('',*,*,#3504,.F.);
#2491=ORIENTED_EDGE('',*,*,#3190,.T.);
#2492=ORIENTED_EDGE('',*,*,#3504,.T.);
#2493=ORIENTED_EDGE('',*,*,#3461,.F.);
#2494=ORIENTED_EDGE('',*,*,#3128,.T.);
#2495=ORIENTED_EDGE('',*,*,#3173,.T.);
#2496=ORIENTED_EDGE('',*,*,#3505,.T.);
#2497=ORIENTED_EDGE('',*,*,#3192,.T.);
#2498=ORIENTED_EDGE('',*,*,#3505,.F.);
#2499=ORIENTED_EDGE('',*,*,#3172,.F.);
#2500=ORIENTED_EDGE('',*,*,#3506,.F.);
#2501=ORIENTED_EDGE('',*,*,#3197,.T.);
#2502=ORIENTED_EDGE('',*,*,#3506,.T.);
#2503=ORIENTED_EDGE('',*,*,#3171,.T.);
#2504=ORIENTED_EDGE('',*,*,#3507,.T.);
#2505=ORIENTED_EDGE('',*,*,#3200,.T.);
#2506=ORIENTED_EDGE('',*,*,#3507,.F.);
#2507=ORIENTED_EDGE('',*,*,#3170,.F.);
#2508=ORIENTED_EDGE('',*,*,#3508,.F.);
#2509=ORIENTED_EDGE('',*,*,#3201,.T.);
#2510=ORIENTED_EDGE('',*,*,#3509,.F.);
#2511=ORIENTED_EDGE('',*,*,#3158,.T.);
#2512=ORIENTED_EDGE('',*,*,#3510,.F.);
#2513=ORIENTED_EDGE('',*,*,#3262,.F.);
#2514=ORIENTED_EDGE('',*,*,#3157,.F.);
#2515=ORIENTED_EDGE('',*,*,#3511,.T.);
#2516=ORIENTED_EDGE('',*,*,#3263,.F.);
#2517=ORIENTED_EDGE('',*,*,#3510,.T.);
#2518=ORIENTED_EDGE('',*,*,#3156,.F.);
#2519=ORIENTED_EDGE('',*,*,#3512,.F.);
#2520=ORIENTED_EDGE('',*,*,#3264,.T.);
#2521=ORIENTED_EDGE('',*,*,#3511,.F.);
#2522=ORIENTED_EDGE('',*,*,#3155,.F.);
#2523=ORIENTED_EDGE('',*,*,#3513,.T.);
#2524=ORIENTED_EDGE('',*,*,#3265,.T.);
#2525=ORIENTED_EDGE('',*,*,#3512,.T.);
#2526=ORIENTED_EDGE('',*,*,#3513,.F.);
#2527=ORIENTED_EDGE('',*,*,#3154,.T.);
#2528=ORIENTED_EDGE('',*,*,#3514,.F.);
#2529=ORIENTED_EDGE('',*,*,#3266,.F.);
#2530=ORIENTED_EDGE('',*,*,#3515,.F.);
#2531=ORIENTED_EDGE('',*,*,#3516,.F.);
#2532=ORIENTED_EDGE('',*,*,#3446,.F.);
#2533=ORIENTED_EDGE('',*,*,#3517,.F.);
#2534=ORIENTED_EDGE('',*,*,#3518,.F.);
#2535=ORIENTED_EDGE('',*,*,#3447,.F.);
#2536=ORIENTED_EDGE('',*,*,#3519,.F.);
#2537=ORIENTED_EDGE('',*,*,#3520,.F.);
#2538=ORIENTED_EDGE('',*,*,#3448,.F.);
#2539=ORIENTED_EDGE('',*,*,#3521,.F.);
#2540=ORIENTED_EDGE('',*,*,#3522,.F.);
#2541=ORIENTED_EDGE('',*,*,#3500,.F.);
#2542=ORIENTED_EDGE('',*,*,#3523,.F.);
#2543=ORIENTED_EDGE('',*,*,#3517,.T.);
#2544=ORIENTED_EDGE('',*,*,#3445,.T.);
#2545=ORIENTED_EDGE('',*,*,#3089,.F.);
#2546=ORIENTED_EDGE('',*,*,#3152,.T.);
#2547=ORIENTED_EDGE('',*,*,#3524,.F.);
#2548=ORIENTED_EDGE('',*,*,#3525,.F.);
#2549=ORIENTED_EDGE('',*,*,#3501,.T.);
#2550=ORIENTED_EDGE('',*,*,#3522,.T.);
#2551=ORIENTED_EDGE('',*,*,#3526,.T.);
#2552=ORIENTED_EDGE('',*,*,#3527,.F.);
#2553=ORIENTED_EDGE('',*,*,#3528,.T.);
#2554=ORIENTED_EDGE('',*,*,#3515,.T.);
#2555=ORIENTED_EDGE('',*,*,#3523,.T.);
#2556=ORIENTED_EDGE('',*,*,#3519,.T.);
#2557=ORIENTED_EDGE('',*,*,#3516,.T.);
#2558=ORIENTED_EDGE('',*,*,#3528,.F.);
#2559=ORIENTED_EDGE('',*,*,#3529,.F.);
#2560=ORIENTED_EDGE('',*,*,#3521,.T.);
#2561=ORIENTED_EDGE('',*,*,#3518,.T.);
#2562=ORIENTED_EDGE('',*,*,#3530,.F.);
#2563=ORIENTED_EDGE('',*,*,#3526,.F.);
#2564=ORIENTED_EDGE('',*,*,#3530,.T.);
#2565=ORIENTED_EDGE('',*,*,#3520,.T.);
#2566=ORIENTED_EDGE('',*,*,#3529,.T.);
#2567=ORIENTED_EDGE('',*,*,#3527,.T.);
#2568=ORIENTED_EDGE('',*,*,#3169,.F.);
#2569=ORIENTED_EDGE('',*,*,#3424,.T.);
#2570=ORIENTED_EDGE('',*,*,#3259,.T.);
#2571=ORIENTED_EDGE('',*,*,#3426,.T.);
#2572=ORIENTED_EDGE('',*,*,#3178,.F.);
#2573=ORIENTED_EDGE('',*,*,#3491,.F.);
#2574=ORIENTED_EDGE('',*,*,#3203,.T.);
#2575=ORIENTED_EDGE('',*,*,#3508,.T.);
#2576=ORIENTED_EDGE('',*,*,#3159,.F.);
#2577=ORIENTED_EDGE('',*,*,#3509,.T.);
#2578=ORIENTED_EDGE('',*,*,#3261,.T.);
#2579=ORIENTED_EDGE('',*,*,#3423,.F.);
#2580=ORIENTED_EDGE('',*,*,#3146,.F.);
#2581=ORIENTED_EDGE('',*,*,#3502,.T.);
#2582=ORIENTED_EDGE('',*,*,#3525,.T.);
#2583=ORIENTED_EDGE('',*,*,#3531,.F.);
#2584=ORIENTED_EDGE('',*,*,#3060,.F.);
#2585=ORIENTED_EDGE('',*,*,#3482,.F.);
#2586=ORIENTED_EDGE('',*,*,#3451,.T.);
#2587=ORIENTED_EDGE('',*,*,#3498,.T.);
#2588=ORIENTED_EDGE('',*,*,#3486,.F.);
#2589=ORIENTED_EDGE('',*,*,#3141,.T.);
#2590=ORIENTED_EDGE('',*,*,#3532,.T.);
#2591=ORIENTED_EDGE('',*,*,#3472,.F.);
#2592=ORIENTED_EDGE('',*,*,#3533,.F.);
#2593=ORIENTED_EDGE('',*,*,#3163,.T.);
#2594=ORIENTED_EDGE('',*,*,#3534,.F.);
#2595=ORIENTED_EDGE('',*,*,#3274,.F.);
#2596=ORIENTED_EDGE('',*,*,#3165,.F.);
#2597=ORIENTED_EDGE('',*,*,#3535,.F.);
#2598=ORIENTED_EDGE('',*,*,#3272,.T.);
#2599=ORIENTED_EDGE('',*,*,#3536,.T.);
#2600=ORIENTED_EDGE('',*,*,#3440,.F.);
#2601=ORIENTED_EDGE('',*,*,#3103,.T.);
#2602=ORIENTED_EDGE('',*,*,#3149,.T.);
#2603=ORIENTED_EDGE('',*,*,#3473,.F.);
#2604=ORIENTED_EDGE('',*,*,#3532,.F.);
#2605=ORIENTED_EDGE('',*,*,#3140,.F.);
#2606=ORIENTED_EDGE('',*,*,#3166,.T.);
#2607=ORIENTED_EDGE('',*,*,#3536,.F.);
#2608=ORIENTED_EDGE('',*,*,#3271,.F.);
#2609=ORIENTED_EDGE('',*,*,#3493,.F.);
#2610=ORIENTED_EDGE('',*,*,#3161,.F.);
#2611=ORIENTED_EDGE('',*,*,#3494,.T.);
#2612=ORIENTED_EDGE('',*,*,#3276,.T.);
#2613=ORIENTED_EDGE('',*,*,#3537,.F.);
#2614=ORIENTED_EDGE('',*,*,#3153,.F.);
#2615=ORIENTED_EDGE('',*,*,#3147,.T.);
#2616=ORIENTED_EDGE('',*,*,#3531,.T.);
#2617=ORIENTED_EDGE('',*,*,#3524,.T.);
#2618=ORIENTED_EDGE('',*,*,#3151,.F.);
#2619=ORIENTED_EDGE('',*,*,#3097,.T.);
#2620=ORIENTED_EDGE('',*,*,#3442,.T.);
#2621=ORIENTED_EDGE('',*,*,#3495,.T.);
#2622=ORIENTED_EDGE('',*,*,#3267,.T.);
#2623=ORIENTED_EDGE('',*,*,#3514,.T.);
#2624=ORIENTED_EDGE('',*,*,#3292,.F.);
#2625=ORIENTED_EDGE('',*,*,#3307,.F.);
#2626=ORIENTED_EDGE('',*,*,#3284,.F.);
#2627=ORIENTED_EDGE('',*,*,#3326,.T.);
#2628=ORIENTED_EDGE('',*,*,#3280,.F.);
#2629=ORIENTED_EDGE('',*,*,#3297,.F.);
#2630=ORIENTED_EDGE('',*,*,#3288,.F.);
#2631=ORIENTED_EDGE('',*,*,#3295,.F.);
#2632=ORIENTED_EDGE('',*,*,#3437,.F.);
#2633=ORIENTED_EDGE('',*,*,#3427,.F.);
#2634=ORIENTED_EDGE('',*,*,#3431,.F.);
#2635=ORIENTED_EDGE('',*,*,#3434,.F.);
#2636=ORIENTED_EDGE('',*,*,#3150,.T.);
#2637=ORIENTED_EDGE('',*,*,#3101,.T.);
#2638=ORIENTED_EDGE('',*,*,#3439,.F.);
#2639=ORIENTED_EDGE('',*,*,#3492,.F.);
#2640=ORIENTED_EDGE('',*,*,#3269,.F.);
#2641=ORIENTED_EDGE('',*,*,#3496,.T.);
#2642=ORIENTED_EDGE('',*,*,#3443,.F.);
#2643=ORIENTED_EDGE('',*,*,#3099,.T.);
#2644=ORIENTED_EDGE('',*,*,#3534,.T.);
#2645=ORIENTED_EDGE('',*,*,#3162,.T.);
#2646=ORIENTED_EDGE('',*,*,#3537,.T.);
#2647=ORIENTED_EDGE('',*,*,#3275,.T.);
#2648=ORIENTED_EDGE('',*,*,#3535,.T.);
#2649=ORIENTED_EDGE('',*,*,#3164,.T.);
#2650=ORIENTED_EDGE('',*,*,#3533,.T.);
#2651=ORIENTED_EDGE('',*,*,#3273,.F.);
#2652=ORIENTED_EDGE('',*,*,#3226,.F.);
#2653=ORIENTED_EDGE('',*,*,#3538,.T.);
#2654=ORIENTED_EDGE('',*,*,#3538,.F.);
#2655=ORIENTED_EDGE('',*,*,#3058,.F.);
#2656=ORIENTED_EDGE('',*,*,#3497,.T.);
#2657=ORIENTED_EDGE('',*,*,#3224,.T.);
#2658=ORIENTED_EDGE('',*,*,#3483,.F.);
#2659=ORIENTED_EDGE('',*,*,#3368,.T.);
#2660=ORIENTED_EDGE('',*,*,#3358,.T.);
#2661=ORIENTED_EDGE('',*,*,#3370,.T.);
#2662=ORIENTED_EDGE('',*,*,#3330,.T.);
#2663=ORIENTED_EDGE('',*,*,#3372,.T.);
#2664=ORIENTED_EDGE('',*,*,#3334,.T.);
#2665=ORIENTED_EDGE('',*,*,#3374,.T.);
#2666=ORIENTED_EDGE('',*,*,#3354,.F.);
#2667=ORIENTED_EDGE('',*,*,#3429,.T.);
#2668=ORIENTED_EDGE('',*,*,#3438,.F.);
#2669=ORIENTED_EDGE('',*,*,#3435,.F.);
#2670=ORIENTED_EDGE('',*,*,#3432,.F.);
#2671=ORIENTED_EDGE('',*,*,#3539,.F.);
#2672=ORIENTED_EDGE('',*,*,#3540,.F.);
#2673=ORIENTED_EDGE('',*,*,#3541,.F.);
#2674=ORIENTED_EDGE('',*,*,#3542,.F.);
#2675=ORIENTED_EDGE('',*,*,#3543,.F.);
#2676=ORIENTED_EDGE('',*,*,#3544,.F.);
#2677=ORIENTED_EDGE('',*,*,#3545,.F.);
#2678=ORIENTED_EDGE('',*,*,#3546,.F.);
#2679=ORIENTED_EDGE('',*,*,#3547,.T.);
#2680=ORIENTED_EDGE('',*,*,#3548,.T.);
#2681=ORIENTED_EDGE('',*,*,#3546,.T.);
#2682=ORIENTED_EDGE('',*,*,#3549,.F.);
#2683=ORIENTED_EDGE('',*,*,#3550,.T.);
#2684=ORIENTED_EDGE('',*,*,#3549,.T.);
#2685=ORIENTED_EDGE('',*,*,#3545,.T.);
#2686=ORIENTED_EDGE('',*,*,#3551,.F.);
#2687=ORIENTED_EDGE('',*,*,#3552,.T.);
#2688=ORIENTED_EDGE('',*,*,#3551,.T.);
#2689=ORIENTED_EDGE('',*,*,#3544,.T.);
#2690=ORIENTED_EDGE('',*,*,#3553,.F.);
#2691=ORIENTED_EDGE('',*,*,#3554,.T.);
#2692=ORIENTED_EDGE('',*,*,#3553,.T.);
#2693=ORIENTED_EDGE('',*,*,#3543,.T.);
#2694=ORIENTED_EDGE('',*,*,#3555,.F.);
#2695=ORIENTED_EDGE('',*,*,#3556,.T.);
#2696=ORIENTED_EDGE('',*,*,#3555,.T.);
#2697=ORIENTED_EDGE('',*,*,#3542,.T.);
#2698=ORIENTED_EDGE('',*,*,#3557,.F.);
#2699=ORIENTED_EDGE('',*,*,#3558,.T.);
#2700=ORIENTED_EDGE('',*,*,#3557,.T.);
#2701=ORIENTED_EDGE('',*,*,#3541,.T.);
#2702=ORIENTED_EDGE('',*,*,#3548,.F.);
#2703=ORIENTED_EDGE('',*,*,#3539,.T.);
#2704=ORIENTED_EDGE('',*,*,#3558,.F.);
#2705=ORIENTED_EDGE('',*,*,#3547,.F.);
#2706=ORIENTED_EDGE('',*,*,#3550,.F.);
#2707=ORIENTED_EDGE('',*,*,#3552,.F.);
#2708=ORIENTED_EDGE('',*,*,#3554,.F.);
#2709=ORIENTED_EDGE('',*,*,#3556,.F.);
#2710=ORIENTED_EDGE('',*,*,#3540,.T.);
#2711=ORIENTED_EDGE('',*,*,#3083,.F.);
#2712=ORIENTED_EDGE('',*,*,#3559,.T.);
#2713=ORIENTED_EDGE('',*,*,#3092,.F.);
#2714=ORIENTED_EDGE('',*,*,#3560,.T.);
#2715=ORIENTED_EDGE('',*,*,#3560,.F.);
#2716=ORIENTED_EDGE('',*,*,#3559,.F.);
#2717=ORIENTED_EDGE('',*,*,#3561,.F.);
#2718=ORIENTED_EDGE('',*,*,#3562,.T.);
#2719=ORIENTED_EDGE('',*,*,#3561,.T.);
#2720=ORIENTED_EDGE('',*,*,#3563,.T.);
#2721=ORIENTED_EDGE('',*,*,#3562,.F.);
#2722=ORIENTED_EDGE('',*,*,#3564,.T.);
#2723=ORIENTED_EDGE('',*,*,#3563,.F.);
#2724=ORIENTED_EDGE('',*,*,#3564,.F.);
#2725=VERTEX_POINT('',#5157);
#2726=VERTEX_POINT('',#5159);
#2727=VERTEX_POINT('',#5168);
#2728=VERTEX_POINT('',#5169);
#2729=VERTEX_POINT('',#5171);
#2730=VERTEX_POINT('',#5179);
#2731=VERTEX_POINT('',#5182);
#2732=VERTEX_POINT('',#5185);
#2733=VERTEX_POINT('',#5188);
#2734=VERTEX_POINT('',#5189);
#2735=VERTEX_POINT('',#5191);
#2736=VERTEX_POINT('',#5193);
#2737=VERTEX_POINT('',#5195);
#2738=VERTEX_POINT('',#5197);
#2739=VERTEX_POINT('',#5201);
#2740=VERTEX_POINT('',#5203);
#2741=VERTEX_POINT('',#5207);
#2742=VERTEX_POINT('',#5211);
#2743=VERTEX_POINT('',#5215);
#2744=VERTEX_POINT('',#5219);
#2745=VERTEX_POINT('',#5225);
#2746=VERTEX_POINT('',#5229);
#2747=VERTEX_POINT('',#5232);
#2748=VERTEX_POINT('',#5235);
#2749=VERTEX_POINT('',#5236);
#2750=VERTEX_POINT('',#5238);
#2751=VERTEX_POINT('',#5240);
#2752=VERTEX_POINT('',#5244);
#2753=VERTEX_POINT('',#5245);
#2754=VERTEX_POINT('',#5247);
#2755=VERTEX_POINT('',#5249);
#2756=VERTEX_POINT('',#5253);
#2757=VERTEX_POINT('',#5255);
#2758=VERTEX_POINT('',#5258);
#2759=VERTEX_POINT('',#5329);
#2760=VERTEX_POINT('',#5332);
#2761=VERTEX_POINT('',#5333);
#2762=VERTEX_POINT('',#5335);
#2763=VERTEX_POINT('',#5337);
#2764=VERTEX_POINT('',#5341);
#2765=VERTEX_POINT('',#5342);
#2766=VERTEX_POINT('',#5344);
#2767=VERTEX_POINT('',#5346);
#2768=VERTEX_POINT('',#5350);
#2769=VERTEX_POINT('',#5351);
#2770=VERTEX_POINT('',#5353);
#2771=VERTEX_POINT('',#5355);
#2772=VERTEX_POINT('',#5359);
#2773=VERTEX_POINT('',#5360);
#2774=VERTEX_POINT('',#5362);
#2775=VERTEX_POINT('',#5364);
#2776=VERTEX_POINT('',#5368);
#2777=VERTEX_POINT('',#5370);
#2778=VERTEX_POINT('',#5374);
#2779=VERTEX_POINT('',#5375);
#2780=VERTEX_POINT('',#5380);
#2781=VERTEX_POINT('',#5382);
#2782=VERTEX_POINT('',#5386);
#2783=VERTEX_POINT('',#5389);
#2784=VERTEX_POINT('',#5390);
#2785=VERTEX_POINT('',#5392);
#2786=VERTEX_POINT('',#5394);
#2787=VERTEX_POINT('',#5398);
#2788=VERTEX_POINT('',#5399);
#2789=VERTEX_POINT('',#5401);
#2790=VERTEX_POINT('',#5403);
#2791=VERTEX_POINT('',#5413);
#2792=VERTEX_POINT('',#5414);
#2793=VERTEX_POINT('',#5416);
#2794=VERTEX_POINT('',#5418);
#2795=VERTEX_POINT('',#5425);
#2796=VERTEX_POINT('',#5427);
#2797=VERTEX_POINT('',#5429);
#2798=VERTEX_POINT('',#5431);
#2799=VERTEX_POINT('',#5435);
#2800=VERTEX_POINT('',#5437);
#2801=VERTEX_POINT('',#5439);
#2802=VERTEX_POINT('',#5441);
#2803=VERTEX_POINT('',#5445);
#2804=VERTEX_POINT('',#5448);
#2805=VERTEX_POINT('',#5451);
#2806=VERTEX_POINT('',#5453);
#2807=VERTEX_POINT('',#5455);
#2808=VERTEX_POINT('',#5457);
#2809=VERTEX_POINT('',#5459);
#2810=VERTEX_POINT('',#5461);
#2811=VERTEX_POINT('',#5464);
#2812=VERTEX_POINT('',#5466);
#2813=VERTEX_POINT('',#5468);
#2814=VERTEX_POINT('',#5470);
#2815=VERTEX_POINT('',#5472);
#2816=VERTEX_POINT('',#5474);
#2817=VERTEX_POINT('',#5479);
#2818=VERTEX_POINT('',#5481);
#2819=VERTEX_POINT('',#5483);
#2820=VERTEX_POINT('',#5485);
#2821=VERTEX_POINT('',#5487);
#2822=VERTEX_POINT('',#5490);
#2823=VERTEX_POINT('',#5492);
#2824=VERTEX_POINT('',#5494);
#2825=VERTEX_POINT('',#5496);
#2826=VERTEX_POINT('',#5498);
#2827=VERTEX_POINT('',#5502);
#2828=VERTEX_POINT('',#5503);
#2829=VERTEX_POINT('',#5505);
#2830=VERTEX_POINT('',#5507);
#2831=VERTEX_POINT('',#5511);
#2832=VERTEX_POINT('',#5512);
#2833=VERTEX_POINT('',#5514);
#2834=VERTEX_POINT('',#5518);
#2835=VERTEX_POINT('',#5520);
#2836=VERTEX_POINT('',#5524);
#2837=VERTEX_POINT('',#5528);
#2838=VERTEX_POINT('',#5530);
#2839=VERTEX_POINT('',#5534);
#2840=VERTEX_POINT('',#5535);
#2841=VERTEX_POINT('',#5540);
#2842=VERTEX_POINT('',#5541);
#2843=VERTEX_POINT('',#5546);
#2844=VERTEX_POINT('',#5550);
#2845=VERTEX_POINT('',#5552);
#2846=VERTEX_POINT('',#5556);
#2847=VERTEX_POINT('',#5560);
#2848=VERTEX_POINT('',#5562);
#2849=VERTEX_POINT('',#5566);
#2850=VERTEX_POINT('',#5567);
#2851=VERTEX_POINT('',#5572);
#2852=VERTEX_POINT('',#5573);
#2853=VERTEX_POINT('',#5578);
#2854=VERTEX_POINT('',#5582);
#2855=VERTEX_POINT('',#5584);
#2856=VERTEX_POINT('',#5588);
#2857=VERTEX_POINT('',#5595);
#2858=VERTEX_POINT('',#5598);
#2859=VERTEX_POINT('',#5599);
#2860=VERTEX_POINT('',#5601);
#2861=VERTEX_POINT('',#5603);
#2862=VERTEX_POINT('',#5610);
#2863=VERTEX_POINT('',#5611);
#2864=VERTEX_POINT('',#5613);
#2865=VERTEX_POINT('',#5615);
#2866=VERTEX_POINT('',#5619);
#2867=VERTEX_POINT('',#5621);
#2868=VERTEX_POINT('',#5625);
#2869=VERTEX_POINT('',#5627);
#2870=VERTEX_POINT('',#5631);
#2871=VERTEX_POINT('',#5633);
#2872=VERTEX_POINT('',#5637);
#2873=VERTEX_POINT('',#5639);
#2874=VERTEX_POINT('',#5643);
#2875=VERTEX_POINT('',#5645);
#2876=VERTEX_POINT('',#5649);
#2877=VERTEX_POINT('',#5651);
#2878=VERTEX_POINT('',#5662);
#2879=VERTEX_POINT('',#5663);
#2880=VERTEX_POINT('',#5665);
#2881=VERTEX_POINT('',#5667);
#2882=VERTEX_POINT('',#5669);
#2883=VERTEX_POINT('',#5671);
#2884=VERTEX_POINT('',#5673);
#2885=VERTEX_POINT('',#5675);
#2886=VERTEX_POINT('',#5677);
#2887=VERTEX_POINT('',#5679);
#2888=VERTEX_POINT('',#5681);
#2889=VERTEX_POINT('',#5683);
#2890=VERTEX_POINT('',#5685);
#2891=VERTEX_POINT('',#5687);
#2892=VERTEX_POINT('',#5689);
#2893=VERTEX_POINT('',#5691);
#2894=VERTEX_POINT('',#5693);
#2895=VERTEX_POINT('',#5695);
#2896=VERTEX_POINT('',#5697);
#2897=VERTEX_POINT('',#5699);
#2898=VERTEX_POINT('',#5703);
#2899=VERTEX_POINT('',#5704);
#2900=VERTEX_POINT('',#5706);
#2901=VERTEX_POINT('',#5708);
#2902=VERTEX_POINT('',#5712);
#2903=VERTEX_POINT('',#5713);
#2904=VERTEX_POINT('',#5715);
#2905=VERTEX_POINT('',#5717);
#2906=VERTEX_POINT('',#5721);
#2907=VERTEX_POINT('',#5722);
#2908=VERTEX_POINT('',#5724);
#2909=VERTEX_POINT('',#5726);
#2910=VERTEX_POINT('',#5730);
#2911=VERTEX_POINT('',#5731);
#2912=VERTEX_POINT('',#5733);
#2913=VERTEX_POINT('',#5735);
#2914=VERTEX_POINT('',#5743);
#2915=VERTEX_POINT('',#5745);
#2916=VERTEX_POINT('',#5747);
#2917=VERTEX_POINT('',#5749);
#2918=VERTEX_POINT('',#5753);
#2919=VERTEX_POINT('',#5754);
#2920=VERTEX_POINT('',#5756);
#2921=VERTEX_POINT('',#5758);
#2922=VERTEX_POINT('',#5763);
#2923=VERTEX_POINT('',#5765);
#2924=VERTEX_POINT('',#5767);
#2925=VERTEX_POINT('',#5769);
#2926=VERTEX_POINT('',#5773);
#2927=VERTEX_POINT('',#5774);
#2928=VERTEX_POINT('',#5776);
#2929=VERTEX_POINT('',#5778);
#2930=VERTEX_POINT('',#5800);
#2931=VERTEX_POINT('',#5801);
#2932=VERTEX_POINT('',#5803);
#2933=VERTEX_POINT('',#5805);
#2934=VERTEX_POINT('',#5809);
#2935=VERTEX_POINT('',#5810);
#2936=VERTEX_POINT('',#5812);
#2937=VERTEX_POINT('',#5814);
#2938=VERTEX_POINT('',#5818);
#2939=VERTEX_POINT('',#5819);
#2940=VERTEX_POINT('',#5821);
#2941=VERTEX_POINT('',#5823);
#2942=VERTEX_POINT('',#5825);
#2943=VERTEX_POINT('',#5827);
#2944=VERTEX_POINT('',#5829);
#2945=VERTEX_POINT('',#5831);
#2946=VERTEX_POINT('',#5834);
#2947=VERTEX_POINT('',#5835);
#2948=VERTEX_POINT('',#5837);
#2949=VERTEX_POINT('',#5839);
#2950=VERTEX_POINT('',#5841);
#2951=VERTEX_POINT('',#5843);
#2952=VERTEX_POINT('',#5845);
#2953=VERTEX_POINT('',#5847);
#2954=VERTEX_POINT('',#5851);
#2955=VERTEX_POINT('',#5852);
#2956=VERTEX_POINT('',#5854);
#2957=VERTEX_POINT('',#5856);
#2958=VERTEX_POINT('',#5860);
#2959=VERTEX_POINT('',#5861);
#2960=VERTEX_POINT('',#5863);
#2961=VERTEX_POINT('',#5865);
#2962=VERTEX_POINT('',#5869);
#2963=VERTEX_POINT('',#5870);
#2964=VERTEX_POINT('',#5872);
#2965=VERTEX_POINT('',#5874);
#2966=VERTEX_POINT('',#5876);
#2967=VERTEX_POINT('',#5878);
#2968=VERTEX_POINT('',#5880);
#2969=VERTEX_POINT('',#5882);
#2970=VERTEX_POINT('',#5898);
#2971=VERTEX_POINT('',#5900);
#2972=VERTEX_POINT('',#5904);
#2973=VERTEX_POINT('',#5908);
#2974=VERTEX_POINT('',#5912);
#2975=VERTEX_POINT('',#5916);
#2976=VERTEX_POINT('',#5920);
#2977=VERTEX_POINT('',#5924);
#2978=VERTEX_POINT('',#5930);
#2979=VERTEX_POINT('',#5932);
#2980=VERTEX_POINT('',#5936);
#2981=VERTEX_POINT('',#5940);
#2982=VERTEX_POINT('',#5944);
#2983=VERTEX_POINT('',#5948);
#2984=VERTEX_POINT('',#5952);
#2985=VERTEX_POINT('',#5956);
#2986=VERTEX_POINT('',#6000);
#2987=VERTEX_POINT('',#6001);
#2988=VERTEX_POINT('',#6003);
#2989=VERTEX_POINT('',#6005);
#2990=VERTEX_POINT('',#6009);
#2991=VERTEX_POINT('',#6011);
#2992=VERTEX_POINT('',#6015);
#2993=VERTEX_POINT('',#6017);
#2994=VERTEX_POINT('',#6024);
#2995=VERTEX_POINT('',#6026);
#2996=VERTEX_POINT('',#6029);
#2997=VERTEX_POINT('',#6031);
#2998=VERTEX_POINT('',#6034);
#2999=VERTEX_POINT('',#6036);
#3000=VERTEX_POINT('',#6038);
#3001=VERTEX_POINT('',#6040);
#3002=VERTEX_POINT('',#6042);
#3003=VERTEX_POINT('',#6044);
#3004=VERTEX_POINT('',#6046);
#3005=VERTEX_POINT('',#6048);
#3006=VERTEX_POINT('',#6050);
#3007=VERTEX_POINT('',#6052);
#3008=VERTEX_POINT('',#6054);
#3009=VERTEX_POINT('',#6056);
#3010=VERTEX_POINT('',#6059);
#3011=VERTEX_POINT('',#6061);
#3012=VERTEX_POINT('',#6064);
#3013=VERTEX_POINT('',#6066);
#3014=VERTEX_POINT('',#6070);
#3015=VERTEX_POINT('',#6071);
#3016=VERTEX_POINT('',#6076);
#3017=VERTEX_POINT('',#6078);
#3018=VERTEX_POINT('',#6082);
#3019=VERTEX_POINT('',#6084);
#3020=VERTEX_POINT('',#6086);
#3021=VERTEX_POINT('',#6090);
#3022=VERTEX_POINT('',#6094);
#3023=VERTEX_POINT('',#6098);
#3024=VERTEX_POINT('',#6135);
#3025=VERTEX_POINT('',#6137);
#3026=VERTEX_POINT('',#6163);
#3027=VERTEX_POINT('',#6164);
#3028=VERTEX_POINT('',#6169);
#3029=VERTEX_POINT('',#6171);
#3030=VERTEX_POINT('',#6175);
#3031=VERTEX_POINT('',#6180);
#3032=VERTEX_POINT('',#6184);
#3033=VERTEX_POINT('',#6186);
#3034=VERTEX_POINT('',#6215);
#3035=VERTEX_POINT('',#6220);
#3036=VERTEX_POINT('',#6222);
#3037=VERTEX_POINT('',#6225);
#3038=VERTEX_POINT('',#6226);
#3039=VERTEX_POINT('',#6228);
#3040=VERTEX_POINT('',#6230);
#3041=VERTEX_POINT('',#6232);
#3042=VERTEX_POINT('',#6234);
#3043=VERTEX_POINT('',#6238);
#3044=VERTEX_POINT('',#6239);
#3045=VERTEX_POINT('',#6244);
#3046=VERTEX_POINT('',#6248);
#3047=VERTEX_POINT('',#6252);
#3048=VERTEX_POINT('',#6256);
#3049=VERTEX_POINT('',#6264);
#3050=VERTEX_POINT('',#6267);
#3051=VERTEX_POINT('',#6271);
#3052=VERTEX_POINT('',#6273);
#3053=VERTEX_POINT('',#6276);
#3054=VERTEX_POINT('',#6279);
#3055=EDGE_CURVE('',#2725,#2725,#3565,.T.);
#3056=EDGE_CURVE('',#2726,#2726,#3566,.T.);
#3057=EDGE_CURVE('',#2727,#2728,#1080,.T.);
#3058=EDGE_CURVE('',#2727,#2729,#3567,.T.);
#3059=EDGE_CURVE('',#2730,#2729,#1081,.T.);
#3060=EDGE_CURVE('',#2730,#2728,#3568,.T.);
#3061=EDGE_CURVE('',#2731,#2731,#3569,.T.);
#3062=EDGE_CURVE('',#2732,#2732,#3570,.T.);
#3063=EDGE_CURVE('',#2733,#2734,#300,.T.);
#3064=EDGE_CURVE('',#2735,#2733,#301,.T.);
#3065=EDGE_CURVE('',#2736,#2735,#302,.T.);
#3066=EDGE_CURVE('',#2737,#2736,#303,.T.);
#3067=EDGE_CURVE('',#2738,#2737,#304,.T.);
#3068=EDGE_CURVE('',#2734,#2738,#305,.T.);
#3069=EDGE_CURVE('',#2733,#2739,#306,.T.);
#3070=EDGE_CURVE('',#2739,#2740,#307,.T.);
#3071=EDGE_CURVE('',#2735,#2740,#308,.T.);
#3072=EDGE_CURVE('',#2740,#2741,#309,.T.);
#3073=EDGE_CURVE('',#2736,#2741,#310,.T.);
#3074=EDGE_CURVE('',#2741,#2742,#311,.T.);
#3075=EDGE_CURVE('',#2737,#2742,#312,.T.);
#3076=EDGE_CURVE('',#2742,#2743,#313,.T.);
#3077=EDGE_CURVE('',#2738,#2743,#314,.T.);
#3078=EDGE_CURVE('',#2743,#2744,#315,.T.);
#3079=EDGE_CURVE('',#2734,#2744,#316,.T.);
#3080=EDGE_CURVE('',#2744,#2739,#317,.T.);
#3081=EDGE_CURVE('',#2745,#2745,#3571,.T.);
#3082=EDGE_CURVE('',#2746,#2746,#3572,.T.);
#3083=EDGE_CURVE('',#2747,#2747,#3573,.T.);
#3084=EDGE_CURVE('',#2748,#2749,#318,.T.);
#3085=EDGE_CURVE('',#2750,#2748,#319,.T.);
#3086=EDGE_CURVE('',#2750,#2751,#320,.T.);
#3087=EDGE_CURVE('',#2749,#2751,#321,.T.);
#3088=EDGE_CURVE('',#2752,#2753,#322,.T.);
#3089=EDGE_CURVE('',#2752,#2754,#323,.T.);
#3090=EDGE_CURVE('',#2754,#2755,#324,.T.);
#3091=EDGE_CURVE('',#2755,#2753,#325,.T.);
#3092=EDGE_CURVE('',#2756,#2756,#3574,.T.);
#3093=EDGE_CURVE('',#2757,#2757,#3575,.T.);
#3094=EDGE_CURVE('',#2758,#2758,#3576,.T.);
#3095=EDGE_CURVE('',#2759,#2759,#1082,.T.);
#3096=EDGE_CURVE('',#2760,#2761,#3577,.T.);
#3097=EDGE_CURVE('',#2762,#2760,#326,.T.);
#3098=EDGE_CURVE('',#2763,#2762,#3578,.T.);
#3099=EDGE_CURVE('',#2761,#2763,#327,.T.);
#3100=EDGE_CURVE('',#2764,#2765,#3579,.T.);
#3101=EDGE_CURVE('',#2766,#2764,#328,.T.);
#3102=EDGE_CURVE('',#2767,#2766,#3580,.T.);
#3103=EDGE_CURVE('',#2765,#2767,#329,.T.);
#3104=EDGE_CURVE('',#2768,#2769,#330,.T.);
#3105=EDGE_CURVE('',#2770,#2768,#331,.T.);
#3106=EDGE_CURVE('',#2771,#2770,#332,.T.);
#3107=EDGE_CURVE('',#2771,#2769,#333,.T.);
#3108=EDGE_CURVE('',#2772,#2773,#334,.T.);
#3109=EDGE_CURVE('',#2772,#2774,#335,.T.);
#3110=EDGE_CURVE('',#2775,#2774,#336,.T.);
#3111=EDGE_CURVE('',#2773,#2775,#337,.T.);
#3112=EDGE_CURVE('',#2776,#2774,#338,.T.);
#3113=EDGE_CURVE('',#2776,#2777,#339,.T.);
#3114=EDGE_CURVE('',#2777,#2775,#340,.T.);
#3115=EDGE_CURVE('',#2778,#2779,#341,.T.);
#3116=EDGE_CURVE('',#2779,#2771,#342,.T.);
#3117=EDGE_CURVE('',#2778,#2770,#343,.T.);
#3118=EDGE_CURVE('',#2780,#2780,#3581,.T.);
#3119=EDGE_CURVE('',#2781,#2781,#3582,.T.);
#3120=EDGE_CURVE('',#2782,#2782,#3583,.T.);
#3121=EDGE_CURVE('',#2783,#2784,#3584,.T.);
#3122=EDGE_CURVE('',#2785,#2783,#344,.T.);
#3123=EDGE_CURVE('',#2786,#2785,#3585,.T.);
#3124=EDGE_CURVE('',#2784,#2786,#345,.T.);
#3125=EDGE_CURVE('',#2787,#2788,#3586,.T.);
#3126=EDGE_CURVE('',#2789,#2787,#346,.T.);
#3127=EDGE_CURVE('',#2790,#2789,#3587,.T.);
#3128=EDGE_CURVE('',#2788,#2790,#347,.T.);
#3129=EDGE_CURVE('',#2787,#2768,#348,.T.);
#3130=EDGE_CURVE('',#2769,#2789,#349,.T.);
#3131=EDGE_CURVE('',#2772,#2783,#350,.T.);
#3132=EDGE_CURVE('',#2785,#2773,#351,.T.);
#3133=EDGE_CURVE('',#2791,#2792,#352,.T.);
#3134=EDGE_CURVE('',#2793,#2791,#353,.T.);
#3135=EDGE_CURVE('',#2794,#2793,#354,.T.);
#3136=EDGE_CURVE('',#2792,#2794,#355,.T.);
#3137=EDGE_CURVE('',#2779,#2776,#356,.T.);
#3138=EDGE_CURVE('',#2778,#2777,#357,.T.);
#3139=EDGE_CURVE('',#2795,#2751,#358,.T.);
#3140=EDGE_CURVE('',#2795,#2796,#359,.T.);
#3141=EDGE_CURVE('',#2797,#2796,#360,.T.);
#3142=EDGE_CURVE('',#2797,#2798,#361,.T.);
#3143=EDGE_CURVE('',#2749,#2798,#362,.T.);
#3144=EDGE_CURVE('',#2755,#2799,#363,.T.);
#3145=EDGE_CURVE('',#2800,#2799,#364,.T.);
#3146=EDGE_CURVE('',#2800,#2801,#365,.T.);
#3147=EDGE_CURVE('',#2802,#2801,#366,.T.);
#3148=EDGE_CURVE('',#2802,#2753,#367,.T.);
#3149=EDGE_CURVE('',#2767,#2803,#368,.T.);
#3150=EDGE_CURVE('',#2763,#2766,#369,.T.);
#3151=EDGE_CURVE('',#2762,#2804,#370,.T.);
#3152=EDGE_CURVE('',#2752,#2804,#371,.T.);
#3153=EDGE_CURVE('',#2802,#2805,#372,.T.);
#3154=EDGE_CURVE('',#2806,#2805,#3588,.T.);
#3155=EDGE_CURVE('',#2806,#2807,#373,.T.);
#3156=EDGE_CURVE('',#2807,#2808,#3589,.T.);
#3157=EDGE_CURVE('',#2808,#2809,#374,.T.);
#3158=EDGE_CURVE('',#2810,#2809,#3590,.T.);
#3159=EDGE_CURVE('',#2810,#2792,#375,.T.);
#3160=EDGE_CURVE('',#2794,#2811,#376,.T.);
#3161=EDGE_CURVE('',#2811,#2812,#3591,.T.);
#3162=EDGE_CURVE('',#2813,#2812,#377,.T.);
#3163=EDGE_CURVE('',#2814,#2813,#3592,.T.);
#3164=EDGE_CURVE('',#2815,#2814,#378,.T.);
#3165=EDGE_CURVE('',#2815,#2816,#3593,.T.);
#3166=EDGE_CURVE('',#2795,#2816,#379,.T.);
#3167=EDGE_CURVE('',#2750,#2803,#380,.T.);
#3168=EDGE_CURVE('',#2791,#2817,#381,.T.);
#3169=EDGE_CURVE('',#2817,#2818,#382,.T.);
#3170=EDGE_CURVE('',#2818,#2819,#3594,.T.);
#3171=EDGE_CURVE('',#2820,#2819,#383,.T.);
#3172=EDGE_CURVE('',#2820,#2821,#3595,.T.);
#3173=EDGE_CURVE('',#2790,#2821,#384,.T.);
#3174=EDGE_CURVE('',#2784,#2822,#385,.T.);
#3175=EDGE_CURVE('',#2823,#2822,#3596,.T.);
#3176=EDGE_CURVE('',#2823,#2824,#386,.T.);
#3177=EDGE_CURVE('',#2825,#2824,#3597,.T.);
#3178=EDGE_CURVE('',#2825,#2826,#387,.T.);
#3179=EDGE_CURVE('',#2826,#2793,#388,.T.);
#3180=EDGE_CURVE('',#2827,#2828,#389,.T.);
#3181=EDGE_CURVE('',#2828,#2829,#390,.T.);
#3182=EDGE_CURVE('',#2829,#2830,#391,.T.);
#3183=EDGE_CURVE('',#2827,#2830,#392,.T.);
#3184=EDGE_CURVE('',#2831,#2832,#3598,.T.);
#3185=EDGE_CURVE('',#2831,#2833,#3599,.T.);
#3186=EDGE_CURVE('',#2832,#2833,#3600,.T.);
#3187=EDGE_CURVE('',#2834,#2831,#393,.T.);
#3188=EDGE_CURVE('',#2834,#2835,#3601,.T.);
#3189=EDGE_CURVE('',#2833,#2835,#394,.T.);
#3190=EDGE_CURVE('',#2836,#2834,#3602,.T.);
#3191=EDGE_CURVE('',#2836,#2835,#3603,.T.);
#3192=EDGE_CURVE('',#2837,#2836,#395,.T.);
#3193=EDGE_CURVE('',#2837,#2838,#3604,.T.);
#3194=EDGE_CURVE('',#2835,#2838,#396,.T.);
#3195=EDGE_CURVE('',#2839,#2840,#3605,.T.);
#3196=EDGE_CURVE('',#2838,#2840,#3606,.T.);
#3197=EDGE_CURVE('',#2839,#2837,#3607,.T.);
#3198=EDGE_CURVE('',#2841,#2842,#3608,.T.);
#3199=EDGE_CURVE('',#2840,#2842,#397,.T.);
#3200=EDGE_CURVE('',#2841,#2839,#398,.T.);
#3201=EDGE_CURVE('',#2843,#2841,#3609,.T.);
#3202=EDGE_CURVE('',#2843,#2842,#3610,.T.);
#3203=EDGE_CURVE('',#2844,#2843,#399,.T.);
#3204=EDGE_CURVE('',#2844,#2845,#3611,.T.);
#3205=EDGE_CURVE('',#2842,#2845,#400,.T.);
#3206=EDGE_CURVE('',#2846,#2844,#3612,.T.);
#3207=EDGE_CURVE('',#2846,#2845,#3613,.T.);
#3208=EDGE_CURVE('',#2847,#2846,#401,.T.);
#3209=EDGE_CURVE('',#2847,#2848,#3614,.T.);
#3210=EDGE_CURVE('',#2845,#2848,#402,.T.);
#3211=EDGE_CURVE('',#2849,#2850,#3615,.T.);
#3212=EDGE_CURVE('',#2848,#2850,#3616,.T.);
#3213=EDGE_CURVE('',#2849,#2847,#3617,.T.);
#3214=EDGE_CURVE('',#2851,#2852,#3618,.T.);
#3215=EDGE_CURVE('',#2850,#2852,#403,.T.);
#3216=EDGE_CURVE('',#2851,#2849,#404,.T.);
#3217=EDGE_CURVE('',#2853,#2851,#3619,.T.);
#3218=EDGE_CURVE('',#2853,#2852,#3620,.T.);
#3219=EDGE_CURVE('',#2854,#2853,#405,.T.);
#3220=EDGE_CURVE('',#2854,#2855,#3621,.T.);
#3221=EDGE_CURVE('',#2852,#2855,#406,.T.);
#3222=EDGE_CURVE('',#2856,#2854,#3622,.T.);
#3223=EDGE_CURVE('',#2856,#2855,#3623,.T.);
#3224=EDGE_CURVE('',#2832,#2856,#407,.T.);
#3225=EDGE_CURVE('',#2855,#2833,#408,.T.);
#3226=EDGE_CURVE('',#2857,#2857,#3624,.T.);
#3227=EDGE_CURVE('',#2858,#2859,#409,.T.);
#3228=EDGE_CURVE('',#2860,#2858,#410,.T.);
#3229=EDGE_CURVE('',#2860,#2861,#411,.T.);
#3230=EDGE_CURVE('',#2859,#2861,#412,.T.);
#3231=EDGE_CURVE('',#2859,#2827,#413,.T.);
#3232=EDGE_CURVE('',#2828,#2861,#414,.T.);
#3233=EDGE_CURVE('',#2862,#2863,#415,.T.);
#3234=EDGE_CURVE('',#2862,#2864,#416,.T.);
#3235=EDGE_CURVE('',#2864,#2865,#417,.T.);
#3236=EDGE_CURVE('',#2863,#2865,#418,.T.);
#3237=EDGE_CURVE('',#2866,#2862,#3625,.T.);
#3238=EDGE_CURVE('',#2866,#2867,#419,.T.);
#3239=EDGE_CURVE('',#2867,#2864,#3626,.T.);
#3240=EDGE_CURVE('',#2868,#2866,#420,.T.);
#3241=EDGE_CURVE('',#2868,#2869,#421,.T.);
#3242=EDGE_CURVE('',#2869,#2867,#422,.T.);
#3243=EDGE_CURVE('',#2870,#2868,#423,.T.);
#3244=EDGE_CURVE('',#2870,#2871,#424,.T.);
#3245=EDGE_CURVE('',#2871,#2869,#425,.T.);
#3246=EDGE_CURVE('',#2872,#2870,#426,.T.);
#3247=EDGE_CURVE('',#2872,#2873,#427,.T.);
#3248=EDGE_CURVE('',#2873,#2871,#428,.T.);
#3249=EDGE_CURVE('',#2874,#2872,#3627,.T.);
#3250=EDGE_CURVE('',#2874,#2875,#429,.T.);
#3251=EDGE_CURVE('',#2875,#2873,#3628,.T.);
#3252=EDGE_CURVE('',#2876,#2874,#430,.T.);
#3253=EDGE_CURVE('',#2876,#2877,#431,.T.);
#3254=EDGE_CURVE('',#2877,#2875,#432,.T.);
#3255=EDGE_CURVE('',#2830,#2877,#433,.T.);
#3256=EDGE_CURVE('',#2858,#2876,#434,.T.);
#3257=EDGE_CURVE('',#2863,#2860,#435,.T.);
#3258=EDGE_CURVE('',#2865,#2829,#436,.T.);
#3259=EDGE_CURVE('',#2878,#2879,#437,.T.);
#3260=EDGE_CURVE('',#2878,#2880,#438,.T.);
#3261=EDGE_CURVE('',#2881,#2880,#439,.T.);
#3262=EDGE_CURVE('',#2881,#2882,#3629,.T.);
#3263=EDGE_CURVE('',#2882,#2883,#440,.T.);
#3264=EDGE_CURVE('',#2884,#2883,#3630,.T.);
#3265=EDGE_CURVE('',#2885,#2884,#441,.T.);
#3266=EDGE_CURVE('',#2885,#2886,#3631,.T.);
#3267=EDGE_CURVE('',#2887,#2886,#442,.T.);
#3268=EDGE_CURVE('',#2888,#2887,#3632,.T.);
#3269=EDGE_CURVE('',#2888,#2889,#443,.T.);
#3270=EDGE_CURVE('',#2889,#2890,#3633,.T.);
#3271=EDGE_CURVE('',#2890,#2891,#444,.T.);
#3272=EDGE_CURVE('',#2892,#2891,#3634,.T.);
#3273=EDGE_CURVE('',#2892,#2893,#445,.T.);
#3274=EDGE_CURVE('',#2893,#2894,#3635,.T.);
#3275=EDGE_CURVE('',#2895,#2894,#446,.T.);
#3276=EDGE_CURVE('',#2896,#2895,#3636,.T.);
#3277=EDGE_CURVE('',#2897,#2896,#447,.T.);
#3278=EDGE_CURVE('',#2897,#2879,#448,.T.);
#3279=EDGE_CURVE('',#2898,#2899,#449,.T.);
#3280=EDGE_CURVE('',#2898,#2900,#3637,.T.);
#3281=EDGE_CURVE('',#2901,#2900,#450,.T.);
#3282=EDGE_CURVE('',#2899,#2901,#3638,.T.);
#3283=EDGE_CURVE('',#2902,#2903,#451,.T.);
#3284=EDGE_CURVE('',#2902,#2904,#3639,.T.);
#3285=EDGE_CURVE('',#2905,#2904,#452,.T.);
#3286=EDGE_CURVE('',#2905,#2903,#3640,.T.);
#3287=EDGE_CURVE('',#2906,#2907,#453,.T.);
#3288=EDGE_CURVE('',#2906,#2908,#3641,.T.);
#3289=EDGE_CURVE('',#2909,#2908,#454,.T.);
#3290=EDGE_CURVE('',#2909,#2907,#3642,.T.);
#3291=EDGE_CURVE('',#2910,#2911,#455,.T.);
#3292=EDGE_CURVE('',#2910,#2912,#3643,.T.);
#3293=EDGE_CURVE('',#2913,#2912,#456,.T.);
#3294=EDGE_CURVE('',#2911,#2913,#3644,.T.);
#3295=EDGE_CURVE('',#2912,#2906,#457,.T.);
#3296=EDGE_CURVE('',#2913,#2907,#458,.T.);
#3297=EDGE_CURVE('',#2908,#2898,#459,.T.);
#3298=EDGE_CURVE('',#2914,#2899,#460,.T.);
#3299=EDGE_CURVE('',#2914,#2915,#461,.T.);
#3300=EDGE_CURVE('',#2916,#2915,#462,.T.);
#3301=EDGE_CURVE('',#2916,#2917,#463,.T.);
#3302=EDGE_CURVE('',#2909,#2917,#464,.T.);
#3303=EDGE_CURVE('',#2918,#2919,#465,.T.);
#3304=EDGE_CURVE('',#2919,#2920,#466,.T.);
#3305=EDGE_CURVE('',#2920,#2921,#467,.T.);
#3306=EDGE_CURVE('',#2921,#2918,#468,.T.);
#3307=EDGE_CURVE('',#2904,#2910,#469,.T.);
#3308=EDGE_CURVE('',#2911,#2922,#470,.T.);
#3309=EDGE_CURVE('',#2922,#2923,#471,.T.);
#3310=EDGE_CURVE('',#2924,#2923,#472,.T.);
#3311=EDGE_CURVE('',#2924,#2925,#473,.T.);
#3312=EDGE_CURVE('',#2925,#2905,#474,.T.);
#3313=EDGE_CURVE('',#2926,#2927,#475,.T.);
#3314=EDGE_CURVE('',#2926,#2928,#476,.T.);
#3315=EDGE_CURVE('',#2929,#2928,#477,.T.);
#3316=EDGE_CURVE('',#2929,#2927,#478,.T.);
#3317=EDGE_CURVE('',#2926,#2917,#3645,.T.);
#3318=EDGE_CURVE('',#2928,#2916,#3646,.T.);
#3319=EDGE_CURVE('',#2927,#2922,#3647,.T.);
#3320=EDGE_CURVE('',#2923,#2929,#3648,.T.);
#3321=EDGE_CURVE('',#2919,#2925,#3649,.T.);
#3322=EDGE_CURVE('',#2920,#2924,#3650,.T.);
#3323=EDGE_CURVE('',#2918,#2914,#3651,.T.);
#3324=EDGE_CURVE('',#2915,#2921,#3652,.T.);
#3325=EDGE_CURVE('',#2903,#2901,#479,.T.);
#3326=EDGE_CURVE('',#2902,#2900,#480,.T.);
#3327=EDGE_CURVE('',#2930,#2931,#481,.T.);
#3328=EDGE_CURVE('',#2931,#2932,#482,.T.);
#3329=EDGE_CURVE('',#2932,#2933,#483,.T.);
#3330=EDGE_CURVE('',#2930,#2933,#484,.T.);
#3331=EDGE_CURVE('',#2934,#2935,#485,.T.);
#3332=EDGE_CURVE('',#2935,#2936,#486,.T.);
#3333=EDGE_CURVE('',#2936,#2937,#487,.T.);
#3334=EDGE_CURVE('',#2934,#2937,#488,.T.);
#3335=EDGE_CURVE('',#2938,#2939,#3653,.T.);
#3336=EDGE_CURVE('',#2939,#2940,#489,.T.);
#3337=EDGE_CURVE('',#2940,#2941,#3654,.T.);
#3338=EDGE_CURVE('',#2941,#2942,#490,.T.);
#3339=EDGE_CURVE('',#2942,#2943,#3655,.T.);
#3340=EDGE_CURVE('',#2943,#2944,#491,.T.);
#3341=EDGE_CURVE('',#2944,#2945,#3656,.T.);
#3342=EDGE_CURVE('',#2945,#2938,#492,.T.);
#3343=EDGE_CURVE('',#2946,#2947,#3657,.T.);
#3344=EDGE_CURVE('',#2947,#2948,#493,.T.);
#3345=EDGE_CURVE('',#2948,#2949,#3658,.T.);
#3346=EDGE_CURVE('',#2949,#2950,#494,.T.);
#3347=EDGE_CURVE('',#2950,#2951,#3659,.T.);
#3348=EDGE_CURVE('',#2951,#2952,#495,.T.);
#3349=EDGE_CURVE('',#2952,#2953,#3660,.T.);
#3350=EDGE_CURVE('',#2953,#2946,#496,.T.);
#3351=EDGE_CURVE('',#2954,#2955,#497,.T.);
#3352=EDGE_CURVE('',#2955,#2956,#498,.T.);
#3353=EDGE_CURVE('',#2956,#2957,#499,.T.);
#3354=EDGE_CURVE('',#2957,#2954,#500,.T.);
#3355=EDGE_CURVE('',#2958,#2959,#501,.T.);
#3356=EDGE_CURVE('',#2959,#2960,#502,.T.);
#3357=EDGE_CURVE('',#2960,#2961,#503,.T.);
#3358=EDGE_CURVE('',#2958,#2961,#504,.T.);
#3359=EDGE_CURVE('',#2962,#2963,#505,.T.);
#3360=EDGE_CURVE('',#2962,#2964,#3661,.T.);
#3361=EDGE_CURVE('',#2964,#2965,#506,.T.);
#3362=EDGE_CURVE('',#2965,#2966,#3662,.T.);
#3363=EDGE_CURVE('',#2966,#2967,#507,.T.);
#3364=EDGE_CURVE('',#2967,#2968,#3663,.T.);
#3365=EDGE_CURVE('',#2968,#2969,#508,.T.);
#3366=EDGE_CURVE('',#2969,#2963,#3664,.T.);
#3367=EDGE_CURVE('',#2956,#2959,#3665,.T.);
#3368=EDGE_CURVE('',#2957,#2958,#3666,.T.);
#3369=EDGE_CURVE('',#2960,#2931,#3667,.T.);
#3370=EDGE_CURVE('',#2961,#2930,#3668,.T.);
#3371=EDGE_CURVE('',#2932,#2935,#3669,.T.);
#3372=EDGE_CURVE('',#2933,#2934,#3670,.T.);
#3373=EDGE_CURVE('',#2936,#2955,#3671,.T.);
#3374=EDGE_CURVE('',#2937,#2954,#3672,.T.);
#3375=EDGE_CURVE('',#2970,#2960,#509,.T.);
#3376=EDGE_CURVE('',#2970,#2971,#3673,.T.);
#3377=EDGE_CURVE('',#2931,#2971,#510,.T.);
#3378=EDGE_CURVE('',#2972,#2959,#511,.T.);
#3379=EDGE_CURVE('',#2972,#2970,#512,.T.);
#3380=EDGE_CURVE('',#2971,#2973,#513,.T.);
#3381=EDGE_CURVE('',#2932,#2973,#514,.T.);
#3382=EDGE_CURVE('',#2974,#2956,#515,.T.);
#3383=EDGE_CURVE('',#2974,#2972,#3674,.T.);
#3384=EDGE_CURVE('',#2973,#2975,#3675,.T.);
#3385=EDGE_CURVE('',#2935,#2975,#516,.T.);
#3386=EDGE_CURVE('',#2976,#2955,#517,.T.);
#3387=EDGE_CURVE('',#2976,#2974,#518,.T.);
#3388=EDGE_CURVE('',#2975,#2977,#519,.T.);
#3389=EDGE_CURVE('',#2936,#2977,#520,.T.);
#3390=EDGE_CURVE('',#2977,#2976,#3676,.T.);
#3391=EDGE_CURVE('',#2978,#2962,#521,.T.);
#3392=EDGE_CURVE('',#2978,#2979,#3677,.T.);
#3393=EDGE_CURVE('',#2964,#2979,#522,.T.);
#3394=EDGE_CURVE('',#2980,#2963,#523,.T.);
#3395=EDGE_CURVE('',#2980,#2978,#524,.T.);
#3396=EDGE_CURVE('',#2979,#2981,#525,.T.);
#3397=EDGE_CURVE('',#2965,#2981,#526,.T.);
#3398=EDGE_CURVE('',#2982,#2969,#527,.T.);
#3399=EDGE_CURVE('',#2982,#2980,#3678,.T.);
#3400=EDGE_CURVE('',#2981,#2983,#3679,.T.);
#3401=EDGE_CURVE('',#2966,#2983,#528,.T.);
#3402=EDGE_CURVE('',#2984,#2968,#529,.T.);
#3403=EDGE_CURVE('',#2984,#2982,#530,.T.);
#3404=EDGE_CURVE('',#2983,#2985,#531,.T.);
#3405=EDGE_CURVE('',#2967,#2985,#532,.T.);
#3406=EDGE_CURVE('',#2985,#2984,#3680,.T.);
#3407=EDGE_CURVE('',#2985,#2943,#3681,.T.);
#3408=EDGE_CURVE('',#2944,#2983,#3682,.T.);
#3409=EDGE_CURVE('',#2945,#2981,#3683,.T.);
#3410=EDGE_CURVE('',#2984,#2942,#3684,.T.);
#3411=EDGE_CURVE('',#2938,#2979,#3685,.T.);
#3412=EDGE_CURVE('',#2982,#2941,#3686,.T.);
#3413=EDGE_CURVE('',#2939,#2978,#3687,.T.);
#3414=EDGE_CURVE('',#2980,#2940,#3688,.T.);
#3415=EDGE_CURVE('',#2977,#2951,#3689,.T.);
#3416=EDGE_CURVE('',#2952,#2975,#3690,.T.);
#3417=EDGE_CURVE('',#2953,#2973,#3691,.T.);
#3418=EDGE_CURVE('',#2976,#2950,#3692,.T.);
#3419=EDGE_CURVE('',#2946,#2971,#3693,.T.);
#3420=EDGE_CURVE('',#2974,#2949,#3694,.T.);
#3421=EDGE_CURVE('',#2947,#2970,#3695,.T.);
#3422=EDGE_CURVE('',#2972,#2948,#3696,.T.);
#3423=EDGE_CURVE('',#2792,#2880,#533,.T.);
#3424=EDGE_CURVE('',#2817,#2878,#534,.T.);
#3425=EDGE_CURVE('',#2897,#2794,#535,.T.);
#3426=EDGE_CURVE('',#2879,#2826,#536,.T.);
#3427=EDGE_CURVE('',#2986,#2987,#537,.T.);
#3428=EDGE_CURVE('',#2987,#2988,#538,.T.);
#3429=EDGE_CURVE('',#2989,#2988,#539,.T.);
#3430=EDGE_CURVE('',#2989,#2986,#540,.T.);
#3431=EDGE_CURVE('',#2990,#2986,#541,.T.);
#3432=EDGE_CURVE('',#2989,#2991,#542,.T.);
#3433=EDGE_CURVE('',#2990,#2991,#543,.T.);
#3434=EDGE_CURVE('',#2992,#2990,#544,.T.);
#3435=EDGE_CURVE('',#2991,#2993,#545,.T.);
#3436=EDGE_CURVE('',#2993,#2992,#546,.T.);
#3437=EDGE_CURVE('',#2987,#2992,#547,.T.);
#3438=EDGE_CURVE('',#2993,#2988,#548,.T.);
#3439=EDGE_CURVE('',#2994,#2764,#549,.T.);
#3440=EDGE_CURVE('',#2765,#2995,#550,.T.);
#3441=EDGE_CURVE('',#2994,#2995,#3697,.T.);
#3442=EDGE_CURVE('',#2760,#2996,#551,.T.);
#3443=EDGE_CURVE('',#2761,#2997,#552,.T.);
#3444=EDGE_CURVE('',#2997,#2996,#3698,.T.);
#3445=EDGE_CURVE('',#2998,#2754,#553,.T.);
#3446=EDGE_CURVE('',#2998,#2999,#3699,.T.);
#3447=EDGE_CURVE('',#2999,#3000,#554,.T.);
#3448=EDGE_CURVE('',#3000,#3001,#3700,.T.);
#3449=EDGE_CURVE('',#3002,#3001,#555,.T.);
#3450=EDGE_CURVE('',#3002,#3003,#3701,.T.);
#3451=EDGE_CURVE('',#3004,#3003,#556,.T.);
#3452=EDGE_CURVE('',#3005,#3004,#3702,.T.);
#3453=EDGE_CURVE('',#3005,#3006,#557,.T.);
#3454=EDGE_CURVE('',#3007,#3006,#3703,.T.);
#3455=EDGE_CURVE('',#3007,#3008,#558,.T.);
#3456=EDGE_CURVE('',#3008,#3009,#3704,.T.);
#3457=EDGE_CURVE('',#3009,#2748,#559,.T.);
#3458=EDGE_CURVE('',#2798,#3010,#560,.T.);
#3459=EDGE_CURVE('',#3010,#3011,#3705,.T.);
#3460=EDGE_CURVE('',#2786,#3011,#561,.T.);
#3461=EDGE_CURVE('',#2788,#3012,#562,.T.);
#3462=EDGE_CURVE('',#3012,#3013,#3706,.T.);
#3463=EDGE_CURVE('',#2799,#3013,#563,.T.);
#3464=EDGE_CURVE('',#3014,#3015,#3707,.T.);
#3465=EDGE_CURVE('',#3009,#3014,#564,.T.);
#3466=EDGE_CURVE('',#3015,#3008,#565,.T.);
#3467=EDGE_CURVE('',#3016,#3007,#566,.T.);
#3468=EDGE_CURVE('',#3017,#3016,#567,.T.);
#3469=EDGE_CURVE('',#3008,#3017,#568,.T.);
#3470=EDGE_CURVE('',#3014,#3018,#569,.T.);
#3471=EDGE_CURVE('',#3019,#3018,#570,.T.);
#3472=EDGE_CURVE('',#3019,#3020,#571,.T.);
#3473=EDGE_CURVE('',#3020,#2803,#572,.T.);
#3474=EDGE_CURVE('',#3021,#3015,#573,.T.);
#3475=EDGE_CURVE('',#3021,#3017,#574,.T.);
#3476=EDGE_CURVE('',#3016,#3022,#575,.T.);
#3477=EDGE_CURVE('',#3021,#3022,#576,.T.);
#3478=EDGE_CURVE('',#3023,#3007,#577,.T.);
#3479=EDGE_CURVE('',#3023,#3022,#578,.T.);
#3480=EDGE_CURVE('',#3006,#3018,#579,.T.);
#3481=EDGE_CURVE('',#3018,#3023,#3708,.T.);
#3482=EDGE_CURVE('',#3004,#2730,#580,.T.);
#3483=EDGE_CURVE('',#2729,#2856,#581,.T.);
#3484=EDGE_CURVE('',#2854,#3005,#582,.T.);
#3485=EDGE_CURVE('',#2853,#3010,#583,.T.);
#3486=EDGE_CURVE('',#2797,#3019,#584,.T.);
#3487=EDGE_CURVE('',#3011,#2851,#585,.T.);
#3488=EDGE_CURVE('',#2849,#2822,#586,.T.);
#3489=EDGE_CURVE('',#2823,#2847,#587,.T.);
#3490=EDGE_CURVE('',#2846,#2824,#588,.T.);
#3491=EDGE_CURVE('',#2844,#2825,#589,.T.);
#3492=EDGE_CURVE('',#2889,#2994,#590,.T.);
#3493=EDGE_CURVE('',#2995,#2890,#591,.T.);
#3494=EDGE_CURVE('',#2811,#2896,#592,.T.);
#3495=EDGE_CURVE('',#2996,#2887,#593,.T.);
#3496=EDGE_CURVE('',#2888,#2997,#594,.T.);
#3497=EDGE_CURVE('',#2727,#2832,#595,.T.);
#3498=EDGE_CURVE('',#3003,#2728,#596,.T.);
#3499=EDGE_CURVE('',#2831,#3002,#597,.T.);
#3500=EDGE_CURVE('',#3001,#3024,#598,.T.);
#3501=EDGE_CURVE('',#3025,#3024,#599,.T.);
#3502=EDGE_CURVE('',#2800,#3025,#600,.T.);
#3503=EDGE_CURVE('',#3013,#2834,#601,.T.);
#3504=EDGE_CURVE('',#2836,#3012,#602,.T.);
#3505=EDGE_CURVE('',#2821,#2837,#603,.T.);
#3506=EDGE_CURVE('',#2839,#2820,#604,.T.);
#3507=EDGE_CURVE('',#2819,#2841,#605,.T.);
#3508=EDGE_CURVE('',#2843,#2818,#606,.T.);
#3509=EDGE_CURVE('',#2810,#2881,#607,.T.);
#3510=EDGE_CURVE('',#2882,#2809,#608,.T.);
#3511=EDGE_CURVE('',#2808,#2883,#609,.T.);
#3512=EDGE_CURVE('',#2884,#2807,#610,.T.);
#3513=EDGE_CURVE('',#2806,#2885,#611,.T.);
#3514=EDGE_CURVE('',#2886,#2805,#612,.T.);
#3515=EDGE_CURVE('',#3026,#3027,#3709,.T.);
#3516=EDGE_CURVE('',#2999,#3026,#613,.T.);
#3517=EDGE_CURVE('',#3027,#2998,#614,.T.);
#3518=EDGE_CURVE('',#3000,#3028,#615,.T.);
#3519=EDGE_CURVE('',#3029,#2999,#616,.T.);
#3520=EDGE_CURVE('',#3028,#3029,#617,.T.);
#3521=EDGE_CURVE('',#3030,#3000,#618,.T.);
#3522=EDGE_CURVE('',#3024,#3030,#3710,.T.);
#3523=EDGE_CURVE('',#3027,#3024,#619,.T.);
#3524=EDGE_CURVE('',#3031,#2804,#620,.T.);
#3525=EDGE_CURVE('',#3025,#3031,#621,.T.);
#3526=EDGE_CURVE('',#3030,#3032,#622,.T.);
#3527=EDGE_CURVE('',#3033,#3032,#623,.T.);
#3528=EDGE_CURVE('',#3033,#3026,#624,.T.);
#3529=EDGE_CURVE('',#3029,#3033,#625,.T.);
#3530=EDGE_CURVE('',#3032,#3028,#626,.T.);
#3531=EDGE_CURVE('',#2801,#3031,#627,.T.);
#3532=EDGE_CURVE('',#2796,#3020,#628,.T.);
#3533=EDGE_CURVE('',#2814,#2893,#629,.T.);
#3534=EDGE_CURVE('',#2894,#2813,#630,.T.);
#3535=EDGE_CURVE('',#2892,#2815,#631,.T.);
#3536=EDGE_CURVE('',#2891,#2816,#632,.T.);
#3537=EDGE_CURVE('',#2812,#2895,#633,.T.);
#3538=EDGE_CURVE('',#3034,#3034,#3711,.T.);
#3539=EDGE_CURVE('',#3035,#3035,#3712,.T.);
#3540=EDGE_CURVE('',#3036,#3036,#3713,.T.);
#3541=EDGE_CURVE('',#3037,#3038,#634,.T.);
#3542=EDGE_CURVE('',#3039,#3037,#635,.T.);
#3543=EDGE_CURVE('',#3040,#3039,#636,.T.);
#3544=EDGE_CURVE('',#3041,#3040,#637,.T.);
#3545=EDGE_CURVE('',#3042,#3041,#638,.T.);
#3546=EDGE_CURVE('',#3038,#3042,#639,.T.);
#3547=EDGE_CURVE('',#3043,#3044,#640,.T.);
#3548=EDGE_CURVE('',#3044,#3038,#641,.T.);
#3549=EDGE_CURVE('',#3043,#3042,#642,.T.);
#3550=EDGE_CURVE('',#3045,#3043,#643,.T.);
#3551=EDGE_CURVE('',#3045,#3041,#644,.T.);
#3552=EDGE_CURVE('',#3046,#3045,#645,.T.);
#3553=EDGE_CURVE('',#3046,#3040,#646,.T.);
#3554=EDGE_CURVE('',#3047,#3046,#647,.T.);
#3555=EDGE_CURVE('',#3047,#3039,#648,.T.);
#3556=EDGE_CURVE('',#3048,#3047,#649,.T.);
#3557=EDGE_CURVE('',#3048,#3037,#650,.T.);
#3558=EDGE_CURVE('',#3044,#3048,#651,.T.);
#3559=EDGE_CURVE('',#3049,#3049,#3714,.T.);
#3560=EDGE_CURVE('',#3050,#3050,#3715,.T.);
#3561=EDGE_CURVE('',#3051,#3051,#3716,.T.);
#3562=EDGE_CURVE('',#3052,#3052,#3717,.T.);
#3563=EDGE_CURVE('',#3053,#3053,#3718,.T.);
#3564=EDGE_CURVE('',#3054,#3054,#3719,.T.);
#3565=CIRCLE('',#3721,1.35);
#3566=CIRCLE('',#3722,2.1);
#3567=CIRCLE('',#3724,3.);
#3568=CIRCLE('',#3725,3.);
#3569=CIRCLE('',#3726,3.);
#3570=CIRCLE('',#3728,2.);
#3571=CIRCLE('',#3737,1.35);
#3572=CIRCLE('',#3740,2.1);
#3573=CIRCLE('',#3742,1.1);
#3574=CIRCLE('',#3746,1.1);
#3575=CIRCLE('',#3747,1.25);
#3576=CIRCLE('',#3749,1.25);
#3577=CIRCLE('',#3751,0.2);
#3578=CIRCLE('',#3752,0.2);
#3579=CIRCLE('',#3754,0.2);
#3580=CIRCLE('',#3755,0.2);
#3581=CIRCLE('',#3761,0.5);
#3582=CIRCLE('',#3762,0.5);
#3583=CIRCLE('',#3765,1.1);
#3584=CIRCLE('',#3767,0.1);
#3585=CIRCLE('',#3768,0.1);
#3586=CIRCLE('',#3770,0.1);
#3587=CIRCLE('',#3771,0.1);
#3588=CIRCLE('',#3779,0.1);
#3589=CIRCLE('',#3780,0.4);
#3590=CIRCLE('',#3781,0.1);
#3591=CIRCLE('',#3782,0.1);
#3592=CIRCLE('',#3783,0.4);
#3593=CIRCLE('',#3784,0.1);
#3594=CIRCLE('',#3786,0.4);
#3595=CIRCLE('',#3787,0.1);
#3596=CIRCLE('',#3788,0.1);
#3597=CIRCLE('',#3789,0.4);
#3598=CIRCLE('',#3792,0.4);
#3599=CIRCLE('',#3793,0.4);
#3600=CIRCLE('',#3794,0.4);
#3601=CIRCLE('',#3796,0.4);
#3602=CIRCLE('',#3798,0.4);
#3603=CIRCLE('',#3799,0.4);
#3604=CIRCLE('',#3801,0.4);
#3605=CIRCLE('',#3803,0.4);
#3606=CIRCLE('',#3804,0.5);
#3607=CIRCLE('',#3805,0.1);
#3608=CIRCLE('',#3807,0.4);
#3609=CIRCLE('',#3809,0.4);
#3610=CIRCLE('',#3810,0.4);
#3611=CIRCLE('',#3812,0.4);
#3612=CIRCLE('',#3814,0.4);
#3613=CIRCLE('',#3815,0.4);
#3614=CIRCLE('',#3817,0.4);
#3615=CIRCLE('',#3819,0.4);
#3616=CIRCLE('',#3820,0.5);
#3617=CIRCLE('',#3821,0.1);
#3618=CIRCLE('',#3823,0.4);
#3619=CIRCLE('',#3825,0.4);
#3620=CIRCLE('',#3826,0.4);
#3621=CIRCLE('',#3828,0.4);
#3622=CIRCLE('',#3830,0.4);
#3623=CIRCLE('',#3831,0.4);
#3624=CIRCLE('',#3834,1.75);
#3625=CIRCLE('',#3839,0.8);
#3626=CIRCLE('',#3840,0.8);
#3627=CIRCLE('',#3845,0.8);
#3628=CIRCLE('',#3846,0.8);
#3629=CIRCLE('',#3852,0.1);
#3630=CIRCLE('',#3853,0.4);
#3631=CIRCLE('',#3854,0.1);
#3632=CIRCLE('',#3855,0.1);
#3633=CIRCLE('',#3856,0.1);
#3634=CIRCLE('',#3857,0.1);
#3635=CIRCLE('',#3858,0.4);
#3636=CIRCLE('',#3859,0.1);
#3637=CIRCLE('',#3861,0.5);
#3638=CIRCLE('',#3862,0.5);
#3639=CIRCLE('',#3864,0.5);
#3640=CIRCLE('',#3865,0.5);
#3641=CIRCLE('',#3867,0.5);
#3642=CIRCLE('',#3868,0.5);
#3643=CIRCLE('',#3870,0.5);
#3644=CIRCLE('',#3871,0.5);
#3645=CIRCLE('',#3878,0.5);
#3646=CIRCLE('',#3879,0.5);
#3647=CIRCLE('',#3881,0.5);
#3648=CIRCLE('',#3882,0.5);
#3649=CIRCLE('',#3884,0.5);
#3650=CIRCLE('',#3885,0.5);
#3651=CIRCLE('',#3887,0.5);
#3652=CIRCLE('',#3888,0.5);
#3653=CIRCLE('',#3896,0.741421356237307);
#3654=CIRCLE('',#3897,0.741421356237308);
#3655=CIRCLE('',#3898,0.741421356237308);
#3656=CIRCLE('',#3899,0.741421356237308);
#3657=CIRCLE('',#3900,1.03229670385731);
#3658=CIRCLE('',#3901,1.03229670385731);
#3659=CIRCLE('',#3902,1.03229670385731);
#3660=CIRCLE('',#3903,1.03229670385731);
#3661=CIRCLE('',#3907,0.1);
#3662=CIRCLE('',#3908,0.1);
#3663=CIRCLE('',#3909,0.1);
#3664=CIRCLE('',#3910,0.1);
#3665=CIRCLE('',#3912,1.3);
#3666=CIRCLE('',#3913,1.3);
#3667=CIRCLE('',#3915,1.3);
#3668=CIRCLE('',#3916,1.3);
#3669=CIRCLE('',#3918,1.3);
#3670=CIRCLE('',#3919,1.3);
#3671=CIRCLE('',#3921,1.3);
#3672=CIRCLE('',#3922,1.3);
#3673=CIRCLE('',#3924,1.12514437294582);
#3674=CIRCLE('',#3928,1.12514437294584);
#3675=CIRCLE('',#3930,1.12514437294584);
#3676=CIRCLE('',#3934,1.12514437294582);
#3677=CIRCLE('',#3936,0.670710678118653);
#3678=CIRCLE('',#3940,0.670710678118649);
#3679=CIRCLE('',#3942,0.670710678118649);
#3680=CIRCLE('',#3946,0.670710678118653);
#3681=CIRCLE('',#3948,0.1);
#3682=CIRCLE('',#3949,0.1);
#3683=CIRCLE('',#3951,0.1);
#3684=CIRCLE('',#3953,0.1);
#3685=CIRCLE('',#3955,0.1);
#3686=CIRCLE('',#3957,0.1);
#3687=CIRCLE('',#3959,0.1);
#3688=CIRCLE('',#3961,0.1);
#3689=CIRCLE('',#3964,0.1);
#3690=CIRCLE('',#3965,0.1);
#3691=CIRCLE('',#3967,0.1);
#3692=CIRCLE('',#3969,0.1);
#3693=CIRCLE('',#3971,0.1);
#3694=CIRCLE('',#3973,0.1);
#3695=CIRCLE('',#3975,0.1);
#3696=CIRCLE('',#3977,0.1);
#3697=CIRCLE('',#3986,0.1);
#3698=CIRCLE('',#3987,0.1);
#3699=CIRCLE('',#3988,0.1);
#3700=CIRCLE('',#3989,0.4);
#3701=CIRCLE('',#3990,0.4);
#3702=CIRCLE('',#3991,0.4);
#3703=CIRCLE('',#3992,0.4);
#3704=CIRCLE('',#3993,0.1);
#3705=CIRCLE('',#3994,0.4);
#3706=CIRCLE('',#3995,0.4);
#3707=CIRCLE('',#3997,0.1);
#3708=CIRCLE('',#4004,0.4);
#3709=CIRCLE('',#4029,0.1);
#3710=CIRCLE('',#4032,0.4);
#3711=CIRCLE('',#4052,1.75);
#3712=CIRCLE('',#4056,0.9);
#3713=CIRCLE('',#4057,1.1);
#3714=CIRCLE('',#4068,1.1);
#3715=CIRCLE('',#4070,0.9);
#3716=CIRCLE('',#4073,2.1);
#3717=CIRCLE('',#4074,2.5);
#3718=CIRCLE('',#4076,2.1);
#3719=CIRCLE('',#4078,2.5);
#3720=AXIS2_PLACEMENT_3D('',#5155,#4081,#4082);
#3721=AXIS2_PLACEMENT_3D('',#5156,#4083,#4084);
#3722=AXIS2_PLACEMENT_3D('',#5158,#4085,#4086);
#3723=AXIS2_PLACEMENT_3D('',#5160,#4087,#4088);
#3724=AXIS2_PLACEMENT_3D('',#5170,#4089,#4090);
#3725=AXIS2_PLACEMENT_3D('',#5180,#4091,#4092);
#3726=AXIS2_PLACEMENT_3D('',#5181,#4093,#4094);
#3727=AXIS2_PLACEMENT_3D('',#5183,#4095,#4096);
#3728=AXIS2_PLACEMENT_3D('',#5184,#4097,#4098);
#3729=AXIS2_PLACEMENT_3D('',#5186,#4099,#4100);
#3730=AXIS2_PLACEMENT_3D('',#5199,#4107,#4108);
#3731=AXIS2_PLACEMENT_3D('',#5205,#4112,#4113);
#3732=AXIS2_PLACEMENT_3D('',#5209,#4116,#4117);
#3733=AXIS2_PLACEMENT_3D('',#5213,#4120,#4121);
#3734=AXIS2_PLACEMENT_3D('',#5217,#4124,#4125);
#3735=AXIS2_PLACEMENT_3D('',#5221,#4128,#4129);
#3736=AXIS2_PLACEMENT_3D('',#5223,#4131,#4132);
#3737=AXIS2_PLACEMENT_3D('',#5224,#4133,#4134);
#3738=AXIS2_PLACEMENT_3D('',#5226,#4135,#4136);
#3739=AXIS2_PLACEMENT_3D('',#5227,#4137,#4138);
#3740=AXIS2_PLACEMENT_3D('',#5228,#4139,#4140);
#3741=AXIS2_PLACEMENT_3D('',#5230,#4141,#4142);
#3742=AXIS2_PLACEMENT_3D('',#5231,#4143,#4144);
#3743=AXIS2_PLACEMENT_3D('',#5233,#4145,#4146);
#3744=AXIS2_PLACEMENT_3D('',#5242,#4151,#4152);
#3745=AXIS2_PLACEMENT_3D('',#5251,#4157,#4158);
#3746=AXIS2_PLACEMENT_3D('',#5252,#4159,#4160);
#3747=AXIS2_PLACEMENT_3D('',#5254,#4161,#4162);
#3748=AXIS2_PLACEMENT_3D('',#5256,#4163,#4164);
#3749=AXIS2_PLACEMENT_3D('',#5257,#4165,#4166);
#3750=AXIS2_PLACEMENT_3D('',#5330,#4167,#4168);
#3751=AXIS2_PLACEMENT_3D('',#5331,#4169,#4170);
#3752=AXIS2_PLACEMENT_3D('',#5336,#4172,#4173);
#3753=AXIS2_PLACEMENT_3D('',#5339,#4175,#4176);
#3754=AXIS2_PLACEMENT_3D('',#5340,#4177,#4178);
#3755=AXIS2_PLACEMENT_3D('',#5345,#4180,#4181);
#3756=AXIS2_PLACEMENT_3D('',#5348,#4183,#4184);
#3757=AXIS2_PLACEMENT_3D('',#5357,#4189,#4190);
#3758=AXIS2_PLACEMENT_3D('',#5366,#4195,#4196);
#3759=AXIS2_PLACEMENT_3D('',#5372,#4200,#4201);
#3760=AXIS2_PLACEMENT_3D('',#5378,#4205,#4206);
#3761=AXIS2_PLACEMENT_3D('',#5379,#4207,#4208);
#3762=AXIS2_PLACEMENT_3D('',#5381,#4209,#4210);
#3763=AXIS2_PLACEMENT_3D('',#5383,#4211,#4212);
#3764=AXIS2_PLACEMENT_3D('',#5384,#4213,#4214);
#3765=AXIS2_PLACEMENT_3D('',#5385,#4215,#4216);
#3766=AXIS2_PLACEMENT_3D('',#5387,#4217,#4218);
#3767=AXIS2_PLACEMENT_3D('',#5388,#4219,#4220);
#3768=AXIS2_PLACEMENT_3D('',#5393,#4222,#4223);
#3769=AXIS2_PLACEMENT_3D('',#5396,#4225,#4226);
#3770=AXIS2_PLACEMENT_3D('',#5397,#4227,#4228);
#3771=AXIS2_PLACEMENT_3D('',#5402,#4230,#4231);
#3772=AXIS2_PLACEMENT_3D('',#5405,#4233,#4234);
#3773=AXIS2_PLACEMENT_3D('',#5408,#4237,#4238);
#3774=AXIS2_PLACEMENT_3D('',#5411,#4241,#4242);
#3775=AXIS2_PLACEMENT_3D('',#5420,#4247,#4248);
#3776=AXIS2_PLACEMENT_3D('',#5423,#4251,#4252);
#3777=AXIS2_PLACEMENT_3D('',#5433,#4258,#4259);
#3778=AXIS2_PLACEMENT_3D('',#5443,#4265,#4266);
#3779=AXIS2_PLACEMENT_3D('',#5452,#4272,#4273);
#3780=AXIS2_PLACEMENT_3D('',#5456,#4275,#4276);
#3781=AXIS2_PLACEMENT_3D('',#5460,#4278,#4279);
#3782=AXIS2_PLACEMENT_3D('',#5465,#4282,#4283);
#3783=AXIS2_PLACEMENT_3D('',#5469,#4285,#4286);
#3784=AXIS2_PLACEMENT_3D('',#5473,#4288,#4289);
#3785=AXIS2_PLACEMENT_3D('',#5477,#4292,#4293);
#3786=AXIS2_PLACEMENT_3D('',#5482,#4296,#4297);
#3787=AXIS2_PLACEMENT_3D('',#5486,#4299,#4300);
#3788=AXIS2_PLACEMENT_3D('',#5491,#4303,#4304);
#3789=AXIS2_PLACEMENT_3D('',#5495,#4306,#4307);
#3790=AXIS2_PLACEMENT_3D('',#5500,#4310,#4311);
#3791=AXIS2_PLACEMENT_3D('',#5509,#4316,#4317);
#3792=AXIS2_PLACEMENT_3D('',#5510,#4318,#4319);
#3793=AXIS2_PLACEMENT_3D('',#5513,#4320,#4321);
#3794=AXIS2_PLACEMENT_3D('',#5515,#4322,#4323);
#3795=AXIS2_PLACEMENT_3D('',#5516,#4324,#4325);
#3796=AXIS2_PLACEMENT_3D('',#5519,#4327,#4328);
#3797=AXIS2_PLACEMENT_3D('',#5522,#4330,#4331);
#3798=AXIS2_PLACEMENT_3D('',#5523,#4332,#4333);
#3799=AXIS2_PLACEMENT_3D('',#5525,#4334,#4335);
#3800=AXIS2_PLACEMENT_3D('',#5526,#4336,#4337);
#3801=AXIS2_PLACEMENT_3D('',#5529,#4339,#4340);
#3802=AXIS2_PLACEMENT_3D('',#5532,#4342,#4343);
#3803=AXIS2_PLACEMENT_3D('',#5533,#4344,#4345);
#3804=AXIS2_PLACEMENT_3D('',#5536,#4346,#4347);
#3805=AXIS2_PLACEMENT_3D('',#5537,#4348,#4349);
#3806=AXIS2_PLACEMENT_3D('',#5538,#4350,#4351);
#3807=AXIS2_PLACEMENT_3D('',#5539,#4352,#4353);
#3808=AXIS2_PLACEMENT_3D('',#5544,#4356,#4357);
#3809=AXIS2_PLACEMENT_3D('',#5545,#4358,#4359);
#3810=AXIS2_PLACEMENT_3D('',#5547,#4360,#4361);
#3811=AXIS2_PLACEMENT_3D('',#5548,#4362,#4363);
#3812=AXIS2_PLACEMENT_3D('',#5551,#4365,#4366);
#3813=AXIS2_PLACEMENT_3D('',#5554,#4368,#4369);
#3814=AXIS2_PLACEMENT_3D('',#5555,#4370,#4371);
#3815=AXIS2_PLACEMENT_3D('',#5557,#4372,#4373);
#3816=AXIS2_PLACEMENT_3D('',#5558,#4374,#4375);
#3817=AXIS2_PLACEMENT_3D('',#5561,#4377,#4378);
#3818=AXIS2_PLACEMENT_3D('',#5564,#4380,#4381);
#3819=AXIS2_PLACEMENT_3D('',#5565,#4382,#4383);
#3820=AXIS2_PLACEMENT_3D('',#5568,#4384,#4385);
#3821=AXIS2_PLACEMENT_3D('',#5569,#4386,#4387);
#3822=AXIS2_PLACEMENT_3D('',#5570,#4388,#4389);
#3823=AXIS2_PLACEMENT_3D('',#5571,#4390,#4391);
#3824=AXIS2_PLACEMENT_3D('',#5576,#4394,#4395);
#3825=AXIS2_PLACEMENT_3D('',#5577,#4396,#4397);
#3826=AXIS2_PLACEMENT_3D('',#5579,#4398,#4399);
#3827=AXIS2_PLACEMENT_3D('',#5580,#4400,#4401);
#3828=AXIS2_PLACEMENT_3D('',#5583,#4403,#4404);
#3829=AXIS2_PLACEMENT_3D('',#5586,#4406,#4407);
#3830=AXIS2_PLACEMENT_3D('',#5587,#4408,#4409);
#3831=AXIS2_PLACEMENT_3D('',#5589,#4410,#4411);
#3832=AXIS2_PLACEMENT_3D('',#5590,#4412,#4413);
#3833=AXIS2_PLACEMENT_3D('',#5593,#4416,#4417);
#3834=AXIS2_PLACEMENT_3D('',#5594,#4418,#4419);
#3835=AXIS2_PLACEMENT_3D('',#5596,#4420,#4421);
#3836=AXIS2_PLACEMENT_3D('',#5605,#4426,#4427);
#3837=AXIS2_PLACEMENT_3D('',#5608,#4430,#4431);
#3838=AXIS2_PLACEMENT_3D('',#5617,#4436,#4437);
#3839=AXIS2_PLACEMENT_3D('',#5618,#4438,#4439);
#3840=AXIS2_PLACEMENT_3D('',#5622,#4441,#4442);
#3841=AXIS2_PLACEMENT_3D('',#5623,#4443,#4444);
#3842=AXIS2_PLACEMENT_3D('',#5629,#4448,#4449);
#3843=AXIS2_PLACEMENT_3D('',#5635,#4453,#4454);
#3844=AXIS2_PLACEMENT_3D('',#5641,#4458,#4459);
#3845=AXIS2_PLACEMENT_3D('',#5642,#4460,#4461);
#3846=AXIS2_PLACEMENT_3D('',#5646,#4463,#4464);
#3847=AXIS2_PLACEMENT_3D('',#5647,#4465,#4466);
#3848=AXIS2_PLACEMENT_3D('',#5653,#4470,#4471);
#3849=AXIS2_PLACEMENT_3D('',#5656,#4474,#4475);
#3850=AXIS2_PLACEMENT_3D('',#5658,#4477,#4478);
#3851=AXIS2_PLACEMENT_3D('',#5660,#4480,#4481);
#3852=AXIS2_PLACEMENT_3D('',#5668,#4485,#4486);
#3853=AXIS2_PLACEMENT_3D('',#5672,#4488,#4489);
#3854=AXIS2_PLACEMENT_3D('',#5676,#4491,#4492);
#3855=AXIS2_PLACEMENT_3D('',#5680,#4494,#4495);
#3856=AXIS2_PLACEMENT_3D('',#5684,#4497,#4498);
#3857=AXIS2_PLACEMENT_3D('',#5688,#4500,#4501);
#3858=AXIS2_PLACEMENT_3D('',#5692,#4503,#4504);
#3859=AXIS2_PLACEMENT_3D('',#5696,#4506,#4507);
#3860=AXIS2_PLACEMENT_3D('',#5701,#4510,#4511);
#3861=AXIS2_PLACEMENT_3D('',#5705,#4513,#4514);
#3862=AXIS2_PLACEMENT_3D('',#5709,#4516,#4517);
#3863=AXIS2_PLACEMENT_3D('',#5710,#4518,#4519);
#3864=AXIS2_PLACEMENT_3D('',#5714,#4521,#4522);
#3865=AXIS2_PLACEMENT_3D('',#5718,#4524,#4525);
#3866=AXIS2_PLACEMENT_3D('',#5719,#4526,#4527);
#3867=AXIS2_PLACEMENT_3D('',#5723,#4529,#4530);
#3868=AXIS2_PLACEMENT_3D('',#5727,#4532,#4533);
#3869=AXIS2_PLACEMENT_3D('',#5728,#4534,#4535);
#3870=AXIS2_PLACEMENT_3D('',#5732,#4537,#4538);
#3871=AXIS2_PLACEMENT_3D('',#5736,#4540,#4541);
#3872=AXIS2_PLACEMENT_3D('',#5737,#4542,#4543);
#3873=AXIS2_PLACEMENT_3D('',#5740,#4546,#4547);
#3874=AXIS2_PLACEMENT_3D('',#5751,#4554,#4555);
#3875=AXIS2_PLACEMENT_3D('',#5760,#4560,#4561);
#3876=AXIS2_PLACEMENT_3D('',#5771,#4568,#4569);
#3877=AXIS2_PLACEMENT_3D('',#5780,#4574,#4575);
#3878=AXIS2_PLACEMENT_3D('',#5781,#4576,#4577);
#3879=AXIS2_PLACEMENT_3D('',#5782,#4578,#4579);
#3880=AXIS2_PLACEMENT_3D('',#5783,#4580,#4581);
#3881=AXIS2_PLACEMENT_3D('',#5784,#4582,#4583);
#3882=AXIS2_PLACEMENT_3D('',#5785,#4584,#4585);
#3883=AXIS2_PLACEMENT_3D('',#5786,#4586,#4587);
#3884=AXIS2_PLACEMENT_3D('',#5787,#4588,#4589);
#3885=AXIS2_PLACEMENT_3D('',#5788,#4590,#4591);
#3886=AXIS2_PLACEMENT_3D('',#5789,#4592,#4593);
#3887=AXIS2_PLACEMENT_3D('',#5790,#4594,#4595);
#3888=AXIS2_PLACEMENT_3D('',#5791,#4596,#4597);
#3889=AXIS2_PLACEMENT_3D('',#5792,#4598,#4599);
#3890=AXIS2_PLACEMENT_3D('',#5793,#4600,#4601);
#3891=AXIS2_PLACEMENT_3D('',#5795,#4603,#4604);
#3892=AXIS2_PLACEMENT_3D('',#5796,#4605,#4606);
#3893=AXIS2_PLACEMENT_3D('',#5798,#4608,#4609);
#3894=AXIS2_PLACEMENT_3D('',#5807,#4614,#4615);
#3895=AXIS2_PLACEMENT_3D('',#5816,#4620,#4621);
#3896=AXIS2_PLACEMENT_3D('',#5817,#4622,#4623);
#3897=AXIS2_PLACEMENT_3D('',#5822,#4625,#4626);
#3898=AXIS2_PLACEMENT_3D('',#5826,#4628,#4629);
#3899=AXIS2_PLACEMENT_3D('',#5830,#4631,#4632);
#3900=AXIS2_PLACEMENT_3D('',#5833,#4634,#4635);
#3901=AXIS2_PLACEMENT_3D('',#5838,#4637,#4638);
#3902=AXIS2_PLACEMENT_3D('',#5842,#4640,#4641);
#3903=AXIS2_PLACEMENT_3D('',#5846,#4643,#4644);
#3904=AXIS2_PLACEMENT_3D('',#5849,#4646,#4647);
#3905=AXIS2_PLACEMENT_3D('',#5858,#4652,#4653);
#3906=AXIS2_PLACEMENT_3D('',#5867,#4658,#4659);
#3907=AXIS2_PLACEMENT_3D('',#5871,#4661,#4662);
#3908=AXIS2_PLACEMENT_3D('',#5875,#4664,#4665);
#3909=AXIS2_PLACEMENT_3D('',#5879,#4667,#4668);
#3910=AXIS2_PLACEMENT_3D('',#5883,#4670,#4671);
#3911=AXIS2_PLACEMENT_3D('',#5884,#4672,#4673);
#3912=AXIS2_PLACEMENT_3D('',#5885,#4674,#4675);
#3913=AXIS2_PLACEMENT_3D('',#5886,#4676,#4677);
#3914=AXIS2_PLACEMENT_3D('',#5887,#4678,#4679);
#3915=AXIS2_PLACEMENT_3D('',#5888,#4680,#4681);
#3916=AXIS2_PLACEMENT_3D('',#5889,#4682,#4683);
#3917=AXIS2_PLACEMENT_3D('',#5890,#4684,#4685);
#3918=AXIS2_PLACEMENT_3D('',#5891,#4686,#4687);
#3919=AXIS2_PLACEMENT_3D('',#5892,#4688,#4689);
#3920=AXIS2_PLACEMENT_3D('',#5893,#4690,#4691);
#3921=AXIS2_PLACEMENT_3D('',#5894,#4692,#4693);
#3922=AXIS2_PLACEMENT_3D('',#5895,#4694,#4695);
#3923=AXIS2_PLACEMENT_3D('',#5896,#4696,#4697);
#3924=AXIS2_PLACEMENT_3D('',#5899,#4699,#4700);
#3925=AXIS2_PLACEMENT_3D('',#5902,#4702,#4703);
#3926=AXIS2_PLACEMENT_3D('',#5906,#4706,#4707);
#3927=AXIS2_PLACEMENT_3D('',#5910,#4710,#4711);
#3928=AXIS2_PLACEMENT_3D('',#5913,#4713,#4714);
#3929=AXIS2_PLACEMENT_3D('',#5914,#4715,#4716);
#3930=AXIS2_PLACEMENT_3D('',#5915,#4717,#4718);
#3931=AXIS2_PLACEMENT_3D('',#5918,#4720,#4721);
#3932=AXIS2_PLACEMENT_3D('',#5922,#4724,#4725);
#3933=AXIS2_PLACEMENT_3D('',#5926,#4728,#4729);
#3934=AXIS2_PLACEMENT_3D('',#5927,#4730,#4731);
#3935=AXIS2_PLACEMENT_3D('',#5928,#4732,#4733);
#3936=AXIS2_PLACEMENT_3D('',#5931,#4735,#4736);
#3937=AXIS2_PLACEMENT_3D('',#5934,#4738,#4739);
#3938=AXIS2_PLACEMENT_3D('',#5938,#4742,#4743);
#3939=AXIS2_PLACEMENT_3D('',#5942,#4746,#4747);
#3940=AXIS2_PLACEMENT_3D('',#5945,#4749,#4750);
#3941=AXIS2_PLACEMENT_3D('',#5946,#4751,#4752);
#3942=AXIS2_PLACEMENT_3D('',#5947,#4753,#4754);
#3943=AXIS2_PLACEMENT_3D('',#5950,#4756,#4757);
#3944=AXIS2_PLACEMENT_3D('',#5954,#4760,#4761);
#3945=AXIS2_PLACEMENT_3D('',#5958,#4764,#4765);
#3946=AXIS2_PLACEMENT_3D('',#5959,#4766,#4767);
#3947=AXIS2_PLACEMENT_3D('',#5960,#4768,#4769);
#3948=AXIS2_PLACEMENT_3D('',#5961,#4770,#4771);
#3949=AXIS2_PLACEMENT_3D('',#5962,#4772,#4773);
#3950=AXIS2_PLACEMENT_3D('',#5963,#4774,#4775);
#3951=AXIS2_PLACEMENT_3D('',#5964,#4776,#4777);
#3952=AXIS2_PLACEMENT_3D('',#5965,#4778,#4779);
#3953=AXIS2_PLACEMENT_3D('',#5966,#4780,#4781);
#3954=AXIS2_PLACEMENT_3D('',#5967,#4782,#4783);
#3955=AXIS2_PLACEMENT_3D('',#5968,#4784,#4785);
#3956=AXIS2_PLACEMENT_3D('',#5969,#4786,#4787);
#3957=AXIS2_PLACEMENT_3D('',#5970,#4788,#4789);
#3958=AXIS2_PLACEMENT_3D('',#5971,#4790,#4791);
#3959=AXIS2_PLACEMENT_3D('',#5972,#4792,#4793);
#3960=AXIS2_PLACEMENT_3D('',#5973,#4794,#4795);
#3961=AXIS2_PLACEMENT_3D('',#5974,#4796,#4797);
#3962=AXIS2_PLACEMENT_3D('',#5975,#4798,#4799);
#3963=AXIS2_PLACEMENT_3D('',#5976,#4800,#4801);
#3964=AXIS2_PLACEMENT_3D('',#5977,#4802,#4803);
#3965=AXIS2_PLACEMENT_3D('',#5978,#4804,#4805);
#3966=AXIS2_PLACEMENT_3D('',#5979,#4806,#4807);
#3967=AXIS2_PLACEMENT_3D('',#5980,#4808,#4809);
#3968=AXIS2_PLACEMENT_3D('',#5981,#4810,#4811);
#3969=AXIS2_PLACEMENT_3D('',#5982,#4812,#4813);
#3970=AXIS2_PLACEMENT_3D('',#5983,#4814,#4815);
#3971=AXIS2_PLACEMENT_3D('',#5984,#4816,#4817);
#3972=AXIS2_PLACEMENT_3D('',#5985,#4818,#4819);
#3973=AXIS2_PLACEMENT_3D('',#5986,#4820,#4821);
#3974=AXIS2_PLACEMENT_3D('',#5987,#4822,#4823);
#3975=AXIS2_PLACEMENT_3D('',#5988,#4824,#4825);
#3976=AXIS2_PLACEMENT_3D('',#5989,#4826,#4827);
#3977=AXIS2_PLACEMENT_3D('',#5990,#4828,#4829);
#3978=AXIS2_PLACEMENT_3D('',#5991,#4830,#4831);
#3979=AXIS2_PLACEMENT_3D('',#5992,#4832,#4833);
#3980=AXIS2_PLACEMENT_3D('',#5995,#4836,#4837);
#3981=AXIS2_PLACEMENT_3D('',#5998,#4840,#4841);
#3982=AXIS2_PLACEMENT_3D('',#6007,#4846,#4847);
#3983=AXIS2_PLACEMENT_3D('',#6013,#4851,#4852);
#3984=AXIS2_PLACEMENT_3D('',#6019,#4856,#4857);
#3985=AXIS2_PLACEMENT_3D('',#6022,#4860,#4861);
#3986=AXIS2_PLACEMENT_3D('',#6027,#4864,#4865);
#3987=AXIS2_PLACEMENT_3D('',#6032,#4868,#4869);
#3988=AXIS2_PLACEMENT_3D('',#6035,#4871,#4872);
#3989=AXIS2_PLACEMENT_3D('',#6039,#4874,#4875);
#3990=AXIS2_PLACEMENT_3D('',#6043,#4877,#4878);
#3991=AXIS2_PLACEMENT_3D('',#6047,#4880,#4881);
#3992=AXIS2_PLACEMENT_3D('',#6051,#4883,#4884);
#3993=AXIS2_PLACEMENT_3D('',#6055,#4886,#4887);
#3994=AXIS2_PLACEMENT_3D('',#6060,#4890,#4891);
#3995=AXIS2_PLACEMENT_3D('',#6065,#4894,#4895);
#3996=AXIS2_PLACEMENT_3D('',#6068,#4897,#4898);
#3997=AXIS2_PLACEMENT_3D('',#6069,#4899,#4900);
#3998=AXIS2_PLACEMENT_3D('',#6074,#4903,#4904);
#3999=AXIS2_PLACEMENT_3D('',#6080,#4908,#4909);
#4000=AXIS2_PLACEMENT_3D('',#6088,#4914,#4915);
#4001=AXIS2_PLACEMENT_3D('',#6092,#4918,#4919);
#4002=AXIS2_PLACEMENT_3D('',#6096,#4922,#4923);
#4003=AXIS2_PLACEMENT_3D('',#6100,#4926,#4927);
#4004=AXIS2_PLACEMENT_3D('',#6102,#4929,#4930);
#4005=AXIS2_PLACEMENT_3D('',#6103,#4931,#4932);
#4006=AXIS2_PLACEMENT_3D('',#6104,#4933,#4934);
#4007=AXIS2_PLACEMENT_3D('',#6108,#4938,#4939);
#4008=AXIS2_PLACEMENT_3D('',#6111,#4942,#4943);
#4009=AXIS2_PLACEMENT_3D('',#6113,#4945,#4946);
#4010=AXIS2_PLACEMENT_3D('',#6115,#4948,#4949);
#4011=AXIS2_PLACEMENT_3D('',#6117,#4951,#4952);
#4012=AXIS2_PLACEMENT_3D('',#6119,#4954,#4955);
#4013=AXIS2_PLACEMENT_3D('',#6121,#4957,#4958);
#4014=AXIS2_PLACEMENT_3D('',#6124,#4961,#4962);
#4015=AXIS2_PLACEMENT_3D('',#6126,#4964,#4965);
#4016=AXIS2_PLACEMENT_3D('',#6129,#4968,#4969);
#4017=AXIS2_PLACEMENT_3D('',#6133,#4973,#4974);
#4018=AXIS2_PLACEMENT_3D('',#6140,#4979,#4980);
#4019=AXIS2_PLACEMENT_3D('',#6142,#4982,#4983);
#4020=AXIS2_PLACEMENT_3D('',#6144,#4985,#4986);
#4021=AXIS2_PLACEMENT_3D('',#6146,#4988,#4989);
#4022=AXIS2_PLACEMENT_3D('',#6148,#4991,#4992);
#4023=AXIS2_PLACEMENT_3D('',#6150,#4994,#4995);
#4024=AXIS2_PLACEMENT_3D('',#6153,#4998,#4999);
#4025=AXIS2_PLACEMENT_3D('',#6155,#5001,#5002);
#4026=AXIS2_PLACEMENT_3D('',#6157,#5004,#5005);
#4027=AXIS2_PLACEMENT_3D('',#6159,#5007,#5008);
#4028=AXIS2_PLACEMENT_3D('',#6161,#5010,#5011);
#4029=AXIS2_PLACEMENT_3D('',#6162,#5012,#5013);
#4030=AXIS2_PLACEMENT_3D('',#6167,#5016,#5017);
#4031=AXIS2_PLACEMENT_3D('',#6173,#5021,#5022);
#4032=AXIS2_PLACEMENT_3D('',#6176,#5024,#5025);
#4033=AXIS2_PLACEMENT_3D('',#6177,#5026,#5027);
#4034=AXIS2_PLACEMENT_3D('',#6182,#5031,#5032);
#4035=AXIS2_PLACEMENT_3D('',#6188,#5036,#5037);
#4036=AXIS2_PLACEMENT_3D('',#6190,#5039,#5040);
#4037=AXIS2_PLACEMENT_3D('',#6192,#5042,#5043);
#4038=AXIS2_PLACEMENT_3D('',#6193,#5044,#5045);
#4039=AXIS2_PLACEMENT_3D('',#6194,#5046,#5047);
#4040=AXIS2_PLACEMENT_3D('',#6195,#5048,#5049);
#4041=AXIS2_PLACEMENT_3D('',#6197,#5051,#5052);
#4042=AXIS2_PLACEMENT_3D('',#6198,#5053,#5054);
#4043=AXIS2_PLACEMENT_3D('',#6200,#5056,#5057);
#4044=AXIS2_PLACEMENT_3D('',#6203,#5060,#5061);
#4045=AXIS2_PLACEMENT_3D('',#6206,#5064,#5065);
#4046=AXIS2_PLACEMENT_3D('',#6207,#5066,#5067);
#4047=AXIS2_PLACEMENT_3D('',#6209,#5069,#5070);
#4048=AXIS2_PLACEMENT_3D('',#6210,#5071,#5072);
#4049=AXIS2_PLACEMENT_3D('',#6211,#5073,#5074);
#4050=AXIS2_PLACEMENT_3D('',#6212,#5075,#5076);
#4051=AXIS2_PLACEMENT_3D('',#6213,#5077,#5078);
#4052=AXIS2_PLACEMENT_3D('',#6214,#5079,#5080);
#4053=AXIS2_PLACEMENT_3D('',#6216,#5081,#5082);
#4054=AXIS2_PLACEMENT_3D('',#6217,#5083,#5084);
#4055=AXIS2_PLACEMENT_3D('',#6218,#5085,#5086);
#4056=AXIS2_PLACEMENT_3D('',#6219,#5087,#5088);
#4057=AXIS2_PLACEMENT_3D('',#6221,#5089,#5090);
#4058=AXIS2_PLACEMENT_3D('',#6223,#5091,#5092);
#4059=AXIS2_PLACEMENT_3D('',#6236,#5099,#5100);
#4060=AXIS2_PLACEMENT_3D('',#6242,#5104,#5105);
#4061=AXIS2_PLACEMENT_3D('',#6246,#5108,#5109);
#4062=AXIS2_PLACEMENT_3D('',#6250,#5112,#5113);
#4063=AXIS2_PLACEMENT_3D('',#6254,#5116,#5117);
#4064=AXIS2_PLACEMENT_3D('',#6258,#5120,#5121);
#4065=AXIS2_PLACEMENT_3D('',#6260,#5123,#5124);
#4066=AXIS2_PLACEMENT_3D('',#6261,#5125,#5126);
#4067=AXIS2_PLACEMENT_3D('',#6262,#5127,#5128);
#4068=AXIS2_PLACEMENT_3D('',#6263,#5129,#5130);
#4069=AXIS2_PLACEMENT_3D('',#6265,#5131,#5132);
#4070=AXIS2_PLACEMENT_3D('',#6266,#5133,#5134);
#4071=AXIS2_PLACEMENT_3D('',#6268,#5135,#5136);
#4072=AXIS2_PLACEMENT_3D('',#6269,#5137,#5138);
#4073=AXIS2_PLACEMENT_3D('',#6270,#5139,#5140);
#4074=AXIS2_PLACEMENT_3D('',#6272,#5141,#5142);
#4075=AXIS2_PLACEMENT_3D('',#6274,#5143,#5144);
#4076=AXIS2_PLACEMENT_3D('',#6275,#5145,#5146);
#4077=AXIS2_PLACEMENT_3D('',#6277,#5147,#5148);
#4078=AXIS2_PLACEMENT_3D('',#6278,#5149,#5150);
#4079=AXIS2_PLACEMENT_3D('',#6280,#5151,#5152);
#4080=AXIS2_PLACEMENT_3D('',#6281,#5153,#5154);
#4081=DIRECTION('',(0.,0.,1.));
#4082=DIRECTION('',(1.,0.,0.));
#4083=DIRECTION('',(-1.,0.,0.));
#4084=DIRECTION('',(0.,-1.,0.));
#4085=DIRECTION('',(-1.,0.,0.));
#4086=DIRECTION('',(0.,-1.,0.));
#4087=DIRECTION('',(-1.,0.,0.));
#4088=DIRECTION('',(0.,-1.,0.));
#4089=DIRECTION('',(1.,0.,0.));
#4090=DIRECTION('',(0.,0.,1.));
#4091=DIRECTION('',(1.,0.,0.));
#4092=DIRECTION('',(0.,0.,1.));
#4093=DIRECTION('',(-1.,-2.22044604925031E-16,0.));
#4094=DIRECTION('',(0.,1.,0.));
#4095=DIRECTION('',(1.,2.22044604925031E-16,0.));
#4096=DIRECTION('',(0.,0.,1.));
#4097=DIRECTION('',(1.,2.22044604925031E-16,0.));
#4098=DIRECTION('',(0.,1.,0.));
#4099=DIRECTION('',(1.,2.22044604925031E-16,0.));
#4100=DIRECTION('',(0.,1.,0.));
#4101=DIRECTION('',(-2.22387234366467E-31,1.00154306582478E-15,1.));
#4102=DIRECTION('',(-1.92296268638356E-16,0.866025403784437,0.500000000000002));
#4103=DIRECTION('',(-1.92296268638356E-16,0.866025403784438,-0.500000000000001));
#4104=DIRECTION('',(8.548009320961E-31,-3.84968115926395E-15,-1.));
#4105=DIRECTION('',(1.92296268638357E-16,-0.866025403784441,-0.499999999999996));
#4106=DIRECTION('',(1.92296268638356E-16,-0.866025403784437,0.500000000000003));
#4107=DIRECTION('',(1.,2.22044604925031E-16,0.));
#4108=DIRECTION('',(-2.22044604925031E-16,1.,0.));
#4109=DIRECTION('',(-1.,0.,0.));
#4110=DIRECTION('',(1.92296268638356E-16,-0.866025403784437,-0.500000000000002));
#4111=DIRECTION('',(-1.,0.,0.));
#4112=DIRECTION('',(0.,0.500000000000002,-0.866025403784438));
#4113=DIRECTION('',(0.,0.866025403784437,0.500000000000002));
#4114=DIRECTION('',(1.92296268638356E-16,-0.866025403784438,0.500000000000001));
#4115=DIRECTION('',(-1.,0.,0.));
#4116=DIRECTION('',(0.,-0.500000000000001,-0.866025403784438));
#4117=DIRECTION('',(0.,0.866025403784438,-0.500000000000001));
#4118=DIRECTION('',(-8.548009320961E-31,3.84968115926395E-15,1.));
#4119=DIRECTION('',(-1.,0.,0.));
#4120=DIRECTION('',(0.,-1.,3.84968115926395E-15));
#4121=DIRECTION('',(0.,-3.85108611666851E-15,-1.));
#4122=DIRECTION('',(-1.92296268638357E-16,0.866025403784441,0.499999999999996));
#4123=DIRECTION('',(-1.,0.,0.));
#4124=DIRECTION('',(0.,-0.499999999999996,0.866025403784441));
#4125=DIRECTION('',(0.,-0.866025403784441,-0.499999999999996));
#4126=DIRECTION('',(-1.92296268638356E-16,0.866025403784437,-0.500000000000003));
#4127=DIRECTION('',(-1.,0.,0.));
#4128=DIRECTION('',(0.,0.500000000000003,0.866025403784437));
#4129=DIRECTION('',(0.,-0.866025403784437,0.500000000000003));
#4130=DIRECTION('',(2.22387234366467E-31,-1.00154306582478E-15,-1.));
#4131=DIRECTION('',(0.,1.,-1.00154306582478E-15));
#4132=DIRECTION('',(0.,1.00267016911459E-15,1.));
#4133=DIRECTION('',(-1.,-2.22044604925031E-16,0.));
#4134=DIRECTION('',(0.,-1.,0.));
#4135=DIRECTION('',(-1.,-2.22044604925031E-16,0.));
#4136=DIRECTION('',(2.22044604925031E-16,-1.,0.));
#4137=DIRECTION('',(-1.,0.,0.));
#4138=DIRECTION('',(0.,0.,0.999999999999998));
#4139=DIRECTION('',(-1.,1.49975978266186E-32,1.83667601732677E-48));
#4140=DIRECTION('',(8.26058798084194E-16,0.,-0.999999999999999));
#4141=DIRECTION('',(1.,-1.49975978266186E-32,-1.83667601732677E-48));
#4142=DIRECTION('',(8.26058798084194E-16,0.,-0.999999999999999));
#4143=DIRECTION('',(-1.,0.,0.));
#4144=DIRECTION('',(0.,-1.,0.));
#4145=DIRECTION('',(-1.,1.49975978266186E-32,1.83667601732677E-48));
#4146=DIRECTION('',(0.,-1.,0.));
#4147=DIRECTION('',(-1.,0.,0.));
#4148=DIRECTION('',(0.,1.,0.));
#4149=DIRECTION('',(-1.,0.,0.));
#4150=DIRECTION('',(0.,-1.,0.));
#4151=DIRECTION('',(0.,0.,1.));
#4152=DIRECTION('',(0.,1.,0.));
#4153=DIRECTION('',(-1.,0.,0.));
#4154=DIRECTION('',(0.,1.,0.));
#4155=DIRECTION('',(-1.,0.,0.));
#4156=DIRECTION('',(0.,-1.,0.));
#4157=DIRECTION('',(0.,0.,-1.));
#4158=DIRECTION('',(0.,1.,0.));
#4159=DIRECTION('',(1.,0.,0.));
#4160=DIRECTION('',(0.,1.,0.));
#4161=DIRECTION('',(1.,0.,6.12323399573677E-17));
#4162=DIRECTION('',(0.,0.,1.));
#4163=DIRECTION('',(1.,0.,6.12323399573677E-17));
#4164=DIRECTION('',(6.15826833971767E-17,0.,-1.));
#4165=DIRECTION('',(-1.,0.,0.));
#4166=DIRECTION('',(0.,0.,1.));
#4167=DIRECTION('',(-1.,0.,-6.12323399573677E-17));
#4168=DIRECTION('',(0.,0.,1.));
#4169=DIRECTION('',(0.,1.,0.));
#4170=DIRECTION('',(0.,0.,0.999999999999994));
#4171=DIRECTION('',(0.,1.,0.));
#4172=DIRECTION('',(0.,-1.,0.));
#4173=DIRECTION('',(0.,0.,0.999999999999994));
#4174=DIRECTION('',(0.,-1.,0.));
#4175=DIRECTION('',(0.,-1.,0.));
#4176=DIRECTION('',(0.,0.,-0.999999999999994));
#4177=DIRECTION('',(0.,1.,0.));
#4178=DIRECTION('',(0.,0.,0.999999999999994));
#4179=DIRECTION('',(0.,1.,0.));
#4180=DIRECTION('',(0.,-1.,0.));
#4181=DIRECTION('',(0.,0.,0.999999999999994));
#4182=DIRECTION('',(0.,-1.,0.));
#4183=DIRECTION('',(0.,-1.,0.));
#4184=DIRECTION('',(0.,0.,-0.999999999999994));
#4185=DIRECTION('',(0.,-1.,0.));
#4186=DIRECTION('',(-2.22044604925031E-16,0.,-1.));
#4187=DIRECTION('',(0.,1.,0.));
#4188=DIRECTION('',(-2.22044604925031E-16,0.,-1.));
#4189=DIRECTION('',(1.,0.,-2.22044604925031E-16));
#4190=DIRECTION('',(2.22044604925031E-16,0.,1.));
#4191=DIRECTION('',(0.,1.,0.));
#4192=DIRECTION('',(-2.22044604925031E-16,0.,-1.));
#4193=DIRECTION('',(0.,-1.,0.));
#4194=DIRECTION('',(-2.22044604925031E-16,0.,-1.));
#4195=DIRECTION('',(1.,0.,-2.22044604925031E-16));
#4196=DIRECTION('',(2.22044604925031E-16,0.,1.));
#4197=DIRECTION('',(1.,0.,-2.22044604925031E-16));
#4198=DIRECTION('',(0.,1.,0.));
#4199=DIRECTION('',(1.,0.,-2.22044604925031E-16));
#4200=DIRECTION('',(-2.22044604925031E-16,0.,-1.));
#4201=DIRECTION('',(1.,0.,-2.22044604925031E-16));
#4202=DIRECTION('',(0.,-1.,0.));
#4203=DIRECTION('',(1.,0.,-2.22044604925031E-16));
#4204=DIRECTION('',(1.,0.,-2.22044604925031E-16));
#4205=DIRECTION('',(2.22044604925031E-16,0.,1.));
#4206=DIRECTION('',(-1.,0.,2.22044604925031E-16));
#4207=DIRECTION('',(2.22044604925031E-16,-1.,0.));
#4208=DIRECTION('',(-1.,0.,0.));
#4209=DIRECTION('',(0.,1.,0.));
#4210=DIRECTION('',(0.,0.,1.));
#4211=DIRECTION('',(-2.22044604925031E-16,1.,0.));
#4212=DIRECTION('',(0.,0.,1.));
#4213=DIRECTION('',(-2.22044604925031E-16,1.,0.));
#4214=DIRECTION('',(-1.,-2.22044604925031E-16,0.));
#4215=DIRECTION('',(0.,1.,0.));
#4216=DIRECTION('',(0.,0.,0.999999999999997));
#4217=DIRECTION('',(2.22044604925031E-16,-1.,0.));
#4218=DIRECTION('',(0.,0.,0.999999999999997));
#4219=DIRECTION('',(0.,1.,0.));
#4220=DIRECTION('',(0.,0.,1.00000000000003));
#4221=DIRECTION('',(0.,-1.,0.));
#4222=DIRECTION('',(0.,-1.,0.));
#4223=DIRECTION('',(0.,0.,1.00000000000003));
#4224=DIRECTION('',(0.,1.,0.));
#4225=DIRECTION('',(0.,-1.,0.));
#4226=DIRECTION('',(0.,0.,-1.00000000000003));
#4227=DIRECTION('',(0.,-1.,0.));
#4228=DIRECTION('',(0.,0.,1.00000000000003));
#4229=DIRECTION('',(0.,1.,0.));
#4230=DIRECTION('',(0.,1.,0.));
#4231=DIRECTION('',(0.,0.,1.00000000000003));
#4232=DIRECTION('',(0.,-1.,0.));
#4233=DIRECTION('',(0.,1.,0.));
#4234=DIRECTION('',(0.,0.,1.00000000000003));
#4235=DIRECTION('',(-1.,0.,-2.67974922552551E-14));
#4236=DIRECTION('',(1.,0.,2.67974922552551E-14));
#4237=DIRECTION('',(2.67974922552551E-14,0.,-1.));
#4238=DIRECTION('',(-1.,0.,-2.67980082568897E-14));
#4239=DIRECTION('',(1.,0.,-2.67974922552551E-14));
#4240=DIRECTION('',(-1.,0.,2.67974922552551E-14));
#4241=DIRECTION('',(2.67974922552551E-14,0.,1.));
#4242=DIRECTION('',(-1.,0.,2.67980082568897E-14));
#4243=DIRECTION('',(0.,-1.,0.));
#4244=DIRECTION('',(0.,0.,1.));
#4245=DIRECTION('',(0.,1.,0.));
#4246=DIRECTION('',(0.,0.,-1.));
#4247=DIRECTION('',(1.,0.,0.));
#4248=DIRECTION('',(0.,1.,0.));
#4249=DIRECTION('',(0.,0.,-1.));
#4250=DIRECTION('',(0.,0.,-1.));
#4251=DIRECTION('',(-1.,0.,0.));
#4252=DIRECTION('',(0.,0.,1.));
#4253=DIRECTION('',(0.,0.,1.));
#4254=DIRECTION('',(0.,1.,0.));
#4255=DIRECTION('',(0.,0.,1.));
#4256=DIRECTION('',(0.,1.,0.));
#4257=DIRECTION('',(0.,0.,-1.));
#4258=DIRECTION('',(1.,0.,0.));
#4259=DIRECTION('',(0.,1.,0.));
#4260=DIRECTION('',(0.,0.,1.));
#4261=DIRECTION('',(0.,1.,0.));
#4262=DIRECTION('',(0.,0.,-1.));
#4263=DIRECTION('',(0.,1.,0.));
#4264=DIRECTION('',(0.,0.,-1.));
#4265=DIRECTION('',(1.,0.,0.));
#4266=DIRECTION('',(0.,1.,0.));
#4267=DIRECTION('',(-1.,0.,0.));
#4268=DIRECTION('',(0.,0.,-1.));
#4269=DIRECTION('',(-1.,0.,0.));
#4270=DIRECTION('',(0.,0.,1.));
#4271=DIRECTION('',(-1.,0.,0.));
#4272=DIRECTION('',(0.,1.,0.));
#4273=DIRECTION('',(0.,0.,1.00000000000003));
#4274=DIRECTION('',(-0.707106781186559,0.,-0.707106781186536));
#4275=DIRECTION('',(0.,1.,0.));
#4276=DIRECTION('',(0.,0.,0.999999999999994));
#4277=DIRECTION('',(-1.,0.,-2.67974922552551E-14));
#4278=DIRECTION('',(0.,1.,0.));
#4279=DIRECTION('',(0.,0.,1.00000000000003));
#4280=DIRECTION('',(0.,0.,-1.));
#4281=DIRECTION('',(0.,0.,-1.));
#4282=DIRECTION('',(0.,-1.,0.));
#4283=DIRECTION('',(0.,0.,1.00000000000003));
#4284=DIRECTION('',(-1.,0.,2.67974922552551E-14));
#4285=DIRECTION('',(0.,-1.,0.));
#4286=DIRECTION('',(0.,0.,0.999999999999994));
#4287=DIRECTION('',(-0.707106781186559,0.,0.707106781186536));
#4288=DIRECTION('',(0.,-1.,0.));
#4289=DIRECTION('',(0.,0.,1.00000000000003));
#4290=DIRECTION('',(-1.,0.,0.));
#4291=DIRECTION('',(0.,0.,-1.));
#4292=DIRECTION('',(0.,1.,0.));
#4293=DIRECTION('',(0.,0.,1.));
#4294=DIRECTION('',(-1.,0.,0.));
#4295=DIRECTION('',(0.,0.,1.));
#4296=DIRECTION('',(0.,1.,0.));
#4297=DIRECTION('',(0.,0.,0.999999999999994));
#4298=DIRECTION('',(-1.,0.,-2.67974922552551E-14));
#4299=DIRECTION('',(0.,-1.,0.));
#4300=DIRECTION('',(0.,0.,1.00000000000003));
#4301=DIRECTION('',(-0.707106781186559,0.,-0.707106781186536));
#4302=DIRECTION('',(-0.707106781186559,0.,0.707106781186536));
#4303=DIRECTION('',(0.,1.,0.));
#4304=DIRECTION('',(0.,0.,1.00000000000003));
#4305=DIRECTION('',(-1.,0.,2.67974922552551E-14));
#4306=DIRECTION('',(0.,-1.,0.));
#4307=DIRECTION('',(0.,0.,0.999999999999994));
#4308=DIRECTION('',(0.,0.,1.));
#4309=DIRECTION('',(1.,0.,0.));
#4310=DIRECTION('',(0.,1.,0.));
#4311=DIRECTION('',(0.,0.,1.));
#4312=DIRECTION('',(0.,0.,1.));
#4313=DIRECTION('',(0.,-1.,0.));
#4314=DIRECTION('',(0.,0.,-1.));
#4315=DIRECTION('',(0.,-1.,0.));
#4316=DIRECTION('',(1.,0.,0.));
#4317=DIRECTION('',(0.,0.,-1.));
#4318=DIRECTION('',(0.,1.,0.));
#4319=DIRECTION('',(0.,0.,0.999999999999994));
#4320=DIRECTION('',(1.,0.,0.));
#4321=DIRECTION('',(0.,0.,-0.999999999999994));
#4322=DIRECTION('',(0.,0.,-1.));
#4323=DIRECTION('',(-0.999999999999998,0.,0.));
#4324=DIRECTION('',(0.,0.,0.999999999999994));
#4325=DIRECTION('',(0.999999999999998,0.,0.));
#4326=DIRECTION('',(1.,0.,0.));
#4327=DIRECTION('',(1.,0.,0.));
#4328=DIRECTION('',(0.,0.,-0.999999999999994));
#4329=DIRECTION('',(-1.,0.,0.));
#4330=DIRECTION('',(1.,0.,0.));
#4331=DIRECTION('',(0.,0.,-0.999999999999994));
#4332=DIRECTION('',(0.,1.,0.));
#4333=DIRECTION('',(0.,0.,0.999999999999994));
#4334=DIRECTION('',(0.707106781186563,4.9065389333868E-14,0.707106781186532));
#4335=DIRECTION('',(0.707106781186531,0.,-0.707106781186566));
#4336=DIRECTION('',(0.,-1.,0.));
#4337=DIRECTION('',(0.,0.,-0.999999999999994));
#4338=DIRECTION('',(0.70710678118656,0.,0.707106781186535));
#4339=DIRECTION('',(0.707106781186567,2.91325749169835E-14,0.707106781186528));
#4340=DIRECTION('',(0.707106781186529,0.,-0.707106781186566));
#4341=DIRECTION('',(-0.70710678118656,0.,-0.707106781186535));
#4342=DIRECTION('',(0.70710678118656,0.,0.707106781186535));
#4343=DIRECTION('',(0.707106781186535,0.,-0.707106781186566));
#4344=DIRECTION('',(1.,4.98732999343332E-14,2.81892564846233E-14));
#4345=DIRECTION('',(-4.98732999343332E-14,1.,0.));
#4346=DIRECTION('',(0.,1.,0.));
#4347=DIRECTION('',(0.,0.,-1.));
#4348=DIRECTION('',(0.,-1.,0.));
#4349=DIRECTION('',(0.,0.,-1.00000000000003));
#4350=DIRECTION('',(0.,-1.,0.));
#4351=DIRECTION('',(0.,0.,-0.999999999999998));
#4352=DIRECTION('',(1.,0.,1.68051336735254E-14));
#4353=DIRECTION('',(1.68051336735253E-14,0.,-0.999999999999994));
#4354=DIRECTION('',(-1.,0.,-2.7442968206425E-14));
#4355=DIRECTION('',(1.,0.,2.7442968206425E-14));
#4356=DIRECTION('',(-1.,0.,-2.7442968206425E-14));
#4357=DIRECTION('',(-2.81892564846231E-14,0.,0.999999999999994));
#4358=DIRECTION('',(0.,1.,0.));
#4359=DIRECTION('',(0.,0.,0.999999999999994));
#4360=DIRECTION('',(0.,0.,1.));
#4361=DIRECTION('',(1.,0.,0.));
#4362=DIRECTION('',(0.,-1.,0.));
#4363=DIRECTION('',(0.,0.,-0.999999999999994));
#4364=DIRECTION('',(0.,0.,1.));
#4365=DIRECTION('',(0.,0.,1.));
#4366=DIRECTION('',(1.,0.,0.));
#4367=DIRECTION('',(0.,0.,-1.));
#4368=DIRECTION('',(0.,0.,-1.));
#4369=DIRECTION('',(-1.,0.,0.));
#4370=DIRECTION('',(0.,1.,0.));
#4371=DIRECTION('',(0.,0.,0.999999999999994));
#4372=DIRECTION('',(-1.,9.75781955236954E-15,2.73761048552592E-14));
#4373=DIRECTION('',(2.7376104855259E-14,0.,0.999999999999994));
#4374=DIRECTION('',(0.,-1.,0.));
#4375=DIRECTION('',(0.,0.,-0.999999999999994));
#4376=DIRECTION('',(-1.,0.,2.7442968206425E-14));
#4377=DIRECTION('',(-1.,-3.68628738645071E-14,-8.67361737988409E-15));
#4378=DIRECTION('',(3.68628738645072E-14,-1.,0.));
#4379=DIRECTION('',(1.,0.,-2.7442968206425E-14));
#4380=DIRECTION('',(1.,0.,-2.7442968206425E-14));
#4381=DIRECTION('',(-2.7376104855259E-14,0.,-0.999999999999994));
#4382=DIRECTION('',(-0.707106781186563,5.05986827505514E-14,0.707106781186532));
#4383=DIRECTION('',(0.707106781186533,0.,0.707106781186566));
#4384=DIRECTION('',(0.,1.,0.));
#4385=DIRECTION('',(0.,0.,-1.));
#4386=DIRECTION('',(0.,-1.,0.));
#4387=DIRECTION('',(0.,0.,-1.00000000000003));
#4388=DIRECTION('',(0.,-1.,0.));
#4389=DIRECTION('',(0.,0.,-0.999999999999998));
#4390=DIRECTION('',(-0.707106781186565,-3.06658683336682E-15,0.70710678118653));
#4391=DIRECTION('',(0.707106781186531,0.,0.707106781186566));
#4392=DIRECTION('',(0.70710678118656,0.,-0.707106781186535));
#4393=DIRECTION('',(-0.70710678118656,0.,0.707106781186535));
#4394=DIRECTION('',(0.70710678118656,0.,-0.707106781186535));
#4395=DIRECTION('',(-0.707106781186535,0.,-0.707106781186566));
#4396=DIRECTION('',(0.,1.,0.));
#4397=DIRECTION('',(0.,0.,0.999999999999994));
#4398=DIRECTION('',(-1.,-4.33680868994202E-15,0.));
#4399=DIRECTION('',(4.33680868994202E-15,-1.,0.));
#4400=DIRECTION('',(0.,-1.,0.));
#4401=DIRECTION('',(0.,0.,-0.999999999999994));
#4402=DIRECTION('',(-1.,0.,0.));
#4403=DIRECTION('',(-1.,0.,0.));
#4404=DIRECTION('',(0.,0.,0.999999999999994));
#4405=DIRECTION('',(1.,0.,0.));
#4406=DIRECTION('',(-1.,0.,0.));
#4407=DIRECTION('',(0.,0.,0.999999999999994));
#4408=DIRECTION('',(0.,1.,0.));
#4409=DIRECTION('',(0.,0.,0.999999999999994));
#4410=DIRECTION('',(0.,0.,-1.));
#4411=DIRECTION('',(-0.999999999999998,0.,0.));
#4412=DIRECTION('',(0.,0.,0.999999999999994));
#4413=DIRECTION('',(0.999999999999998,0.,0.));
#4414=DIRECTION('',(0.,0.,-1.));
#4415=DIRECTION('',(0.,0.,1.));
#4416=DIRECTION('',(0.,0.,-1.));
#4417=DIRECTION('',(-0.999999999999998,0.,0.));
#4418=DIRECTION('',(0.,1.,0.));
#4419=DIRECTION('',(0.,0.,-1.));
#4420=DIRECTION('',(0.,-1.,0.));
#4421=DIRECTION('',(0.,0.,-1.));
#4422=DIRECTION('',(0.,-1.,0.));
#4423=DIRECTION('',(0.,0.,-1.));
#4424=DIRECTION('',(0.,-1.,0.));
#4425=DIRECTION('',(0.,0.,1.));
#4426=DIRECTION('',(1.,0.,0.));
#4427=DIRECTION('',(0.,0.,-1.));
#4428=DIRECTION('',(1.,0.,0.));
#4429=DIRECTION('',(-1.,0.,0.));
#4430=DIRECTION('',(0.,1.,0.));
#4431=DIRECTION('',(0.,0.,1.));
#4432=DIRECTION('',(0.707106781186558,0.,0.707106781186537));
#4433=DIRECTION('',(0.,-1.,0.));
#4434=DIRECTION('',(0.707106781186556,0.,0.70710678118654));
#4435=DIRECTION('',(0.,-1.,0.));
#4436=DIRECTION('',(0.70710678118654,0.,-0.707106781186556));
#4437=DIRECTION('',(-0.707106781186556,0.,-0.70710678118654));
#4438=DIRECTION('',(0.,-1.,0.));
#4439=DIRECTION('',(0.,0.,1.));
#4440=DIRECTION('',(0.,-1.,0.));
#4441=DIRECTION('',(0.,-1.,0.));
#4442=DIRECTION('',(0.,0.,1.));
#4443=DIRECTION('',(0.,-1.,0.));
#4444=DIRECTION('',(0.,0.,-1.));
#4445=DIRECTION('',(1.,0.,2.35225441769357E-14));
#4446=DIRECTION('',(0.,-1.,0.));
#4447=DIRECTION('',(1.,0.,2.25164545034084E-14));
#4448=DIRECTION('',(2.25164545034084E-14,0.,-1.));
#4449=DIRECTION('',(-1.,0.,-2.2516710718179E-14));
#4450=DIRECTION('',(0.,0.,1.));
#4451=DIRECTION('',(0.,-1.,0.));
#4452=DIRECTION('',(0.,0.,1.));
#4453=DIRECTION('',(1.,0.,0.));
#4454=DIRECTION('',(0.,0.,-1.));
#4455=DIRECTION('',(-1.,0.,2.54827561916804E-14));
#4456=DIRECTION('',(0.,-1.,0.));
#4457=DIRECTION('',(-1.,0.,2.25164545034084E-14));
#4458=DIRECTION('',(2.25164545034084E-14,0.,1.));
#4459=DIRECTION('',(1.,0.,-2.2516710718179E-14));
#4460=DIRECTION('',(0.,-1.,0.));
#4461=DIRECTION('',(0.,0.,1.));
#4462=DIRECTION('',(0.,-1.,0.));
#4463=DIRECTION('',(0.,-1.,0.));
#4464=DIRECTION('',(0.,0.,1.));
#4465=DIRECTION('',(0.,-1.,0.));
#4466=DIRECTION('',(0.,0.,-1.));
#4467=DIRECTION('',(-0.707106781186555,0.,0.70710678118654));
#4468=DIRECTION('',(0.,-1.,0.));
#4469=DIRECTION('',(-0.707106781186556,0.,0.707106781186539));
#4470=DIRECTION('',(0.707106781186539,0.,0.707106781186556));
#4471=DIRECTION('',(0.707106781186556,0.,-0.707106781186539));
#4472=DIRECTION('',(-1.,0.,0.));
#4473=DIRECTION('',(-1.,0.,0.));
#4474=DIRECTION('',(0.,0.,1.));
#4475=DIRECTION('',(1.,0.,0.));
#4476=DIRECTION('',(1.,0.,0.));
#4477=DIRECTION('',(0.,1.,0.));
#4478=DIRECTION('',(0.,0.,1.));
#4479=DIRECTION('',(1.,0.,0.));
#4480=DIRECTION('',(0.,0.,-1.));
#4481=DIRECTION('',(-1.,0.,0.));
#4482=DIRECTION('',(0.,0.,-1.));
#4483=DIRECTION('',(1.,0.,0.));
#4484=DIRECTION('',(0.,0.,-1.));
#4485=DIRECTION('',(0.,1.,0.));
#4486=DIRECTION('',(0.,0.,1.00000000000003));
#4487=DIRECTION('',(1.,0.,2.67974922552551E-14));
#4488=DIRECTION('',(0.,1.,0.));
#4489=DIRECTION('',(0.,0.,0.999999999999994));
#4490=DIRECTION('',(-0.707106781186559,0.,-0.707106781186536));
#4491=DIRECTION('',(0.,1.,0.));
#4492=DIRECTION('',(0.,0.,1.00000000000003));
#4493=DIRECTION('',(-1.,0.,0.));
#4494=DIRECTION('',(0.,-1.,0.));
#4495=DIRECTION('',(0.,0.,1.00000000000003));
#4496=DIRECTION('',(0.,0.,-1.));
#4497=DIRECTION('',(0.,1.,0.));
#4498=DIRECTION('',(0.,0.,1.00000000000003));
#4499=DIRECTION('',(-1.,0.,0.));
#4500=DIRECTION('',(0.,-1.,0.));
#4501=DIRECTION('',(0.,0.,1.00000000000003));
#4502=DIRECTION('',(-0.707106781186559,0.,0.707106781186536));
#4503=DIRECTION('',(0.,-1.,0.));
#4504=DIRECTION('',(0.,0.,0.999999999999994));
#4505=DIRECTION('',(1.,0.,-2.67974922552551E-14));
#4506=DIRECTION('',(0.,-1.,0.));
#4507=DIRECTION('',(0.,0.,1.00000000000003));
#4508=DIRECTION('',(0.,0.,-1.));
#4509=DIRECTION('',(-1.,0.,0.));
#4510=DIRECTION('',(0.,-1.,0.));
#4511=DIRECTION('',(0.,0.,-1.));
#4512=DIRECTION('',(-1.,-2.22044604925031E-16,0.));
#4513=DIRECTION('',(-1.,0.,0.));
#4514=DIRECTION('',(0.,0.,1.));
#4515=DIRECTION('',(1.,2.22044604925031E-16,0.));
#4516=DIRECTION('',(-1.,0.,0.));
#4517=DIRECTION('',(0.,-1.,0.));
#4518=DIRECTION('',(1.,2.22044604925031E-16,0.));
#4519=DIRECTION('',(0.,1.,0.));
#4520=DIRECTION('',(-1.,-2.22044604925031E-16,0.));
#4521=DIRECTION('',(-1.,0.,0.));
#4522=DIRECTION('',(0.,0.,1.));
#4523=DIRECTION('',(1.,2.22044604925031E-16,0.));
#4524=DIRECTION('',(1.,0.,0.));
#4525=DIRECTION('',(0.,-1.,0.));
#4526=DIRECTION('',(-1.,-2.22044604925031E-16,0.));
#4527=DIRECTION('',(0.,-1.,0.));
#4528=DIRECTION('',(-1.,-2.22044604925031E-16,0.));
#4529=DIRECTION('',(-1.,0.,0.));
#4530=DIRECTION('',(0.,0.,1.));
#4531=DIRECTION('',(1.,2.22044604925031E-16,0.));
#4532=DIRECTION('',(1.,0.,0.));
#4533=DIRECTION('',(0.,-1.,0.));
#4534=DIRECTION('',(-1.,-2.22044604925031E-16,0.));
#4535=DIRECTION('',(0.,-1.,0.));
#4536=DIRECTION('',(-1.,-2.22044604925031E-16,0.));
#4537=DIRECTION('',(-1.,0.,0.));
#4538=DIRECTION('',(0.,0.,1.));
#4539=DIRECTION('',(1.,2.22044604925031E-16,0.));
#4540=DIRECTION('',(-1.,0.,0.));
#4541=DIRECTION('',(0.,-1.,0.));
#4542=DIRECTION('',(1.,2.22044604925031E-16,0.));
#4543=DIRECTION('',(0.,1.,0.));
#4544=DIRECTION('',(0.,-1.,0.));
#4545=DIRECTION('',(0.,-1.,0.));
#4546=DIRECTION('',(0.,0.,-1.));
#4547=DIRECTION('',(-2.22044604925031E-16,1.,0.));
#4548=DIRECTION('',(0.,0.,1.));
#4549=DIRECTION('',(0.,0.,-1.));
#4550=DIRECTION('',(-1.,-2.22044604925031E-16,0.));
#4551=DIRECTION('',(0.,0.,1.));
#4552=DIRECTION('',(1.,2.22044604925031E-16,0.));
#4553=DIRECTION('',(0.,0.,-1.));
#4554=DIRECTION('',(2.22044604925031E-16,-1.,0.));
#4555=DIRECTION('',(0.,0.,-1.));
#4556=DIRECTION('',(0.,1.,0.));
#4557=DIRECTION('',(-1.,-2.22044604925031E-16,0.));
#4558=DIRECTION('',(2.22044604925031E-16,-1.,0.));
#4559=DIRECTION('',(1.,2.22044604925031E-16,0.));
#4560=DIRECTION('',(0.,0.,1.));
#4561=DIRECTION('',(2.22044604925031E-16,-1.,0.));
#4562=DIRECTION('',(0.,0.,-1.));
#4563=DIRECTION('',(0.,0.,-1.));
#4564=DIRECTION('',(-1.,-2.22044604925031E-16,0.));
#4565=DIRECTION('',(0.,0.,-1.));
#4566=DIRECTION('',(1.,2.22044604925031E-16,0.));
#4567=DIRECTION('',(0.,0.,-1.));
#4568=DIRECTION('',(-2.22044604925031E-16,1.,0.));
#4569=DIRECTION('',(0.,0.,1.));
#4570=DIRECTION('',(0.,1.,0.));
#4571=DIRECTION('',(-1.,-2.22044604925031E-16,0.));
#4572=DIRECTION('',(2.22044604925031E-16,-1.,0.));
#4573=DIRECTION('',(1.,2.22044604925031E-16,0.));
#4574=DIRECTION('',(0.,0.,-1.));
#4575=DIRECTION('',(-2.22044604925031E-16,1.,0.));
#4576=DIRECTION('',(-1.,0.,0.));
#4577=DIRECTION('',(0.,-1.,0.));
#4578=DIRECTION('',(-1.,-2.22044604925031E-16,0.));
#4579=DIRECTION('',(0.,-1.,0.));
#4580=DIRECTION('',(-1.,-2.22044604925031E-16,0.));
#4581=DIRECTION('',(0.,-1.,0.));
#4582=DIRECTION('',(1.,0.,0.));
#4583=DIRECTION('',(0.,-1.,0.));
#4584=DIRECTION('',(-1.,-2.22044604925031E-16,0.));
#4585=DIRECTION('',(0.,-1.,0.));
#4586=DIRECTION('',(1.,2.22044604925031E-16,0.));
#4587=DIRECTION('',(0.,1.,0.));
#4588=DIRECTION('',(-1.,0.,0.));
#4589=DIRECTION('',(0.,-1.,0.));
#4590=DIRECTION('',(-1.,-2.22044604925031E-16,0.));
#4591=DIRECTION('',(0.,-1.,0.));
#4592=DIRECTION('',(-1.,-2.22044604925031E-16,0.));
#4593=DIRECTION('',(0.,-1.,0.));
#4594=DIRECTION('',(1.,0.,0.));
#4595=DIRECTION('',(0.,-1.,0.));
#4596=DIRECTION('',(-1.,-2.22044604925031E-16,0.));
#4597=DIRECTION('',(0.,-1.,0.));
#4598=DIRECTION('',(1.,2.22044604925031E-16,0.));
#4599=DIRECTION('',(0.,1.,0.));
#4600=DIRECTION('',(-1.,-2.22044604925031E-16,0.));
#4601=DIRECTION('',(-2.22044604925031E-16,1.,0.));
#4602=DIRECTION('',(0.,-1.,0.));
#4603=DIRECTION('',(-1.,0.,0.));
#4604=DIRECTION('',(0.,-1.,0.));
#4605=DIRECTION('',(-1.,0.,0.));
#4606=DIRECTION('',(0.,-1.,0.));
#4607=DIRECTION('',(0.,-1.,0.));
#4608=DIRECTION('',(0.,0.,1.));
#4609=DIRECTION('',(2.22044604925031E-16,-1.,0.));
#4610=DIRECTION('',(1.,2.22044604925031E-16,0.));
#4611=DIRECTION('',(0.,0.,1.));
#4612=DIRECTION('',(-1.,-2.22044604925031E-16,0.));
#4613=DIRECTION('',(0.,0.,1.));
#4614=DIRECTION('',(2.22044604925031E-16,-1.,0.));
#4615=DIRECTION('',(0.,0.,-1.));
#4616=DIRECTION('',(1.,2.22044604925031E-16,0.));
#4617=DIRECTION('',(-2.22044604925031E-16,1.,0.));
#4618=DIRECTION('',(-1.,-2.22044604925031E-16,0.));
#4619=DIRECTION('',(0.,1.,0.));
#4620=DIRECTION('',(0.,0.,1.));
#4621=DIRECTION('',(2.22044604925031E-16,-1.,0.));
#4622=DIRECTION('',(-1.,-2.22044604925031E-16,0.));
#4623=DIRECTION('',(0.,1.,0.));
#4624=DIRECTION('',(0.,0.,-1.));
#4625=DIRECTION('',(-1.,-2.22044604925031E-16,0.));
#4626=DIRECTION('',(0.,1.,0.));
#4627=DIRECTION('',(2.22044604925031E-16,-1.,-4.71890076124991E-32));
#4628=DIRECTION('',(-1.,-2.22044604925031E-16,0.));
#4629=DIRECTION('',(0.,0.999999999999999,0.));
#4630=DIRECTION('',(0.,0.,1.));
#4631=DIRECTION('',(-1.,-2.22044604925031E-16,0.));
#4632=DIRECTION('',(0.,0.999999999999999,0.));
#4633=DIRECTION('',(-2.22044604925031E-16,1.,-4.71890076124991E-32));
#4634=DIRECTION('',(1.,2.22044604925031E-16,0.));
#4635=DIRECTION('',(0.,1.,0.));
#4636=DIRECTION('',(-2.22044604925031E-16,1.,0.));
#4637=DIRECTION('',(1.,2.22044604925031E-16,0.));
#4638=DIRECTION('',(0.,0.999999999999999,0.));
#4639=DIRECTION('',(0.,0.,1.));
#4640=DIRECTION('',(1.,2.22044604925031E-16,0.));
#4641=DIRECTION('',(0.,0.999999999999999,0.));
#4642=DIRECTION('',(2.22044604925031E-16,-1.,0.));
#4643=DIRECTION('',(1.,2.22044604925031E-16,0.));
#4644=DIRECTION('',(0.,1.,0.));
#4645=DIRECTION('',(0.,0.,-1.));
#4646=DIRECTION('',(1.,2.22044604925031E-16,0.));
#4647=DIRECTION('',(2.22044604925031E-16,-1.,0.));
#4648=DIRECTION('',(1.,2.22044604925031E-16,0.));
#4649=DIRECTION('',(0.,0.,-1.));
#4650=DIRECTION('',(-1.,-2.22044604925031E-16,0.));
#4651=DIRECTION('',(0.,0.,1.));
#4652=DIRECTION('',(-2.22044604925031E-16,1.,0.));
#4653=DIRECTION('',(0.,0.,1.));
#4654=DIRECTION('',(1.,2.22044604925031E-16,0.));
#4655=DIRECTION('',(2.22044604925031E-16,-1.,0.));
#4656=DIRECTION('',(-1.,-2.22044604925031E-16,0.));
#4657=DIRECTION('',(0.,-1.,0.));
#4658=DIRECTION('',(0.,0.,-1.));
#4659=DIRECTION('',(-2.22044604925031E-16,1.,0.));
#4660=DIRECTION('',(0.,0.,-1.));
#4661=DIRECTION('',(1.,0.,0.));
#4662=DIRECTION('',(0.,-0.999999999999994,0.));
#4663=DIRECTION('',(0.,-1.,0.));
#4664=DIRECTION('',(1.,0.,0.));
#4665=DIRECTION('',(0.,-0.999999999999994,0.));
#4666=DIRECTION('',(0.,0.,-1.));
#4667=DIRECTION('',(1.,0.,0.));
#4668=DIRECTION('',(0.,-0.999999999999994,0.));
#4669=DIRECTION('',(0.,1.,0.));
#4670=DIRECTION('',(1.,0.,0.));
#4671=DIRECTION('',(0.,-0.999999999999994,0.));
#4672=DIRECTION('',(-1.,0.,0.));
#4673=DIRECTION('',(0.,-1.,0.));
#4674=DIRECTION('',(-1.,0.,0.));
#4675=DIRECTION('',(0.,-0.999999999999999,0.));
#4676=DIRECTION('',(-1.,0.,0.));
#4677=DIRECTION('',(0.,0.999999999999999,0.));
#4678=DIRECTION('',(1.,2.22044604925031E-16,0.));
#4679=DIRECTION('',(0.,0.999999999999999,0.));
#4680=DIRECTION('',(-1.,0.,0.));
#4681=DIRECTION('',(0.,-1.,0.));
#4682=DIRECTION('',(-1.,0.,0.));
#4683=DIRECTION('',(0.,0.999999999999999,0.));
#4684=DIRECTION('',(-1.,-2.22044604925031E-16,0.));
#4685=DIRECTION('',(0.,-1.,0.));
#4686=DIRECTION('',(-1.,0.,0.));
#4687=DIRECTION('',(0.,-1.,0.));
#4688=DIRECTION('',(-1.,0.,0.));
#4689=DIRECTION('',(0.,0.999999999999999,0.));
#4690=DIRECTION('',(1.,2.22044604925031E-16,0.));
#4691=DIRECTION('',(0.,0.999999999999999,0.));
#4692=DIRECTION('',(-1.,0.,0.));
#4693=DIRECTION('',(0.,-0.999999999999999,0.));
#4694=DIRECTION('',(-1.,0.,0.));
#4695=DIRECTION('',(0.,0.999999999999999,0.));
#4696=DIRECTION('',(-1.,-2.22044604925031E-16,0.));
#4697=DIRECTION('',(0.,-0.999999999999999,0.));
#4698=DIRECTION('',(-0.928476690885256,3.29861184015565E-17,-0.371390676354113));
#4699=DIRECTION('',(-1.,-2.22044604925031E-16,0.));
#4700=DIRECTION('',(0.,1.,0.));
#4701=DIRECTION('',(0.928476690885259,0.371390676354104,0.));
#4702=DIRECTION('',(-1.,0.,0.));
#4703=DIRECTION('',(4.32275972084927E-17,-1.,0.));
#4704=DIRECTION('',(-0.928476690885256,3.29861184015565E-17,-0.371390676354113));
#4705=DIRECTION('',(2.22044604925031E-16,-1.,0.));
#4706=DIRECTION('',(-0.371390676354113,-8.2465296003889E-17,0.928476690885256));
#4707=DIRECTION('',(0.928476690885256,0.,0.371390676354113));
#4708=DIRECTION('',(0.,0.,1.));
#4709=DIRECTION('',(0.928476690885259,0.371390676354104,0.));
#4710=DIRECTION('',(-0.371390676354104,0.928476690885259,0.));
#4711=DIRECTION('',(-0.928476690885259,-0.371390676354104,0.));
#4712=DIRECTION('',(-0.928476690885259,0.371390676354104,0.));
#4713=DIRECTION('',(-1.,-2.22044604925031E-16,0.));
#4714=DIRECTION('',(0.,1.,0.));
#4715=DIRECTION('',(-1.,0.,0.));
#4716=DIRECTION('',(4.32275972084927E-17,-1.,0.));
#4717=DIRECTION('',(-1.,-2.22044604925031E-16,0.));
#4718=DIRECTION('',(0.,1.,0.));
#4719=DIRECTION('',(0.928476690885256,0.,-0.371390676354113));
#4720=DIRECTION('',(-1.,0.,0.));
#4721=DIRECTION('',(4.32275972084927E-17,-1.,0.));
#4722=DIRECTION('',(-0.928476690885259,0.371390676354104,0.));
#4723=DIRECTION('',(0.,0.,-1.));
#4724=DIRECTION('',(-0.371390676354104,-0.928476690885259,0.));
#4725=DIRECTION('',(0.928476690885259,-0.371390676354104,0.));
#4726=DIRECTION('',(-2.22044604925031E-16,1.,0.));
#4727=DIRECTION('',(0.928476690885256,0.,-0.371390676354113));
#4728=DIRECTION('',(-0.371390676354113,-8.2465296003889E-17,-0.928476690885256));
#4729=DIRECTION('',(-0.928476690885256,0.,0.371390676354113));
#4730=DIRECTION('',(-1.,-2.22044604925031E-16,0.));
#4731=DIRECTION('',(0.,1.,0.));
#4732=DIRECTION('',(-1.,0.,0.));
#4733=DIRECTION('',(4.32275972084927E-17,-1.,0.));
#4734=DIRECTION('',(-0.707106781186547,-0.707106781186547,0.));
#4735=DIRECTION('',(1.,2.22044604925031E-16,0.));
#4736=DIRECTION('',(0.,-1.,0.));
#4737=DIRECTION('',(0.707106781186551,0.,0.707106781186544));
#4738=DIRECTION('',(1.,0.,0.));
#4739=DIRECTION('',(-1.73385654770296E-17,1.,0.));
#4740=DIRECTION('',(-0.707106781186549,-0.707106781186546,0.));
#4741=DIRECTION('',(0.,0.,1.));
#4742=DIRECTION('',(0.707106781186546,-0.707106781186549,0.));
#4743=DIRECTION('',(0.,0.,-1.));
#4744=DIRECTION('',(2.22044604925031E-16,-1.,3.69778549322349E-32));
#4745=DIRECTION('',(0.707106781186551,0.,0.707106781186544));
#4746=DIRECTION('',(0.707106781186544,1.57009245868377E-16,-0.707106781186551));
#4747=DIRECTION('',(-2.22044604925031E-16,1.,0.));
#4748=DIRECTION('',(-0.707106781186551,0.,0.707106781186544));
#4749=DIRECTION('',(1.,2.22044604925031E-16,0.));
#4750=DIRECTION('',(0.,-1.,0.));
#4751=DIRECTION('',(1.,0.,0.));
#4752=DIRECTION('',(-1.73385654770296E-17,1.,0.));
#4753=DIRECTION('',(1.,2.22044604925031E-16,0.));
#4754=DIRECTION('',(0.,-1.,0.));
#4755=DIRECTION('',(0.707106781186547,-0.707106781186547,0.));
#4756=DIRECTION('',(1.,0.,0.));
#4757=DIRECTION('',(-1.73385654770296E-17,1.,0.));
#4758=DIRECTION('',(-0.707106781186551,0.,0.707106781186544));
#4759=DIRECTION('',(-2.22044604925031E-16,1.,3.69778549322349E-32));
#4760=DIRECTION('',(0.707106781186544,1.57009245868377E-16,0.707106781186551));
#4761=DIRECTION('',(2.22044604925031E-16,-1.,0.));
#4762=DIRECTION('',(0.,0.,-1.));
#4763=DIRECTION('',(0.707106781186549,-0.707106781186546,0.));
#4764=DIRECTION('',(0.707106781186546,0.707106781186549,0.));
#4765=DIRECTION('',(0.,0.,1.));
#4766=DIRECTION('',(1.,2.22044604925031E-16,0.));
#4767=DIRECTION('',(0.,-1.,0.));
#4768=DIRECTION('',(1.,0.,0.));
#4769=DIRECTION('',(-1.73385654770296E-17,1.,0.));
#4770=DIRECTION('',(0.,0.,-1.));
#4771=DIRECTION('',(0.,0.999999999999994,0.));
#4772=DIRECTION('',(0.,0.,1.));
#4773=DIRECTION('',(0.,-0.999999999999994,0.));
#4774=DIRECTION('',(0.,0.,1.));
#4775=DIRECTION('',(0.,-0.999999999999994,0.));
#4776=DIRECTION('',(-2.22044604925031E-16,1.,0.));
#4777=DIRECTION('',(0.999999999999994,0.,0.));
#4778=DIRECTION('',(1.,2.22044604925031E-16,0.));
#4779=DIRECTION('',(0.,1.,0.));
#4780=DIRECTION('',(-2.22044604925031E-16,1.,4.71890076124991E-32));
#4781=DIRECTION('',(0.999999999999994,0.,0.));
#4782=DIRECTION('',(1.,2.22044604925031E-16,0.));
#4783=DIRECTION('',(0.,1.,0.));
#4784=DIRECTION('',(-2.22044604925031E-16,1.,-4.71890076124991E-32));
#4785=DIRECTION('',(-0.999999999999994,0.,0.));
#4786=DIRECTION('',(-2.22044604925031E-16,1.,-4.71890076124991E-32));
#4787=DIRECTION('',(-0.999999999999994,0.,0.));
#4788=DIRECTION('',(-2.22044604925031E-16,1.,0.));
#4789=DIRECTION('',(-0.999999999999994,0.,0.));
#4790=DIRECTION('',(2.22044604925031E-16,-1.,-4.71890076124991E-32));
#4791=DIRECTION('',(0.999999999999994,0.,0.));
#4792=DIRECTION('',(0.,0.,-1.));
#4793=DIRECTION('',(0.,-0.999999999999994,0.));
#4794=DIRECTION('',(1.,2.22044604925031E-16,0.));
#4795=DIRECTION('',(0.,1.,0.));
#4796=DIRECTION('',(0.,0.,1.));
#4797=DIRECTION('',(0.,0.999999999999994,0.));
#4798=DIRECTION('',(1.,2.22044604925031E-16,0.));
#4799=DIRECTION('',(0.,0.999999999999999,0.));
#4800=DIRECTION('',(0.,0.,-1.));
#4801=DIRECTION('',(0.,0.999999999999994,0.));
#4802=DIRECTION('',(-2.22044604925031E-16,1.,0.));
#4803=DIRECTION('',(0.999999999999994,0.,0.));
#4804=DIRECTION('',(2.22044604925031E-16,-1.,0.));
#4805=DIRECTION('',(0.999999999999994,0.,0.));
#4806=DIRECTION('',(2.22044604925031E-16,-1.,0.));
#4807=DIRECTION('',(0.999999999999994,0.,0.));
#4808=DIRECTION('',(0.,0.,-1.));
#4809=DIRECTION('',(0.,0.999999999999994,0.));
#4810=DIRECTION('',(1.,2.22044604925031E-16,0.));
#4811=DIRECTION('',(0.,1.,0.));
#4812=DIRECTION('',(0.,0.,-1.));
#4813=DIRECTION('',(0.,0.999999999999994,0.));
#4814=DIRECTION('',(1.,2.22044604925031E-16,0.));
#4815=DIRECTION('',(0.,1.,0.));
#4816=DIRECTION('',(0.,0.,-1.));
#4817=DIRECTION('',(0.,0.999999999999994,0.));
#4818=DIRECTION('',(0.,0.,-1.));
#4819=DIRECTION('',(0.,0.999999999999994,0.));
#4820=DIRECTION('',(0.,0.,-1.));
#4821=DIRECTION('',(0.,-0.999999999999994,0.));
#4822=DIRECTION('',(0.,0.,-1.));
#4823=DIRECTION('',(0.,0.999999999999994,0.));
#4824=DIRECTION('',(-2.22044604925031E-16,1.,0.));
#4825=DIRECTION('',(-0.999999999999994,0.,0.));
#4826=DIRECTION('',(1.,2.22044604925031E-16,0.));
#4827=DIRECTION('',(0.,1.,0.));
#4828=DIRECTION('',(2.22044604925031E-16,-1.,0.));
#4829=DIRECTION('',(-0.999999999999994,0.,0.));
#4830=DIRECTION('',(1.,2.22044604925031E-16,0.));
#4831=DIRECTION('',(0.,1.,0.));
#4832=DIRECTION('',(-2.22044604925031E-16,1.,0.));
#4833=DIRECTION('',(-0.999999999999994,0.,0.));
#4834=DIRECTION('',(0.,-1.,0.));
#4835=DIRECTION('',(0.,-1.,0.));
#4836=DIRECTION('',(0.,0.,-1.));
#4837=DIRECTION('',(0.,1.,0.));
#4838=DIRECTION('',(0.,1.,0.));
#4839=DIRECTION('',(0.,1.,0.));
#4840=DIRECTION('',(0.,0.,-1.));
#4841=DIRECTION('',(0.,1.,0.));
#4842=DIRECTION('',(0.,1.,0.));
#4843=DIRECTION('',(1.,0.,6.12323399573677E-17));
#4844=DIRECTION('',(0.,1.,0.));
#4845=DIRECTION('',(-1.,0.,-6.12323399573677E-17));
#4846=DIRECTION('',(-6.12323399573677E-17,0.,1.));
#4847=DIRECTION('',(0.,-1.,0.));
#4848=DIRECTION('',(0.,0.,1.));
#4849=DIRECTION('',(0.,0.,-1.));
#4850=DIRECTION('',(1.,0.,6.12323399573677E-17));
#4851=DIRECTION('',(0.,-1.,0.));
#4852=DIRECTION('',(6.07153216591882E-17,0.,-1.));
#4853=DIRECTION('',(0.,-1.,0.));
#4854=DIRECTION('',(0.,1.,0.));
#4855=DIRECTION('',(-1.,0.,-6.12323399573677E-17));
#4856=DIRECTION('',(6.12323399573677E-17,0.,-1.));
#4857=DIRECTION('',(0.,1.,0.));
#4858=DIRECTION('',(0.,0.,-1.));
#4859=DIRECTION('',(0.,0.,1.));
#4860=DIRECTION('',(0.,1.,0.));
#4861=DIRECTION('',(-6.07153216591882E-17,0.,1.));
#4862=DIRECTION('',(0.,0.,1.));
#4863=DIRECTION('',(1.,0.,0.));
#4864=DIRECTION('',(0.,1.,0.));
#4865=DIRECTION('',(0.,0.,1.00000000000003));
#4866=DIRECTION('',(1.,0.,0.));
#4867=DIRECTION('',(0.,0.,1.));
#4868=DIRECTION('',(0.,-1.,0.));
#4869=DIRECTION('',(0.,0.,1.00000000000003));
#4870=DIRECTION('',(0.,0.,-1.));
#4871=DIRECTION('',(0.,-1.,0.));
#4872=DIRECTION('',(0.,0.,1.00000000000003));
#4873=DIRECTION('',(-1.,0.,0.));
#4874=DIRECTION('',(0.,1.,0.));
#4875=DIRECTION('',(0.,0.,0.999999999999994));
#4876=DIRECTION('',(-1.,0.,0.));
#4877=DIRECTION('',(0.,1.,0.));
#4878=DIRECTION('',(0.,0.,0.999999999999994));
#4879=DIRECTION('',(0.,0.,1.));
#4880=DIRECTION('',(0.,-1.,0.));
#4881=DIRECTION('',(0.,0.,0.999999999999994));
#4882=DIRECTION('',(-1.,0.,0.));
#4883=DIRECTION('',(0.,-1.,0.));
#4884=DIRECTION('',(0.,0.,0.999999999999994));
#4885=DIRECTION('',(1.,0.,0.));
#4886=DIRECTION('',(0.,-1.,0.));
#4887=DIRECTION('',(0.,0.,1.00000000000003));
#4888=DIRECTION('',(0.,0.,1.));
#4889=DIRECTION('',(-1.,0.,0.));
#4890=DIRECTION('',(0.,1.,0.));
#4891=DIRECTION('',(0.,0.,0.999999999999994));
#4892=DIRECTION('',(0.707106781186559,0.,-0.707106781186536));
#4893=DIRECTION('',(0.707106781186559,0.,0.707106781186536));
#4894=DIRECTION('',(0.,1.,0.));
#4895=DIRECTION('',(0.,0.,0.999999999999994));
#4896=DIRECTION('',(-1.,0.,0.));
#4897=DIRECTION('',(0.,1.,0.));
#4898=DIRECTION('',(0.,0.,1.));
#4899=DIRECTION('',(0.,1.,0.));
#4900=DIRECTION('',(0.,0.,1.00000000000003));
#4901=DIRECTION('',(0.,-1.,0.));
#4902=DIRECTION('',(0.,1.,0.));
#4903=DIRECTION('',(0.,-1.,0.));
#4904=DIRECTION('',(0.,0.,-1.00000000000003));
#4905=DIRECTION('',(0.,0.707106781186548,-0.707106781186548));
#4906=DIRECTION('',(-1.,0.,0.));
#4907=DIRECTION('',(0.,-0.707106781186548,0.707106781186548));
#4908=DIRECTION('',(0.,-0.707106781186547,-0.707106781186547));
#4909=DIRECTION('',(0.,0.707106781186548,-0.707106781186548));
#4910=DIRECTION('',(0.,0.,-1.));
#4911=DIRECTION('',(0.,1.,0.));
#4912=DIRECTION('',(0.,0.,1.));
#4913=DIRECTION('',(0.,-1.,0.));
#4914=DIRECTION('',(1.,0.,0.));
#4915=DIRECTION('',(0.,1.,0.));
#4916=DIRECTION('',(0.,0.,-1.));
#4917=DIRECTION('',(0.,1.,0.));
#4918=DIRECTION('',(1.,0.,0.));
#4919=DIRECTION('',(0.,1.,0.));
#4920=DIRECTION('',(0.,-1.,0.));
#4921=DIRECTION('',(-1.,0.,0.));
#4922=DIRECTION('',(0.,0.,1.));
#4923=DIRECTION('',(0.,1.,0.));
#4924=DIRECTION('',(0.,1.,0.));
#4925=DIRECTION('',(0.,0.,1.));
#4926=DIRECTION('',(1.,0.,0.));
#4927=DIRECTION('',(0.,1.,0.));
#4928=DIRECTION('',(0.,-1.,0.));
#4929=DIRECTION('',(0.,1.,0.));
#4930=DIRECTION('',(0.,0.,0.999999999999994));
#4931=DIRECTION('',(0.,-1.,0.));
#4932=DIRECTION('',(0.,0.,0.999999999999994));
#4933=DIRECTION('',(0.,1.,0.));
#4934=DIRECTION('',(0.,0.,-1.));
#4935=DIRECTION('',(0.,-1.,0.));
#4936=DIRECTION('',(0.,-1.,0.));
#4937=DIRECTION('',(0.,1.,0.));
#4938=DIRECTION('',(0.,-1.,0.));
#4939=DIRECTION('',(0.,0.,0.999999999999994));
#4940=DIRECTION('',(0.,1.,0.));
#4941=DIRECTION('',(1.,0.,0.));
#4942=DIRECTION('',(0.,0.,1.));
#4943=DIRECTION('',(0.,1.,0.));
#4944=DIRECTION('',(0.,-1.,0.));
#4945=DIRECTION('',(0.,-1.,0.));
#4946=DIRECTION('',(0.,0.,0.999999999999994));
#4947=DIRECTION('',(0.,1.,0.));
#4948=DIRECTION('',(0.707106781186536,0.,0.707106781186559));
#4949=DIRECTION('',(-0.707106781186559,0.,0.707106781186536));
#4950=DIRECTION('',(0.,-1.,0.));
#4951=DIRECTION('',(0.,1.,0.));
#4952=DIRECTION('',(0.,0.,-1.00000000000003));
#4953=DIRECTION('',(0.,1.,0.));
#4954=DIRECTION('',(2.67974922552551E-14,0.,1.));
#4955=DIRECTION('',(-1.,0.,2.67980082568897E-14));
#4956=DIRECTION('',(0.,1.,0.));
#4957=DIRECTION('',(0.,-1.,0.));
#4958=DIRECTION('',(0.,0.,0.999999999999994));
#4959=DIRECTION('',(0.,1.,0.));
#4960=DIRECTION('',(0.,-1.,0.));
#4961=DIRECTION('',(0.,1.,0.));
#4962=DIRECTION('',(0.,0.,-1.00000000000003));
#4963=DIRECTION('',(0.,-1.,0.));
#4964=DIRECTION('',(1.,0.,0.));
#4965=DIRECTION('',(0.,1.,0.));
#4966=DIRECTION('',(0.,-1.,0.));
#4967=DIRECTION('',(0.,1.,0.));
#4968=DIRECTION('',(0.,1.,0.));
#4969=DIRECTION('',(0.,0.,1.00000000000003));
#4970=DIRECTION('',(0.,-1.,0.));
#4971=DIRECTION('',(0.,-1.,0.));
#4972=DIRECTION('',(0.,1.,0.));
#4973=DIRECTION('',(0.,-1.,0.));
#4974=DIRECTION('',(0.,0.,-0.999999999999994));
#4975=DIRECTION('',(0.,-1.,0.));
#4976=DIRECTION('',(0.,1.,0.));
#4977=DIRECTION('',(1.,0.,0.));
#4978=DIRECTION('',(0.,-1.,0.));
#4979=DIRECTION('',(0.,0.,-1.));
#4980=DIRECTION('',(0.,1.,0.));
#4981=DIRECTION('',(0.,1.,0.));
#4982=DIRECTION('',(0.,-1.,0.));
#4983=DIRECTION('',(0.,0.,-0.999999999999994));
#4984=DIRECTION('',(0.,-1.,0.));
#4985=DIRECTION('',(0.707106781186536,0.,-0.707106781186559));
#4986=DIRECTION('',(-0.707106781186559,0.,-0.707106781186536));
#4987=DIRECTION('',(0.,1.,0.));
#4988=DIRECTION('',(0.,1.,0.));
#4989=DIRECTION('',(0.,0.,1.00000000000003));
#4990=DIRECTION('',(0.,-1.,0.));
#4991=DIRECTION('',(2.67974922552551E-14,0.,-1.));
#4992=DIRECTION('',(-1.,0.,-2.67980082568897E-14));
#4993=DIRECTION('',(0.,1.,0.));
#4994=DIRECTION('',(0.,-1.,0.));
#4995=DIRECTION('',(0.,0.,-0.999999999999994));
#4996=DIRECTION('',(0.,-1.,0.));
#4997=DIRECTION('',(0.,1.,0.));
#4998=DIRECTION('',(0.,1.,0.));
#4999=DIRECTION('',(0.,0.,1.00000000000003));
#5000=DIRECTION('',(0.,-1.,0.));
#5001=DIRECTION('',(2.67974922552551E-14,0.,-1.));
#5002=DIRECTION('',(-1.,0.,-2.67980082568897E-14));
#5003=DIRECTION('',(0.,1.,0.));
#5004=DIRECTION('',(0.,-1.,0.));
#5005=DIRECTION('',(0.,0.,-0.999999999999994));
#5006=DIRECTION('',(0.,-1.,0.));
#5007=DIRECTION('',(0.707106781186536,0.,-0.707106781186559));
#5008=DIRECTION('',(-0.707106781186559,0.,-0.707106781186536));
#5009=DIRECTION('',(0.,1.,0.));
#5010=DIRECTION('',(0.,1.,0.));
#5011=DIRECTION('',(0.,0.,1.00000000000003));
#5012=DIRECTION('',(0.,1.,0.));
#5013=DIRECTION('',(0.,0.,1.00000000000003));
#5014=DIRECTION('',(0.,-1.,0.));
#5015=DIRECTION('',(0.,1.,0.));
#5016=DIRECTION('',(0.,-1.,0.));
#5017=DIRECTION('',(0.,0.,-1.00000000000003));
#5018=DIRECTION('',(0.,-0.707106781186548,-0.707106781186548));
#5019=DIRECTION('',(0.,0.707106781186548,0.707106781186548));
#5020=DIRECTION('',(1.,0.,0.));
#5021=DIRECTION('',(0.,-0.707106781186547,0.707106781186547));
#5022=DIRECTION('',(0.,-0.707106781186548,-0.707106781186548));
#5023=DIRECTION('',(0.,1.,0.));
#5024=DIRECTION('',(0.,-1.,0.));
#5025=DIRECTION('',(0.,0.,0.999999999999994));
#5026=DIRECTION('',(0.,-1.,0.));
#5027=DIRECTION('',(0.,0.,-0.999999999999994));
#5028=DIRECTION('',(0.,0.,1.));
#5029=DIRECTION('',(0.,-1.,0.));
#5030=DIRECTION('',(0.,0.,-1.));
#5031=DIRECTION('',(1.,0.,0.));
#5032=DIRECTION('',(0.,1.,0.));
#5033=DIRECTION('',(0.,0.,-1.));
#5034=DIRECTION('',(-1.,0.,0.));
#5035=DIRECTION('',(0.,0.,1.));
#5036=DIRECTION('',(0.,1.,0.));
#5037=DIRECTION('',(0.,0.,1.));
#5038=DIRECTION('',(0.,-1.,0.));
#5039=DIRECTION('',(1.,0.,0.));
#5040=DIRECTION('',(0.,1.,0.));
#5041=DIRECTION('',(0.,1.,0.));
#5042=DIRECTION('',(1.,0.,0.));
#5043=DIRECTION('',(0.,1.,0.));
#5044=DIRECTION('',(0.,0.,-1.));
#5045=DIRECTION('',(0.,1.,0.));
#5046=DIRECTION('',(1.,0.,0.));
#5047=DIRECTION('',(0.,1.,0.));
#5048=DIRECTION('',(1.,0.,0.));
#5049=DIRECTION('',(0.,1.,0.));
#5050=DIRECTION('',(1.,0.,0.));
#5051=DIRECTION('',(0.,1.,0.));
#5052=DIRECTION('',(0.,0.,-1.));
#5053=DIRECTION('',(-1.,0.,0.));
#5054=DIRECTION('',(0.,-1.,0.));
#5055=DIRECTION('',(1.,0.,0.));
#5056=DIRECTION('',(0.,1.,0.));
#5057=DIRECTION('',(0.,0.,-1.));
#5058=DIRECTION('',(0.,-1.,0.));
#5059=DIRECTION('',(0.,1.,0.));
#5060=DIRECTION('',(0.,-1.,0.));
#5061=DIRECTION('',(0.,0.,0.999999999999994));
#5062=DIRECTION('',(0.,1.,0.));
#5063=DIRECTION('',(0.,1.,0.));
#5064=DIRECTION('',(0.,1.,0.));
#5065=DIRECTION('',(0.,0.,-1.00000000000003));
#5066=DIRECTION('',(0.,0.,1.));
#5067=DIRECTION('',(0.,1.,0.));
#5068=DIRECTION('',(0.,-1.,0.));
#5069=DIRECTION('',(0.,1.,0.));
#5070=DIRECTION('',(0.,0.,-1.00000000000003));
#5071=DIRECTION('',(0.,0.,-1.));
#5072=DIRECTION('',(0.,1.,0.));
#5073=DIRECTION('',(-1.,0.,0.));
#5074=DIRECTION('',(0.,-1.,0.));
#5075=DIRECTION('',(2.67974922552551E-14,0.,1.));
#5076=DIRECTION('',(-1.,0.,2.67980082568897E-14));
#5077=DIRECTION('',(0.707106781186536,0.,0.707106781186559));
#5078=DIRECTION('',(-0.707106781186559,0.,0.707106781186536));
#5079=DIRECTION('',(0.,1.,0.));
#5080=DIRECTION('',(0.,0.,-1.));
#5081=DIRECTION('',(0.,-1.,0.));
#5082=DIRECTION('',(1.,0.,0.));
#5083=DIRECTION('',(0.,-1.,0.));
#5084=DIRECTION('',(0.,0.,-1.));
#5085=DIRECTION('',(-1.,0.,0.));
#5086=DIRECTION('',(0.,-1.,0.));
#5087=DIRECTION('',(1.,0.,0.));
#5088=DIRECTION('',(0.,1.,0.));
#5089=DIRECTION('',(-1.,0.,0.));
#5090=DIRECTION('',(0.,-1.,0.));
#5091=DIRECTION('',(-1.,0.,0.));
#5092=DIRECTION('',(1.73281737686225E-18,-1.,0.));
#5093=DIRECTION('',(0.,0.866025403784442,0.499999999999994));
#5094=DIRECTION('',(0.,4.04469315044626E-15,1.));
#5095=DIRECTION('',(0.,-0.866025403784434,0.500000000000007));
#5096=DIRECTION('',(0.,-0.866025403784442,-0.499999999999995));
#5097=DIRECTION('',(0.,-5.77813307206598E-16,-1.));
#5098=DIRECTION('',(0.,0.866025403784441,-0.499999999999995));
#5099=DIRECTION('',(1.,0.,0.));
#5100=DIRECTION('',(0.,1.,0.));
#5101=DIRECTION('',(0.,-0.866025403784441,0.499999999999995));
#5102=DIRECTION('',(-1.,0.,0.));
#5103=DIRECTION('',(-1.,0.,0.));
#5104=DIRECTION('',(0.,0.499999999999995,0.866025403784441));
#5105=DIRECTION('',(0.,-0.866025403784441,0.499999999999995));
#5106=DIRECTION('',(0.,5.77813307206598E-16,1.));
#5107=DIRECTION('',(-1.,0.,0.));
#5108=DIRECTION('',(0.,1.,-5.77813307206598E-16));
#5109=DIRECTION('',(0.,5.79397640976254E-16,1.));
#5110=DIRECTION('',(0.,0.866025403784442,0.499999999999995));
#5111=DIRECTION('',(-1.,0.,0.));
#5112=DIRECTION('',(0.,0.499999999999995,-0.866025403784442));
#5113=DIRECTION('',(0.,0.866025403784442,0.499999999999995));
#5114=DIRECTION('',(0.,0.866025403784434,-0.500000000000007));
#5115=DIRECTION('',(-1.,0.,0.));
#5116=DIRECTION('',(0.,-0.500000000000007,-0.866025403784434));
#5117=DIRECTION('',(0.,0.866025403784434,-0.500000000000007));
#5118=DIRECTION('',(0.,-4.04469315044626E-15,-1.));
#5119=DIRECTION('',(-1.,0.,0.));
#5120=DIRECTION('',(0.,-1.,4.04469315044626E-15));
#5121=DIRECTION('',(0.,-4.04537514597791E-15,-1.));
#5122=DIRECTION('',(0.,-0.866025403784442,-0.499999999999994));
#5123=DIRECTION('',(0.,-0.499999999999994,0.866025403784442));
#5124=DIRECTION('',(0.,-0.866025403784442,-0.499999999999994));
#5125=DIRECTION('',(1.,0.,0.));
#5126=DIRECTION('',(0.,1.,0.));
#5127=DIRECTION('',(1.,0.,0.));
#5128=DIRECTION('',(0.,0.,0.999999999999997));
#5129=DIRECTION('',(1.,0.,0.));
#5130=DIRECTION('',(0.,-1.,0.));
#5131=DIRECTION('',(1.,0.,0.));
#5132=DIRECTION('',(0.,0.,0.999999999999997));
#5133=DIRECTION('',(-1.,0.,0.));
#5134=DIRECTION('',(0.,-1.,0.));
#5135=DIRECTION('',(-1.,0.,0.));
#5136=DIRECTION('',(0.,-1.,0.));
#5137=DIRECTION('',(1.,0.,0.));
#5138=DIRECTION('',(-5.43671451990535E-17,1.,0.));
#5139=DIRECTION('',(-1.,0.,0.));
#5140=DIRECTION('',(0.,1.,0.));
#5141=DIRECTION('',(-1.,-2.22044604925031E-16,0.));
#5142=DIRECTION('',(0.,-0.999999999999999,0.));
#5143=DIRECTION('',(-1.,-2.22044604925031E-16,0.));
#5144=DIRECTION('',(2.22044604925031E-16,-1.,0.));
#5145=DIRECTION('',(1.,0.,0.));
#5146=DIRECTION('',(0.,0.,0.999999999999999));
#5147=DIRECTION('',(-1.,0.,0.));
#5148=DIRECTION('',(0.,0.,0.999999999999999));
#5149=DIRECTION('',(-1.,0.,0.));
#5150=DIRECTION('',(0.,0.,1.));
#5151=DIRECTION('',(-1.,0.,0.));
#5152=DIRECTION('',(0.,0.,1.));
#5153=DIRECTION('',(-1.,0.,0.));
#5154=DIRECTION('',(0.,-1.,0.));
#5155=CARTESIAN_POINT('',(0.,0.,0.));
#5156=CARTESIAN_POINT('',(11.4005719403976,23.4948106553203,-44.835925));
#5157=CARTESIAN_POINT('',(11.4005719403976,22.1448106553203,-44.835925));
#5158=CARTESIAN_POINT('',(11.4005719403976,23.4948106553203,-44.835925));
#5159=CARTESIAN_POINT('',(11.4005719403976,21.3948106553203,-44.835925));
#5160=CARTESIAN_POINT('',(11.4005719403976,23.4948106553203,-44.835925));
#5161=CARTESIAN_POINT('',(15.4505719403976,22.7266960805332,-41.9359250000001));
#5162=CARTESIAN_POINT('',(15.4505719403976,22.9868715977732,-41.8670130666225));
#5163=CARTESIAN_POINT('',(15.4371534804039,23.2587140624809,-41.8331432946586));
#5164=CARTESIAN_POINT('',(15.4379171880374,23.527843749261,-41.8361068697287));
#5165=CARTESIAN_POINT('',(15.4386189381048,23.7751396614059,-41.8388300178471));
#5166=CARTESIAN_POINT('',(15.4505719403976,24.0238570595782,-41.8726037082238));
#5167=CARTESIAN_POINT('',(15.4505719403976,24.2629252301074,-41.9359250000001));
#5168=CARTESIAN_POINT('',(15.4505719403976,22.7266960805332,-41.9359250000001));
#5169=CARTESIAN_POINT('',(15.4505719403976,24.2629252301074,-41.9359250000001));
#5170=CARTESIAN_POINT('',(15.4505719403976,23.4948106553203,-44.835925));
#5171=CARTESIAN_POINT('',(15.4505719403976,22.7266960805336,-47.7359250000001));
#5172=CARTESIAN_POINT('',(15.4505719403976,24.2629252301069,-47.7359250000001));
#5173=CARTESIAN_POINT('',(15.4505719403976,24.002749712867,-47.8048369333775));
#5174=CARTESIAN_POINT('',(15.4371534804039,23.7309072481593,-47.8387067053415));
#5175=CARTESIAN_POINT('',(15.4379171880374,23.4617775613791,-47.8357431302713));
#5176=CARTESIAN_POINT('',(15.4386189381048,23.2144816492346,-47.8330199821529));
#5177=CARTESIAN_POINT('',(15.4505719403976,22.9657642510626,-47.7992462917762));
#5178=CARTESIAN_POINT('',(15.4505719403976,22.7266960805336,-47.7359250000001));
#5179=CARTESIAN_POINT('',(15.4505719403976,24.2629252301069,-47.7359250000001));
#5180=CARTESIAN_POINT('',(15.4505719403976,23.4948106553203,-44.835925));
#5181=CARTESIAN_POINT('',(15.9005719403976,23.4948106553203,-44.835925));
#5182=CARTESIAN_POINT('',(15.9005719403976,26.4948106553203,-44.835925));
#5183=CARTESIAN_POINT('',(15.4005719403976,23.4948106553203,-44.835925));
#5184=CARTESIAN_POINT('',(16.9005719403976,23.4948106553203,-44.835925));
#5185=CARTESIAN_POINT('',(16.9005719403976,25.4948106553203,-44.835925));
#5186=CARTESIAN_POINT('',(15.9005719403976,23.4948106553203,-44.835925));
#5187=CARTESIAN_POINT('',(16.9005719403976,24.9948106553203,-44.835925));
#5188=CARTESIAN_POINT('',(16.9005719403976,24.9948106553203,-45.7019504037845));
#5189=CARTESIAN_POINT('',(16.9005719403976,24.9948106553203,-43.9698995962156));
#5190=CARTESIAN_POINT('',(16.9005719403976,24.2448106553203,-46.1349631056767));
#5191=CARTESIAN_POINT('',(16.9005719403976,23.4948106553203,-46.5679758075689));
#5192=CARTESIAN_POINT('',(16.9005719403976,22.7448106553203,-46.1349631056767));
#5193=CARTESIAN_POINT('',(16.9005719403976,21.9948106553203,-45.7019504037845));
#5194=CARTESIAN_POINT('',(16.9005719403976,21.9948106553203,-44.835925));
#5195=CARTESIAN_POINT('',(16.9005719403976,21.9948106553203,-43.9698995962156));
#5196=CARTESIAN_POINT('',(16.9005719403976,22.7448106553203,-43.5368868943233));
#5197=CARTESIAN_POINT('',(16.9005719403976,23.4948106553203,-43.1038741924311));
#5198=CARTESIAN_POINT('',(16.9005719403976,24.2448106553203,-43.5368868943234));
#5199=CARTESIAN_POINT('',(16.9005719403976,23.4948106553203,-44.835925));
#5200=CARTESIAN_POINT('',(18.2005719403976,24.9948106553203,-45.7019504037845));
#5201=CARTESIAN_POINT('',(15.4005719403976,24.9948106553203,-45.7019504037845));
#5202=CARTESIAN_POINT('',(15.4005719403976,24.2448106553203,-46.1349631056767));
#5203=CARTESIAN_POINT('',(15.4005719403976,23.4948106553203,-46.5679758075689));
#5204=CARTESIAN_POINT('',(18.2005719403976,23.4948106553203,-46.5679758075689));
#5205=CARTESIAN_POINT('',(18.2005719403976,23.4948106553203,-46.5679758075689));
#5206=CARTESIAN_POINT('',(15.4005719403976,21.9948106553203,-45.7019504037845));
#5207=CARTESIAN_POINT('',(15.4005719403976,21.9948106553203,-45.7019504037845));
#5208=CARTESIAN_POINT('',(18.2005719403976,21.9948106553203,-45.7019504037845));
#5209=CARTESIAN_POINT('',(18.2005719403976,21.9948106553203,-45.7019504037845));
#5210=CARTESIAN_POINT('',(15.4005719403976,21.9948106553203,-43.9698995962156));
#5211=CARTESIAN_POINT('',(15.4005719403976,21.9948106553203,-43.9698995962156));
#5212=CARTESIAN_POINT('',(18.2005719403976,21.9948106553203,-43.9698995962156));
#5213=CARTESIAN_POINT('',(18.2005719403976,21.9948106553203,-43.9698995962156));
#5214=CARTESIAN_POINT('',(15.4005719403976,23.4948106553203,-43.1038741924311));
#5215=CARTESIAN_POINT('',(15.4005719403976,23.4948106553203,-43.1038741924311));
#5216=CARTESIAN_POINT('',(18.2005719403976,23.4948106553203,-43.1038741924311));
#5217=CARTESIAN_POINT('',(18.2005719403976,23.4948106553203,-43.1038741924311));
#5218=CARTESIAN_POINT('',(15.4005719403976,24.9948106553203,-43.9698995962156));
#5219=CARTESIAN_POINT('',(15.4005719403976,24.9948106553203,-43.9698995962156));
#5220=CARTESIAN_POINT('',(18.2005719403976,24.9948106553203,-43.9698995962156));
#5221=CARTESIAN_POINT('',(18.2005719403976,24.9948106553203,-43.9698995962156));
#5222=CARTESIAN_POINT('',(15.4005719403976,24.9948106553203,-45.7019504037845));
#5223=CARTESIAN_POINT('',(18.2005719403976,24.9948106553203,-45.7019504037845));
#5224=CARTESIAN_POINT('',(15.4005719403976,23.4948106553203,-44.835925));
#5225=CARTESIAN_POINT('',(15.4005719403976,22.1448106553203,-44.835925));
#5226=CARTESIAN_POINT('',(15.4005719403976,23.4948106553203,-44.835925));
#5227=CARTESIAN_POINT('',(16.9005719403976,23.4948106553203,-44.835925));
#5228=CARTESIAN_POINT('',(9.9505719403976,23.4948106553203,-44.8359249999999));
#5229=CARTESIAN_POINT('',(9.9505719403976,23.4948106553203,-46.9359249999999));
#5230=CARTESIAN_POINT('',(9.9505719403976,23.4948106553203,-44.8359249999999));
#5231=CARTESIAN_POINT('',(9.9505719403976,23.4948106553203,-44.8359249999999));
#5232=CARTESIAN_POINT('',(9.9505719403976,22.3948106553203,-44.8359249999999));
#5233=CARTESIAN_POINT('',(9.9505719403976,23.4948106553203,-44.8359249999999));
#5234=CARTESIAN_POINT('',(8.09199329663491,27.4948106553203,-47.1359250000001));
#5235=CARTESIAN_POINT('',(10.3505719403976,27.4948106553203,-47.1359250000001));
#5236=CARTESIAN_POINT('',(9.85057194039762,27.4948106553203,-47.1359250000001));
#5237=CARTESIAN_POINT('',(10.3505719403976,46.8948106553203,-47.1359250000001));
#5238=CARTESIAN_POINT('',(10.3505719403976,17.8948106553203,-47.1359250000001));
#5239=CARTESIAN_POINT('',(8.09199329663491,17.8948106553203,-47.1359250000001));
#5240=CARTESIAN_POINT('',(9.85057194039762,17.8948106553203,-47.1359250000001));
#5241=CARTESIAN_POINT('',(9.85057194039762,27.8948106553203,-47.1359250000001));
#5242=CARTESIAN_POINT('',(8.09199329663491,46.8948106553203,-47.1359250000001));
#5243=CARTESIAN_POINT('',(7.79199329663488,17.8948106553203,-42.5359250000001));
#5244=CARTESIAN_POINT('',(10.3505719403976,17.8948106553203,-42.5359250000001));
#5245=CARTESIAN_POINT('',(9.85057194039762,17.8948106553203,-42.5359250000001));
#5246=CARTESIAN_POINT('',(10.3505719403976,46.8948106553203,-42.5359250000001));
#5247=CARTESIAN_POINT('',(10.3505719403976,27.4948106553203,-42.5359250000001));
#5248=CARTESIAN_POINT('',(7.91625736534676,27.4948106553203,-42.5359250000001));
#5249=CARTESIAN_POINT('',(9.85057194039762,27.4948106553203,-42.5359250000001));
#5250=CARTESIAN_POINT('',(9.85057194039762,46.8948106553203,-42.5359250000001));
#5251=CARTESIAN_POINT('',(8.09199329663491,46.8948106553203,-42.5359250000001));
#5252=CARTESIAN_POINT('',(6.20057194039775,23.4948106553203,-44.8359249999999));
#5253=CARTESIAN_POINT('',(6.20057194039775,24.5948106553203,-44.8359249999999));
#5254=CARTESIAN_POINT('',(6.20057194039775,23.4948106553203,-44.8359249999999));
#5255=CARTESIAN_POINT('',(6.20057194039775,23.4948106553203,-43.5859249999999));
#5256=CARTESIAN_POINT('',(6.20057194039775,23.4948106553203,-44.8359249999999));
#5257=CARTESIAN_POINT('',(-1.36674709752128,23.4948106553203,-44.8359249999999));
#5258=CARTESIAN_POINT('',(-1.36674709752128,23.4948106553203,-43.5859249999999));
#5259=CARTESIAN_POINT('',(0.579412421438105,24.0885277596724,-43.735925));
#5260=CARTESIAN_POINT('',(0.509818871314526,24.0885277596724,-43.735925));
#5261=CARTESIAN_POINT('',(0.439497876244522,24.1016785582757,-43.7428488151759));
#5262=CARTESIAN_POINT('',(0.374389775730219,24.1229302977883,-43.7552003751548));
#5263=CARTESIAN_POINT('',(0.279463431825667,24.1539149205557,-43.7732087093106));
#5264=CARTESIAN_POINT('',(0.191683862183145,24.2011203937288,-43.802724623958));
#5265=CARTESIAN_POINT('',(0.11156586114442,24.2507077408941,-43.8403751037008));
#5266=CARTESIAN_POINT('',(-0.0176531914618124,24.3306851484539,-43.9011000251849));
#5267=CARTESIAN_POINT('',(-0.132782850953306,24.4202366284941,-43.9853905059311));
#5268=CARTESIAN_POINT('',(-0.230041824524851,24.4986613296279,-44.0910868808812));
#5269=CARTESIAN_POINT('',(-0.304549556549948,24.5587405840313,-44.1720583007061));
#5270=CARTESIAN_POINT('',(-0.369951444128227,24.6142542774804,-44.2679278337887));
#5271=CARTESIAN_POINT('',(-0.41937295514151,24.6567367409511,-44.3750261265682));
#5272=CARTESIAN_POINT('',(-0.459402534501546,24.691145950788,-44.4617717464864));
#5273=CARTESIAN_POINT('',(-0.489645669261602,24.7176449780788,-44.5580388849203));
#5274=CARTESIAN_POINT('',(-0.505976304584247,24.7319721995725,-44.65723164975));
#5275=CARTESIAN_POINT('',(-0.522373839626997,24.7463581136454,-44.7568307654701));
#5276=CARTESIAN_POINT('',(-0.524942392145647,24.7486321222733,-44.862198782094));
#5277=CARTESIAN_POINT('',(-0.513227661519552,24.7383388419271,-44.9629590470673));
#5278=CARTESIAN_POINT('',(-0.502524303987087,24.72893421597,-45.0550203308899));
#5279=CARTESIAN_POINT('',(-0.479847906420216,24.7090098233803,-45.1455839412425));
#5280=CARTESIAN_POINT('',(-0.44806726416984,24.6814927965599,-45.2287169241316));
#5281=CARTESIAN_POINT('',(-0.414162653704453,24.652136748052,-45.3174058618654));
#5282=CARTESIAN_POINT('',(-0.369348818616938,24.6136627743127,-45.3997180389801));
#5283=CARTESIAN_POINT('',(-0.317537884493839,24.5704592277227,-45.472698231762));
#5284=CARTESIAN_POINT('',(-0.23875722272289,24.5047664536234,-45.5836676242433));
#5285=CARTESIAN_POINT('',(-0.142085978821523,24.4261823282814,-45.6763318969133));
#5286=CARTESIAN_POINT('',(-0.0343864257512588,24.3487714417799,-45.7487508186473));
#5287=CARTESIAN_POINT('',(0.0755971143849351,24.269718900708,-45.8227055302323));
#5288=CARTESIAN_POINT('',(0.200934815359658,24.1864876638674,-45.8789082729896));
#5289=CARTESIAN_POINT('',(0.342652107274108,24.1339940768534,-45.9101431126927));
#5290=CARTESIAN_POINT('',(0.402905479020526,24.1116755893214,-45.9234231040236));
#5291=CARTESIAN_POINT('',(0.467621970578235,24.0954367661801,-45.932183121286));
#5292=CARTESIAN_POINT('',(0.532977523747059,24.0903408390417,-45.9349444722008));
#5293=CARTESIAN_POINT('',(0.598750399889423,24.0852123722436,-45.9377234555143));
#5294=CARTESIAN_POINT('',(0.666566477816938,24.0917209220877,-45.9343419627937));
#5295=CARTESIAN_POINT('',(0.730114919426827,24.1073555458388,-45.9255528066845));
#5296=CARTESIAN_POINT('',(0.813021116679938,24.1277526974895,-45.9140863491031));
#5297=CARTESIAN_POINT('',(0.891405989748373,24.1627851622576,-45.8935424047214));
#5298=CARTESIAN_POINT('',(0.963353500477121,24.2018543259471,-45.8667446970501));
#5299=CARTESIAN_POINT('',(1.09055122349841,24.2709256337842,-45.819368389469));
#5300=CARTESIAN_POINT('',(1.20390564870819,24.3541932321322,-45.7509825086761));
#5301=CARTESIAN_POINT('',(1.3030316458814,24.4308260301854,-45.6644026508851));
#5302=CARTESIAN_POINT('',(1.40639259640293,24.510732806145,-45.5741238476196));
#5303=CARTESIAN_POINT('',(1.49726892945348,24.5874171120624,-45.4600556167629));
#5304=CARTESIAN_POINT('',(1.5635331366893,24.644155504435,-45.3273580247486));
#5305=CARTESIAN_POINT('',(1.60629613229027,24.680771103182,-45.2417228563782));
#5306=CARTESIAN_POINT('',(1.63956731478185,24.7098584037127,-45.1462240628181));
#5307=CARTESIAN_POINT('',(1.65896367183471,24.7268540402028,-45.047038944985));
#5308=CARTESIAN_POINT('',(1.67844874227635,24.7439274098727,-44.9474001827951));
#5309=CARTESIAN_POINT('',(1.68417852381883,24.7489994568117,-44.8411775699593));
#5310=CARTESIAN_POINT('',(1.67512802244673,24.7410420456703,-44.7389336513842));
#5311=CARTESIAN_POINT('',(1.66691038798247,24.7338169104702,-44.6460986674978));
#5312=CARTESIAN_POINT('',(1.64649902619315,24.7158565020334,-44.5541622671544));
#5313=CARTESIAN_POINT('',(1.61658466622569,24.6898948638001,-44.4694911933688));
#5314=CARTESIAN_POINT('',(1.58521820822293,24.6626729999123,-44.3807100299798));
#5315=CARTESIAN_POINT('',(1.5429095501584,24.6262267075928,-44.2978143269862));
#5316=CARTESIAN_POINT('',(1.49349700334369,24.5847880050288,-44.2240023111557));
#5317=CARTESIAN_POINT('',(1.41898956800543,24.5223040480015,-44.1127037776618));
#5318=CARTESIAN_POINT('',(1.32669673081133,24.4466894967204,-44.0188060088144));
#5319=CARTESIAN_POINT('',(1.22380750929969,24.3710212631426,-43.9444346911689));
#5320=CARTESIAN_POINT('',(1.11868090743775,24.2937075839442,-43.8684461300232));
#5321=CARTESIAN_POINT('',(0.999460003897565,24.2119175939847,-43.8097845891627));
#5322=CARTESIAN_POINT('',(0.864935788227823,24.1536153251453,-43.7736272983095));
#5323=CARTESIAN_POINT('',(0.801893005721593,24.1262928298179,-43.7566827191352));
#5324=CARTESIAN_POINT('',(0.7338271165108,24.1043669908603,-43.7445647901054));
#5325=CARTESIAN_POINT('',(0.663955834838657,24.0945169073718,-43.7391787160991));
#5326=CARTESIAN_POINT('',(0.636041288059404,24.0905816623078,-43.7370269047796));
#5327=CARTESIAN_POINT('',(0.60768499414664,24.0885277596724,-43.735925));
#5328=CARTESIAN_POINT('',(0.579412421438105,24.0885277596724,-43.735925));
#5329=CARTESIAN_POINT('',(0.579412421438105,24.0885277596724,-43.735925));
#5330=CARTESIAN_POINT('',(6.20057194039775,23.4948106553203,-44.8359249999999));
#5331=CARTESIAN_POINT('',(14.9505719403976,27.4948106553203,-42.035925));
#5332=CARTESIAN_POINT('',(14.9505719403976,27.4948106553203,-41.8359250000001));
#5333=CARTESIAN_POINT('',(15.1505719403976,27.4948106553203,-42.035925));
#5334=CARTESIAN_POINT('',(14.9505719403976,22.8948106553203,-41.8359250000001));
#5335=CARTESIAN_POINT('',(14.9505719403976,17.8948106553203,-41.835925));
#5336=CARTESIAN_POINT('',(14.9505719403976,17.8948106553203,-42.035925));
#5337=CARTESIAN_POINT('',(15.1505719403976,17.8948106553203,-42.035925));
#5338=CARTESIAN_POINT('',(15.1505719403976,22.8948106553203,-42.035925));
#5339=CARTESIAN_POINT('',(14.9505719403976,22.8948106553203,-42.035925));
#5340=CARTESIAN_POINT('',(14.9505719403976,27.4948106553203,-47.6359250000001));
#5341=CARTESIAN_POINT('',(15.1505719403976,27.4948106553203,-47.6359250000001));
#5342=CARTESIAN_POINT('',(14.9505719403976,27.4948106553203,-47.8359250000001));
#5343=CARTESIAN_POINT('',(15.1505719403976,22.8948106553203,-47.6359250000001));
#5344=CARTESIAN_POINT('',(15.1505719403976,17.8948106553203,-47.6359250000001));
#5345=CARTESIAN_POINT('',(14.9505719403976,17.8948106553203,-47.6359250000001));
#5346=CARTESIAN_POINT('',(14.9505719403976,17.8948106553203,-47.8359250000001));
#5347=CARTESIAN_POINT('',(14.9505719403976,22.8948106553203,-47.8359250000001));
#5348=CARTESIAN_POINT('',(14.9505719403976,22.8948106553203,-47.6359250000001));
#5349=CARTESIAN_POINT('',(2.73325290247872,46.8948106553203,-43.2359249999999));
#5350=CARTESIAN_POINT('',(2.73325290247872,27.4948106553203,-43.2359249999999));
#5351=CARTESIAN_POINT('',(2.73325290247872,19.8948106553203,-43.2359249999999));
#5352=CARTESIAN_POINT('',(2.73325290247872,27.4948106553203,-47.435925));
#5353=CARTESIAN_POINT('',(2.73325290247872,27.4948106553203,-42.685925));
#5354=CARTESIAN_POINT('',(2.73325290247872,23.4948106553202,-42.685925));
#5355=CARTESIAN_POINT('',(2.73325290247872,19.8948106553203,-42.685925));
#5356=CARTESIAN_POINT('',(2.73325290247872,19.8948106553203,-43.760925));
#5357=CARTESIAN_POINT('',(2.73325290247872,23.4948106553202,-43.760925));
#5358=CARTESIAN_POINT('',(2.73325290247872,46.8948106553203,-46.4359250000002));
#5359=CARTESIAN_POINT('',(2.73325290247872,19.8948106553203,-46.4359250000002));
#5360=CARTESIAN_POINT('',(2.73325290247872,27.4948106553203,-46.4359250000002));
#5361=CARTESIAN_POINT('',(2.73325290247872,19.8948106553203,-43.760925));
#5362=CARTESIAN_POINT('',(2.73325290247872,19.8948106553203,-46.985925));
#5363=CARTESIAN_POINT('',(2.73325290247872,23.4948106553202,-46.985925));
#5364=CARTESIAN_POINT('',(2.73325290247872,27.4948106553203,-46.985925));
#5365=CARTESIAN_POINT('',(2.73325290247872,27.4948106553203,-47.435925));
#5366=CARTESIAN_POINT('',(2.73325290247872,23.4948106553202,-43.760925));
#5367=CARTESIAN_POINT('',(14.9505719403976,19.8948106553203,-46.985925));
#5368=CARTESIAN_POINT('',(-1.36674709752128,19.8948106553203,-46.985925));
#5369=CARTESIAN_POINT('',(-1.36674709752128,23.4948106553202,-46.985925));
#5370=CARTESIAN_POINT('',(-1.36674709752128,27.4948106553203,-46.985925));
#5371=CARTESIAN_POINT('',(-1.36674709752128,27.4948106553203,-46.985925));
#5372=CARTESIAN_POINT('',(-1.36674709752128,23.4948106553202,-46.985925));
#5373=CARTESIAN_POINT('',(-1.36674709752128,23.4948106553202,-42.685925));
#5374=CARTESIAN_POINT('',(-1.36674709752128,27.4948106553203,-42.685925));
#5375=CARTESIAN_POINT('',(-1.36674709752128,19.8948106553203,-42.685925));
#5376=CARTESIAN_POINT('',(-1.36674709752128,19.8948106553203,-42.685925));
#5377=CARTESIAN_POINT('',(7.91625736534676,27.4948106553203,-42.685925));
#5378=CARTESIAN_POINT('',(-1.36674709752128,23.4948106553202,-42.685925));
#5379=CARTESIAN_POINT('',(6.5794124214381,28.0948106553203,-44.835925));
#5380=CARTESIAN_POINT('',(6.0794124214381,28.0948106553203,-44.835925));
#5381=CARTESIAN_POINT('',(6.5794124214381,27.4948106553203,-44.835925));
#5382=CARTESIAN_POINT('',(6.5794124214381,27.4948106553203,-44.335925));
#5383=CARTESIAN_POINT('',(6.5794124214381,26.4948106553203,-44.835925));
#5384=CARTESIAN_POINT('',(6.5794124214381,28.0948106553203,-44.835925));
#5385=CARTESIAN_POINT('',(0.579412421438103,27.4948106553203,-44.835925));
#5386=CARTESIAN_POINT('',(0.579412421438103,27.4948106553203,-43.735925));
#5387=CARTESIAN_POINT('',(0.579412421438103,26.4948106553203,-44.835925));
#5388=CARTESIAN_POINT('',(6.30915058416043,19.8948106553203,-46.5359250000003));
#5389=CARTESIAN_POINT('',(6.30915058416044,19.8948106553203,-46.4359250000003));
#5390=CARTESIAN_POINT('',(6.37986126227909,19.8948106553203,-46.4652143218816));
#5391=CARTESIAN_POINT('',(6.30915058416044,20.8948106553203,-46.4359250000003));
#5392=CARTESIAN_POINT('',(6.30915058416044,27.4948106553203,-46.4359250000003));
#5393=CARTESIAN_POINT('',(6.30915058416043,27.4948106553203,-46.5359250000003));
#5394=CARTESIAN_POINT('',(6.37986126227909,27.4948106553203,-46.4652143218816));
#5395=CARTESIAN_POINT('',(6.37986126227909,26.4948106553203,-46.4652143218816));
#5396=CARTESIAN_POINT('',(6.30915058416043,46.8948106553203,-46.5359250000003));
#5397=CARTESIAN_POINT('',(6.30915058416043,27.4948106553203,-43.1359249999999));
#5398=CARTESIAN_POINT('',(6.30915058416044,27.4948106553203,-43.2359249999999));
#5399=CARTESIAN_POINT('',(6.37986126227909,27.4948106553203,-43.2066356781185));
#5400=CARTESIAN_POINT('',(6.30915058416044,26.4948106553203,-43.2359249999999));
#5401=CARTESIAN_POINT('',(6.30915058416044,19.8948106553203,-43.2359249999999));
#5402=CARTESIAN_POINT('',(6.30915058416043,19.8948106553203,-43.1359249999999));
#5403=CARTESIAN_POINT('',(6.37986126227909,19.8948106553203,-43.2066356781185));
#5404=CARTESIAN_POINT('',(6.37986126227909,20.8948106553203,-43.2066356781185));
#5405=CARTESIAN_POINT('',(6.30915058416043,46.8948106553203,-43.1359249999999));
#5406=CARTESIAN_POINT('',(7.91625736534665,27.4948106553203,-43.2359249999998));
#5407=CARTESIAN_POINT('',(-1.22058757856186,19.8948106553203,-43.2359250000001));
#5408=CARTESIAN_POINT('',(-1.22058757856186,46.8948106553203,-43.2359250000001));
#5409=CARTESIAN_POINT('',(14.9505719403976,19.8948106553203,-46.4359250000005));
#5410=CARTESIAN_POINT('',(-1.22058757856186,27.4948106553203,-46.4359250000001));
#5411=CARTESIAN_POINT('',(-1.22058757856186,46.8948106553203,-46.4359250000001));
#5412=CARTESIAN_POINT('',(-1.02058757856188,-2.50518934467971,-44.7859250000001));
#5413=CARTESIAN_POINT('',(-1.02058757856188,19.8948106553203,-44.7859250000001));
#5414=CARTESIAN_POINT('',(-1.02058757856188,17.8948106553203,-44.7859250000001));
#5415=CARTESIAN_POINT('',(-1.02058757856188,19.8948106553203,-46.185925));
#5416=CARTESIAN_POINT('',(-1.02058757856188,19.8948106553203,-44.885925));
#5417=CARTESIAN_POINT('',(-1.02058757856188,22.8948106553203,-44.885925));
#5418=CARTESIAN_POINT('',(-1.02058757856188,17.8948106553203,-44.885925));
#5419=CARTESIAN_POINT('',(-1.02058757856188,17.8948106553203,-47.7359249999999));
#5420=CARTESIAN_POINT('',(-1.02058757856188,22.8948106553203,-46.185925));
#5421=CARTESIAN_POINT('',(-1.36674709752128,19.8948106553203,-44.6859250000001));
#5422=CARTESIAN_POINT('',(-1.36674709752128,27.4948106553203,-44.835925));
#5423=CARTESIAN_POINT('',(-1.36674709752128,7.99509691164687,-44.835925));
#5424=CARTESIAN_POINT('',(9.85057194039762,17.8948106553203,-47.2359250000001));
#5425=CARTESIAN_POINT('',(9.85057194039762,17.8948106553203,-47.8359250000001));
#5426=CARTESIAN_POINT('',(9.85057194039762,22.8948106553203,-47.8359250000001));
#5427=CARTESIAN_POINT('',(9.85057194039762,19.8948106553203,-47.8359250000001));
#5428=CARTESIAN_POINT('',(9.85057194039762,19.8948106553203,-47.2359250000001));
#5429=CARTESIAN_POINT('',(9.85057194039762,19.8948106553203,-48.1359250000001));
#5430=CARTESIAN_POINT('',(9.85057194039762,46.8948106553203,-48.1359250000001));
#5431=CARTESIAN_POINT('',(9.85057194039762,27.4948106553203,-48.1359250000001));
#5432=CARTESIAN_POINT('',(9.85057194039762,27.4948106553203,-47.435925));
#5433=CARTESIAN_POINT('',(9.85057194039762,27.8948106553203,-47.2359250000001));
#5434=CARTESIAN_POINT('',(9.85057194039762,27.4948106553203,-42.4359250000001));
#5435=CARTESIAN_POINT('',(9.85057194039762,27.4948106553203,-41.5359250000001));
#5436=CARTESIAN_POINT('',(9.85057194039762,27.8948106553203,-41.5359250000001));
#5437=CARTESIAN_POINT('',(9.85057194039762,19.8948106553203,-41.535925));
#5438=CARTESIAN_POINT('',(9.85057194039762,19.8948106553203,-44.6859250000001));
#5439=CARTESIAN_POINT('',(9.85057194039762,19.8948106553203,-41.835925));
#5440=CARTESIAN_POINT('',(9.85057194039762,27.8948106553203,-41.8359250000001));
#5441=CARTESIAN_POINT('',(9.85057194039762,17.8948106553203,-41.835925));
#5442=CARTESIAN_POINT('',(9.85057194039762,17.8948106553203,-47.7359249999999));
#5443=CARTESIAN_POINT('',(9.85057194039762,27.8948106553203,-42.4359250000001));
#5444=CARTESIAN_POINT('',(8.09199329663491,17.8948106553203,-47.8359250000001));
#5445=CARTESIAN_POINT('',(10.3505719403976,17.8948106553203,-47.8359250000001));
#5446=CARTESIAN_POINT('',(15.1505719403976,17.8948106553203,-47.7359249999999));
#5447=CARTESIAN_POINT('',(7.79199329663488,17.8948106553203,-41.8359250000001));
#5448=CARTESIAN_POINT('',(10.3505719403976,17.8948106553203,-41.8359250000001));
#5449=CARTESIAN_POINT('',(10.3505719403976,17.8948106553203,-42.4359250000001));
#5450=CARTESIAN_POINT('',(7.79199329663488,17.8948106553203,-41.8359250000001));
#5451=CARTESIAN_POINT('',(8.21625736534681,17.8948106553203,-41.835925));
#5452=CARTESIAN_POINT('',(8.21625736534681,17.8948106553203,-41.9359250000001));
#5453=CARTESIAN_POINT('',(8.14554668722817,17.8948106553203,-41.8652143218814));
#5454=CARTESIAN_POINT('',(5.03341465287226,17.8948106553203,-44.9773463562372));
#5455=CARTESIAN_POINT('',(6.44199329663504,17.8948106553203,-43.5687677124745));
#5456=CARTESIAN_POINT('',(6.15915058416042,17.8948106553203,-43.2859249999999));
#5457=CARTESIAN_POINT('',(6.15915058416043,17.8948106553203,-43.6859249999998));
#5458=CARTESIAN_POINT('',(7.79199329663477,17.8948106553203,-43.6859249999998));
#5459=CARTESIAN_POINT('',(-0.920587578561894,17.8948106553203,-43.6859250000001));
#5460=CARTESIAN_POINT('',(-0.920587578561886,17.8948106553203,-43.7859250000001));
#5461=CARTESIAN_POINT('',(-1.02058757856188,17.8948106553203,-43.785925));
#5462=CARTESIAN_POINT('',(-1.02058757856188,17.8948106553203,-47.7359249999999));
#5463=CARTESIAN_POINT('',(-1.02058757856188,17.8948106553203,-47.7359249999999));
#5464=CARTESIAN_POINT('',(-1.02058757856188,17.8948106553203,-45.8859250000001));
#5465=CARTESIAN_POINT('',(-0.920587578561886,17.8948106553203,-45.8859250000001));
#5466=CARTESIAN_POINT('',(-0.920587578561893,17.8948106553203,-45.9859250000001));
#5467=CARTESIAN_POINT('',(-1.22058757856185,17.8948106553203,-45.9859250000001));
#5468=CARTESIAN_POINT('',(6.15915058416043,17.8948106553203,-45.9859250000003));
#5469=CARTESIAN_POINT('',(6.15915058416042,17.8948106553203,-46.3859250000003));
#5470=CARTESIAN_POINT('',(6.44199329663504,17.8948106553203,-46.1030822875257));
#5471=CARTESIAN_POINT('',(6.44199329663485,17.8948106553203,-46.1030822875255));
#5472=CARTESIAN_POINT('',(8.14554668722817,17.8948106553203,-47.8066356781187));
#5473=CARTESIAN_POINT('',(8.21625736534681,17.8948106553203,-47.7359250000001));
#5474=CARTESIAN_POINT('',(8.21625736534681,17.8948106553203,-47.8359250000001));
#5475=CARTESIAN_POINT('',(8.09199329663491,17.8948106553203,-47.8359250000001));
#5476=CARTESIAN_POINT('',(10.3505719403976,17.8948106553203,-47.7359249999999));
#5477=CARTESIAN_POINT('',(7.79199329663488,17.8948106553203,-47.7359249999999));
#5478=CARTESIAN_POINT('',(14.2005969403976,19.8948106553203,-44.7859250000001));
#5479=CARTESIAN_POINT('',(-1.32058757856188,19.8948106553203,-44.7859250000001));
#5480=CARTESIAN_POINT('',(-1.32058757856188,19.8948106553203,-43.4859250000001));
#5481=CARTESIAN_POINT('',(-1.32058757856188,19.8948106553203,-43.785925));
#5482=CARTESIAN_POINT('',(-0.920587578561887,19.8948106553203,-43.785925));
#5483=CARTESIAN_POINT('',(-0.920587578561894,19.8948106553203,-43.385925));
#5484=CARTESIAN_POINT('',(14.2005969403977,19.8948106553203,-43.3859249999997));
#5485=CARTESIAN_POINT('',(6.15915058416043,19.8948106553203,-43.3859249999998));
#5486=CARTESIAN_POINT('',(6.15915058416042,19.8948106553203,-43.2859249999999));
#5487=CARTESIAN_POINT('',(6.22986126227908,19.8948106553203,-43.3566356781185));
#5488=CARTESIAN_POINT('',(6.22986126227888,19.8948106553203,-43.3566356781187));
#5489=CARTESIAN_POINT('',(8.0755906903977,19.8948106553203,-48.1609437500002));
#5490=CARTESIAN_POINT('',(6.22986126227908,19.8948106553203,-46.3152143218816));
#5491=CARTESIAN_POINT('',(6.15915058416042,19.8948106553203,-46.3859250000003));
#5492=CARTESIAN_POINT('',(6.15915058416042,19.8948106553203,-46.2859250000003));
#5493=CARTESIAN_POINT('',(-1.22058757856186,19.8948106553203,-46.2859250000001));
#5494=CARTESIAN_POINT('',(-0.920587578561894,19.8948106553203,-46.2859250000001));
#5495=CARTESIAN_POINT('',(-0.920587578561887,19.8948106553203,-45.8859250000001));
#5496=CARTESIAN_POINT('',(-1.32058757856189,19.8948106553203,-45.8859250000001));
#5497=CARTESIAN_POINT('',(-1.32058757856188,19.8948106553203,-43.4859250000001));
#5498=CARTESIAN_POINT('',(-1.32058757856188,19.8948106553203,-44.885925));
#5499=CARTESIAN_POINT('',(-1.32058757856188,19.8948106553203,-44.885925));
#5500=CARTESIAN_POINT('',(14.9505719403976,19.8948106553203,-44.6859250000001));
#5501=CARTESIAN_POINT('',(14.6505719403976,7.3948106553203,-41.835925));
#5502=CARTESIAN_POINT('',(14.6505719403976,7.3948106553203,-47.435925));
#5503=CARTESIAN_POINT('',(14.6505719403976,7.3948106553203,-42.235925));
#5504=CARTESIAN_POINT('',(14.6505719403976,16.5948106553203,-42.235925));
#5505=CARTESIAN_POINT('',(14.6505719403976,-2.50518934467971,-42.235925));
#5506=CARTESIAN_POINT('',(14.6505719403976,-2.50518934467971,-44.9859250000001));
#5507=CARTESIAN_POINT('',(14.6505719403976,-2.50518934467971,-47.435925));
#5508=CARTESIAN_POINT('',(14.6505719403976,16.5948106553203,-47.435925));
#5509=CARTESIAN_POINT('',(14.6505719403976,16.5948106553203,-41.835925));
#5510=CARTESIAN_POINT('',(15.0505719403976,-3.60518934467971,-41.9359250000001));
#5511=CARTESIAN_POINT('',(15.0505719403976,-3.60518934467971,-41.535925));
#5512=CARTESIAN_POINT('',(15.4505719403976,-3.60518934467971,-41.935925));
#5513=CARTESIAN_POINT('',(15.0505719403976,-3.60518934467971,-41.935925));
#5514=CARTESIAN_POINT('',(15.0505719403976,-4.0051893446797,-41.935925));
#5515=CARTESIAN_POINT('',(15.0505719403976,-3.60518934467971,-41.935925));
#5516=CARTESIAN_POINT('',(15.0505719403976,-3.60518934467971,-41.935925));
#5517=CARTESIAN_POINT('',(14.5505719403976,-3.60518934467971,-41.535925));
#5518=CARTESIAN_POINT('',(8.21625736534682,-3.60518934467971,-41.535925));
#5519=CARTESIAN_POINT('',(8.21625736534682,-3.60518934467971,-41.9359250000001));
#5520=CARTESIAN_POINT('',(8.21625736534682,-4.0051893446797,-41.9359250000001));
#5521=CARTESIAN_POINT('',(8.21625736534682,-4.0051893446797,-41.935925));
#5522=CARTESIAN_POINT('',(14.5505719403976,-3.60518934467971,-41.935925));
#5523=CARTESIAN_POINT('',(8.21625736534682,-3.60518934467971,-41.9359250000001));
#5524=CARTESIAN_POINT('',(7.9334146528722,-3.60518934467971,-41.6530822875254));
#5525=CARTESIAN_POINT('',(8.21625736534681,-3.60518934467971,-41.9359250000001));
#5526=CARTESIAN_POINT('',(8.21625736534682,-3.60518934467971,-41.9359250000001));
#5527=CARTESIAN_POINT('',(7.93341465287219,-3.60518934467971,-41.6530822875254));
#5528=CARTESIAN_POINT('',(6.22986126227908,-3.60518934467971,-43.3566356781185));
#5529=CARTESIAN_POINT('',(6.51270397475369,-3.60518934467971,-43.6394783905931));
#5530=CARTESIAN_POINT('',(6.5127039747537,-4.0051893446797,-43.6394783905931));
#5531=CARTESIAN_POINT('',(6.51270397475369,-4.0051893446797,-43.6394783905931));
#5532=CARTESIAN_POINT('',(11.3834146528723,-3.60518934467971,-38.7687677124747));
#5533=CARTESIAN_POINT('',(6.15915058416045,-3.60518934467971,-43.7859249999998));
#5534=CARTESIAN_POINT('',(6.15915058416044,-3.60518934467971,-43.3859249999999));
#5535=CARTESIAN_POINT('',(6.15915058416047,-4.0051893446797,-43.7859249999998));
#5536=CARTESIAN_POINT('',(6.15915058416043,-4.0051893446797,-43.2859249999999));
#5537=CARTESIAN_POINT('',(6.15915058416043,-3.60518934467971,-43.2859249999999));
#5538=CARTESIAN_POINT('',(6.15915058416043,-3.60518934467971,-43.2859249999999));
#5539=CARTESIAN_POINT('',(-0.920587578561887,-3.60518934467971,-43.785925));
#5540=CARTESIAN_POINT('',(-0.920587578561893,-3.60518934467971,-43.385925));
#5541=CARTESIAN_POINT('',(-0.920587578561884,-4.0051893446797,-43.785925));
#5542=CARTESIAN_POINT('',(-0.920587578561882,-4.0051893446797,-43.785925));
#5543=CARTESIAN_POINT('',(6.15915058416044,-3.60518934467971,-43.3859249999998));
#5544=CARTESIAN_POINT('',(6.15915058416044,-3.60518934467971,-43.7859249999998));
#5545=CARTESIAN_POINT('',(-0.920587578561887,-3.60518934467971,-43.785925));
#5546=CARTESIAN_POINT('',(-1.32058757856189,-3.60518934467971,-43.785925));
#5547=CARTESIAN_POINT('',(-0.920587578561884,-3.60518934467971,-43.785925));
#5548=CARTESIAN_POINT('',(-0.920587578561887,-3.60518934467971,-43.785925));
#5549=CARTESIAN_POINT('',(-1.32058757856188,-3.60518934467971,-43.785925));
#5550=CARTESIAN_POINT('',(-1.32058757856188,-3.60518934467971,-45.8859250000001));
#5551=CARTESIAN_POINT('',(-0.920587578561887,-3.60518934467971,-45.8859250000001));
#5552=CARTESIAN_POINT('',(-0.920587578561887,-4.0051893446797,-45.8859250000001));
#5553=CARTESIAN_POINT('',(-0.920587578561884,-4.0051893446797,-45.8859250000001));
#5554=CARTESIAN_POINT('',(-0.920587578561884,-3.60518934467971,-44.8859250000001));
#5555=CARTESIAN_POINT('',(-0.920587578561887,-3.60518934467971,-45.8859250000001));
#5556=CARTESIAN_POINT('',(-0.920587578561894,-3.60518934467971,-46.2859250000001));
#5557=CARTESIAN_POINT('',(-0.920587578561883,-3.60518934467971,-45.8859250000001));
#5558=CARTESIAN_POINT('',(-0.920587578561887,-3.60518934467971,-45.8859250000001));
#5559=CARTESIAN_POINT('',(-0.920587578561894,-3.60518934467971,-46.2859250000001));
#5560=CARTESIAN_POINT('',(6.15915058416043,-3.60518934467971,-46.2859250000003));
#5561=CARTESIAN_POINT('',(6.15915058416043,-3.60518934467971,-45.8859250000003));
#5562=CARTESIAN_POINT('',(6.15915058416044,-4.0051893446797,-45.8859250000003));
#5563=CARTESIAN_POINT('',(6.15915058416044,-4.0051893446797,-45.8859250000003));
#5564=CARTESIAN_POINT('',(-0.920587578561884,-3.60518934467971,-45.8859250000001));
#5565=CARTESIAN_POINT('',(6.51270397475369,-3.60518934467971,-46.032371609407));
#5566=CARTESIAN_POINT('',(6.22986126227908,-3.60518934467971,-46.3152143218816));
#5567=CARTESIAN_POINT('',(6.51270397475367,-4.0051893446797,-46.032371609407));
#5568=CARTESIAN_POINT('',(6.15915058416043,-4.0051893446797,-46.3859250000003));
#5569=CARTESIAN_POINT('',(6.15915058416043,-3.60518934467971,-46.3859250000003));
#5570=CARTESIAN_POINT('',(6.15915058416043,-3.60518934467971,-46.3859250000003));
#5571=CARTESIAN_POINT('',(8.21625736534682,-3.60518934467971,-47.7359250000001));
#5572=CARTESIAN_POINT('',(7.9334146528722,-3.60518934467971,-48.0187677124747));
#5573=CARTESIAN_POINT('',(8.21625736534682,-4.0051893446797,-47.7359250000001));
#5574=CARTESIAN_POINT('',(8.21625736534682,-4.0051893446797,-47.7359250000001));
#5575=CARTESIAN_POINT('',(6.22986126227907,-3.60518934467971,-46.3152143218816));
#5576=CARTESIAN_POINT('',(6.51270397475369,-3.60518934467971,-46.032371609407));
#5577=CARTESIAN_POINT('',(8.21625736534682,-3.60518934467971,-47.7359250000001));
#5578=CARTESIAN_POINT('',(8.21625736534682,-3.60518934467971,-48.1359250000001));
#5579=CARTESIAN_POINT('',(8.21625736534682,-3.60518934467971,-47.7359250000001));
#5580=CARTESIAN_POINT('',(8.21625736534682,-3.60518934467971,-47.7359250000001));
#5581=CARTESIAN_POINT('',(8.21625736534682,-3.60518934467971,-48.1359250000001));
#5582=CARTESIAN_POINT('',(15.0505719403976,-3.60518934467971,-48.1359250000001));
#5583=CARTESIAN_POINT('',(15.0505719403976,-3.60518934467971,-47.7359250000001));
#5584=CARTESIAN_POINT('',(15.0505719403976,-4.0051893446797,-47.7359250000001));
#5585=CARTESIAN_POINT('',(14.5505719403976,-4.0051893446797,-47.7359250000001));
#5586=CARTESIAN_POINT('',(14.5505719403976,-3.60518934467971,-47.7359250000001));
#5587=CARTESIAN_POINT('',(15.0505719403976,-3.60518934467971,-47.7359250000001));
#5588=CARTESIAN_POINT('',(15.4505719403976,-3.60518934467971,-47.7359250000001));
#5589=CARTESIAN_POINT('',(15.0505719403976,-3.60518934467971,-47.7359250000001));
#5590=CARTESIAN_POINT('',(15.0505719403976,-3.60518934467971,-47.7359250000001));
#5591=CARTESIAN_POINT('',(15.4505719403976,-3.60518934467971,-43.8359250000001));
#5592=CARTESIAN_POINT('',(15.0505719403976,-4.0051893446797,-45.8359250000001));
#5593=CARTESIAN_POINT('',(15.0505719403976,-3.60518934467971,-41.9359250000001));
#5594=CARTESIAN_POINT('',(11.6574124214382,-4.0051893446797,-45.025));
#5595=CARTESIAN_POINT('',(11.6574124214382,-4.0051893446797,-46.775));
#5596=CARTESIAN_POINT('',(14.5505719403976,-4.0051893446797,-41.9359250000001));
#5597=CARTESIAN_POINT('',(13.7505719403976,16.5948106553203,-47.435925));
#5598=CARTESIAN_POINT('',(13.7505719403976,17.3448106553203,-47.435925));
#5599=CARTESIAN_POINT('',(13.7505719403976,7.3948106553203,-47.435925));
#5600=CARTESIAN_POINT('',(13.7505719403976,17.3448106553203,-45.8859250000001));
#5601=CARTESIAN_POINT('',(13.7505719403976,17.3448106553203,-42.235925));
#5602=CARTESIAN_POINT('',(13.7505719403976,18.6448106553203,-42.235925));
#5603=CARTESIAN_POINT('',(13.7505719403976,7.3948106553203,-42.235925));
#5604=CARTESIAN_POINT('',(13.7505719403976,7.3948106553203,-41.835925));
#5605=CARTESIAN_POINT('',(13.7505719403976,16.5948106553203,-41.835925));
#5606=CARTESIAN_POINT('',(9.85057194039762,7.3948106553203,-47.435925));
#5607=CARTESIAN_POINT('',(10.3505719403976,7.3948106553203,-42.235925));
#5608=CARTESIAN_POINT('',(14.6005719403976,7.3948106553203,-42.035925));
#5609=CARTESIAN_POINT('',(1.88496692774828,17.3448106553203,-48.6914795063103));
#5610=CARTESIAN_POINT('',(6.72483600910967,17.3448106553203,-43.8516104249491));
#5611=CARTESIAN_POINT('',(8.34052143405875,17.3448106553203,-42.235925));
#5612=CARTESIAN_POINT('',(6.72483600910966,18.6448106553203,-43.8516104249491));
#5613=CARTESIAN_POINT('',(6.72483600910968,-2.50518934467971,-43.8516104249491));
#5614=CARTESIAN_POINT('',(10.2705466872282,-2.50518934467971,-40.3058997468306));
#5615=CARTESIAN_POINT('',(8.34052143405875,-2.50518934467971,-42.235925));
#5616=CARTESIAN_POINT('',(8.34052143405875,18.6448106553203,-42.235925));
#5617=CARTESIAN_POINT('',(6.72483600910967,18.6448106553203,-43.8516104249491));
#5618=CARTESIAN_POINT('',(6.15915058416041,17.3448106553203,-43.2859249999998));
#5619=CARTESIAN_POINT('',(6.15915058416044,17.3448106553203,-44.0859249999999));
#5620=CARTESIAN_POINT('',(6.15915058416044,18.6448106553203,-44.0859249999999));
#5621=CARTESIAN_POINT('',(6.15915058416041,-2.50518934467971,-44.0859249999998));
#5622=CARTESIAN_POINT('',(6.15915058416041,-2.50518934467971,-43.2859249999998));
#5623=CARTESIAN_POINT('',(6.15915058416041,18.6448106553203,-43.2859249999998));
#5624=CARTESIAN_POINT('',(-0.920587578561917,17.3448106553203,-44.085925));
#5625=CARTESIAN_POINT('',(-0.620587578561883,17.3448106553203,-44.085925));
#5626=CARTESIAN_POINT('',(-0.620587578561883,18.6448106553203,-44.085925));
#5627=CARTESIAN_POINT('',(-0.620587578561883,-2.50518934467971,-44.085925));
#5628=CARTESIAN_POINT('',(14.9505719403976,-2.50518934467971,-44.0859249999997));
#5629=CARTESIAN_POINT('',(-0.620587578561882,18.6448106553203,-44.085925));
#5630=CARTESIAN_POINT('',(-0.620587578561883,17.3448106553203,-45.8859250000001));
#5631=CARTESIAN_POINT('',(-0.620587578561882,17.3448106553203,-45.5859250000001));
#5632=CARTESIAN_POINT('',(-0.620587578561881,18.6448106553203,-45.5859250000001));
#5633=CARTESIAN_POINT('',(-0.620587578561883,-2.50518934467971,-45.5859250000001));
#5634=CARTESIAN_POINT('',(-0.620587578561882,-2.50518934467971,-44.9859250000001));
#5635=CARTESIAN_POINT('',(-0.620587578561883,18.6448106553203,-45.5859250000001));
#5636=CARTESIAN_POINT('',(-0.920587578561867,17.3448106553203,-45.5859250000001));
#5637=CARTESIAN_POINT('',(6.15915058416044,17.3448106553203,-45.5859250000003));
#5638=CARTESIAN_POINT('',(6.15915058416042,18.6448106553203,-45.5859250000003));
#5639=CARTESIAN_POINT('',(6.15915058416042,-2.50518934467971,-45.5859250000003));
#5640=CARTESIAN_POINT('',(14.9505719403976,-2.50518934467971,-45.5859250000005));
#5641=CARTESIAN_POINT('',(6.15915058416044,18.6448106553203,-45.5859250000003));
#5642=CARTESIAN_POINT('',(6.15915058416042,17.3448106553203,-46.3859250000002));
#5643=CARTESIAN_POINT('',(6.72483600910965,17.3448106553203,-45.820239575051));
#5644=CARTESIAN_POINT('',(6.72483600910965,18.6448106553203,-45.820239575051));
#5645=CARTESIAN_POINT('',(6.72483600910966,-2.50518934467971,-45.820239575051));
#5646=CARTESIAN_POINT('',(6.15915058416042,-2.50518934467971,-46.3859250000002));
#5647=CARTESIAN_POINT('',(6.15915058416042,18.6448106553203,-46.3859250000002));
#5648=CARTESIAN_POINT('',(2.93496692774834,17.3448106553203,-42.0303704936898));
#5649=CARTESIAN_POINT('',(8.34052143405872,17.3448106553203,-47.435925));
#5650=CARTESIAN_POINT('',(8.34052143405872,18.6448106553203,-47.435925));
#5651=CARTESIAN_POINT('',(8.3405214340587,-2.50518934467971,-47.435925));
#5652=CARTESIAN_POINT('',(10.4205466872283,-2.50518934467971,-49.5159502531695));
#5653=CARTESIAN_POINT('',(8.34052143405872,18.6448106553203,-47.435925));
#5654=CARTESIAN_POINT('',(14.9505719403976,-2.50518934467971,-47.435925));
#5655=CARTESIAN_POINT('',(-0.920587578561875,17.3448106553203,-47.435925));
#5656=CARTESIAN_POINT('',(13.7505719403976,18.6448106553203,-47.435925));
#5657=CARTESIAN_POINT('',(-0.920587578561875,17.3448106553203,-42.235925));
#5658=CARTESIAN_POINT('',(-0.920587578561875,17.3448106553203,-45.8859250000001));
#5659=CARTESIAN_POINT('',(14.9505719403976,-2.50518934467971,-42.235925));
#5660=CARTESIAN_POINT('',(8.34052143405875,18.6448106553203,-42.235925));
#5661=CARTESIAN_POINT('',(-1.32058757856188,-2.50518934467971,-44.8859250000001));
#5662=CARTESIAN_POINT('',(-1.32058757856188,-2.50518934467971,-44.7859250000001));
#5663=CARTESIAN_POINT('',(-1.32058757856188,-2.50518934467971,-44.885925));
#5664=CARTESIAN_POINT('',(-1.32058757856188,-2.50518934467971,-44.7859250000001));
#5665=CARTESIAN_POINT('',(-1.02058757856188,-2.50518934467971,-44.7859250000001));
#5666=CARTESIAN_POINT('',(-1.02058757856188,-2.50518934467971,-44.9859250000001));
#5667=CARTESIAN_POINT('',(-1.02058757856188,-2.50518934467971,-43.785925));
#5668=CARTESIAN_POINT('',(-0.920587578561887,-2.50518934467971,-43.785925));
#5669=CARTESIAN_POINT('',(-0.920587578561894,-2.50518934467971,-43.6859250000001));
#5670=CARTESIAN_POINT('',(-1.22058757856185,-2.50518934467971,-43.6859250000001));
#5671=CARTESIAN_POINT('',(6.15915058416043,-2.50518934467971,-43.6859249999998));
#5672=CARTESIAN_POINT('',(6.15915058416042,-2.50518934467971,-43.2859249999999));
#5673=CARTESIAN_POINT('',(6.44199329663504,-2.50518934467971,-43.5687677124745));
#5674=CARTESIAN_POINT('',(9.98770397475366,-2.50518934467971,-40.023057034356));
#5675=CARTESIAN_POINT('',(8.14554668722817,-2.50518934467971,-41.8652143218814));
#5676=CARTESIAN_POINT('',(8.21625736534681,-2.50518934467971,-41.9359250000001));
#5677=CARTESIAN_POINT('',(8.21625736534681,-2.50518934467971,-41.835925));
#5678=CARTESIAN_POINT('',(14.9505719403976,-2.50518934467971,-41.835925));
#5679=CARTESIAN_POINT('',(15.0505719403976,-2.50518934467971,-41.835925));
#5680=CARTESIAN_POINT('',(15.0505719403976,-2.50518934467971,-41.9359250000001));
#5681=CARTESIAN_POINT('',(15.1505719403976,-2.50518934467971,-41.9359250000001));
#5682=CARTESIAN_POINT('',(15.1505719403976,-2.50518934467971,-48.0359250000001));
#5683=CARTESIAN_POINT('',(15.1505719403976,-2.50518934467971,-47.7359250000001));
#5684=CARTESIAN_POINT('',(15.0505719403976,-2.50518934467971,-47.7359250000001));
#5685=CARTESIAN_POINT('',(15.0505719403976,-2.50518934467971,-47.8359250000001));
#5686=CARTESIAN_POINT('',(8.09199329663491,-2.50518934467971,-47.8359250000001));
#5687=CARTESIAN_POINT('',(8.21625736534681,-2.50518934467971,-47.8359250000001));
#5688=CARTESIAN_POINT('',(8.21625736534681,-2.50518934467971,-47.7359250000001));
#5689=CARTESIAN_POINT('',(8.14554668722817,-2.50518934467971,-47.8066356781187));
#5690=CARTESIAN_POINT('',(6.44199329663485,-2.50518934467971,-46.1030822875255));
#5691=CARTESIAN_POINT('',(6.44199329663504,-2.50518934467971,-46.1030822875257));
#5692=CARTESIAN_POINT('',(6.15915058416042,-2.50518934467971,-46.3859250000003));
#5693=CARTESIAN_POINT('',(6.15915058416043,-2.50518934467971,-45.9859250000003));
#5694=CARTESIAN_POINT('',(14.9505719403976,-2.50518934467971,-45.9859250000005));
#5695=CARTESIAN_POINT('',(-0.920587578561894,-2.50518934467971,-45.9859250000001));
#5696=CARTESIAN_POINT('',(-0.920587578561887,-2.50518934467971,-45.8859250000001));
#5697=CARTESIAN_POINT('',(-1.02058757856188,-2.50518934467971,-45.8859250000001));
#5698=CARTESIAN_POINT('',(-1.02058757856188,-2.50518934467971,-44.9859250000001));
#5699=CARTESIAN_POINT('',(-1.02058757856188,-2.50518934467971,-44.885925));
#5700=CARTESIAN_POINT('',(14.9505719403976,-2.50518934467971,-44.885925));
#5701=CARTESIAN_POINT('',(14.5505719403976,-2.50518934467971,-41.9359250000001));
#5702=CARTESIAN_POINT('',(15.9005719403976,8.3948106553203,-43.835925));
#5703=CARTESIAN_POINT('',(15.1505719403976,8.3948106553203,-43.835925));
#5704=CARTESIAN_POINT('',(15.1005719403976,8.3948106553203,-43.835925));
#5705=CARTESIAN_POINT('',(15.1505719403976,8.89481065532029,-43.835925));
#5706=CARTESIAN_POINT('',(15.1505719403976,8.89481065532029,-43.335925));
#5707=CARTESIAN_POINT('',(15.9005719403976,8.89481065532029,-43.335925));
#5708=CARTESIAN_POINT('',(15.1005719403976,8.89481065532029,-43.335925));
#5709=CARTESIAN_POINT('',(15.1005719403976,8.89481065532029,-43.835925));
#5710=CARTESIAN_POINT('',(15.9005719403976,8.89481065532029,-43.835925));
#5711=CARTESIAN_POINT('',(15.9005719403976,11.8948106553203,-43.335925));
#5712=CARTESIAN_POINT('',(15.1505719403976,11.8948106553203,-43.335925));
#5713=CARTESIAN_POINT('',(15.1005719403976,11.8948106553203,-43.335925));
#5714=CARTESIAN_POINT('',(15.1505719403976,11.8948106553203,-43.835925));
#5715=CARTESIAN_POINT('',(15.1505719403976,12.3948106553203,-43.835925));
#5716=CARTESIAN_POINT('',(15.9005719403976,12.3948106553203,-43.835925));
#5717=CARTESIAN_POINT('',(15.1005719403976,12.3948106553203,-43.835925));
#5718=CARTESIAN_POINT('',(15.1005719403976,11.8948106553203,-43.835925));
#5719=CARTESIAN_POINT('',(15.9005719403976,11.8948106553203,-43.835925));
#5720=CARTESIAN_POINT('',(15.9005719403976,8.89481065532029,-46.335925));
#5721=CARTESIAN_POINT('',(15.1505719403976,8.89481065532029,-46.335925));
#5722=CARTESIAN_POINT('',(15.1005719403976,8.89481065532029,-46.335925));
#5723=CARTESIAN_POINT('',(15.1505719403976,8.89481065532029,-45.835925));
#5724=CARTESIAN_POINT('',(15.1505719403976,8.3948106553203,-45.835925));
#5725=CARTESIAN_POINT('',(15.9005719403976,8.3948106553203,-45.835925));
#5726=CARTESIAN_POINT('',(15.1005719403976,8.3948106553203,-45.835925));
#5727=CARTESIAN_POINT('',(15.1005719403976,8.89481065532029,-45.835925));
#5728=CARTESIAN_POINT('',(15.9005719403976,8.89481065532029,-45.835925));
#5729=CARTESIAN_POINT('',(15.9005719403976,12.3948106553203,-45.835925));
#5730=CARTESIAN_POINT('',(15.1505719403976,12.3948106553203,-45.835925));
#5731=CARTESIAN_POINT('',(15.1005719403976,12.3948106553203,-45.835925));
#5732=CARTESIAN_POINT('',(15.1505719403976,11.8948106553203,-45.835925));
#5733=CARTESIAN_POINT('',(15.1505719403976,11.8948106553203,-46.335925));
#5734=CARTESIAN_POINT('',(15.9005719403976,11.8948106553203,-46.335925));
#5735=CARTESIAN_POINT('',(15.1005719403976,11.8948106553203,-46.335925));
#5736=CARTESIAN_POINT('',(15.1005719403976,11.8948106553203,-45.835925));
#5737=CARTESIAN_POINT('',(15.9005719403976,11.8948106553203,-45.835925));
#5738=CARTESIAN_POINT('',(15.1505719403976,22.8948106553203,-46.335925));
#5739=CARTESIAN_POINT('',(15.1005719403976,11.9948106553203,-46.335925));
#5740=CARTESIAN_POINT('',(15.9005719403976,11.8948106553203,-46.335925));
#5741=CARTESIAN_POINT('',(15.1505719403976,8.39481065532029,-48.0359250000001));
#5742=CARTESIAN_POINT('',(15.1005719403976,8.3948106553203,-45.585925));
#5743=CARTESIAN_POINT('',(15.1005719403976,8.3948106553203,-43.735925));
#5744=CARTESIAN_POINT('',(15.9005719403976,8.3948106553203,-43.735925));
#5745=CARTESIAN_POINT('',(14.1505719403976,8.3948106553203,-43.735925));
#5746=CARTESIAN_POINT('',(14.1505719403976,8.3948106553203,-45.585925));
#5747=CARTESIAN_POINT('',(14.1505719403976,8.3948106553203,-45.935925));
#5748=CARTESIAN_POINT('',(15.9005719403976,8.3948106553203,-45.935925));
#5749=CARTESIAN_POINT('',(15.1005719403976,8.3948106553203,-45.935925));
#5750=CARTESIAN_POINT('',(15.1005719403976,8.3948106553203,-45.585925));
#5751=CARTESIAN_POINT('',(15.9005719403976,8.3948106553203,-45.585925));
#5752=CARTESIAN_POINT('',(15.1005719403976,11.9948106553203,-43.235925));
#5753=CARTESIAN_POINT('',(15.1005719403976,8.89481065532029,-43.235925));
#5754=CARTESIAN_POINT('',(15.1005719403976,11.8948106553203,-43.235925));
#5755=CARTESIAN_POINT('',(15.9005719403976,11.8948106553203,-43.235925));
#5756=CARTESIAN_POINT('',(14.1505719403976,11.8948106553203,-43.235925));
#5757=CARTESIAN_POINT('',(14.1505719403976,11.8948106553203,-43.235925));
#5758=CARTESIAN_POINT('',(14.1505719403976,8.89481065532029,-43.235925));
#5759=CARTESIAN_POINT('',(15.9005719403976,8.89481065532029,-43.235925));
#5760=CARTESIAN_POINT('',(15.9005719403976,11.8948106553203,-43.235925));
#5761=CARTESIAN_POINT('',(15.1505719403976,12.3948106553203,-48.0359250000001));
#5762=CARTESIAN_POINT('',(15.1005719403976,12.3948106553203,-44.835925));
#5763=CARTESIAN_POINT('',(15.1005719403976,12.3948106553203,-45.935925));
#5764=CARTESIAN_POINT('',(15.9005719403976,12.3948106553203,-45.935925));
#5765=CARTESIAN_POINT('',(14.1505719403976,12.3948106553203,-45.935925));
#5766=CARTESIAN_POINT('',(14.1505719403976,12.3948106553203,-45.585925));
#5767=CARTESIAN_POINT('',(14.1505719403976,12.3948106553203,-43.735925));
#5768=CARTESIAN_POINT('',(15.9005719403976,12.3948106553203,-43.735925));
#5769=CARTESIAN_POINT('',(15.1005719403976,12.3948106553203,-43.735925));
#5770=CARTESIAN_POINT('',(15.1005719403976,12.3948106553203,-44.835925));
#5771=CARTESIAN_POINT('',(15.9005719403976,12.3948106553203,-45.585925));
#5772=CARTESIAN_POINT('',(15.1005719403976,11.8948106553203,-46.435925));
#5773=CARTESIAN_POINT('',(15.1005719403976,8.89481065532029,-46.435925));
#5774=CARTESIAN_POINT('',(15.1005719403976,11.8948106553203,-46.435925));
#5775=CARTESIAN_POINT('',(15.9005719403976,8.89481065532029,-46.435925));
#5776=CARTESIAN_POINT('',(14.1505719403976,8.89481065532029,-46.435925));
#5777=CARTESIAN_POINT('',(14.1505719403976,11.8948106553203,-46.435925));
#5778=CARTESIAN_POINT('',(14.1505719403976,11.8948106553203,-46.435925));
#5779=CARTESIAN_POINT('',(15.9005719403976,11.8948106553203,-46.435925));
#5780=CARTESIAN_POINT('',(15.9005719403976,11.8948106553203,-46.435925));
#5781=CARTESIAN_POINT('',(15.1005719403976,8.89481065532029,-45.935925));
#5782=CARTESIAN_POINT('',(14.1505719403976,8.89481065532029,-45.935925));
#5783=CARTESIAN_POINT('',(15.9005719403976,8.89481065532029,-45.935925));
#5784=CARTESIAN_POINT('',(15.1005719403976,11.8948106553203,-45.935925));
#5785=CARTESIAN_POINT('',(14.1505719403976,11.8948106553203,-45.935925));
#5786=CARTESIAN_POINT('',(15.9005719403976,11.8948106553203,-45.935925));
#5787=CARTESIAN_POINT('',(15.1005719403976,11.8948106553203,-43.735925));
#5788=CARTESIAN_POINT('',(14.1505719403976,11.8948106553203,-43.735925));
#5789=CARTESIAN_POINT('',(15.9005719403976,11.8948106553203,-43.735925));
#5790=CARTESIAN_POINT('',(15.1005719403976,8.89481065532029,-43.735925));
#5791=CARTESIAN_POINT('',(14.1505719403976,8.89481065532029,-43.735925));
#5792=CARTESIAN_POINT('',(15.9005719403976,8.89481065532029,-43.735925));
#5793=CARTESIAN_POINT('',(14.1505719403976,11.8948106553203,-45.585925));
#5794=CARTESIAN_POINT('',(15.1005719403976,11.8948106553203,-43.335925));
#5795=CARTESIAN_POINT('',(15.1005719403976,11.9948106553203,-44.835925));
#5796=CARTESIAN_POINT('',(15.1005719403976,11.9948106553203,-44.835925));
#5797=CARTESIAN_POINT('',(15.1505719403976,11.8948106553203,-43.335925));
#5798=CARTESIAN_POINT('',(15.9005719403976,11.8948106553203,-43.335925));
#5799=CARTESIAN_POINT('',(15.9005719403976,7.59481065532029,-45.835925));
#5800=CARTESIAN_POINT('',(15.4505719403976,7.59481065532029,-45.835925));
#5801=CARTESIAN_POINT('',(15.9505719403976,7.59481065532029,-45.835925));
#5802=CARTESIAN_POINT('',(15.9505719403976,7.59481065532029,-45.585925));
#5803=CARTESIAN_POINT('',(15.9505719403976,7.5948106553203,-43.835925));
#5804=CARTESIAN_POINT('',(15.9005719403976,7.59481065532029,-43.835925));
#5805=CARTESIAN_POINT('',(15.4505719403976,7.59481065532029,-43.835925));
#5806=CARTESIAN_POINT('',(15.4505719403976,7.59481065532029,-45.585925));
#5807=CARTESIAN_POINT('',(15.9005719403976,7.59481065532029,-45.585925));
#5808=CARTESIAN_POINT('',(15.9005719403976,8.89481065532029,-42.535925));
#5809=CARTESIAN_POINT('',(15.4505719403976,8.89481065532029,-42.535925));
#5810=CARTESIAN_POINT('',(15.9505719403976,8.89481065532029,-42.535925));
#5811=CARTESIAN_POINT('',(15.9505719403976,11.8948106553203,-42.535925));
#5812=CARTESIAN_POINT('',(15.9505719403976,11.8948106553203,-42.535925));
#5813=CARTESIAN_POINT('',(15.9005719403976,11.8948106553203,-42.535925));
#5814=CARTESIAN_POINT('',(15.4505719403976,11.8948106553203,-42.535925));
#5815=CARTESIAN_POINT('',(15.4505719403976,11.8948106553203,-42.535925));
#5816=CARTESIAN_POINT('',(15.9005719403976,11.8948106553203,-42.535925));
#5817=CARTESIAN_POINT('',(16.4505719403976,11.7948106553203,-43.935925));
#5818=CARTESIAN_POINT('',(16.4505719403976,11.7948106553203,-43.1945036437627));
#5819=CARTESIAN_POINT('',(16.4505719403976,12.5362320115576,-43.935925));
#5820=CARTESIAN_POINT('',(16.4505719403976,12.5362320115576,-45.585925));
#5821=CARTESIAN_POINT('',(16.4505719403976,12.5362320115576,-45.735925));
#5822=CARTESIAN_POINT('',(16.4505719403976,11.7948106553203,-45.735925));
#5823=CARTESIAN_POINT('',(16.4505719403976,11.7948106553203,-46.4773463562373));
#5824=CARTESIAN_POINT('',(16.4505719403976,11.8948106553203,-46.4773463562373));
#5825=CARTESIAN_POINT('',(16.4505719403976,8.99481065532029,-46.4773463562373));
#5826=CARTESIAN_POINT('',(16.4505719403976,8.99481065532029,-45.735925));
#5827=CARTESIAN_POINT('',(16.4505719403976,8.25338929908299,-45.735925));
#5828=CARTESIAN_POINT('',(16.4505719403976,8.25338929908299,-45.585925));
#5829=CARTESIAN_POINT('',(16.4505719403976,8.25338929908299,-43.935925));
#5830=CARTESIAN_POINT('',(16.4505719403976,8.99481065532029,-43.935925));
#5831=CARTESIAN_POINT('',(16.4505719403976,8.99481065532029,-43.1945036437627));
#5832=CARTESIAN_POINT('',(16.4505719403976,11.8948106553203,-43.1945036437627));
#5833=CARTESIAN_POINT('',(16.4505719403976,8.89481065532029,-45.835925));
#5834=CARTESIAN_POINT('',(16.4505719403976,7.86251395146298,-45.835925));
#5835=CARTESIAN_POINT('',(16.4505719403976,8.89481065532029,-46.8682217038573));
#5836=CARTESIAN_POINT('',(16.4505719403976,11.8948106553203,-46.8682217038573));
#5837=CARTESIAN_POINT('',(16.4505719403976,11.8948106553203,-46.8682217038573));
#5838=CARTESIAN_POINT('',(16.4505719403976,11.8948106553203,-45.835925));
#5839=CARTESIAN_POINT('',(16.4505719403976,12.9271073591776,-45.835925));
#5840=CARTESIAN_POINT('',(16.4505719403976,12.9271073591776,-45.585925));
#5841=CARTESIAN_POINT('',(16.4505719403976,12.9271073591776,-43.835925));
#5842=CARTESIAN_POINT('',(16.4505719403976,11.8948106553203,-43.835925));
#5843=CARTESIAN_POINT('',(16.4505719403976,11.8948106553203,-42.8036282961427));
#5844=CARTESIAN_POINT('',(16.4505719403976,11.8948106553203,-42.8036282961427));
#5845=CARTESIAN_POINT('',(16.4505719403976,8.89481065532029,-42.8036282961427));
#5846=CARTESIAN_POINT('',(16.4505719403976,8.89481065532029,-43.835925));
#5847=CARTESIAN_POINT('',(16.4505719403976,7.86251395146298,-43.835925));
#5848=CARTESIAN_POINT('',(16.4505719403976,7.86251395146298,-45.585925));
#5849=CARTESIAN_POINT('',(16.4505719403976,11.8948106553203,-45.585925));
#5850=CARTESIAN_POINT('',(15.9005719403976,13.1948106553203,-43.835925));
#5851=CARTESIAN_POINT('',(15.4505719403976,13.1948106553203,-43.835925));
#5852=CARTESIAN_POINT('',(15.9505719403976,13.1948106553203,-43.835925));
#5853=CARTESIAN_POINT('',(15.9505719403976,13.1948106553203,-45.585925));
#5854=CARTESIAN_POINT('',(15.9505719403976,13.1948106553203,-45.835925));
#5855=CARTESIAN_POINT('',(15.9005719403976,13.1948106553203,-45.835925));
#5856=CARTESIAN_POINT('',(15.4505719403976,13.1948106553203,-45.835925));
#5857=CARTESIAN_POINT('',(15.4505719403976,13.1948106553203,-44.835925));
#5858=CARTESIAN_POINT('',(15.9005719403976,13.1948106553203,-45.585925));
#5859=CARTESIAN_POINT('',(15.9005719403976,11.8948106553203,-47.135925));
#5860=CARTESIAN_POINT('',(15.4505719403976,11.8948106553203,-47.135925));
#5861=CARTESIAN_POINT('',(15.9505719403976,11.8948106553203,-47.135925));
#5862=CARTESIAN_POINT('',(15.9505719403976,11.8948106553203,-47.135925));
#5863=CARTESIAN_POINT('',(15.9505719403976,8.89481065532029,-47.135925));
#5864=CARTESIAN_POINT('',(15.9005719403976,8.89481065532029,-47.135925));
#5865=CARTESIAN_POINT('',(15.4505719403976,8.89481065532029,-47.135925));
#5866=CARTESIAN_POINT('',(15.4505719403976,11.8948106553203,-47.135925));
#5867=CARTESIAN_POINT('',(15.9005719403976,11.8948106553203,-47.135925));
#5868=CARTESIAN_POINT('',(15.8505719403976,11.8948106553203,-44.835925));
#5869=CARTESIAN_POINT('',(15.8505719403976,11.8948106553203,-43.935925));
#5870=CARTESIAN_POINT('',(15.8505719403976,11.8948106553203,-45.735925));
#5871=CARTESIAN_POINT('',(15.8505719403976,11.7948106553203,-43.935925));
#5872=CARTESIAN_POINT('',(15.8505719403976,11.7948106553203,-43.835925));
#5873=CARTESIAN_POINT('',(15.8505719403976,11.8948106553203,-43.835925));
#5874=CARTESIAN_POINT('',(15.8505719403976,8.99481065532029,-43.835925));
#5875=CARTESIAN_POINT('',(15.8505719403976,8.99481065532029,-43.935925));
#5876=CARTESIAN_POINT('',(15.8505719403976,8.89481065532029,-43.935925));
#5877=CARTESIAN_POINT('',(15.8505719403976,8.89481065532029,-45.585925));
#5878=CARTESIAN_POINT('',(15.8505719403976,8.89481065532029,-45.735925));
#5879=CARTESIAN_POINT('',(15.8505719403976,8.99481065532029,-45.735925));
#5880=CARTESIAN_POINT('',(15.8505719403976,8.99481065532029,-45.835925));
#5881=CARTESIAN_POINT('',(15.8505719403976,11.8948106553203,-45.835925));
#5882=CARTESIAN_POINT('',(15.8505719403976,11.7948106553203,-45.835925));
#5883=CARTESIAN_POINT('',(15.8505719403976,11.7948106553203,-45.735925));
#5884=CARTESIAN_POINT('',(15.8505719403976,10.3948106553203,-44.835925));
#5885=CARTESIAN_POINT('',(15.9505719403976,11.8948106553203,-45.835925));
#5886=CARTESIAN_POINT('',(15.4505719403976,11.8948106553203,-45.835925));
#5887=CARTESIAN_POINT('',(15.9005719403976,11.8948106553203,-45.835925));
#5888=CARTESIAN_POINT('',(15.9505719403976,8.89481065532029,-45.835925));
#5889=CARTESIAN_POINT('',(15.4505719403976,8.89481065532029,-45.835925));
#5890=CARTESIAN_POINT('',(15.9005719403976,8.89481065532029,-45.835925));
#5891=CARTESIAN_POINT('',(15.9505719403976,8.89481065532029,-43.835925));
#5892=CARTESIAN_POINT('',(15.4505719403976,8.89481065532029,-43.835925));
#5893=CARTESIAN_POINT('',(15.9005719403976,8.89481065532029,-43.835925));
#5894=CARTESIAN_POINT('',(15.9505719403976,11.8948106553203,-43.835925));
#5895=CARTESIAN_POINT('',(15.4505719403976,11.8948106553203,-43.835925));
#5896=CARTESIAN_POINT('',(15.9005719403976,11.8948106553203,-43.835925));
#5897=CARTESIAN_POINT('',(16.3988478024666,8.89481065532029,-46.9566146551724));
#5898=CARTESIAN_POINT('',(16.387711008033,8.89481065532029,-46.9610693729458));
#5899=CARTESIAN_POINT('',(16.387711008033,8.89481065532029,-45.835925));
#5900=CARTESIAN_POINT('',(16.387711008033,7.76966628237446,-45.835925));
#5901=CARTESIAN_POINT('',(15.9505719403976,7.59481065532029,-45.835925));
#5902=CARTESIAN_POINT('',(15.9505719403976,8.89481065532029,-45.835925));
#5903=CARTESIAN_POINT('',(16.3988478024666,11.8948106553203,-46.9566146551724));
#5904=CARTESIAN_POINT('',(16.387711008033,11.8948106553203,-46.9610693729458));
#5905=CARTESIAN_POINT('',(16.387711008033,11.8948106553203,-46.9610693729458));
#5906=CARTESIAN_POINT('',(16.4505719403976,11.8948106553203,-46.935925));
#5907=CARTESIAN_POINT('',(16.387711008033,7.76966628237446,-45.585925));
#5908=CARTESIAN_POINT('',(16.387711008033,7.76966628237446,-43.835925));
#5909=CARTESIAN_POINT('',(15.9505719403976,7.5948106553203,-43.835925));
#5910=CARTESIAN_POINT('',(15.9505719403976,7.59481065532029,-45.585925));
#5911=CARTESIAN_POINT('',(15.9505719403976,13.1948106553203,-45.835925));
#5912=CARTESIAN_POINT('',(16.387711008033,13.0199550282661,-45.835925));
#5913=CARTESIAN_POINT('',(16.387711008033,11.8948106553203,-45.835925));
#5914=CARTESIAN_POINT('',(15.9505719403976,11.8948106553203,-45.835925));
#5915=CARTESIAN_POINT('',(16.387711008033,8.89481065532029,-43.835925));
#5916=CARTESIAN_POINT('',(16.387711008033,8.89481065532029,-42.7107806270542));
#5917=CARTESIAN_POINT('',(15.9505719403976,8.89481065532029,-42.535925));
#5918=CARTESIAN_POINT('',(15.9505719403976,8.89481065532029,-43.835925));
#5919=CARTESIAN_POINT('',(15.9505719403976,13.1948106553203,-43.835925));
#5920=CARTESIAN_POINT('',(16.387711008033,13.0199550282661,-43.835925));
#5921=CARTESIAN_POINT('',(16.387711008033,13.0199550282661,-45.585925));
#5922=CARTESIAN_POINT('',(15.9505719403976,13.1948106553203,-45.585925));
#5923=CARTESIAN_POINT('',(16.387711008033,11.8948106553203,-42.7107806270542));
#5924=CARTESIAN_POINT('',(16.387711008033,11.8948106553203,-42.7107806270542));
#5925=CARTESIAN_POINT('',(15.9505719403976,11.8948106553203,-42.535925));
#5926=CARTESIAN_POINT('',(15.9505719403976,11.8948106553203,-42.535925));
#5927=CARTESIAN_POINT('',(16.387711008033,11.8948106553203,-43.835925));
#5928=CARTESIAN_POINT('',(15.9505719403976,11.8948106553203,-43.835925));
#5929=CARTESIAN_POINT('',(16.2505719403976,12.2948106553203,-43.935925));
#5930=CARTESIAN_POINT('',(16.4212826185163,12.4655213334389,-43.935925));
#5931=CARTESIAN_POINT('',(16.4212826185163,11.7948106553203,-43.935925));
#5932=CARTESIAN_POINT('',(16.4212826185163,11.7948106553203,-43.2652143218814));
#5933=CARTESIAN_POINT('',(15.8505719403976,11.7948106553203,-43.835925));
#5934=CARTESIAN_POINT('',(16.2505719403976,11.7948106553203,-43.935925));
#5935=CARTESIAN_POINT('',(16.2505719403976,12.2948106553203,-45.735925));
#5936=CARTESIAN_POINT('',(16.4212826185163,12.4655213334389,-45.735925));
#5937=CARTESIAN_POINT('',(16.4212826185163,12.4655213334389,-45.585925));
#5938=CARTESIAN_POINT('',(15.8505719403976,11.8948106553203,-45.585925));
#5939=CARTESIAN_POINT('',(16.4212826185163,11.8948106553203,-43.2652143218814));
#5940=CARTESIAN_POINT('',(16.4212826185163,8.99481065532029,-43.2652143218814));
#5941=CARTESIAN_POINT('',(15.8505719403976,8.99481065532029,-43.835925));
#5942=CARTESIAN_POINT('',(15.8505719403976,11.8948106553203,-43.835925));
#5943=CARTESIAN_POINT('',(16.2505719403976,11.7948106553203,-46.235925));
#5944=CARTESIAN_POINT('',(16.4212826185163,11.7948106553203,-46.4066356781187));
#5945=CARTESIAN_POINT('',(16.4212826185163,11.7948106553203,-45.735925));
#5946=CARTESIAN_POINT('',(16.2505719403976,11.7948106553203,-45.735925));
#5947=CARTESIAN_POINT('',(16.4212826185163,8.99481065532029,-43.935925));
#5948=CARTESIAN_POINT('',(16.4212826185163,8.32409997720164,-43.935925));
#5949=CARTESIAN_POINT('',(15.8505719403976,8.89481065532029,-43.935925));
#5950=CARTESIAN_POINT('',(16.2505719403976,8.99481065532029,-43.935925));
#5951=CARTESIAN_POINT('',(16.2505719403976,8.99481065532029,-46.235925));
#5952=CARTESIAN_POINT('',(16.4212826185163,8.99481065532029,-46.4066356781187));
#5953=CARTESIAN_POINT('',(16.4212826185163,11.8948106553203,-46.4066356781187));
#5954=CARTESIAN_POINT('',(15.8505719403976,11.8948106553203,-45.835925));
#5955=CARTESIAN_POINT('',(16.4212826185163,8.32409997720164,-45.585925));
#5956=CARTESIAN_POINT('',(16.4212826185163,8.32409997720164,-45.735925));
#5957=CARTESIAN_POINT('',(15.8505719403976,8.89481065532029,-45.735925));
#5958=CARTESIAN_POINT('',(15.8505719403976,8.89481065532029,-45.585925));
#5959=CARTESIAN_POINT('',(16.4212826185163,8.99481065532029,-45.735925));
#5960=CARTESIAN_POINT('',(16.2505719403976,8.99481065532029,-45.735925));
#5961=CARTESIAN_POINT('',(16.3505719403976,8.25338929908299,-45.735925));
#5962=CARTESIAN_POINT('',(16.3505719403976,8.25338929908299,-43.935925));
#5963=CARTESIAN_POINT('',(16.3505719403976,8.25338929908299,-45.585925));
#5964=CARTESIAN_POINT('',(16.3505719403976,8.99481065532029,-43.1945036437627));
#5965=CARTESIAN_POINT('',(16.3505719403976,8.99481065532029,-43.935925));
#5966=CARTESIAN_POINT('',(16.3505719403976,8.99481065532029,-46.4773463562373));
#5967=CARTESIAN_POINT('',(16.3505719403976,8.99481065532029,-45.735925));
#5968=CARTESIAN_POINT('',(16.3505719403976,11.7948106553203,-43.1945036437627));
#5969=CARTESIAN_POINT('',(16.3505719403976,11.8948106553203,-43.1945036437627));
#5970=CARTESIAN_POINT('',(16.3505719403976,11.7948106553203,-46.4773463562373));
#5971=CARTESIAN_POINT('',(16.3505719403976,11.8948106553203,-46.4773463562373));
#5972=CARTESIAN_POINT('',(16.3505719403976,12.5362320115576,-43.935925));
#5973=CARTESIAN_POINT('',(16.3505719403976,11.7948106553203,-43.935925));
#5974=CARTESIAN_POINT('',(16.3505719403976,12.5362320115576,-45.735925));
#5975=CARTESIAN_POINT('',(16.3505719403976,11.7948106553203,-45.735925));
#5976=CARTESIAN_POINT('',(16.3505719403976,12.5362320115576,-45.585925));
#5977=CARTESIAN_POINT('',(16.3505719403976,11.8948106553203,-42.8036282961427));
#5978=CARTESIAN_POINT('',(16.3505719403976,8.89481065532029,-42.8036282961427));
#5979=CARTESIAN_POINT('',(16.3505719403976,11.8948106553203,-42.8036282961427));
#5980=CARTESIAN_POINT('',(16.3505719403976,7.86251395146298,-43.835925));
#5981=CARTESIAN_POINT('',(16.3505719403976,8.89481065532029,-43.835925));
#5982=CARTESIAN_POINT('',(16.3505719403976,12.9271073591776,-43.835925));
#5983=CARTESIAN_POINT('',(16.3505719403976,11.8948106553203,-43.835925));
#5984=CARTESIAN_POINT('',(16.3505719403976,7.86251395146298,-45.835925));
#5985=CARTESIAN_POINT('',(16.3505719403976,7.86251395146298,-45.585925));
#5986=CARTESIAN_POINT('',(16.3505719403976,12.9271073591776,-45.835925));
#5987=CARTESIAN_POINT('',(16.3505719403976,12.9271073591776,-45.585925));
#5988=CARTESIAN_POINT('',(16.3505719403976,8.89481065532029,-46.8682217038573));
#5989=CARTESIAN_POINT('',(16.3505719403976,8.89481065532029,-45.835925));
#5990=CARTESIAN_POINT('',(16.3505719403976,11.8948106553203,-46.8682217038573));
#5991=CARTESIAN_POINT('',(16.3505719403976,11.8948106553203,-45.835925));
#5992=CARTESIAN_POINT('',(16.3505719403976,11.8948106553203,-46.8682217038573));
#5993=CARTESIAN_POINT('',(-1.02058757856188,-2.50518934467971,-44.7859250000001));
#5994=CARTESIAN_POINT('',(-1.32058757856188,-2.50518934467971,-44.7859250000001));
#5995=CARTESIAN_POINT('',(-1.32058757856188,-2.50518934467971,-44.7859250000001));
#5996=CARTESIAN_POINT('',(-1.02058757856188,22.8948106553203,-44.885925));
#5997=CARTESIAN_POINT('',(-1.32058757856188,22.8948106553203,-44.885925));
#5998=CARTESIAN_POINT('',(-1.32058757856188,-2.50518934467971,-44.885925));
#5999=CARTESIAN_POINT('',(15.1505719403976,22.8948106553203,-43.235925));
#6000=CARTESIAN_POINT('',(15.1505719403976,-1.50518934467971,-43.235925));
#6001=CARTESIAN_POINT('',(15.1505719403976,-0.505189344679707,-43.235925));
#6002=CARTESIAN_POINT('',(15.1005719403977,-0.505189344679707,-43.235925));
#6003=CARTESIAN_POINT('',(15.4505719403976,-0.505189344679707,-43.235925));
#6004=CARTESIAN_POINT('',(15.4505719403976,22.8948106553203,-43.235925));
#6005=CARTESIAN_POINT('',(15.4505719403976,-1.50518934467971,-43.235925));
#6006=CARTESIAN_POINT('',(15.1005719403977,-1.50518934467971,-43.235925));
#6007=CARTESIAN_POINT('',(15.1005719403977,-1.00518934467971,-43.235925));
#6008=CARTESIAN_POINT('',(15.1505719403976,-1.50518934467971,-48.0359250000001));
#6009=CARTESIAN_POINT('',(15.1505719403976,-1.50518934467971,-46.435925));
#6010=CARTESIAN_POINT('',(15.4505719403976,-1.50518934467971,-44.335925));
#6011=CARTESIAN_POINT('',(15.4505719403976,-1.50518934467971,-46.435925));
#6012=CARTESIAN_POINT('',(15.1005719403977,-1.50518934467971,-46.435925));
#6013=CARTESIAN_POINT('',(15.1005719403977,-1.50518934467971,-44.335925));
#6014=CARTESIAN_POINT('',(15.1505719403976,22.8948106553203,-46.435925));
#6015=CARTESIAN_POINT('',(15.1505719403976,-0.505189344679707,-46.435925));
#6016=CARTESIAN_POINT('',(15.4505719403976,-1.00518934467971,-46.435925));
#6017=CARTESIAN_POINT('',(15.4505719403976,-0.505189344679707,-46.435925));
#6018=CARTESIAN_POINT('',(15.1005719403977,-0.505189344679707,-46.435925));
#6019=CARTESIAN_POINT('',(15.1005719403977,-1.00518934467971,-46.435925));
#6020=CARTESIAN_POINT('',(15.1505719403976,-0.505189344679707,-48.0359250000001));
#6021=CARTESIAN_POINT('',(15.4505719403976,-0.505189344679707,-44.335925));
#6022=CARTESIAN_POINT('',(15.1005719403977,-0.505189344679707,-44.335925));
#6023=CARTESIAN_POINT('',(15.1505719403976,27.4948106553203,-48.0359249999999));
#6024=CARTESIAN_POINT('',(15.1505719403976,27.4948106553203,-47.7359250000001));
#6025=CARTESIAN_POINT('',(7.79199329663488,27.4948106553203,-47.8359250000001));
#6026=CARTESIAN_POINT('',(15.0505719403976,27.4948106553203,-47.8359250000001));
#6027=CARTESIAN_POINT('',(15.0505719403976,27.4948106553203,-47.7359250000001));
#6028=CARTESIAN_POINT('',(8.09199329663491,27.4948106553203,-41.835925));
#6029=CARTESIAN_POINT('',(15.0505719403976,27.4948106553203,-41.835925));
#6030=CARTESIAN_POINT('',(15.1505719403976,27.4948106553203,-48.0359249999999));
#6031=CARTESIAN_POINT('',(15.1505719403976,27.4948106553203,-41.9359250000001));
#6032=CARTESIAN_POINT('',(15.0505719403976,27.4948106553203,-41.9359250000001));
#6033=CARTESIAN_POINT('',(10.3505719403976,27.4948106553203,-47.435925));
#6034=CARTESIAN_POINT('',(10.3505719403976,27.4948106553203,-41.8359250000001));
#6035=CARTESIAN_POINT('',(10.3505719403976,27.4948106553203,-41.9359250000001));
#6036=CARTESIAN_POINT('',(10.2505719403976,27.4948106553203,-41.9359250000001));
#6037=CARTESIAN_POINT('',(7.79199329663488,27.4948106553203,-41.9359250000001));
#6038=CARTESIAN_POINT('',(9.95057194039762,27.4948106553203,-41.9359250000001));
#6039=CARTESIAN_POINT('',(10.3505719403976,27.4948106553203,-41.9359250000001));
#6040=CARTESIAN_POINT('',(10.3505719403976,27.4948106553203,-41.535925));
#6041=CARTESIAN_POINT('',(8.09199329663491,27.4948106553203,-41.535925));
#6042=CARTESIAN_POINT('',(15.0505719403976,27.4948106553203,-41.535925));
#6043=CARTESIAN_POINT('',(15.0505719403976,27.4948106553203,-41.9359250000001));
#6044=CARTESIAN_POINT('',(15.4505719403976,27.4948106553203,-41.9359250000001));
#6045=CARTESIAN_POINT('',(15.4505719403976,27.4948106553203,-48.0359249999999));
#6046=CARTESIAN_POINT('',(15.4505719403976,27.4948106553203,-47.7359250000001));
#6047=CARTESIAN_POINT('',(15.0505719403976,27.4948106553203,-47.7359250000001));
#6048=CARTESIAN_POINT('',(15.0505719403976,27.4948106553203,-48.1359250000001));
#6049=CARTESIAN_POINT('',(7.79199329663488,27.4948106553203,-48.1359250000001));
#6050=CARTESIAN_POINT('',(10.3505719403976,27.4948106553203,-48.1359250000001));
#6051=CARTESIAN_POINT('',(10.3505719403976,27.4948106553203,-47.7359250000001));
#6052=CARTESIAN_POINT('',(9.95057194039762,27.4948106553203,-47.7359250000001));
#6053=CARTESIAN_POINT('',(7.79199329663488,27.4948106553203,-47.7359250000001));
#6054=CARTESIAN_POINT('',(10.2505719403976,27.4948106553203,-47.7359250000001));
#6055=CARTESIAN_POINT('',(10.3505719403976,27.4948106553203,-47.7359250000001));
#6056=CARTESIAN_POINT('',(10.3505719403976,27.4948106553203,-47.8359250000001));
#6057=CARTESIAN_POINT('',(10.3505719403976,27.4948106553203,-47.2359250000001));
#6058=CARTESIAN_POINT('',(8.09199329663491,27.4948106553203,-48.1359250000001));
#6059=CARTESIAN_POINT('',(8.21625736534683,27.4948106553203,-48.1359250000001));
#6060=CARTESIAN_POINT('',(8.21625736534683,27.4948106553203,-47.7359250000001));
#6061=CARTESIAN_POINT('',(7.93341465287221,27.4948106553203,-48.0187677124747));
#6062=CARTESIAN_POINT('',(7.63341465287217,27.4948106553203,-47.7187677124746));
#6063=CARTESIAN_POINT('',(6.22986126227889,27.4948106553203,-43.3566356781187));
#6064=CARTESIAN_POINT('',(7.93341465287221,27.4948106553203,-41.6530822875255));
#6065=CARTESIAN_POINT('',(8.21625736534683,27.4948106553203,-41.9359250000001));
#6066=CARTESIAN_POINT('',(8.21625736534683,27.4948106553203,-41.5359250000001));
#6067=CARTESIAN_POINT('',(7.91625736534676,27.4948106553203,-41.5359250000001));
#6068=CARTESIAN_POINT('',(7.79199329663488,27.4948106553203,-48.0359249999999));
#6069=CARTESIAN_POINT('',(10.3505719403976,20.4948106553203,-47.7359250000001));
#6070=CARTESIAN_POINT('',(10.3505719403976,20.4948106553203,-47.8359250000001));
#6071=CARTESIAN_POINT('',(10.2505719403976,20.4948106553203,-47.7359250000001));
#6072=CARTESIAN_POINT('',(10.3505719403976,23.4948106553203,-47.8359250000001));
#6073=CARTESIAN_POINT('',(10.2505719403976,26.4948106553203,-47.7359250000001));
#6074=CARTESIAN_POINT('',(10.3505719403976,27.8948106553203,-47.7359250000001));
#6075=CARTESIAN_POINT('',(9.95057194039762,27.4948106553203,-47.7359250000001));
#6076=CARTESIAN_POINT('',(9.95057194039762,26.9948106553203,-47.2359250000001));
#6077=CARTESIAN_POINT('',(5.09199329663491,26.9948106553203,-47.2359250000001));
#6078=CARTESIAN_POINT('',(10.2505719403976,26.9948106553203,-47.2359250000001));
#6079=CARTESIAN_POINT('',(10.2505719403976,27.7448106553203,-47.9859250000001));
#6080=CARTESIAN_POINT('',(7.79199329663488,27.4948106553203,-47.7359250000001));
#6081=CARTESIAN_POINT('',(10.3505719403976,20.4948106553203,-44.9859250000001));
#6082=CARTESIAN_POINT('',(10.3505719403976,20.4948106553203,-48.1359250000001));
#6083=CARTESIAN_POINT('',(10.3505719403976,22.8948106553203,-48.1359250000001));
#6084=CARTESIAN_POINT('',(10.3505719403976,19.8948106553203,-48.1359250000001));
#6085=CARTESIAN_POINT('',(10.3505719403976,19.8948106553203,-47.8359250000001));
#6086=CARTESIAN_POINT('',(10.3505719403976,19.8948106553203,-47.8359250000001));
#6087=CARTESIAN_POINT('',(10.3505719403976,27.8948106553203,-47.8359250000001));
#6088=CARTESIAN_POINT('',(10.3505719403976,27.8948106553203,-47.8359250000001));
#6089=CARTESIAN_POINT('',(10.2505719403976,20.4948106553203,-44.9859250000001));
#6090=CARTESIAN_POINT('',(10.2505719403976,20.4948106553203,-47.2359250000001));
#6091=CARTESIAN_POINT('',(10.2505719403976,22.8948106553203,-47.2359250000001));
#6092=CARTESIAN_POINT('',(10.2505719403976,27.8948106553203,-47.8359250000001));
#6093=CARTESIAN_POINT('',(9.95057194039762,21.8948106553203,-47.2359250000001));
#6094=CARTESIAN_POINT('',(9.95057194039762,20.4948106553203,-47.2359250000001));
#6095=CARTESIAN_POINT('',(5.09199329663491,20.4948106553203,-47.2359250000001));
#6096=CARTESIAN_POINT('',(5.09199329663491,22.8948106553203,-47.2359250000001));
#6097=CARTESIAN_POINT('',(9.95057194039762,21.8948106553203,-47.7359250000001));
#6098=CARTESIAN_POINT('',(9.95057194039762,20.4948106553203,-47.7359250000001));
#6099=CARTESIAN_POINT('',(9.95057194039762,20.4948106553203,-44.9859250000001));
#6100=CARTESIAN_POINT('',(9.95057194039762,21.8948106553203,-44.9859250000001));
#6101=CARTESIAN_POINT('',(10.3505719403976,22.8948106553203,-48.1359250000001));
#6102=CARTESIAN_POINT('',(10.3505719403976,20.4948106553203,-47.7359250000001));
#6103=CARTESIAN_POINT('',(10.3505719403976,22.8948106553203,-47.7359250000001));
#6104=CARTESIAN_POINT('',(11.9505719403976,20.4948106553203,-44.9859250000001));
#6105=CARTESIAN_POINT('',(15.4505719403976,22.8948106553203,-47.7359250000001));
#6106=CARTESIAN_POINT('',(15.4505719403976,22.8948106553203,-47.7359250000001));
#6107=CARTESIAN_POINT('',(15.0505719403976,22.8948106553203,-48.1359250000001));
#6108=CARTESIAN_POINT('',(15.0505719403976,22.8948106553203,-47.7359250000001));
#6109=CARTESIAN_POINT('',(8.21625736534682,22.8948106553203,-48.1359250000001));
#6110=CARTESIAN_POINT('',(14.2005969403976,19.8948106553203,-48.1359250000001));
#6111=CARTESIAN_POINT('',(8.09199329663491,22.8948106553203,-48.1359250000001));
#6112=CARTESIAN_POINT('',(7.9334146528722,22.8948106553203,-48.0187677124747));
#6113=CARTESIAN_POINT('',(8.21625736534682,22.8948106553203,-47.7359250000001));
#6114=CARTESIAN_POINT('',(6.22986126227908,-2.1051893446797,-46.3152143218816));
#6115=CARTESIAN_POINT('',(6.22986126227888,22.8948106553203,-46.3152143218814));
#6116=CARTESIAN_POINT('',(6.15915058416043,21.8948106553203,-46.2859250000003));
#6117=CARTESIAN_POINT('',(6.15915058416042,22.8948106553203,-46.3859250000003));
#6118=CARTESIAN_POINT('',(-0.920587578561894,22.8948106553203,-46.2859250000001));
#6119=CARTESIAN_POINT('',(-1.22058757856186,22.8948106553203,-46.2859250000001));
#6120=CARTESIAN_POINT('',(-1.32058757856188,22.8948106553203,-45.8859250000001));
#6121=CARTESIAN_POINT('',(-0.920587578561887,22.8948106553203,-45.8859250000001));
#6122=CARTESIAN_POINT('',(15.1505719403976,27.8948106553203,-47.7359250000001));
#6123=CARTESIAN_POINT('',(15.0505719403976,-2.1051893446797,-47.8359250000001));
#6124=CARTESIAN_POINT('',(15.0505719403976,22.8948106553203,-47.7359250000001));
#6125=CARTESIAN_POINT('',(-1.02058757856188,-2.1051893446797,-45.8859250000001));
#6126=CARTESIAN_POINT('',(-1.02058757856188,22.8948106553203,-43.4859250000001));
#6127=CARTESIAN_POINT('',(15.0505719403976,-2.1051893446797,-41.835925));
#6128=CARTESIAN_POINT('',(15.1505719403976,27.8948106553203,-41.9359250000001));
#6129=CARTESIAN_POINT('',(15.0505719403976,22.8948106553203,-41.9359250000001));
#6130=CARTESIAN_POINT('',(15.4505719403976,22.8948106553203,-41.9359250000001));
#6131=CARTESIAN_POINT('',(15.4505719403976,22.8948106553203,-41.9359250000001));
#6132=CARTESIAN_POINT('',(15.0505719403976,22.8948106553203,-41.535925));
#6133=CARTESIAN_POINT('',(15.0505719403976,22.8948106553203,-41.9359250000001));
#6134=CARTESIAN_POINT('',(10.3505719403976,22.8948106553203,-41.535925));
#6135=CARTESIAN_POINT('',(10.3505719403976,20.4948106553203,-41.535925));
#6136=CARTESIAN_POINT('',(10.3505719403976,27.8948106553203,-41.535925));
#6137=CARTESIAN_POINT('',(10.3505719403976,19.8948106553203,-41.535925));
#6138=CARTESIAN_POINT('',(8.09199329663491,19.8948106553203,-41.535925));
#6139=CARTESIAN_POINT('',(8.21625736534682,22.8948106553203,-41.535925));
#6140=CARTESIAN_POINT('',(8.09199329663491,22.8948106553203,-41.535925));
#6141=CARTESIAN_POINT('',(7.9334146528722,22.8948106553203,-41.6530822875255));
#6142=CARTESIAN_POINT('',(8.21625736534682,22.8948106553203,-41.9359250000001));
#6143=CARTESIAN_POINT('',(6.22986126227908,-2.1051893446797,-43.3566356781185));
#6144=CARTESIAN_POINT('',(6.22986126227888,22.8948106553203,-43.3566356781187));
#6145=CARTESIAN_POINT('',(6.15915058416043,21.8948106553203,-43.3859249999998));
#6146=CARTESIAN_POINT('',(6.15915058416042,22.8948106553203,-43.2859249999999));
#6147=CARTESIAN_POINT('',(-0.920587578561894,22.8948106553203,-43.385925));
#6148=CARTESIAN_POINT('',(-1.22058757856186,22.8948106553203,-43.385925));
#6149=CARTESIAN_POINT('',(-1.32058757856188,22.8948106553203,-43.785925));
#6150=CARTESIAN_POINT('',(-0.920587578561887,22.8948106553203,-43.785925));
#6151=CARTESIAN_POINT('',(-1.02058757856188,-2.1051893446797,-43.785925));
#6152=CARTESIAN_POINT('',(-0.920587578561894,21.8948106553203,-43.6859250000001));
#6153=CARTESIAN_POINT('',(-0.920587578561887,22.8948106553203,-43.785925));
#6154=CARTESIAN_POINT('',(6.15915058416043,22.8948106553203,-43.6859249999998));
#6155=CARTESIAN_POINT('',(-1.22058757856185,22.8948106553203,-43.6859250000001));
#6156=CARTESIAN_POINT('',(6.44199329663504,22.8948106553203,-43.5687677124745));
#6157=CARTESIAN_POINT('',(6.15915058416042,22.8948106553203,-43.2859249999999));
#6158=CARTESIAN_POINT('',(8.14554668722817,-2.1051893446797,-41.8652143218814));
#6159=CARTESIAN_POINT('',(6.44199329663485,22.8948106553203,-43.5687677124747));
#6160=CARTESIAN_POINT('',(8.21625736534681,21.8948106553203,-41.835925));
#6161=CARTESIAN_POINT('',(8.21625736534681,22.8948106553203,-41.9359250000001));
#6162=CARTESIAN_POINT('',(10.3505719403976,20.4948106553203,-41.9359250000001));
#6163=CARTESIAN_POINT('',(10.2505719403976,20.4948106553203,-41.9359250000001));
#6164=CARTESIAN_POINT('',(10.3505719403976,20.4948106553203,-41.8359250000001));
#6165=CARTESIAN_POINT('',(10.2505719403976,23.4948106553203,-41.9359250000001));
#6166=CARTESIAN_POINT('',(10.3505719403976,26.4948106553203,-41.835925));
#6167=CARTESIAN_POINT('',(10.3505719403976,22.8948106553203,-41.9359250000001));
#6168=CARTESIAN_POINT('',(9.95057194039762,26.9948106553203,-42.4359250000001));
#6169=CARTESIAN_POINT('',(9.95057194039762,26.9948106553203,-42.4359250000001));
#6170=CARTESIAN_POINT('',(10.2505719403976,27.7448106553203,-41.685925));
#6171=CARTESIAN_POINT('',(10.2505719403976,26.9948106553203,-42.4359250000001));
#6172=CARTESIAN_POINT('',(5.09199329663491,26.9948106553203,-42.4359250000001));
#6173=CARTESIAN_POINT('',(5.09199329663491,26.9948106553203,-42.4359250000001));
#6174=CARTESIAN_POINT('',(9.95057194039762,21.8948106553203,-41.9359250000001));
#6175=CARTESIAN_POINT('',(9.95057194039762,20.4948106553203,-41.9359250000001));
#6176=CARTESIAN_POINT('',(10.3505719403976,20.4948106553203,-41.9359250000001));
#6177=CARTESIAN_POINT('',(10.3505719403976,22.8948106553203,-41.9359250000001));
#6178=CARTESIAN_POINT('',(10.3505719403976,20.4948106553203,-41.835925));
#6179=CARTESIAN_POINT('',(10.3505719403976,22.8948106553203,-41.8359250000001));
#6180=CARTESIAN_POINT('',(10.3505719403976,19.8948106553203,-41.8359250000001));
#6181=CARTESIAN_POINT('',(10.3505719403976,19.8948106553203,-42.0359375000001));
#6182=CARTESIAN_POINT('',(10.3505719403976,27.8948106553203,-41.835925));
#6183=CARTESIAN_POINT('',(9.95057194039762,20.4948106553203,-44.6859250000001));
#6184=CARTESIAN_POINT('',(9.95057194039762,20.4948106553203,-42.4359250000001));
#6185=CARTESIAN_POINT('',(11.9505719403976,20.4948106553203,-42.4359250000001));
#6186=CARTESIAN_POINT('',(10.2505719403976,20.4948106553203,-42.4359250000001));
#6187=CARTESIAN_POINT('',(10.2505719403976,20.4948106553203,-41.835925));
#6188=CARTESIAN_POINT('',(11.9505719403976,20.4948106553203,-44.6859250000001));
#6189=CARTESIAN_POINT('',(10.2505719403976,22.8948106553203,-42.4359250000001));
#6190=CARTESIAN_POINT('',(10.2505719403976,27.8948106553203,-41.835925));
#6191=CARTESIAN_POINT('',(9.95057194039762,21.8948106553203,-42.4359250000001));
#6192=CARTESIAN_POINT('',(9.95057194039762,21.8948106553203,-44.6859250000001));
#6193=CARTESIAN_POINT('',(5.09199329663491,22.8948106553203,-42.4359250000001));
#6194=CARTESIAN_POINT('',(-1.32058757856188,22.8948106553203,-43.4859250000001));
#6195=CARTESIAN_POINT('',(-1.02058757856188,22.8948106553203,-43.4859250000001));
#6196=CARTESIAN_POINT('',(8.09199329663491,19.8948106553203,-41.835925));
#6197=CARTESIAN_POINT('',(14.2005969403976,19.8948106553203,-42.0359375000001));
#6198=CARTESIAN_POINT('',(15.4505719403976,22.8948106553203,-48.0359250000001));
#6199=CARTESIAN_POINT('',(14.2005969403976,19.8948106553203,-47.8359250000001));
#6200=CARTESIAN_POINT('',(14.2005969403976,19.8948106553203,-42.0359375000001));
#6201=CARTESIAN_POINT('',(6.44199329663504,22.8948106553203,-46.1030822875257));
#6202=CARTESIAN_POINT('',(6.15915058416043,22.8948106553203,-45.9859250000003));
#6203=CARTESIAN_POINT('',(6.15915058416042,22.8948106553203,-46.3859250000003));
#6204=CARTESIAN_POINT('',(8.14554668722817,-2.1051893446797,-47.8066356781187));
#6205=CARTESIAN_POINT('',(8.21625736534681,21.8948106553203,-47.8359250000001));
#6206=CARTESIAN_POINT('',(8.21625736534681,22.8948106553203,-47.7359250000001));
#6207=CARTESIAN_POINT('',(8.09199329663491,22.8948106553203,-47.8359250000001));
#6208=CARTESIAN_POINT('',(-0.920587578561894,21.8948106553203,-45.9859250000001));
#6209=CARTESIAN_POINT('',(-0.920587578561887,22.8948106553203,-45.8859250000001));
#6210=CARTESIAN_POINT('',(8.09199329663491,22.8948106553203,-41.835925));
#6211=CARTESIAN_POINT('',(15.1505719403976,22.8948106553203,-48.0359250000001));
#6212=CARTESIAN_POINT('',(-1.22058757856185,22.8948106553203,-45.9859250000001));
#6213=CARTESIAN_POINT('',(6.44199329663485,22.8948106553203,-46.1030822875255));
#6214=CARTESIAN_POINT('',(11.6574124214382,-69.9,-45.025));
#6215=CARTESIAN_POINT('',(11.6574124214382,-69.9,-46.775));
#6216=CARTESIAN_POINT('',(11.6574124214382,0.0999999999999942,-45.025));
#6217=CARTESIAN_POINT('',(11.6574124214382,-69.9,-45.025));
#6218=CARTESIAN_POINT('',(15.4505719403976,22.8948106553203,-48.0359250000001));
#6219=CARTESIAN_POINT('',(14.2505719403976,23.4948106553203,-44.835925));
#6220=CARTESIAN_POINT('',(14.2505719403976,24.3948106553203,-44.835925));
#6221=CARTESIAN_POINT('',(14.0505719403976,23.4948106553203,-44.835925));
#6222=CARTESIAN_POINT('',(14.0505719403976,22.3948106553203,-44.835925));
#6223=CARTESIAN_POINT('',(14.0505719403976,23.4948106553203,-44.835925));
#6224=CARTESIAN_POINT('',(11.5505719403976,23.4948106553203,-44.0853696500535));
#6225=CARTESIAN_POINT('',(11.5505719403976,22.8448106553203,-44.4606473250267));
#6226=CARTESIAN_POINT('',(11.5505719403976,23.4948106553203,-44.0853696500535));
#6227=CARTESIAN_POINT('',(11.5505719403976,22.8448106553203,-44.4606473250267));
#6228=CARTESIAN_POINT('',(11.5505719403976,22.8448106553203,-45.2112026749732));
#6229=CARTESIAN_POINT('',(11.5505719403976,22.8448106553203,-45.2112026749732));
#6230=CARTESIAN_POINT('',(11.5505719403976,23.4948106553203,-45.5864803499465));
#6231=CARTESIAN_POINT('',(11.5505719403976,23.4948106553203,-45.5864803499465));
#6232=CARTESIAN_POINT('',(11.5505719403976,24.1448106553203,-45.2112026749732));
#6233=CARTESIAN_POINT('',(11.5505719403976,24.1448106553203,-45.2112026749732));
#6234=CARTESIAN_POINT('',(11.5505719403976,24.1448106553203,-44.4606473250267));
#6235=CARTESIAN_POINT('',(11.5505719403976,24.1448106553203,-44.4606473250267));
#6236=CARTESIAN_POINT('',(11.5505719403976,21.5948106553203,37.8832013758928));
#6237=CARTESIAN_POINT('',(14.2505719403976,-13.4885736601526,-22.7330027599721));
#6238=CARTESIAN_POINT('',(14.2505719403976,24.1448106553203,-44.4606473250267));
#6239=CARTESIAN_POINT('',(14.2505719403976,23.4948106553203,-44.0853696500535));
#6240=CARTESIAN_POINT('',(17.5505719403976,23.4948106553203,-44.0853696500535));
#6241=CARTESIAN_POINT('',(17.5505719403976,24.1448106553203,-44.4606473250267));
#6242=CARTESIAN_POINT('',(17.5505719403976,24.1448106553203,-44.4606473250267));
#6243=CARTESIAN_POINT('',(14.2505719403976,24.1448106553203,38.0332013758928));
#6244=CARTESIAN_POINT('',(14.2505719403976,24.1448106553203,-45.2112026749732));
#6245=CARTESIAN_POINT('',(17.5505719403976,24.1448106553203,-45.2112026749732));
#6246=CARTESIAN_POINT('',(17.5505719403976,24.1448106553203,-45.2112026749732));
#6247=CARTESIAN_POINT('',(14.2505719403976,58.2781949707931,-25.5042840520823));
#6248=CARTESIAN_POINT('',(14.2505719403976,23.4948106553203,-45.5864803499465));
#6249=CARTESIAN_POINT('',(17.5505719403976,23.4948106553203,-45.5864803499465));
#6250=CARTESIAN_POINT('',(17.5505719403976,23.4948106553203,-45.5864803499465));
#6251=CARTESIAN_POINT('',(14.2505719403976,-14.1385736601531,-23.8588357848908));
#6252=CARTESIAN_POINT('',(14.2505719403976,22.8448106553203,-45.2112026749732));
#6253=CARTESIAN_POINT('',(17.5505719403976,22.8448106553203,-45.2112026749732));
#6254=CARTESIAN_POINT('',(17.5505719403976,22.8448106553203,-45.2112026749732));
#6255=CARTESIAN_POINT('',(14.2505719403976,22.8448106553206,38.0332013758928));
#6256=CARTESIAN_POINT('',(14.2505719403976,22.8448106553203,-44.4606473250267));
#6257=CARTESIAN_POINT('',(17.5505719403976,22.8448106553203,-44.4606473250267));
#6258=CARTESIAN_POINT('',(17.5505719403976,22.8448106553203,-44.4606473250267));
#6259=CARTESIAN_POINT('',(14.2505719403976,57.6281949707931,-24.3784510271626));
#6260=CARTESIAN_POINT('',(17.5505719403976,23.4948106553203,-44.0853696500535));
#6261=CARTESIAN_POINT('',(14.2505719403976,21.5948106553203,38.0332013758928));
#6262=CARTESIAN_POINT('',(-3.74942805960241,23.4948106553203,-44.835925));
#6263=CARTESIAN_POINT('',(-1.5494280596024,23.4948106553203,-44.835925));
#6264=CARTESIAN_POINT('',(-1.5494280596024,22.3948106553203,-44.835925));
#6265=CARTESIAN_POINT('',(-3.74942805960241,23.4948106553203,-44.835925));
#6266=CARTESIAN_POINT('',(-1.7494280596024,23.4948106553203,-44.835925));
#6267=CARTESIAN_POINT('',(-1.7494280596024,22.5948106553203,-44.835925));
#6268=CARTESIAN_POINT('',(-1.7494280596024,23.4948106553203,-44.835925));
#6269=CARTESIAN_POINT('',(-1.5494280596024,23.4948106553203,-44.835925));
#6270=CARTESIAN_POINT('',(15.4005719403976,23.4948106553203,-44.835925));
#6271=CARTESIAN_POINT('',(15.4005719403976,25.5948106553203,-44.835925));
#6272=CARTESIAN_POINT('',(15.4005719403976,23.4948106553203,-44.835925));
#6273=CARTESIAN_POINT('',(15.4005719403976,20.9948106553203,-44.835925));
#6274=CARTESIAN_POINT('',(15.4005719403976,23.4948106553203,-44.835925));
#6275=CARTESIAN_POINT('',(15.1505719403976,23.4948106553203,-44.8359249999999));
#6276=CARTESIAN_POINT('',(15.1505719403976,23.4948106553203,-42.7359249999999));
#6277=CARTESIAN_POINT('',(15.4005719403976,23.4948106553203,-44.835925));
#6278=CARTESIAN_POINT('',(15.1505719403976,23.4948106553203,-44.835925));
#6279=CARTESIAN_POINT('',(15.1505719403976,23.4948106553203,-42.335925));
#6280=CARTESIAN_POINT('',(14.9505719403976,23.4948106553203,-44.835925));
#6281=CARTESIAN_POINT('',(15.1505719403976,22.8948106553203,-41.635925));
#6282=MECHANICAL_DESIGN_GEOMETRIC_PRESENTATION_REPRESENTATION('',(#34,#23,
#24,#25,#26,#27,#28,#29,#30,#31,#32),#6283);
#6283=(
GEOMETRIC_REPRESENTATION_CONTEXT(3)
GLOBAL_UNCERTAINTY_ASSIGNED_CONTEXT((#6284))
GLOBAL_UNIT_ASSIGNED_CONTEXT((#6290,#6286,#6285))
REPRESENTATION_CONTEXT('AN-A6G-D','TOP_LEVEL_ASSEMBLY_PART')
);
#6284=UNCERTAINTY_MEASURE_WITH_UNIT(LENGTH_MEASURE(0.0508),#6290,
'DISTANCE_ACCURACY_VALUE','Maximum Tolerance applied to model');
#6285=(
NAMED_UNIT(*)
SI_UNIT($,.STERADIAN.)
SOLID_ANGLE_UNIT()
);
#6286=(
CONVERSION_BASED_UNIT('DEGREE',#6288)
NAMED_UNIT(#6287)
PLANE_ANGLE_UNIT()
);
#6287=DIMENSIONAL_EXPONENTS(0.,0.,0.,0.,0.,0.,0.);
#6288=PLANE_ANGLE_MEASURE_WITH_UNIT(PLANE_ANGLE_MEASURE(0.0174532925),#6289);
#6289=(
NAMED_UNIT(*)
PLANE_ANGLE_UNIT()
SI_UNIT($,.RADIAN.)
);
#6290=(
LENGTH_UNIT()
NAMED_UNIT(*)
SI_UNIT(.MILLI.,.METRE.)
);
ENDSEC;
END-ISO-10303-21;
