ISO-10303-21;
HEADER;
/* Generated by software containing ST-Developer
 * from STEP Tools, Inc. (www.steptools.com) 
 */
/* OPTION: using custom schema-name function */

FILE_DESCRIPTION(
/* description */ (''),
/* implementation_level */ '2;1');

FILE_NAME(
/* name */ 'AN-A6G.stp',
/* time_stamp */ '2026-08-25T14:32:09+08:00',
/* author */ (''),
/* organization */ (''),
/* preprocessor_version */ 'ST-DEVELOPER v16',
/* originating_system */ 'SIEMENS PLM Software NX 10.0',
/* authorisation */ '');

FILE_SCHEMA (('AUTOMOTIVE_DESIGN { 1 0 10303 214 3 1 1 1 }'));
ENDSEC;

DATA;
#10=SHAPE_REPRESENTATION_RELATIONSHIP('None',
'relationship between AN-A6G-None and AN-A6G-None',#22,#11);
#11=ADVANCED_BREP_SHAPE_REPRESENTATION('AN-A6G-None',(#32),#6211);
#12=SHAPE_DEFINITION_REPRESENTATION(#13,#22);
#13=PRODUCT_DEFINITION_SHAPE('','',#14);
#14=PRODUCT_DEFINITION(' ','',#16,#15);
#15=PRODUCT_DEFINITION_CONTEXT('part definition',#21,'design');
#16=PRODUCT_DEFINITION_FORMATION_WITH_SPECIFIED_SOURCE(' ',' ',#18,
 .NOT_KNOWN.);
#17=PRODUCT_RELATED_PRODUCT_CATEGORY('part','',(#18));
#18=PRODUCT('AN-A6G','AN-A6G',' ',(#19));
#19=PRODUCT_CONTEXT(' ',#21,'mechanical');
#20=APPLICATION_PROTOCOL_DEFINITION('international standard',
'automotive_design',2010,#21);
#21=APPLICATION_CONTEXT(
'core data for automotive mechanical design processes');
#22=SHAPE_REPRESENTATION('AN-A6G-None',(#3648),#6211);
#23=PRESENTATION_LAYER_ASSIGNMENT('1','Layer 1',(#32));
#24=STYLED_ITEM('',(#25),#32);
#25=PRESENTATION_STYLE_ASSIGNMENT((#26));
#26=SURFACE_STYLE_USAGE(.BOTH.,#27);
#27=SURFACE_SIDE_STYLE('',(#28));
#28=SURFACE_STYLE_FILL_AREA(#29);
#29=FILL_AREA_STYLE('',(#30));
#30=FILL_AREA_STYLE_COLOUR('',#31);
#31=COLOUR_RGB('Medium Sky',0.764705882352941,0.87843137254902,0.94508278019379);
#32=BREP_WITH_VOIDS('',#34,(#33));
#33=ORIENTED_CLOSED_SHELL('',*,#35,.F.);
#34=CLOSED_SHELL('',(#1011,#1012,#1013,#1014,#1015,#1016,#1017,#1018,#1019,
#1020,#1021,#1022,#1023,#1024,#1025,#1026,#1027,#1028,#1029,#1030,#1031,
#1032,#1033,#1034,#1035,#1036,#1037,#1038,#1039,#1040,#1041,#1042,#1043,
#1044,#1045,#1046,#1047,#1048,#1049,#1050,#1051,#1052,#1053,#1054,#1055,
#1056,#1057,#1058,#1059,#1060,#1061,#1062,#1063,#1064,#1065,#1066,#1067,
#1068,#1069,#1070,#1071,#1072,#1073,#1074,#1075,#1076,#1077,#1078,#1079,
#1080,#1081,#1082,#1083,#1084,#1085,#1086,#1087,#1088,#1089,#1090,#1091,
#1092,#1093,#1094,#1095,#1096,#1097,#1098,#1099,#1100,#1101,#1102,#1103,
#1104,#1105,#1106,#1107,#1108,#1109,#1110,#1111,#1112,#1113,#1114,#1115,
#1116,#1117,#1118,#1119,#1120,#1121,#1122,#1123,#1124,#1125,#1126,#1127,
#1128,#1129,#1130,#1131,#1132,#1133,#1134,#1135,#1136,#1137,#1138,#1139,
#1140,#1141,#1142,#1143,#1144,#1145,#1146,#1147,#1148,#1149,#1150,#1151,
#1152,#1153,#1154,#1155,#1156,#1157,#1158,#1159,#1160,#1161,#1162,#1163,
#1164,#1165,#1166,#1167,#1168,#1169,#1170,#1171,#1172,#1173,#1174,#1175,
#1176,#1177,#1178,#1179,#1180,#1181,#1182,#1183,#1184,#1185,#1186,#1187,
#1188,#1189,#1190,#1191,#1192,#1193,#1194,#1195,#1196,#1197,#1198,#1199,
#1200,#1201,#1202,#1203,#1204,#1205,#1206,#1207,#1208,#1209,#1210,#1211));
#35=CLOSED_SHELL('',(#1212,#1213,#1214,#1215));
#36=CONICAL_SURFACE('',#3853,1.3,21.8014094863518);
#37=CONICAL_SURFACE('',#3857,1.3,21.8014094863518);
#38=CONICAL_SURFACE('',#3859,1.3,21.8014094863518);
#39=CONICAL_SURFACE('',#3863,1.3,21.8014094863518);
#40=CONICAL_SURFACE('',#3865,0.5,45.);
#41=CONICAL_SURFACE('',#3869,0.5,45.);
#42=CONICAL_SURFACE('',#3871,0.5,45.);
#43=CONICAL_SURFACE('',#3875,0.500000000000001,45.);
#44=CONICAL_SURFACE('',#3986,1.1,45.0000000000002);
#45=CONICAL_SURFACE('',#4000,1.1,45.);
#46=SPHERICAL_SURFACE('',#3723,0.4);
#47=SPHERICAL_SURFACE('',#3728,0.4);
#48=SPHERICAL_SURFACE('',#3739,0.4);
#49=SPHERICAL_SURFACE('',#3744,0.4);
#50=SPHERICAL_SURFACE('',#3755,0.4);
#51=SPHERICAL_SURFACE('',#3760,0.4);
#52=FACE_OUTER_BOUND('',#1401,.T.);
#53=FACE_OUTER_BOUND('',#1402,.T.);
#54=FACE_OUTER_BOUND('',#1403,.T.);
#55=FACE_OUTER_BOUND('',#1404,.T.);
#56=FACE_OUTER_BOUND('',#1405,.T.);
#57=FACE_OUTER_BOUND('',#1406,.T.);
#58=FACE_OUTER_BOUND('',#1415,.T.);
#59=FACE_OUTER_BOUND('',#1416,.T.);
#60=FACE_OUTER_BOUND('',#1422,.T.);
#61=FACE_OUTER_BOUND('',#1423,.T.);
#62=FACE_OUTER_BOUND('',#1424,.T.);
#63=FACE_OUTER_BOUND('',#1425,.T.);
#64=FACE_OUTER_BOUND('',#1426,.T.);
#65=FACE_OUTER_BOUND('',#1427,.T.);
#66=FACE_OUTER_BOUND('',#1430,.T.);
#67=FACE_OUTER_BOUND('',#1433,.T.);
#68=FACE_OUTER_BOUND('',#1434,.T.);
#69=FACE_OUTER_BOUND('',#1435,.T.);
#70=FACE_OUTER_BOUND('',#1436,.T.);
#71=FACE_OUTER_BOUND('',#1437,.T.);
#72=FACE_OUTER_BOUND('',#1440,.T.);
#73=FACE_OUTER_BOUND('',#1441,.T.);
#74=FACE_OUTER_BOUND('',#1442,.T.);
#75=FACE_OUTER_BOUND('',#1443,.T.);
#76=FACE_OUTER_BOUND('',#1444,.T.);
#77=FACE_OUTER_BOUND('',#1445,.T.);
#78=FACE_OUTER_BOUND('',#1446,.T.);
#79=FACE_OUTER_BOUND('',#1447,.T.);
#80=FACE_OUTER_BOUND('',#1448,.T.);
#81=FACE_OUTER_BOUND('',#1449,.T.);
#82=FACE_OUTER_BOUND('',#1450,.T.);
#83=FACE_OUTER_BOUND('',#1451,.T.);
#84=FACE_OUTER_BOUND('',#1452,.T.);
#85=FACE_OUTER_BOUND('',#1453,.T.);
#86=FACE_OUTER_BOUND('',#1454,.T.);
#87=FACE_OUTER_BOUND('',#1455,.T.);
#88=FACE_OUTER_BOUND('',#1456,.T.);
#89=FACE_OUTER_BOUND('',#1457,.T.);
#90=FACE_OUTER_BOUND('',#1458,.T.);
#91=FACE_OUTER_BOUND('',#1459,.T.);
#92=FACE_OUTER_BOUND('',#1460,.T.);
#93=FACE_OUTER_BOUND('',#1463,.T.);
#94=FACE_OUTER_BOUND('',#1464,.T.);
#95=FACE_OUTER_BOUND('',#1465,.T.);
#96=FACE_OUTER_BOUND('',#1466,.T.);
#97=FACE_OUTER_BOUND('',#1467,.T.);
#98=FACE_OUTER_BOUND('',#1468,.T.);
#99=FACE_OUTER_BOUND('',#1469,.T.);
#100=FACE_OUTER_BOUND('',#1470,.T.);
#101=FACE_OUTER_BOUND('',#1471,.T.);
#102=FACE_OUTER_BOUND('',#1472,.T.);
#103=FACE_OUTER_BOUND('',#1473,.T.);
#104=FACE_OUTER_BOUND('',#1474,.T.);
#105=FACE_OUTER_BOUND('',#1477,.T.);
#106=FACE_OUTER_BOUND('',#1478,.T.);
#107=FACE_OUTER_BOUND('',#1479,.T.);
#108=FACE_OUTER_BOUND('',#1480,.T.);
#109=FACE_OUTER_BOUND('',#1481,.T.);
#110=FACE_OUTER_BOUND('',#1482,.T.);
#111=FACE_OUTER_BOUND('',#1483,.T.);
#112=FACE_OUTER_BOUND('',#1484,.T.);
#113=FACE_OUTER_BOUND('',#1485,.T.);
#114=FACE_OUTER_BOUND('',#1486,.T.);
#115=FACE_OUTER_BOUND('',#1487,.T.);
#116=FACE_OUTER_BOUND('',#1488,.T.);
#117=FACE_OUTER_BOUND('',#1489,.T.);
#118=FACE_OUTER_BOUND('',#1490,.T.);
#119=FACE_OUTER_BOUND('',#1491,.T.);
#120=FACE_OUTER_BOUND('',#1492,.T.);
#121=FACE_OUTER_BOUND('',#1493,.T.);
#122=FACE_OUTER_BOUND('',#1494,.T.);
#123=FACE_OUTER_BOUND('',#1495,.T.);
#124=FACE_OUTER_BOUND('',#1498,.T.);
#125=FACE_OUTER_BOUND('',#1499,.T.);
#126=FACE_OUTER_BOUND('',#1500,.T.);
#127=FACE_OUTER_BOUND('',#1501,.T.);
#128=FACE_OUTER_BOUND('',#1502,.T.);
#129=FACE_OUTER_BOUND('',#1503,.T.);
#130=FACE_OUTER_BOUND('',#1504,.T.);
#131=FACE_OUTER_BOUND('',#1505,.T.);
#132=FACE_OUTER_BOUND('',#1506,.T.);
#133=FACE_OUTER_BOUND('',#1507,.T.);
#134=FACE_OUTER_BOUND('',#1508,.T.);
#135=FACE_OUTER_BOUND('',#1509,.T.);
#136=FACE_OUTER_BOUND('',#1510,.T.);
#137=FACE_OUTER_BOUND('',#1511,.T.);
#138=FACE_OUTER_BOUND('',#1512,.T.);
#139=FACE_OUTER_BOUND('',#1513,.T.);
#140=FACE_OUTER_BOUND('',#1514,.T.);
#141=FACE_OUTER_BOUND('',#1515,.T.);
#142=FACE_OUTER_BOUND('',#1516,.T.);
#143=FACE_OUTER_BOUND('',#1517,.T.);
#144=FACE_OUTER_BOUND('',#1518,.T.);
#145=FACE_OUTER_BOUND('',#1519,.T.);
#146=FACE_OUTER_BOUND('',#1520,.T.);
#147=FACE_OUTER_BOUND('',#1521,.T.);
#148=FACE_OUTER_BOUND('',#1522,.T.);
#149=FACE_OUTER_BOUND('',#1523,.T.);
#150=FACE_OUTER_BOUND('',#1524,.T.);
#151=FACE_OUTER_BOUND('',#1525,.T.);
#152=FACE_OUTER_BOUND('',#1526,.T.);
#153=FACE_OUTER_BOUND('',#1527,.T.);
#154=FACE_OUTER_BOUND('',#1528,.T.);
#155=FACE_OUTER_BOUND('',#1529,.T.);
#156=FACE_OUTER_BOUND('',#1530,.T.);
#157=FACE_OUTER_BOUND('',#1531,.T.);
#158=FACE_OUTER_BOUND('',#1532,.T.);
#159=FACE_OUTER_BOUND('',#1533,.T.);
#160=FACE_OUTER_BOUND('',#1534,.T.);
#161=FACE_OUTER_BOUND('',#1535,.T.);
#162=FACE_OUTER_BOUND('',#1536,.T.);
#163=FACE_OUTER_BOUND('',#1537,.T.);
#164=FACE_OUTER_BOUND('',#1538,.T.);
#165=FACE_OUTER_BOUND('',#1539,.T.);
#166=FACE_OUTER_BOUND('',#1540,.T.);
#167=FACE_OUTER_BOUND('',#1541,.T.);
#168=FACE_OUTER_BOUND('',#1542,.T.);
#169=FACE_OUTER_BOUND('',#1548,.T.);
#170=FACE_OUTER_BOUND('',#1549,.T.);
#171=FACE_OUTER_BOUND('',#1550,.T.);
#172=FACE_OUTER_BOUND('',#1551,.T.);
#173=FACE_OUTER_BOUND('',#1552,.T.);
#174=FACE_OUTER_BOUND('',#1553,.T.);
#175=FACE_OUTER_BOUND('',#1554,.T.);
#176=FACE_OUTER_BOUND('',#1555,.T.);
#177=FACE_OUTER_BOUND('',#1556,.T.);
#178=FACE_OUTER_BOUND('',#1557,.T.);
#179=FACE_OUTER_BOUND('',#1558,.T.);
#180=FACE_OUTER_BOUND('',#1559,.T.);
#181=FACE_OUTER_BOUND('',#1560,.T.);
#182=FACE_OUTER_BOUND('',#1561,.T.);
#183=FACE_OUTER_BOUND('',#1562,.T.);
#184=FACE_OUTER_BOUND('',#1563,.T.);
#185=FACE_OUTER_BOUND('',#1564,.T.);
#186=FACE_OUTER_BOUND('',#1565,.T.);
#187=FACE_OUTER_BOUND('',#1566,.T.);
#188=FACE_OUTER_BOUND('',#1567,.T.);
#189=FACE_OUTER_BOUND('',#1568,.T.);
#190=FACE_OUTER_BOUND('',#1569,.T.);
#191=FACE_OUTER_BOUND('',#1570,.T.);
#192=FACE_OUTER_BOUND('',#1571,.T.);
#193=FACE_OUTER_BOUND('',#1572,.T.);
#194=FACE_OUTER_BOUND('',#1573,.T.);
#195=FACE_OUTER_BOUND('',#1574,.T.);
#196=FACE_OUTER_BOUND('',#1575,.T.);
#197=FACE_OUTER_BOUND('',#1576,.T.);
#198=FACE_OUTER_BOUND('',#1577,.T.);
#199=FACE_OUTER_BOUND('',#1578,.T.);
#200=FACE_OUTER_BOUND('',#1579,.T.);
#201=FACE_OUTER_BOUND('',#1580,.T.);
#202=FACE_OUTER_BOUND('',#1581,.T.);
#203=FACE_OUTER_BOUND('',#1582,.T.);
#204=FACE_OUTER_BOUND('',#1583,.T.);
#205=FACE_OUTER_BOUND('',#1584,.T.);
#206=FACE_OUTER_BOUND('',#1585,.T.);
#207=FACE_OUTER_BOUND('',#1586,.T.);
#208=FACE_OUTER_BOUND('',#1587,.T.);
#209=FACE_OUTER_BOUND('',#1588,.T.);
#210=FACE_OUTER_BOUND('',#1589,.T.);
#211=FACE_OUTER_BOUND('',#1590,.T.);
#212=FACE_OUTER_BOUND('',#1591,.T.);
#213=FACE_OUTER_BOUND('',#1592,.T.);
#214=FACE_OUTER_BOUND('',#1593,.T.);
#215=FACE_OUTER_BOUND('',#1594,.T.);
#216=FACE_OUTER_BOUND('',#1595,.T.);
#217=FACE_OUTER_BOUND('',#1599,.T.);
#218=FACE_OUTER_BOUND('',#1600,.T.);
#219=FACE_OUTER_BOUND('',#1603,.T.);
#220=FACE_OUTER_BOUND('',#1609,.T.);
#221=FACE_OUTER_BOUND('',#1610,.T.);
#222=FACE_OUTER_BOUND('',#1611,.T.);
#223=FACE_OUTER_BOUND('',#1612,.T.);
#224=FACE_OUTER_BOUND('',#1613,.T.);
#225=FACE_OUTER_BOUND('',#1614,.T.);
#226=FACE_OUTER_BOUND('',#1615,.T.);
#227=FACE_OUTER_BOUND('',#1622,.T.);
#228=LINE('',#5115,#580);
#229=LINE('',#5118,#581);
#230=LINE('',#5120,#582);
#231=LINE('',#5122,#583);
#232=LINE('',#5124,#584);
#233=LINE('',#5126,#585);
#234=LINE('',#5128,#586);
#235=LINE('',#5130,#587);
#236=LINE('',#5132,#588);
#237=LINE('',#5134,#589);
#238=LINE('',#5136,#590);
#239=LINE('',#5138,#591);
#240=LINE('',#5140,#592);
#241=LINE('',#5142,#593);
#242=LINE('',#5144,#594);
#243=LINE('',#5146,#595);
#244=LINE('',#5148,#596);
#245=LINE('',#5150,#597);
#246=LINE('',#5162,#598);
#247=LINE('',#5165,#599);
#248=LINE('',#5167,#600);
#249=LINE('',#5169,#601);
#250=LINE('',#5171,#602);
#251=LINE('',#5174,#603);
#252=LINE('',#5176,#604);
#253=LINE('',#5178,#605);
#254=LINE('',#5262,#606);
#255=LINE('',#5266,#607);
#256=LINE('',#5271,#608);
#257=LINE('',#5275,#609);
#258=LINE('',#5277,#610);
#259=LINE('',#5280,#611);
#260=LINE('',#5282,#612);
#261=LINE('',#5284,#613);
#262=LINE('',#5286,#614);
#263=LINE('',#5289,#615);
#264=LINE('',#5291,#616);
#265=LINE('',#5293,#617);
#266=LINE('',#5295,#618);
#267=LINE('',#5297,#619);
#268=LINE('',#5299,#620);
#269=LINE('',#5301,#621);
#270=LINE('',#5304,#622);
#271=LINE('',#5305,#623);
#272=LINE('',#5319,#624);
#273=LINE('',#5323,#625);
#274=LINE('',#5328,#626);
#275=LINE('',#5332,#627);
#276=LINE('',#5334,#628);
#277=LINE('',#5335,#629);
#278=LINE('',#5337,#630);
#279=LINE('',#5338,#631);
#280=LINE('',#5340,#632);
#281=LINE('',#5343,#633);
#282=LINE('',#5345,#634);
#283=LINE('',#5347,#635);
#284=LINE('',#5349,#636);
#285=LINE('',#5350,#637);
#286=LINE('',#5352,#638);
#287=LINE('',#5354,#639);
#288=LINE('',#5356,#640);
#289=LINE('',#5358,#641);
#290=LINE('',#5360,#642);
#291=LINE('',#5362,#643);
#292=LINE('',#5364,#644);
#293=LINE('',#5366,#645);
#294=LINE('',#5368,#646);
#295=LINE('',#5370,#647);
#296=LINE('',#5372,#648);
#297=LINE('',#5374,#649);
#298=LINE('',#5375,#650);
#299=LINE('',#5377,#651);
#300=LINE('',#5378,#652);
#301=LINE('',#5382,#653);
#302=LINE('',#5386,#654);
#303=LINE('',#5390,#655);
#304=LINE('',#5391,#656);
#305=LINE('',#5395,#657);
#306=LINE('',#5399,#658);
#307=LINE('',#5403,#659);
#308=LINE('',#5404,#660);
#309=LINE('',#5406,#661);
#310=LINE('',#5408,#662);
#311=LINE('',#5412,#663);
#312=LINE('',#5416,#664);
#313=LINE('',#5417,#665);
#314=LINE('',#5421,#666);
#315=LINE('',#5425,#667);
#316=LINE('',#5427,#668);
#317=LINE('',#5429,#669);
#318=LINE('',#5432,#670);
#319=LINE('',#5434,#671);
#320=LINE('',#5436,#672);
#321=LINE('',#5445,#673);
#322=LINE('',#5449,#674);
#323=LINE('',#5455,#675);
#324=LINE('',#5459,#676);
#325=LINE('',#5470,#677);
#326=LINE('',#5471,#678);
#327=LINE('',#5477,#679);
#328=LINE('',#5481,#680);
#329=LINE('',#5487,#681);
#330=LINE('',#5491,#682);
#331=LINE('',#5502,#683);
#332=LINE('',#5503,#684);
#333=LINE('',#5509,#685);
#334=LINE('',#5513,#686);
#335=LINE('',#5519,#687);
#336=LINE('',#5520,#688);
#337=LINE('',#5525,#689);
#338=LINE('',#5528,#690);
#339=LINE('',#5530,#691);
#340=LINE('',#5532,#692);
#341=LINE('',#5534,#693);
#342=LINE('',#5535,#694);
#343=LINE('',#5537,#695);
#344=LINE('',#5540,#696);
#345=LINE('',#5542,#697);
#346=LINE('',#5544,#698);
#347=LINE('',#5548,#699);
#348=LINE('',#5552,#700);
#349=LINE('',#5554,#701);
#350=LINE('',#5556,#702);
#351=LINE('',#5558,#703);
#352=LINE('',#5560,#704);
#353=LINE('',#5562,#705);
#354=LINE('',#5564,#706);
#355=LINE('',#5566,#707);
#356=LINE('',#5568,#708);
#357=LINE('',#5572,#709);
#358=LINE('',#5576,#710);
#359=LINE('',#5578,#711);
#360=LINE('',#5580,#712);
#361=LINE('',#5582,#713);
#362=LINE('',#5583,#714);
#363=LINE('',#5585,#715);
#364=LINE('',#5587,#716);
#365=LINE('',#5589,#717);
#366=LINE('',#5592,#718);
#367=LINE('',#5594,#719);
#368=LINE('',#5598,#720);
#369=LINE('',#5602,#721);
#370=LINE('',#5606,#722);
#371=LINE('',#5610,#723);
#372=LINE('',#5614,#724);
#373=LINE('',#5618,#725);
#374=LINE('',#5622,#726);
#375=LINE('',#5626,#727);
#376=LINE('',#5628,#728);
#377=LINE('',#5630,#729);
#378=LINE('',#5635,#730);
#379=LINE('',#5639,#731);
#380=LINE('',#5644,#732);
#381=LINE('',#5648,#733);
#382=LINE('',#5653,#734);
#383=LINE('',#5657,#735);
#384=LINE('',#5662,#736);
#385=LINE('',#5666,#737);
#386=LINE('',#5667,#738);
#387=LINE('',#5669,#739);
#388=LINE('',#5670,#740);
#389=LINE('',#5672,#741);
#390=LINE('',#5674,#742);
#391=LINE('',#5676,#743);
#392=LINE('',#5678,#744);
#393=LINE('',#5680,#745);
#394=LINE('',#5683,#746);
#395=LINE('',#5685,#747);
#396=LINE('',#5687,#748);
#397=LINE('',#5689,#749);
#398=LINE('',#5690,#750);
#399=LINE('',#5692,#751);
#400=LINE('',#5694,#752);
#401=LINE('',#5696,#753);
#402=LINE('',#5698,#754);
#403=LINE('',#5700,#755);
#404=LINE('',#5703,#756);
#405=LINE('',#5705,#757);
#406=LINE('',#5707,#758);
#407=LINE('',#5722,#759);
#408=LINE('',#5725,#760);
#409=LINE('',#5727,#761);
#410=LINE('',#5730,#762);
#411=LINE('',#5732,#763);
#412=LINE('',#5734,#764);
#413=LINE('',#5736,#765);
#414=LINE('',#5739,#766);
#415=LINE('',#5741,#767);
#416=LINE('',#5743,#768);
#417=LINE('',#5748,#769);
#418=LINE('',#5752,#770);
#419=LINE('',#5756,#771);
#420=LINE('',#5760,#772);
#421=LINE('',#5764,#773);
#422=LINE('',#5768,#774);
#423=LINE('',#5772,#775);
#424=LINE('',#5776,#776);
#425=LINE('',#5778,#777);
#426=LINE('',#5781,#778);
#427=LINE('',#5783,#779);
#428=LINE('',#5785,#780);
#429=LINE('',#5787,#781);
#430=LINE('',#5790,#782);
#431=LINE('',#5792,#783);
#432=LINE('',#5794,#784);
#433=LINE('',#5796,#785);
#434=LINE('',#5801,#786);
#435=LINE('',#5805,#787);
#436=LINE('',#5809,#788);
#437=LINE('',#5825,#789);
#438=LINE('',#5829,#790);
#439=LINE('',#5831,#791);
#440=LINE('',#5833,#792);
#441=LINE('',#5835,#793);
#442=LINE('',#5837,#794);
#443=LINE('',#5839,#795);
#444=LINE('',#5845,#796);
#445=LINE('',#5847,#797);
#446=LINE('',#5849,#798);
#447=LINE('',#5851,#799);
#448=LINE('',#5853,#800);
#449=LINE('',#5857,#801);
#450=LINE('',#5861,#802);
#451=LINE('',#5863,#803);
#452=LINE('',#5865,#804);
#453=LINE('',#5867,#805);
#454=LINE('',#5869,#806);
#455=LINE('',#5871,#807);
#456=LINE('',#5877,#808);
#457=LINE('',#5879,#809);
#458=LINE('',#5881,#810);
#459=LINE('',#5883,#811);
#460=LINE('',#5885,#812);
#461=LINE('',#5921,#813);
#462=LINE('',#5922,#814);
#463=LINE('',#5924,#815);
#464=LINE('',#5925,#816);
#465=LINE('',#5927,#817);
#466=LINE('',#5930,#818);
#467=LINE('',#5932,#819);
#468=LINE('',#5934,#820);
#469=LINE('',#5936,#821);
#470=LINE('',#5938,#822);
#471=LINE('',#5940,#823);
#472=LINE('',#5942,#824);
#473=LINE('',#5944,#825);
#474=LINE('',#5946,#826);
#475=LINE('',#5948,#827);
#476=LINE('',#5949,#828);
#477=LINE('',#5951,#829);
#478=LINE('',#5953,#830);
#479=LINE('',#5956,#831);
#480=LINE('',#5958,#832);
#481=LINE('',#5961,#833);
#482=LINE('',#5965,#834);
#483=LINE('',#5969,#835);
#484=LINE('',#5973,#836);
#485=LINE('',#5977,#837);
#486=LINE('',#5981,#838);
#487=LINE('',#5985,#839);
#488=LINE('',#5986,#840);
#489=LINE('',#5990,#841);
#490=LINE('',#5991,#842);
#491=LINE('',#5995,#843);
#492=LINE('',#6000,#844);
#493=LINE('',#6001,#845);
#494=LINE('',#6003,#846);
#495=LINE('',#6005,#847);
#496=LINE('',#6007,#848);
#497=LINE('',#6009,#849);
#498=LINE('',#6011,#850);
#499=LINE('',#6013,#851);
#500=LINE('',#6015,#852);
#501=LINE('',#6017,#853);
#502=LINE('',#6019,#854);
#503=LINE('',#6021,#855);
#504=LINE('',#6023,#856);
#505=LINE('',#6025,#857);
#506=LINE('',#6027,#858);
#507=LINE('',#6029,#859);
#508=LINE('',#6033,#860);
#509=LINE('',#6034,#861);
#510=LINE('',#6035,#862);
#511=LINE('',#6037,#863);
#512=LINE('',#6038,#864);
#513=LINE('',#6040,#865);
#514=LINE('',#6042,#866);
#515=LINE('',#6044,#867);
#516=LINE('',#6046,#868);
#517=LINE('',#6048,#869);
#518=LINE('',#6050,#870);
#519=LINE('',#6051,#871);
#520=LINE('',#6053,#872);
#521=LINE('',#6055,#873);
#522=LINE('',#6056,#874);
#523=LINE('',#6058,#875);
#524=LINE('',#6059,#876);
#525=LINE('',#6060,#877);
#526=LINE('',#6062,#878);
#527=LINE('',#6064,#879);
#528=LINE('',#6066,#880);
#529=LINE('',#6067,#881);
#530=LINE('',#6069,#882);
#531=LINE('',#6071,#883);
#532=LINE('',#6073,#884);
#533=LINE('',#6075,#885);
#534=LINE('',#6077,#886);
#535=LINE('',#6079,#887);
#536=LINE('',#6080,#888);
#537=LINE('',#6082,#889);
#538=LINE('',#6084,#890);
#539=LINE('',#6086,#891);
#540=LINE('',#6088,#892);
#541=LINE('',#6093,#893);
#542=LINE('',#6094,#894);
#543=LINE('',#6096,#895);
#544=LINE('',#6098,#896);
#545=LINE('',#6100,#897);
#546=LINE('',#6102,#898);
#547=LINE('',#6106,#899);
#548=LINE('',#6107,#900);
#549=LINE('',#6109,#901);
#550=LINE('',#6111,#902);
#551=LINE('',#6113,#903);
#552=LINE('',#6115,#904);
#553=LINE('',#6117,#905);
#554=LINE('',#6119,#906);
#555=LINE('',#6124,#907);
#556=LINE('',#6127,#908);
#557=LINE('',#6129,#909);
#558=LINE('',#6130,#910);
#559=LINE('',#6132,#911);
#560=LINE('',#6133,#912);
#561=LINE('',#6136,#913);
#562=LINE('',#6152,#914);
#563=LINE('',#6155,#915);
#564=LINE('',#6157,#916);
#565=LINE('',#6159,#917);
#566=LINE('',#6161,#918);
#567=LINE('',#6163,#919);
#568=LINE('',#6165,#920);
#569=LINE('',#6168,#921);
#570=LINE('',#6169,#922);
#571=LINE('',#6171,#923);
#572=LINE('',#6173,#924);
#573=LINE('',#6175,#925);
#574=LINE('',#6177,#926);
#575=LINE('',#6179,#927);
#576=LINE('',#6181,#928);
#577=LINE('',#6183,#929);
#578=LINE('',#6185,#930);
#579=LINE('',#6187,#931);
#580=VECTOR('',#4029,1.);
#581=VECTOR('',#4030,1.);
#582=VECTOR('',#4031,1.);
#583=VECTOR('',#4032,1.);
#584=VECTOR('',#4033,1.);
#585=VECTOR('',#4034,1.);
#586=VECTOR('',#4037,1.);
#587=VECTOR('',#4038,1.);
#588=VECTOR('',#4039,1.);
#589=VECTOR('',#4042,1.);
#590=VECTOR('',#4043,1.);
#591=VECTOR('',#4046,1.);
#592=VECTOR('',#4047,1.);
#593=VECTOR('',#4050,1.);
#594=VECTOR('',#4051,1.);
#595=VECTOR('',#4054,1.);
#596=VECTOR('',#4055,1.);
#597=VECTOR('',#4058,1.);
#598=VECTOR('',#4075,1.);
#599=VECTOR('',#4076,1.);
#600=VECTOR('',#4077,1.);
#601=VECTOR('',#4078,1.);
#602=VECTOR('',#4081,1.);
#603=VECTOR('',#4082,1.);
#604=VECTOR('',#4083,1.);
#605=VECTOR('',#4084,1.);
#606=VECTOR('',#4099,1.);
#607=VECTOR('',#4102,1.);
#608=VECTOR('',#4107,1.);
#609=VECTOR('',#4110,1.);
#610=VECTOR('',#4113,1.);
#611=VECTOR('',#4114,1.);
#612=VECTOR('',#4115,1.);
#613=VECTOR('',#4116,1.);
#614=VECTOR('',#4119,1.);
#615=VECTOR('',#4120,1.);
#616=VECTOR('',#4121,1.);
#617=VECTOR('',#4122,1.);
#618=VECTOR('',#4125,1.);
#619=VECTOR('',#4126,1.);
#620=VECTOR('',#4127,1.);
#621=VECTOR('',#4130,1.);
#622=VECTOR('',#4131,1.);
#623=VECTOR('',#4132,1.);
#624=VECTOR('',#4149,1.);
#625=VECTOR('',#4152,1.);
#626=VECTOR('',#4157,1.);
#627=VECTOR('',#4160,1.);
#628=VECTOR('',#4163,1.);
#629=VECTOR('',#4164,1.);
#630=VECTOR('',#4167,1.);
#631=VECTOR('',#4168,1.);
#632=VECTOR('',#4171,1.);
#633=VECTOR('',#4172,1.);
#634=VECTOR('',#4173,1.);
#635=VECTOR('',#4174,1.);
#636=VECTOR('',#4177,1.);
#637=VECTOR('',#4178,1.);
#638=VECTOR('',#4181,1.);
#639=VECTOR('',#4182,1.);
#640=VECTOR('',#4183,1.);
#641=VECTOR('',#4184,1.);
#642=VECTOR('',#4185,1.);
#643=VECTOR('',#4188,1.);
#644=VECTOR('',#4189,1.);
#645=VECTOR('',#4190,1.);
#646=VECTOR('',#4191,1.);
#647=VECTOR('',#4192,1.);
#648=VECTOR('',#4195,1.);
#649=VECTOR('',#4196,1.);
#650=VECTOR('',#4197,1.);
#651=VECTOR('',#4198,1.);
#652=VECTOR('',#4199,1.);
#653=VECTOR('',#4202,1.);
#654=VECTOR('',#4205,1.);
#655=VECTOR('',#4208,1.);
#656=VECTOR('',#4209,1.);
#657=VECTOR('',#4212,1.);
#658=VECTOR('',#4215,1.);
#659=VECTOR('',#4218,1.);
#660=VECTOR('',#4219,1.);
#661=VECTOR('',#4222,1.);
#662=VECTOR('',#4223,1.);
#663=VECTOR('',#4226,1.);
#664=VECTOR('',#4229,1.);
#665=VECTOR('',#4230,1.);
#666=VECTOR('',#4233,1.);
#667=VECTOR('',#4236,1.);
#668=VECTOR('',#4237,1.);
#669=VECTOR('',#4240,1.);
#670=VECTOR('',#4241,1.);
#671=VECTOR('',#4242,1.);
#672=VECTOR('',#4243,1.);
#673=VECTOR('',#4254,1.);
#674=VECTOR('',#4257,1.);
#675=VECTOR('',#4266,1.);
#676=VECTOR('',#4269,1.);
#677=VECTOR('',#4282,1.);
#678=VECTOR('',#4283,1.);
#679=VECTOR('',#4292,1.);
#680=VECTOR('',#4295,1.);
#681=VECTOR('',#4304,1.);
#682=VECTOR('',#4307,1.);
#683=VECTOR('',#4320,1.);
#684=VECTOR('',#4321,1.);
#685=VECTOR('',#4330,1.);
#686=VECTOR('',#4333,1.);
#687=VECTOR('',#4342,1.);
#688=VECTOR('',#4343,1.);
#689=VECTOR('',#4350,1.);
#690=VECTOR('',#4351,1.);
#691=VECTOR('',#4352,1.);
#692=VECTOR('',#4353,1.);
#693=VECTOR('',#4356,1.);
#694=VECTOR('',#4357,1.);
#695=VECTOR('',#4360,1.);
#696=VECTOR('',#4361,1.);
#697=VECTOR('',#4362,1.);
#698=VECTOR('',#4363,1.);
#699=VECTOR('',#4368,1.);
#700=VECTOR('',#4373,1.);
#701=VECTOR('',#4374,1.);
#702=VECTOR('',#4375,1.);
#703=VECTOR('',#4378,1.);
#704=VECTOR('',#4379,1.);
#705=VECTOR('',#4380,1.);
#706=VECTOR('',#4383,1.);
#707=VECTOR('',#4384,1.);
#708=VECTOR('',#4385,1.);
#709=VECTOR('',#4390,1.);
#710=VECTOR('',#4395,1.);
#711=VECTOR('',#4396,1.);
#712=VECTOR('',#4397,1.);
#713=VECTOR('',#4400,1.);
#714=VECTOR('',#4401,1.);
#715=VECTOR('',#4404,1.);
#716=VECTOR('',#4407,1.);
#717=VECTOR('',#4410,1.);
#718=VECTOR('',#4411,1.);
#719=VECTOR('',#4412,1.);
#720=VECTOR('',#4415,1.);
#721=VECTOR('',#4418,1.);
#722=VECTOR('',#4421,1.);
#723=VECTOR('',#4424,1.);
#724=VECTOR('',#4427,1.);
#725=VECTOR('',#4430,1.);
#726=VECTOR('',#4433,1.);
#727=VECTOR('',#4436,1.);
#728=VECTOR('',#4437,1.);
#729=VECTOR('',#4440,1.);
#730=VECTOR('',#4443,1.);
#731=VECTOR('',#4448,1.);
#732=VECTOR('',#4451,1.);
#733=VECTOR('',#4456,1.);
#734=VECTOR('',#4459,1.);
#735=VECTOR('',#4464,1.);
#736=VECTOR('',#4467,1.);
#737=VECTOR('',#4472,1.);
#738=VECTOR('',#4473,1.);
#739=VECTOR('',#4476,1.);
#740=VECTOR('',#4477,1.);
#741=VECTOR('',#4478,1.);
#742=VECTOR('',#4479,1.);
#743=VECTOR('',#4480,1.);
#744=VECTOR('',#4481,1.);
#745=VECTOR('',#4484,1.);
#746=VECTOR('',#4485,1.);
#747=VECTOR('',#4486,1.);
#748=VECTOR('',#4487,1.);
#749=VECTOR('',#4490,1.);
#750=VECTOR('',#4491,1.);
#751=VECTOR('',#4492,1.);
#752=VECTOR('',#4493,1.);
#753=VECTOR('',#4494,1.);
#754=VECTOR('',#4495,1.);
#755=VECTOR('',#4498,1.);
#756=VECTOR('',#4499,1.);
#757=VECTOR('',#4500,1.);
#758=VECTOR('',#4501,1.);
#759=VECTOR('',#4530,1.);
#760=VECTOR('',#4535,1.);
#761=VECTOR('',#4538,1.);
#762=VECTOR('',#4539,1.);
#763=VECTOR('',#4540,1.);
#764=VECTOR('',#4541,1.);
#765=VECTOR('',#4544,1.);
#766=VECTOR('',#4545,1.);
#767=VECTOR('',#4546,1.);
#768=VECTOR('',#4547,1.);
#769=VECTOR('',#4552,1.);
#770=VECTOR('',#4555,1.);
#771=VECTOR('',#4558,1.);
#772=VECTOR('',#4561,1.);
#773=VECTOR('',#4564,1.);
#774=VECTOR('',#4567,1.);
#775=VECTOR('',#4570,1.);
#776=VECTOR('',#4573,1.);
#777=VECTOR('',#4576,1.);
#778=VECTOR('',#4577,1.);
#779=VECTOR('',#4578,1.);
#780=VECTOR('',#4579,1.);
#781=VECTOR('',#4582,1.);
#782=VECTOR('',#4583,1.);
#783=VECTOR('',#4584,1.);
#784=VECTOR('',#4585,1.);
#785=VECTOR('',#4588,1.);
#786=VECTOR('',#4591,1.);
#787=VECTOR('',#4594,1.);
#788=VECTOR('',#4597,1.);
#789=VECTOR('',#4626,1.);
#790=VECTOR('',#4629,1.);
#791=VECTOR('',#4632,1.);
#792=VECTOR('',#4633,1.);
#793=VECTOR('',#4636,1.);
#794=VECTOR('',#4637,1.);
#795=VECTOR('',#4640,1.);
#796=VECTOR('',#4647,1.);
#797=VECTOR('',#4650,1.);
#798=VECTOR('',#4651,1.);
#799=VECTOR('',#4654,1.);
#800=VECTOR('',#4655,1.);
#801=VECTOR('',#4662,1.);
#802=VECTOR('',#4665,1.);
#803=VECTOR('',#4668,1.);
#804=VECTOR('',#4669,1.);
#805=VECTOR('',#4672,1.);
#806=VECTOR('',#4673,1.);
#807=VECTOR('',#4676,1.);
#808=VECTOR('',#4683,1.);
#809=VECTOR('',#4686,1.);
#810=VECTOR('',#4687,1.);
#811=VECTOR('',#4690,1.);
#812=VECTOR('',#4691,1.);
#813=VECTOR('',#4762,1.);
#814=VECTOR('',#4763,1.);
#815=VECTOR('',#4766,1.);
#816=VECTOR('',#4767,1.);
#817=VECTOR('',#4770,1.);
#818=VECTOR('',#4771,1.);
#819=VECTOR('',#4772,1.);
#820=VECTOR('',#4773,1.);
#821=VECTOR('',#4776,1.);
#822=VECTOR('',#4777,1.);
#823=VECTOR('',#4778,1.);
#824=VECTOR('',#4781,1.);
#825=VECTOR('',#4782,1.);
#826=VECTOR('',#4783,1.);
#827=VECTOR('',#4786,1.);
#828=VECTOR('',#4787,1.);
#829=VECTOR('',#4790,1.);
#830=VECTOR('',#4791,1.);
#831=VECTOR('',#4794,1.);
#832=VECTOR('',#4795,1.);
#833=VECTOR('',#4798,1.);
#834=VECTOR('',#4801,1.);
#835=VECTOR('',#4804,1.);
#836=VECTOR('',#4807,1.);
#837=VECTOR('',#4810,1.);
#838=VECTOR('',#4813,1.);
#839=VECTOR('',#4816,1.);
#840=VECTOR('',#4817,1.);
#841=VECTOR('',#4820,1.);
#842=VECTOR('',#4821,1.);
#843=VECTOR('',#4824,1.);
#844=VECTOR('',#4829,1.);
#845=VECTOR('',#4830,1.);
#846=VECTOR('',#4833,1.);
#847=VECTOR('',#4834,1.);
#848=VECTOR('',#4835,1.);
#849=VECTOR('',#4838,1.);
#850=VECTOR('',#4839,1.);
#851=VECTOR('',#4840,1.);
#852=VECTOR('',#4841,1.);
#853=VECTOR('',#4844,1.);
#854=VECTOR('',#4845,1.);
#855=VECTOR('',#4848,1.);
#856=VECTOR('',#4849,1.);
#857=VECTOR('',#4852,1.);
#858=VECTOR('',#4853,1.);
#859=VECTOR('',#4856,1.);
#860=VECTOR('',#4863,1.);
#861=VECTOR('',#4864,1.);
#862=VECTOR('',#4865,1.);
#863=VECTOR('',#4868,1.);
#864=VECTOR('',#4869,1.);
#865=VECTOR('',#4872,1.);
#866=VECTOR('',#4875,1.);
#867=VECTOR('',#4878,1.);
#868=VECTOR('',#4881,1.);
#869=VECTOR('',#4884,1.);
#870=VECTOR('',#4887,1.);
#871=VECTOR('',#4888,1.);
#872=VECTOR('',#4891,1.);
#873=VECTOR('',#4894,1.);
#874=VECTOR('',#4895,1.);
#875=VECTOR('',#4898,1.);
#876=VECTOR('',#4899,1.);
#877=VECTOR('',#4900,1.);
#878=VECTOR('',#4903,1.);
#879=VECTOR('',#4904,1.);
#880=VECTOR('',#4905,1.);
#881=VECTOR('',#4906,1.);
#882=VECTOR('',#4909,1.);
#883=VECTOR('',#4912,1.);
#884=VECTOR('',#4915,1.);
#885=VECTOR('',#4918,1.);
#886=VECTOR('',#4921,1.);
#887=VECTOR('',#4924,1.);
#888=VECTOR('',#4925,1.);
#889=VECTOR('',#4928,1.);
#890=VECTOR('',#4931,1.);
#891=VECTOR('',#4934,1.);
#892=VECTOR('',#4937,1.);
#893=VECTOR('',#4942,1.);
#894=VECTOR('',#4943,1.);
#895=VECTOR('',#4946,1.);
#896=VECTOR('',#4947,1.);
#897=VECTOR('',#4948,1.);
#898=VECTOR('',#4951,1.);
#899=VECTOR('',#4956,1.);
#900=VECTOR('',#4957,1.);
#901=VECTOR('',#4958,1.);
#902=VECTOR('',#4961,1.);
#903=VECTOR('',#4962,1.);
#904=VECTOR('',#4963,1.);
#905=VECTOR('',#4966,1.);
#906=VECTOR('',#4969,1.);
#907=VECTOR('',#4978,1.);
#908=VECTOR('',#4983,1.);
#909=VECTOR('',#4986,1.);
#910=VECTOR('',#4987,1.);
#911=VECTOR('',#4990,1.);
#912=VECTOR('',#4991,1.);
#913=VECTOR('',#4996,1.);
#914=VECTOR('',#5021,1.);
#915=VECTOR('',#5022,1.);
#916=VECTOR('',#5023,1.);
#917=VECTOR('',#5024,1.);
#918=VECTOR('',#5025,1.);
#919=VECTOR('',#5026,1.);
#920=VECTOR('',#5029,1.);
#921=VECTOR('',#5030,1.);
#922=VECTOR('',#5031,1.);
#923=VECTOR('',#5034,1.);
#924=VECTOR('',#5035,1.);
#925=VECTOR('',#5038,1.);
#926=VECTOR('',#5039,1.);
#927=VECTOR('',#5042,1.);
#928=VECTOR('',#5043,1.);
#929=VECTOR('',#5046,1.);
#930=VECTOR('',#5047,1.);
#931=VECTOR('',#5050,1.);
#932=TOROIDAL_SURFACE('',#3657,2.,1.);
#933=TOROIDAL_SURFACE('',#3734,0.5,0.4);
#934=TOROIDAL_SURFACE('',#3750,0.5,0.4);
#935=TOROIDAL_SURFACE('',#3880,0.741421356237308,0.1);
#936=TOROIDAL_SURFACE('',#3882,0.741421356237308,0.1);
#937=TOROIDAL_SURFACE('',#3888,0.741421356237307,0.1);
#938=TOROIDAL_SURFACE('',#3890,0.741421356237308,0.1);
#939=TOROIDAL_SURFACE('',#3896,1.03229670385731,0.1);
#940=TOROIDAL_SURFACE('',#3898,1.03229670385731,0.1);
#941=TOROIDAL_SURFACE('',#3904,1.03229670385731,0.1);
#942=TOROIDAL_SURFACE('',#3906,1.03229670385731,0.1);
#943=CYLINDRICAL_SURFACE('',#3655,3.);
#944=CYLINDRICAL_SURFACE('',#3667,1.35);
#945=CYLINDRICAL_SURFACE('',#3669,2.1);
#946=CYLINDRICAL_SURFACE('',#3678,1.25);
#947=CYLINDRICAL_SURFACE('',#3681,0.2);
#948=CYLINDRICAL_SURFACE('',#3684,0.2);
#949=CYLINDRICAL_SURFACE('',#3691,0.5);
#950=CYLINDRICAL_SURFACE('',#3694,1.1);
#951=CYLINDRICAL_SURFACE('',#3697,0.1);
#952=CYLINDRICAL_SURFACE('',#3700,0.1);
#953=CYLINDRICAL_SURFACE('',#3725,0.4);
#954=CYLINDRICAL_SURFACE('',#3730,0.4);
#955=CYLINDRICAL_SURFACE('',#3736,0.4);
#956=CYLINDRICAL_SURFACE('',#3741,0.4);
#957=CYLINDRICAL_SURFACE('',#3746,0.4);
#958=CYLINDRICAL_SURFACE('',#3752,0.4);
#959=CYLINDRICAL_SURFACE('',#3757,0.4);
#960=CYLINDRICAL_SURFACE('',#3761,0.4);
#961=CYLINDRICAL_SURFACE('',#3769,0.8);
#962=CYLINDRICAL_SURFACE('',#3775,0.8);
#963=CYLINDRICAL_SURFACE('',#3791,0.5);
#964=CYLINDRICAL_SURFACE('',#3794,0.5);
#965=CYLINDRICAL_SURFACE('',#3797,0.5);
#966=CYLINDRICAL_SURFACE('',#3800,0.5);
#967=CYLINDRICAL_SURFACE('',#3808,0.5);
#968=CYLINDRICAL_SURFACE('',#3811,0.5);
#969=CYLINDRICAL_SURFACE('',#3814,0.5);
#970=CYLINDRICAL_SURFACE('',#3817,0.5);
#971=CYLINDRICAL_SURFACE('',#3842,1.3);
#972=CYLINDRICAL_SURFACE('',#3845,1.3);
#973=CYLINDRICAL_SURFACE('',#3848,1.3);
#974=CYLINDRICAL_SURFACE('',#3851,1.3);
#975=CYLINDRICAL_SURFACE('',#3878,0.1);
#976=CYLINDRICAL_SURFACE('',#3884,0.1);
#977=CYLINDRICAL_SURFACE('',#3886,0.1);
#978=CYLINDRICAL_SURFACE('',#3891,0.1);
#979=CYLINDRICAL_SURFACE('',#3894,0.1);
#980=CYLINDRICAL_SURFACE('',#3900,0.1);
#981=CYLINDRICAL_SURFACE('',#3902,0.1);
#982=CYLINDRICAL_SURFACE('',#3907,0.1);
#983=CYLINDRICAL_SURFACE('',#3926,0.1);
#984=CYLINDRICAL_SURFACE('',#3933,0.4);
#985=CYLINDRICAL_SURFACE('',#3935,0.4);
#986=CYLINDRICAL_SURFACE('',#3937,0.4);
#987=CYLINDRICAL_SURFACE('',#3939,0.1);
#988=CYLINDRICAL_SURFACE('',#3941,0.4);
#989=CYLINDRICAL_SURFACE('',#3942,0.1);
#990=CYLINDRICAL_SURFACE('',#3944,0.1);
#991=CYLINDRICAL_SURFACE('',#3945,0.4);
#992=CYLINDRICAL_SURFACE('',#3947,0.4);
#993=CYLINDRICAL_SURFACE('',#3949,0.1);
#994=CYLINDRICAL_SURFACE('',#3951,0.4);
#995=CYLINDRICAL_SURFACE('',#3952,0.1);
#996=CYLINDRICAL_SURFACE('',#3954,0.4);
#997=CYLINDRICAL_SURFACE('',#3956,0.1);
#998=CYLINDRICAL_SURFACE('',#3958,0.1);
#999=CYLINDRICAL_SURFACE('',#3961,0.4);
#1000=CYLINDRICAL_SURFACE('',#3972,0.4);
#1001=CYLINDRICAL_SURFACE('',#3973,0.1);
#1002=CYLINDRICAL_SURFACE('',#3975,0.1);
#1003=CYLINDRICAL_SURFACE('',#3981,1.75);
#1004=CYLINDRICAL_SURFACE('',#3995,1.1);
#1005=CYLINDRICAL_SURFACE('',#3997,1.1);
#1006=CYLINDRICAL_SURFACE('',#4005,2.1);
#1007=CYLINDRICAL_SURFACE('',#4007,2.5);
#1008=B_SPLINE_CURVE_WITH_KNOTS('',3,(#5089,#5090,#5091,#5092,#5093,#5094,
#5095),.UNSPECIFIED.,.F.,.F.,(4,3,4),(0.,0.521514781139178,1.),
 .UNSPECIFIED.);
#1009=B_SPLINE_CURVE_WITH_KNOTS('',3,(#5100,#5101,#5102,#5103,#5104,#5105,
#5106),.UNSPECIFIED.,.F.,.F.,(4,3,4),(0.,0.521514781139472,1.),
 .UNSPECIFIED.);
#1010=B_SPLINE_CURVE_WITH_KNOTS('',3,(#5187,#5188,#5189,#5190,#5191,#5192,
#5193,#5194,#5195,#5196,#5197,#5198,#5199,#5200,#5201,#5202,#5203,#5204,
#5205,#5206,#5207,#5208,#5209,#5210,#5211,#5212,#5213,#5214,#5215,#5216,
#5217,#5218,#5219,#5220,#5221,#5222,#5223,#5224,#5225,#5226,#5227,#5228,
#5229,#5230,#5231,#5232,#5233,#5234,#5235,#5236,#5237,#5238,#5239,#5240,
#5241,#5242,#5243,#5244,#5245,#5246,#5247,#5248,#5249,#5250,#5251,#5252,
#5253,#5254,#5255,#5256),.UNSPECIFIED.,.T.,.F.,(1,3,3,3,3,3,3,3,3,3,3,3,
3,3,3,3,3,3,3,3,3,3,3,3,3,1),(-0.0111481911441951,0.,0.0280260995358355,
0.0688790311643539,0.135104104588578,0.18569342815642,0.226613021594346,
0.267800154583757,0.305273401527271,0.345194752191936,0.406248682710422,
0.468743510881253,0.494974565014949,0.521455098548754,0.555965774852486,
0.617251033900779,0.681442307083642,0.722524220950066,0.763910670085194,
0.801332771672758,0.840504166127852,0.899902149423071,0.960632780719609,
0.988851808855805,1.,1.02802609953584),.UNSPECIFIED.);
#1011=ADVANCED_FACE('',(#1329,#1330),#1216,.T.);
#1012=ADVANCED_FACE('',(#1331,#1332),#943,.T.);
#1013=ADVANCED_FACE('',(#1333,#1334),#932,.T.);
#1014=ADVANCED_FACE('',(#1335,#1336),#1217,.T.);
#1015=ADVANCED_FACE('',(#52),#1218,.F.);
#1016=ADVANCED_FACE('',(#53),#1219,.F.);
#1017=ADVANCED_FACE('',(#54),#1220,.F.);
#1018=ADVANCED_FACE('',(#55),#1221,.F.);
#1019=ADVANCED_FACE('',(#56),#1222,.F.);
#1020=ADVANCED_FACE('',(#57),#1223,.F.);
#1021=ADVANCED_FACE('',(#1337,#1338),#1224,.F.);
#1022=ADVANCED_FACE('',(#1339,#1340),#944,.F.);
#1023=ADVANCED_FACE('',(#1341,#1342),#945,.F.);
#1024=ADVANCED_FACE('',(#1343,#1344),#1225,.F.);
#1025=ADVANCED_FACE('',(#58),#1226,.F.);
#1026=ADVANCED_FACE('',(#59),#1227,.F.);
#1027=ADVANCED_FACE('',(#1345,#1346),#1228,.F.);
#1028=ADVANCED_FACE('',(#1347,#1348,#1349),#946,.F.);
#1029=ADVANCED_FACE('',(#60),#947,.T.);
#1030=ADVANCED_FACE('',(#61),#948,.T.);
#1031=ADVANCED_FACE('',(#62),#1229,.T.);
#1032=ADVANCED_FACE('',(#63),#1230,.T.);
#1033=ADVANCED_FACE('',(#64),#1231,.T.);
#1034=ADVANCED_FACE('',(#65),#1232,.T.);
#1035=ADVANCED_FACE('',(#1350,#1351),#949,.T.);
#1036=ADVANCED_FACE('',(#66),#1233,.T.);
#1037=ADVANCED_FACE('',(#1352,#1353),#950,.F.);
#1038=ADVANCED_FACE('',(#67),#951,.F.);
#1039=ADVANCED_FACE('',(#68),#952,.F.);
#1040=ADVANCED_FACE('',(#69),#1234,.F.);
#1041=ADVANCED_FACE('',(#70),#1235,.F.);
#1042=ADVANCED_FACE('',(#71),#1236,.F.);
#1043=ADVANCED_FACE('',(#1354,#1355),#1237,.T.);
#1044=ADVANCED_FACE('',(#72),#1238,.T.);
#1045=ADVANCED_FACE('',(#73),#1239,.T.);
#1046=ADVANCED_FACE('',(#74),#1240,.F.);
#1047=ADVANCED_FACE('',(#75),#1241,.F.);
#1048=ADVANCED_FACE('',(#76),#1242,.T.);
#1049=ADVANCED_FACE('',(#77),#46,.T.);
#1050=ADVANCED_FACE('',(#78),#953,.T.);
#1051=ADVANCED_FACE('',(#79),#47,.T.);
#1052=ADVANCED_FACE('',(#80),#954,.T.);
#1053=ADVANCED_FACE('',(#81),#933,.T.);
#1054=ADVANCED_FACE('',(#82),#955,.T.);
#1055=ADVANCED_FACE('',(#83),#48,.T.);
#1056=ADVANCED_FACE('',(#84),#956,.T.);
#1057=ADVANCED_FACE('',(#85),#49,.T.);
#1058=ADVANCED_FACE('',(#86),#957,.T.);
#1059=ADVANCED_FACE('',(#87),#934,.T.);
#1060=ADVANCED_FACE('',(#88),#958,.T.);
#1061=ADVANCED_FACE('',(#89),#50,.T.);
#1062=ADVANCED_FACE('',(#90),#959,.T.);
#1063=ADVANCED_FACE('',(#91),#51,.T.);
#1064=ADVANCED_FACE('',(#92),#960,.T.);
#1065=ADVANCED_FACE('',(#1356,#1357),#1243,.T.);
#1066=ADVANCED_FACE('',(#93),#1244,.T.);
#1067=ADVANCED_FACE('',(#94),#1245,.T.);
#1068=ADVANCED_FACE('',(#95),#1246,.F.);
#1069=ADVANCED_FACE('',(#96),#961,.F.);
#1070=ADVANCED_FACE('',(#97),#1247,.F.);
#1071=ADVANCED_FACE('',(#98),#1248,.F.);
#1072=ADVANCED_FACE('',(#99),#1249,.F.);
#1073=ADVANCED_FACE('',(#100),#962,.F.);
#1074=ADVANCED_FACE('',(#101),#1250,.F.);
#1075=ADVANCED_FACE('',(#102),#1251,.F.);
#1076=ADVANCED_FACE('',(#103),#1252,.T.);
#1077=ADVANCED_FACE('',(#104),#1253,.F.);
#1078=ADVANCED_FACE('',(#1358,#1359),#1254,.F.);
#1079=ADVANCED_FACE('',(#105),#963,.T.);
#1080=ADVANCED_FACE('',(#106),#964,.T.);
#1081=ADVANCED_FACE('',(#107),#965,.T.);
#1082=ADVANCED_FACE('',(#108),#966,.T.);
#1083=ADVANCED_FACE('',(#109),#1255,.T.);
#1084=ADVANCED_FACE('',(#110),#1256,.T.);
#1085=ADVANCED_FACE('',(#111),#1257,.T.);
#1086=ADVANCED_FACE('',(#112),#1258,.T.);
#1087=ADVANCED_FACE('',(#113),#1259,.T.);
#1088=ADVANCED_FACE('',(#114),#967,.T.);
#1089=ADVANCED_FACE('',(#115),#968,.T.);
#1090=ADVANCED_FACE('',(#116),#969,.T.);
#1091=ADVANCED_FACE('',(#117),#970,.T.);
#1092=ADVANCED_FACE('',(#118),#1260,.T.);
#1093=ADVANCED_FACE('',(#119),#1261,.F.);
#1094=ADVANCED_FACE('',(#120),#1262,.F.);
#1095=ADVANCED_FACE('',(#121),#1263,.T.);
#1096=ADVANCED_FACE('',(#122),#1264,.T.);
#1097=ADVANCED_FACE('',(#123),#1265,.T.);
#1098=ADVANCED_FACE('',(#1360,#1361),#1266,.T.);
#1099=ADVANCED_FACE('',(#124),#1267,.T.);
#1100=ADVANCED_FACE('',(#125),#1268,.T.);
#1101=ADVANCED_FACE('',(#126),#1269,.F.);
#1102=ADVANCED_FACE('',(#127),#971,.T.);
#1103=ADVANCED_FACE('',(#128),#972,.T.);
#1104=ADVANCED_FACE('',(#129),#973,.T.);
#1105=ADVANCED_FACE('',(#130),#974,.T.);
#1106=ADVANCED_FACE('',(#131),#36,.T.);
#1107=ADVANCED_FACE('',(#132),#1270,.F.);
#1108=ADVANCED_FACE('',(#133),#1271,.F.);
#1109=ADVANCED_FACE('',(#134),#37,.T.);
#1110=ADVANCED_FACE('',(#135),#38,.T.);
#1111=ADVANCED_FACE('',(#136),#1272,.F.);
#1112=ADVANCED_FACE('',(#137),#1273,.F.);
#1113=ADVANCED_FACE('',(#138),#39,.T.);
#1114=ADVANCED_FACE('',(#139),#40,.F.);
#1115=ADVANCED_FACE('',(#140),#1274,.T.);
#1116=ADVANCED_FACE('',(#141),#1275,.T.);
#1117=ADVANCED_FACE('',(#142),#41,.F.);
#1118=ADVANCED_FACE('',(#143),#42,.F.);
#1119=ADVANCED_FACE('',(#144),#1276,.T.);
#1120=ADVANCED_FACE('',(#145),#1277,.T.);
#1121=ADVANCED_FACE('',(#146),#43,.F.);
#1122=ADVANCED_FACE('',(#147),#975,.T.);
#1123=ADVANCED_FACE('',(#148),#935,.T.);
#1124=ADVANCED_FACE('',(#149),#936,.T.);
#1125=ADVANCED_FACE('',(#150),#976,.T.);
#1126=ADVANCED_FACE('',(#151),#977,.T.);
#1127=ADVANCED_FACE('',(#152),#937,.T.);
#1128=ADVANCED_FACE('',(#153),#938,.T.);
#1129=ADVANCED_FACE('',(#154),#978,.T.);
#1130=ADVANCED_FACE('',(#155),#979,.T.);
#1131=ADVANCED_FACE('',(#156),#939,.T.);
#1132=ADVANCED_FACE('',(#157),#940,.T.);
#1133=ADVANCED_FACE('',(#158),#980,.T.);
#1134=ADVANCED_FACE('',(#159),#981,.T.);
#1135=ADVANCED_FACE('',(#160),#941,.T.);
#1136=ADVANCED_FACE('',(#161),#942,.T.);
#1137=ADVANCED_FACE('',(#162),#982,.T.);
#1138=ADVANCED_FACE('',(#163),#1278,.T.);
#1139=ADVANCED_FACE('',(#164),#1279,.F.);
#1140=ADVANCED_FACE('',(#165),#1280,.F.);
#1141=ADVANCED_FACE('',(#166),#1281,.F.);
#1142=ADVANCED_FACE('',(#167),#1282,.F.);
#1143=ADVANCED_FACE('',(#168),#1283,.F.);
#1144=ADVANCED_FACE('',(#1362,#1363,#1364,#1365,#1366),#1284,.T.);
#1145=ADVANCED_FACE('',(#169),#983,.F.);
#1146=ADVANCED_FACE('',(#170),#1285,.F.);
#1147=ADVANCED_FACE('',(#171),#1286,.F.);
#1148=ADVANCED_FACE('',(#172),#1287,.T.);
#1149=ADVANCED_FACE('',(#173),#1288,.T.);
#1150=ADVANCED_FACE('',(#174),#1289,.F.);
#1151=ADVANCED_FACE('',(#175),#984,.T.);
#1152=ADVANCED_FACE('',(#176),#1290,.F.);
#1153=ADVANCED_FACE('',(#177),#985,.T.);
#1154=ADVANCED_FACE('',(#178),#1291,.F.);
#1155=ADVANCED_FACE('',(#179),#986,.T.);
#1156=ADVANCED_FACE('',(#180),#1292,.F.);
#1157=ADVANCED_FACE('',(#181),#987,.F.);
#1158=ADVANCED_FACE('',(#182),#1293,.F.);
#1159=ADVANCED_FACE('',(#183),#988,.T.);
#1160=ADVANCED_FACE('',(#184),#989,.F.);
#1161=ADVANCED_FACE('',(#185),#1294,.T.);
#1162=ADVANCED_FACE('',(#186),#990,.F.);
#1163=ADVANCED_FACE('',(#187),#991,.T.);
#1164=ADVANCED_FACE('',(#188),#1295,.F.);
#1165=ADVANCED_FACE('',(#189),#992,.T.);
#1166=ADVANCED_FACE('',(#190),#1296,.F.);
#1167=ADVANCED_FACE('',(#191),#993,.F.);
#1168=ADVANCED_FACE('',(#192),#1297,.F.);
#1169=ADVANCED_FACE('',(#193),#994,.T.);
#1170=ADVANCED_FACE('',(#194),#995,.F.);
#1171=ADVANCED_FACE('',(#195),#1298,.T.);
#1172=ADVANCED_FACE('',(#196),#996,.T.);
#1173=ADVANCED_FACE('',(#197),#1299,.T.);
#1174=ADVANCED_FACE('',(#198),#997,.F.);
#1175=ADVANCED_FACE('',(#199),#998,.F.);
#1176=ADVANCED_FACE('',(#200),#1300,.F.);
#1177=ADVANCED_FACE('',(#201),#999,.T.);
#1178=ADVANCED_FACE('',(#202),#1301,.F.);
#1179=ADVANCED_FACE('',(#203),#1302,.F.);
#1180=ADVANCED_FACE('',(#204),#1303,.T.);
#1181=ADVANCED_FACE('',(#205),#1304,.F.);
#1182=ADVANCED_FACE('',(#206),#1305,.T.);
#1183=ADVANCED_FACE('',(#207),#1306,.F.);
#1184=ADVANCED_FACE('',(#208),#1307,.T.);
#1185=ADVANCED_FACE('',(#209),#1308,.T.);
#1186=ADVANCED_FACE('',(#210),#1309,.F.);
#1187=ADVANCED_FACE('',(#211),#1310,.T.);
#1188=ADVANCED_FACE('',(#212),#1000,.T.);
#1189=ADVANCED_FACE('',(#213),#1001,.F.);
#1190=ADVANCED_FACE('',(#214),#1311,.T.);
#1191=ADVANCED_FACE('',(#215),#1002,.F.);
#1192=ADVANCED_FACE('',(#216),#1312,.T.);
#1193=ADVANCED_FACE('',(#1367,#1368,#1369),#1313,.T.);
#1194=ADVANCED_FACE('',(#217),#1314,.T.);
#1195=ADVANCED_FACE('',(#218),#1315,.T.);
#1196=ADVANCED_FACE('',(#1370,#1371),#1003,.T.);
#1197=ADVANCED_FACE('',(#219),#1316,.T.);
#1198=ADVANCED_FACE('',(#1372,#1373,#1374),#1317,.F.);
#1199=ADVANCED_FACE('',(#1375,#1376),#44,.T.);
#1200=ADVANCED_FACE('',(#220),#1318,.T.);
#1201=ADVANCED_FACE('',(#221),#1319,.F.);
#1202=ADVANCED_FACE('',(#222),#1320,.F.);
#1203=ADVANCED_FACE('',(#223),#1321,.F.);
#1204=ADVANCED_FACE('',(#224),#1322,.F.);
#1205=ADVANCED_FACE('',(#225),#1323,.F.);
#1206=ADVANCED_FACE('',(#226),#1324,.F.);
#1207=ADVANCED_FACE('',(#1377,#1378),#1325,.T.);
#1208=ADVANCED_FACE('',(#1379,#1380),#1004,.T.);
#1209=ADVANCED_FACE('',(#1381,#1382),#1005,.T.);
#1210=ADVANCED_FACE('',(#227),#1326,.T.);
#1211=ADVANCED_FACE('',(#1383,#1384),#45,.T.);
#1212=ADVANCED_FACE('',(#1385,#1386),#1327,.F.);
#1213=ADVANCED_FACE('',(#1387,#1388),#1006,.F.);
#1214=ADVANCED_FACE('',(#1389,#1390),#1007,.T.);
#1215=ADVANCED_FACE('',(#1391,#1392),#1328,.T.);
#1216=PLANE('',#3651);
#1217=PLANE('',#3658);
#1218=PLANE('',#3659);
#1219=PLANE('',#3660);
#1220=PLANE('',#3661);
#1221=PLANE('',#3662);
#1222=PLANE('',#3663);
#1223=PLANE('',#3664);
#1224=PLANE('',#3666);
#1225=PLANE('',#3671);
#1226=PLANE('',#3672);
#1227=PLANE('',#3673);
#1228=PLANE('',#3676);
#1229=PLANE('',#3685);
#1230=PLANE('',#3686);
#1231=PLANE('',#3687);
#1232=PLANE('',#3688);
#1233=PLANE('',#3692);
#1234=PLANE('',#3701);
#1235=PLANE('',#3702);
#1236=PLANE('',#3703);
#1237=PLANE('',#3704);
#1238=PLANE('',#3705);
#1239=PLANE('',#3706);
#1240=PLANE('',#3713);
#1241=PLANE('',#3718);
#1242=PLANE('',#3719);
#1243=PLANE('',#3763);
#1244=PLANE('',#3764);
#1245=PLANE('',#3765);
#1246=PLANE('',#3766);
#1247=PLANE('',#3770);
#1248=PLANE('',#3771);
#1249=PLANE('',#3772);
#1250=PLANE('',#3776);
#1251=PLANE('',#3777);
#1252=PLANE('',#3778);
#1253=PLANE('',#3779);
#1254=PLANE('',#3788);
#1255=PLANE('',#3801);
#1256=PLANE('',#3802);
#1257=PLANE('',#3803);
#1258=PLANE('',#3804);
#1259=PLANE('',#3805);
#1260=PLANE('',#3818);
#1261=PLANE('',#3819);
#1262=PLANE('',#3820);
#1263=PLANE('',#3821);
#1264=PLANE('',#3822);
#1265=PLANE('',#3823);
#1266=PLANE('',#3832);
#1267=PLANE('',#3833);
#1268=PLANE('',#3834);
#1269=PLANE('',#3839);
#1270=PLANE('',#3854);
#1271=PLANE('',#3855);
#1272=PLANE('',#3860);
#1273=PLANE('',#3861);
#1274=PLANE('',#3866);
#1275=PLANE('',#3867);
#1276=PLANE('',#3872);
#1277=PLANE('',#3873);
#1278=PLANE('',#3908);
#1279=PLANE('',#3909);
#1280=PLANE('',#3910);
#1281=PLANE('',#3911);
#1282=PLANE('',#3912);
#1283=PLANE('',#3913);
#1284=PLANE('',#3924);
#1285=PLANE('',#3927);
#1286=PLANE('',#3928);
#1287=PLANE('',#3929);
#1288=PLANE('',#3930);
#1289=PLANE('',#3931);
#1290=PLANE('',#3934);
#1291=PLANE('',#3936);
#1292=PLANE('',#3938);
#1293=PLANE('',#3940);
#1294=PLANE('',#3943);
#1295=PLANE('',#3946);
#1296=PLANE('',#3948);
#1297=PLANE('',#3950);
#1298=PLANE('',#3953);
#1299=PLANE('',#3955);
#1300=PLANE('',#3959);
#1301=PLANE('',#3962);
#1302=PLANE('',#3963);
#1303=PLANE('',#3964);
#1304=PLANE('',#3965);
#1305=PLANE('',#3966);
#1306=PLANE('',#3967);
#1307=PLANE('',#3968);
#1308=PLANE('',#3969);
#1309=PLANE('',#3970);
#1310=PLANE('',#3971);
#1311=PLANE('',#3974);
#1312=PLANE('',#3976);
#1313=PLANE('',#3977);
#1314=PLANE('',#3978);
#1315=PLANE('',#3979);
#1316=PLANE('',#3982);
#1317=PLANE('',#3983);
#1318=PLANE('',#3987);
#1319=PLANE('',#3988);
#1320=PLANE('',#3989);
#1321=PLANE('',#3990);
#1322=PLANE('',#3991);
#1323=PLANE('',#3992);
#1324=PLANE('',#3993);
#1325=PLANE('',#3994);
#1326=PLANE('',#3999);
#1327=PLANE('',#4003);
#1328=PLANE('',#4008);
#1329=FACE_BOUND('',#1393,.T.);
#1330=FACE_BOUND('',#1394,.T.);
#1331=FACE_BOUND('',#1395,.T.);
#1332=FACE_BOUND('',#1396,.T.);
#1333=FACE_BOUND('',#1397,.T.);
#1334=FACE_BOUND('',#1398,.T.);
#1335=FACE_BOUND('',#1399,.T.);
#1336=FACE_BOUND('',#1400,.T.);
#1337=FACE_BOUND('',#1407,.T.);
#1338=FACE_BOUND('',#1408,.T.);
#1339=FACE_BOUND('',#1409,.T.);
#1340=FACE_BOUND('',#1410,.T.);
#1341=FACE_BOUND('',#1411,.T.);
#1342=FACE_BOUND('',#1412,.T.);
#1343=FACE_BOUND('',#1413,.T.);
#1344=FACE_BOUND('',#1414,.T.);
#1345=FACE_BOUND('',#1417,.T.);
#1346=FACE_BOUND('',#1418,.T.);
#1347=FACE_BOUND('',#1419,.T.);
#1348=FACE_BOUND('',#1420,.T.);
#1349=FACE_BOUND('',#1421,.T.);
#1350=FACE_BOUND('',#1428,.T.);
#1351=FACE_BOUND('',#1429,.T.);
#1352=FACE_BOUND('',#1431,.T.);
#1353=FACE_BOUND('',#1432,.T.);
#1354=FACE_BOUND('',#1438,.T.);
#1355=FACE_BOUND('',#1439,.T.);
#1356=FACE_BOUND('',#1461,.T.);
#1357=FACE_BOUND('',#1462,.T.);
#1358=FACE_BOUND('',#1475,.T.);
#1359=FACE_BOUND('',#1476,.T.);
#1360=FACE_BOUND('',#1496,.T.);
#1361=FACE_BOUND('',#1497,.T.);
#1362=FACE_BOUND('',#1543,.T.);
#1363=FACE_BOUND('',#1544,.T.);
#1364=FACE_BOUND('',#1545,.T.);
#1365=FACE_BOUND('',#1546,.T.);
#1366=FACE_BOUND('',#1547,.T.);
#1367=FACE_BOUND('',#1596,.T.);
#1368=FACE_BOUND('',#1597,.T.);
#1369=FACE_BOUND('',#1598,.T.);
#1370=FACE_BOUND('',#1601,.T.);
#1371=FACE_BOUND('',#1602,.T.);
#1372=FACE_BOUND('',#1604,.T.);
#1373=FACE_BOUND('',#1605,.T.);
#1374=FACE_BOUND('',#1606,.T.);
#1375=FACE_BOUND('',#1607,.T.);
#1376=FACE_BOUND('',#1608,.T.);
#1377=FACE_BOUND('',#1616,.T.);
#1378=FACE_BOUND('',#1617,.T.);
#1379=FACE_BOUND('',#1618,.T.);
#1380=FACE_BOUND('',#1619,.T.);
#1381=FACE_BOUND('',#1620,.T.);
#1382=FACE_BOUND('',#1621,.T.);
#1383=FACE_BOUND('',#1623,.T.);
#1384=FACE_BOUND('',#1624,.T.);
#1385=FACE_BOUND('',#1625,.F.);
#1386=FACE_BOUND('',#1626,.F.);
#1387=FACE_BOUND('',#1627,.F.);
#1388=FACE_BOUND('',#1628,.F.);
#1389=FACE_BOUND('',#1629,.F.);
#1390=FACE_BOUND('',#1630,.F.);
#1391=FACE_BOUND('',#1631,.F.);
#1392=FACE_BOUND('',#1632,.F.);
#1393=EDGE_LOOP('',(#1633));
#1394=EDGE_LOOP('',(#1634));
#1395=EDGE_LOOP('',(#1635,#1636,#1637,#1638));
#1396=EDGE_LOOP('',(#1639));
#1397=EDGE_LOOP('',(#1640));
#1398=EDGE_LOOP('',(#1641));
#1399=EDGE_LOOP('',(#1642,#1643,#1644,#1645,#1646,#1647));
#1400=EDGE_LOOP('',(#1648));
#1401=EDGE_LOOP('',(#1649,#1650,#1651,#1652));
#1402=EDGE_LOOP('',(#1653,#1654,#1655,#1656));
#1403=EDGE_LOOP('',(#1657,#1658,#1659,#1660));
#1404=EDGE_LOOP('',(#1661,#1662,#1663,#1664));
#1405=EDGE_LOOP('',(#1665,#1666,#1667,#1668));
#1406=EDGE_LOOP('',(#1669,#1670,#1671,#1672));
#1407=EDGE_LOOP('',(#1673));
#1408=EDGE_LOOP('',(#1674,#1675,#1676,#1677,#1678,#1679));
#1409=EDGE_LOOP('',(#1680));
#1410=EDGE_LOOP('',(#1681));
#1411=EDGE_LOOP('',(#1682));
#1412=EDGE_LOOP('',(#1683));
#1413=EDGE_LOOP('',(#1684));
#1414=EDGE_LOOP('',(#1685));
#1415=EDGE_LOOP('',(#1686,#1687,#1688,#1689));
#1416=EDGE_LOOP('',(#1690,#1691,#1692,#1693));
#1417=EDGE_LOOP('',(#1694));
#1418=EDGE_LOOP('',(#1695));
#1419=EDGE_LOOP('',(#1696));
#1420=EDGE_LOOP('',(#1697));
#1421=EDGE_LOOP('',(#1698));
#1422=EDGE_LOOP('',(#1699,#1700,#1701,#1702));
#1423=EDGE_LOOP('',(#1703,#1704,#1705,#1706));
#1424=EDGE_LOOP('',(#1707,#1708,#1709,#1710));
#1425=EDGE_LOOP('',(#1711,#1712,#1713,#1714));
#1426=EDGE_LOOP('',(#1715,#1716,#1717,#1718));
#1427=EDGE_LOOP('',(#1719,#1720,#1721,#1722));
#1428=EDGE_LOOP('',(#1723));
#1429=EDGE_LOOP('',(#1724));
#1430=EDGE_LOOP('',(#1725));
#1431=EDGE_LOOP('',(#1726));
#1432=EDGE_LOOP('',(#1727));
#1433=EDGE_LOOP('',(#1728,#1729,#1730,#1731));
#1434=EDGE_LOOP('',(#1732,#1733,#1734,#1735));
#1435=EDGE_LOOP('',(#1736,#1737,#1738,#1739));
#1436=EDGE_LOOP('',(#1740,#1741,#1742,#1743));
#1437=EDGE_LOOP('',(#1744,#1745,#1746,#1747));
#1438=EDGE_LOOP('',(#1748));
#1439=EDGE_LOOP('',(#1749,#1750,#1751,#1752));
#1440=EDGE_LOOP('',(#1753,#1754,#1755,#1756,#1757,#1758));
#1441=EDGE_LOOP('',(#1759,#1760,#1761,#1762,#1763,#1764));
#1442=EDGE_LOOP('',(#1765,#1766,#1767,#1768,#1769,#1770,#1771,#1772,#1773,
#1774,#1775,#1776,#1777,#1778,#1779,#1780,#1781,#1782,#1783,#1784,#1785,
#1786,#1787,#1788,#1789,#1790));
#1443=EDGE_LOOP('',(#1791,#1792,#1793,#1794,#1795,#1796,#1797,#1798,#1799,
#1800,#1801,#1802,#1803,#1804,#1805,#1806,#1807,#1808,#1809,#1810,#1811,
#1812));
#1444=EDGE_LOOP('',(#1813,#1814,#1815,#1816));
#1445=EDGE_LOOP('',(#1817,#1818,#1819));
#1446=EDGE_LOOP('',(#1820,#1821,#1822,#1823));
#1447=EDGE_LOOP('',(#1824,#1825,#1826));
#1448=EDGE_LOOP('',(#1827,#1828,#1829,#1830));
#1449=EDGE_LOOP('',(#1831,#1832,#1833,#1834));
#1450=EDGE_LOOP('',(#1835,#1836,#1837,#1838));
#1451=EDGE_LOOP('',(#1839,#1840,#1841));
#1452=EDGE_LOOP('',(#1842,#1843,#1844,#1845));
#1453=EDGE_LOOP('',(#1846,#1847,#1848));
#1454=EDGE_LOOP('',(#1849,#1850,#1851,#1852));
#1455=EDGE_LOOP('',(#1853,#1854,#1855,#1856));
#1456=EDGE_LOOP('',(#1857,#1858,#1859,#1860));
#1457=EDGE_LOOP('',(#1861,#1862,#1863));
#1458=EDGE_LOOP('',(#1864,#1865,#1866,#1867));
#1459=EDGE_LOOP('',(#1868,#1869,#1870));
#1460=EDGE_LOOP('',(#1871,#1872,#1873,#1874));
#1461=EDGE_LOOP('',(#1875));
#1462=EDGE_LOOP('',(#1876,#1877,#1878,#1879,#1880,#1881,#1882,#1883,#1884,
#1885));
#1463=EDGE_LOOP('',(#1886,#1887,#1888,#1889));
#1464=EDGE_LOOP('',(#1890,#1891,#1892,#1893));
#1465=EDGE_LOOP('',(#1894,#1895,#1896,#1897));
#1466=EDGE_LOOP('',(#1898,#1899,#1900,#1901));
#1467=EDGE_LOOP('',(#1902,#1903,#1904,#1905));
#1468=EDGE_LOOP('',(#1906,#1907,#1908,#1909));
#1469=EDGE_LOOP('',(#1910,#1911,#1912,#1913));
#1470=EDGE_LOOP('',(#1914,#1915,#1916,#1917));
#1471=EDGE_LOOP('',(#1918,#1919,#1920,#1921));
#1472=EDGE_LOOP('',(#1922,#1923,#1924,#1925,#1926,#1927));
#1473=EDGE_LOOP('',(#1928,#1929,#1930,#1931,#1932,#1933,#1934,#1935,#1936,
#1937));
#1474=EDGE_LOOP('',(#1938,#1939,#1940,#1941,#1942,#1943));
#1475=EDGE_LOOP('',(#1944,#1945,#1946,#1947,#1948,#1949,#1950,#1951,#1952,
#1953));
#1476=EDGE_LOOP('',(#1954,#1955,#1956,#1957,#1958,#1959,#1960,#1961,#1962,
#1963,#1964,#1965,#1966,#1967,#1968,#1969,#1970,#1971,#1972,#1973));
#1477=EDGE_LOOP('',(#1974,#1975,#1976,#1977));
#1478=EDGE_LOOP('',(#1978,#1979,#1980,#1981));
#1479=EDGE_LOOP('',(#1982,#1983,#1984,#1985));
#1480=EDGE_LOOP('',(#1986,#1987,#1988,#1989));
#1481=EDGE_LOOP('',(#1990,#1991,#1992,#1993));
#1482=EDGE_LOOP('',(#1994,#1995,#1996,#1997,#1998,#1999,#2000,#2001));
#1483=EDGE_LOOP('',(#2002,#2003,#2004,#2005));
#1484=EDGE_LOOP('',(#2006,#2007,#2008,#2009,#2010,#2011,#2012,#2013));
#1485=EDGE_LOOP('',(#2014,#2015,#2016,#2017));
#1486=EDGE_LOOP('',(#2018,#2019,#2020,#2021));
#1487=EDGE_LOOP('',(#2022,#2023,#2024,#2025));
#1488=EDGE_LOOP('',(#2026,#2027,#2028,#2029));
#1489=EDGE_LOOP('',(#2030,#2031,#2032,#2033));
#1490=EDGE_LOOP('',(#2034,#2035,#2036,#2037,#2038,#2039,#2040,#2041));
#1491=EDGE_LOOP('',(#2042,#2043,#2044,#2045,#2046,#2047,#2048,#2049));
#1492=EDGE_LOOP('',(#2050,#2051,#2052,#2053,#2054,#2055,#2056,#2057));
#1493=EDGE_LOOP('',(#2058,#2059,#2060,#2061));
#1494=EDGE_LOOP('',(#2062,#2063,#2064,#2065));
#1495=EDGE_LOOP('',(#2066,#2067,#2068,#2069));
#1496=EDGE_LOOP('',(#2070,#2071,#2072,#2073,#2074,#2075,#2076,#2077));
#1497=EDGE_LOOP('',(#2078,#2079,#2080,#2081,#2082,#2083,#2084,#2085));
#1498=EDGE_LOOP('',(#2086,#2087,#2088,#2089));
#1499=EDGE_LOOP('',(#2090,#2091,#2092,#2093));
#1500=EDGE_LOOP('',(#2094,#2095,#2096,#2097,#2098,#2099,#2100,#2101));
#1501=EDGE_LOOP('',(#2102,#2103,#2104,#2105));
#1502=EDGE_LOOP('',(#2106,#2107,#2108,#2109));
#1503=EDGE_LOOP('',(#2110,#2111,#2112,#2113));
#1504=EDGE_LOOP('',(#2114,#2115,#2116,#2117));
#1505=EDGE_LOOP('',(#2118,#2119,#2120,#2121));
#1506=EDGE_LOOP('',(#2122,#2123,#2124,#2125));
#1507=EDGE_LOOP('',(#2126,#2127,#2128,#2129));
#1508=EDGE_LOOP('',(#2130,#2131,#2132,#2133));
#1509=EDGE_LOOP('',(#2134,#2135,#2136,#2137));
#1510=EDGE_LOOP('',(#2138,#2139,#2140,#2141));
#1511=EDGE_LOOP('',(#2142,#2143,#2144,#2145));
#1512=EDGE_LOOP('',(#2146,#2147,#2148,#2149));
#1513=EDGE_LOOP('',(#2150,#2151,#2152,#2153));
#1514=EDGE_LOOP('',(#2154,#2155,#2156,#2157));
#1515=EDGE_LOOP('',(#2158,#2159,#2160,#2161));
#1516=EDGE_LOOP('',(#2162,#2163,#2164,#2165));
#1517=EDGE_LOOP('',(#2166,#2167,#2168,#2169));
#1518=EDGE_LOOP('',(#2170,#2171,#2172,#2173));
#1519=EDGE_LOOP('',(#2174,#2175,#2176,#2177));
#1520=EDGE_LOOP('',(#2178,#2179,#2180,#2181));
#1521=EDGE_LOOP('',(#2182,#2183,#2184,#2185));
#1522=EDGE_LOOP('',(#2186,#2187,#2188,#2189));
#1523=EDGE_LOOP('',(#2190,#2191,#2192,#2193));
#1524=EDGE_LOOP('',(#2194,#2195,#2196,#2197));
#1525=EDGE_LOOP('',(#2198,#2199,#2200,#2201));
#1526=EDGE_LOOP('',(#2202,#2203,#2204,#2205));
#1527=EDGE_LOOP('',(#2206,#2207,#2208,#2209));
#1528=EDGE_LOOP('',(#2210,#2211,#2212,#2213));
#1529=EDGE_LOOP('',(#2214,#2215,#2216,#2217));
#1530=EDGE_LOOP('',(#2218,#2219,#2220,#2221));
#1531=EDGE_LOOP('',(#2222,#2223,#2224,#2225));
#1532=EDGE_LOOP('',(#2226,#2227,#2228,#2229));
#1533=EDGE_LOOP('',(#2230,#2231,#2232,#2233));
#1534=EDGE_LOOP('',(#2234,#2235,#2236,#2237));
#1535=EDGE_LOOP('',(#2238,#2239,#2240,#2241));
#1536=EDGE_LOOP('',(#2242,#2243,#2244,#2245));
#1537=EDGE_LOOP('',(#2246,#2247,#2248,#2249,#2250));
#1538=EDGE_LOOP('',(#2251,#2252,#2253,#2254,#2255));
#1539=EDGE_LOOP('',(#2256,#2257,#2258,#2259));
#1540=EDGE_LOOP('',(#2260,#2261,#2262,#2263));
#1541=EDGE_LOOP('',(#2264,#2265,#2266,#2267));
#1542=EDGE_LOOP('',(#2268,#2269,#2270,#2271));
#1543=EDGE_LOOP('',(#2272,#2273,#2274,#2275));
#1544=EDGE_LOOP('',(#2276,#2277,#2278,#2279));
#1545=EDGE_LOOP('',(#2280,#2281,#2282,#2283,#2284,#2285,#2286,#2287,#2288,
#2289,#2290,#2291,#2292,#2293,#2294,#2295,#2296,#2297,#2298,#2299,#2300,
#2301,#2302,#2303,#2304,#2305,#2306,#2307,#2308,#2309,#2310,#2311));
#1546=EDGE_LOOP('',(#2312));
#1547=EDGE_LOOP('',(#2313));
#1548=EDGE_LOOP('',(#2314,#2315,#2316,#2317));
#1549=EDGE_LOOP('',(#2318,#2319,#2320,#2321));
#1550=EDGE_LOOP('',(#2322,#2323,#2324,#2325,#2326,#2327,#2328,#2329));
#1551=EDGE_LOOP('',(#2330,#2331,#2332,#2333));
#1552=EDGE_LOOP('',(#2334,#2335,#2336,#2337));
#1553=EDGE_LOOP('',(#2338,#2339,#2340,#2341));
#1554=EDGE_LOOP('',(#2342,#2343,#2344,#2345));
#1555=EDGE_LOOP('',(#2346,#2347,#2348,#2349,#2350,#2351));
#1556=EDGE_LOOP('',(#2352,#2353,#2354,#2355,#2356,#2357));
#1557=EDGE_LOOP('',(#2358,#2359,#2360,#2361,#2362,#2363,#2364,#2365,#2366));
#1558=EDGE_LOOP('',(#2367,#2368,#2369,#2370));
#1559=EDGE_LOOP('',(#2371,#2372,#2373,#2374,#2375,#2376));
#1560=EDGE_LOOP('',(#2377,#2378,#2379,#2380));
#1561=EDGE_LOOP('',(#2381,#2382,#2383,#2384));
#1562=EDGE_LOOP('',(#2385,#2386,#2387,#2388));
#1563=EDGE_LOOP('',(#2389,#2390,#2391,#2392));
#1564=EDGE_LOOP('',(#2393,#2394,#2395,#2396));
#1565=EDGE_LOOP('',(#2397,#2398,#2399,#2400));
#1566=EDGE_LOOP('',(#2401,#2402,#2403,#2404,#2405,#2406));
#1567=EDGE_LOOP('',(#2407,#2408,#2409,#2410,#2411,#2412,#2413,#2414,#2415));
#1568=EDGE_LOOP('',(#2416,#2417,#2418,#2419));
#1569=EDGE_LOOP('',(#2420,#2421,#2422,#2423,#2424,#2425));
#1570=EDGE_LOOP('',(#2426,#2427,#2428,#2429));
#1571=EDGE_LOOP('',(#2430,#2431,#2432,#2433));
#1572=EDGE_LOOP('',(#2434,#2435,#2436,#2437));
#1573=EDGE_LOOP('',(#2438,#2439,#2440,#2441));
#1574=EDGE_LOOP('',(#2442,#2443,#2444,#2445));
#1575=EDGE_LOOP('',(#2446,#2447,#2448,#2449));
#1576=EDGE_LOOP('',(#2450,#2451,#2452,#2453));
#1577=EDGE_LOOP('',(#2454,#2455,#2456,#2457));
#1578=EDGE_LOOP('',(#2458,#2459,#2460,#2461));
#1579=EDGE_LOOP('',(#2462,#2463,#2464,#2465));
#1580=EDGE_LOOP('',(#2466,#2467,#2468,#2469));
#1581=EDGE_LOOP('',(#2470,#2471,#2472,#2473,#2474,#2475,#2476,#2477));
#1582=EDGE_LOOP('',(#2478,#2479,#2480,#2481,#2482,#2483));
#1583=EDGE_LOOP('',(#2484,#2485,#2486,#2487));
#1584=EDGE_LOOP('',(#2488,#2489,#2490,#2491));
#1585=EDGE_LOOP('',(#2492,#2493,#2494,#2495));
#1586=EDGE_LOOP('',(#2496,#2497,#2498,#2499,#2500,#2501,#2502,#2503));
#1587=EDGE_LOOP('',(#2504,#2505,#2506,#2507));
#1588=EDGE_LOOP('',(#2508,#2509,#2510,#2511));
#1589=EDGE_LOOP('',(#2512,#2513,#2514,#2515));
#1590=EDGE_LOOP('',(#2516,#2517,#2518,#2519));
#1591=EDGE_LOOP('',(#2520,#2521,#2522,#2523));
#1592=EDGE_LOOP('',(#2524,#2525,#2526,#2527));
#1593=EDGE_LOOP('',(#2528,#2529,#2530,#2531,#2532,#2533,#2534,#2535,#2536,
#2537));
#1594=EDGE_LOOP('',(#2538,#2539,#2540,#2541));
#1595=EDGE_LOOP('',(#2542,#2543,#2544,#2545,#2546,#2547,#2548,#2549,#2550,
#2551));
#1596=EDGE_LOOP('',(#2552,#2553,#2554,#2555,#2556,#2557,#2558,#2559));
#1597=EDGE_LOOP('',(#2560,#2561,#2562,#2563));
#1598=EDGE_LOOP('',(#2564,#2565,#2566,#2567,#2568,#2569,#2570,#2571));
#1599=EDGE_LOOP('',(#2572,#2573,#2574,#2575));
#1600=EDGE_LOOP('',(#2576,#2577,#2578,#2579));
#1601=EDGE_LOOP('',(#2580));
#1602=EDGE_LOOP('',(#2581));
#1603=EDGE_LOOP('',(#2582));
#1604=EDGE_LOOP('',(#2583,#2584,#2585,#2586));
#1605=EDGE_LOOP('',(#2587,#2588,#2589,#2590,#2591,#2592,#2593,#2594));
#1606=EDGE_LOOP('',(#2595,#2596,#2597,#2598));
#1607=EDGE_LOOP('',(#2599));
#1608=EDGE_LOOP('',(#2600));
#1609=EDGE_LOOP('',(#2601,#2602,#2603,#2604,#2605,#2606));
#1610=EDGE_LOOP('',(#2607,#2608,#2609,#2610));
#1611=EDGE_LOOP('',(#2611,#2612,#2613,#2614));
#1612=EDGE_LOOP('',(#2615,#2616,#2617,#2618));
#1613=EDGE_LOOP('',(#2619,#2620,#2621,#2622));
#1614=EDGE_LOOP('',(#2623,#2624,#2625,#2626));
#1615=EDGE_LOOP('',(#2627,#2628,#2629,#2630));
#1616=EDGE_LOOP('',(#2631));
#1617=EDGE_LOOP('',(#2632,#2633,#2634,#2635,#2636,#2637));
#1618=EDGE_LOOP('',(#2638));
#1619=EDGE_LOOP('',(#2639));
#1620=EDGE_LOOP('',(#2640));
#1621=EDGE_LOOP('',(#2641));
#1622=EDGE_LOOP('',(#2642));
#1623=EDGE_LOOP('',(#2643));
#1624=EDGE_LOOP('',(#2644));
#1625=EDGE_LOOP('',(#2645));
#1626=EDGE_LOOP('',(#2646));
#1627=EDGE_LOOP('',(#2647));
#1628=EDGE_LOOP('',(#2648));
#1629=EDGE_LOOP('',(#2649));
#1630=EDGE_LOOP('',(#2650));
#1631=EDGE_LOOP('',(#2651));
#1632=EDGE_LOOP('',(#2652));
#1633=ORIENTED_EDGE('',*,*,#2983,.F.);
#1634=ORIENTED_EDGE('',*,*,#2984,.T.);
#1635=ORIENTED_EDGE('',*,*,#2985,.F.);
#1636=ORIENTED_EDGE('',*,*,#2986,.T.);
#1637=ORIENTED_EDGE('',*,*,#2987,.F.);
#1638=ORIENTED_EDGE('',*,*,#2988,.T.);
#1639=ORIENTED_EDGE('',*,*,#2989,.T.);
#1640=ORIENTED_EDGE('',*,*,#2990,.F.);
#1641=ORIENTED_EDGE('',*,*,#2989,.F.);
#1642=ORIENTED_EDGE('',*,*,#2991,.F.);
#1643=ORIENTED_EDGE('',*,*,#2992,.F.);
#1644=ORIENTED_EDGE('',*,*,#2993,.F.);
#1645=ORIENTED_EDGE('',*,*,#2994,.F.);
#1646=ORIENTED_EDGE('',*,*,#2995,.F.);
#1647=ORIENTED_EDGE('',*,*,#2996,.F.);
#1648=ORIENTED_EDGE('',*,*,#2990,.T.);
#1649=ORIENTED_EDGE('',*,*,#2992,.T.);
#1650=ORIENTED_EDGE('',*,*,#2997,.T.);
#1651=ORIENTED_EDGE('',*,*,#2998,.T.);
#1652=ORIENTED_EDGE('',*,*,#2999,.F.);
#1653=ORIENTED_EDGE('',*,*,#2993,.T.);
#1654=ORIENTED_EDGE('',*,*,#2999,.T.);
#1655=ORIENTED_EDGE('',*,*,#3000,.T.);
#1656=ORIENTED_EDGE('',*,*,#3001,.F.);
#1657=ORIENTED_EDGE('',*,*,#2994,.T.);
#1658=ORIENTED_EDGE('',*,*,#3001,.T.);
#1659=ORIENTED_EDGE('',*,*,#3002,.T.);
#1660=ORIENTED_EDGE('',*,*,#3003,.F.);
#1661=ORIENTED_EDGE('',*,*,#2995,.T.);
#1662=ORIENTED_EDGE('',*,*,#3003,.T.);
#1663=ORIENTED_EDGE('',*,*,#3004,.T.);
#1664=ORIENTED_EDGE('',*,*,#3005,.F.);
#1665=ORIENTED_EDGE('',*,*,#2996,.T.);
#1666=ORIENTED_EDGE('',*,*,#3005,.T.);
#1667=ORIENTED_EDGE('',*,*,#3006,.T.);
#1668=ORIENTED_EDGE('',*,*,#3007,.F.);
#1669=ORIENTED_EDGE('',*,*,#2991,.T.);
#1670=ORIENTED_EDGE('',*,*,#3007,.T.);
#1671=ORIENTED_EDGE('',*,*,#3008,.T.);
#1672=ORIENTED_EDGE('',*,*,#2997,.F.);
#1673=ORIENTED_EDGE('',*,*,#3009,.T.);
#1674=ORIENTED_EDGE('',*,*,#3000,.F.);
#1675=ORIENTED_EDGE('',*,*,#2998,.F.);
#1676=ORIENTED_EDGE('',*,*,#3008,.F.);
#1677=ORIENTED_EDGE('',*,*,#3006,.F.);
#1678=ORIENTED_EDGE('',*,*,#3004,.F.);
#1679=ORIENTED_EDGE('',*,*,#3002,.F.);
#1680=ORIENTED_EDGE('',*,*,#2983,.T.);
#1681=ORIENTED_EDGE('',*,*,#3009,.F.);
#1682=ORIENTED_EDGE('',*,*,#2984,.F.);
#1683=ORIENTED_EDGE('',*,*,#3010,.T.);
#1684=ORIENTED_EDGE('',*,*,#3011,.T.);
#1685=ORIENTED_EDGE('',*,*,#3010,.F.);
#1686=ORIENTED_EDGE('',*,*,#3012,.F.);
#1687=ORIENTED_EDGE('',*,*,#3013,.F.);
#1688=ORIENTED_EDGE('',*,*,#3014,.T.);
#1689=ORIENTED_EDGE('',*,*,#3015,.F.);
#1690=ORIENTED_EDGE('',*,*,#3016,.F.);
#1691=ORIENTED_EDGE('',*,*,#3017,.T.);
#1692=ORIENTED_EDGE('',*,*,#3018,.T.);
#1693=ORIENTED_EDGE('',*,*,#3019,.T.);
#1694=ORIENTED_EDGE('',*,*,#3020,.T.);
#1695=ORIENTED_EDGE('',*,*,#3021,.F.);
#1696=ORIENTED_EDGE('',*,*,#3022,.T.);
#1697=ORIENTED_EDGE('',*,*,#3021,.T.);
#1698=ORIENTED_EDGE('',*,*,#3023,.F.);
#1699=ORIENTED_EDGE('',*,*,#3024,.F.);
#1700=ORIENTED_EDGE('',*,*,#3025,.F.);
#1701=ORIENTED_EDGE('',*,*,#3026,.F.);
#1702=ORIENTED_EDGE('',*,*,#3027,.F.);
#1703=ORIENTED_EDGE('',*,*,#3028,.F.);
#1704=ORIENTED_EDGE('',*,*,#3029,.F.);
#1705=ORIENTED_EDGE('',*,*,#3030,.F.);
#1706=ORIENTED_EDGE('',*,*,#3031,.F.);
#1707=ORIENTED_EDGE('',*,*,#3032,.F.);
#1708=ORIENTED_EDGE('',*,*,#3033,.F.);
#1709=ORIENTED_EDGE('',*,*,#3034,.F.);
#1710=ORIENTED_EDGE('',*,*,#3035,.T.);
#1711=ORIENTED_EDGE('',*,*,#3036,.F.);
#1712=ORIENTED_EDGE('',*,*,#3037,.T.);
#1713=ORIENTED_EDGE('',*,*,#3038,.F.);
#1714=ORIENTED_EDGE('',*,*,#3039,.F.);
#1715=ORIENTED_EDGE('',*,*,#3038,.T.);
#1716=ORIENTED_EDGE('',*,*,#3040,.F.);
#1717=ORIENTED_EDGE('',*,*,#3041,.T.);
#1718=ORIENTED_EDGE('',*,*,#3042,.T.);
#1719=ORIENTED_EDGE('',*,*,#3043,.T.);
#1720=ORIENTED_EDGE('',*,*,#3044,.T.);
#1721=ORIENTED_EDGE('',*,*,#3034,.T.);
#1722=ORIENTED_EDGE('',*,*,#3045,.F.);
#1723=ORIENTED_EDGE('',*,*,#3046,.T.);
#1724=ORIENTED_EDGE('',*,*,#3047,.T.);
#1725=ORIENTED_EDGE('',*,*,#3046,.F.);
#1726=ORIENTED_EDGE('',*,*,#3023,.T.);
#1727=ORIENTED_EDGE('',*,*,#3048,.T.);
#1728=ORIENTED_EDGE('',*,*,#3049,.F.);
#1729=ORIENTED_EDGE('',*,*,#3050,.F.);
#1730=ORIENTED_EDGE('',*,*,#3051,.F.);
#1731=ORIENTED_EDGE('',*,*,#3052,.F.);
#1732=ORIENTED_EDGE('',*,*,#3053,.F.);
#1733=ORIENTED_EDGE('',*,*,#3054,.F.);
#1734=ORIENTED_EDGE('',*,*,#3055,.F.);
#1735=ORIENTED_EDGE('',*,*,#3056,.F.);
#1736=ORIENTED_EDGE('',*,*,#3057,.T.);
#1737=ORIENTED_EDGE('',*,*,#3032,.T.);
#1738=ORIENTED_EDGE('',*,*,#3058,.T.);
#1739=ORIENTED_EDGE('',*,*,#3054,.T.);
#1740=ORIENTED_EDGE('',*,*,#3059,.F.);
#1741=ORIENTED_EDGE('',*,*,#3036,.T.);
#1742=ORIENTED_EDGE('',*,*,#3060,.F.);
#1743=ORIENTED_EDGE('',*,*,#3050,.T.);
#1744=ORIENTED_EDGE('',*,*,#3061,.F.);
#1745=ORIENTED_EDGE('',*,*,#3062,.F.);
#1746=ORIENTED_EDGE('',*,*,#3063,.F.);
#1747=ORIENTED_EDGE('',*,*,#3064,.F.);
#1748=ORIENTED_EDGE('',*,*,#3022,.F.);
#1749=ORIENTED_EDGE('',*,*,#3065,.F.);
#1750=ORIENTED_EDGE('',*,*,#3043,.F.);
#1751=ORIENTED_EDGE('',*,*,#3066,.T.);
#1752=ORIENTED_EDGE('',*,*,#3041,.F.);
#1753=ORIENTED_EDGE('',*,*,#3015,.T.);
#1754=ORIENTED_EDGE('',*,*,#3067,.F.);
#1755=ORIENTED_EDGE('',*,*,#3068,.T.);
#1756=ORIENTED_EDGE('',*,*,#3069,.F.);
#1757=ORIENTED_EDGE('',*,*,#3070,.T.);
#1758=ORIENTED_EDGE('',*,*,#3071,.F.);
#1759=ORIENTED_EDGE('',*,*,#3019,.F.);
#1760=ORIENTED_EDGE('',*,*,#3072,.T.);
#1761=ORIENTED_EDGE('',*,*,#3073,.F.);
#1762=ORIENTED_EDGE('',*,*,#3074,.T.);
#1763=ORIENTED_EDGE('',*,*,#3075,.F.);
#1764=ORIENTED_EDGE('',*,*,#3076,.T.);
#1765=ORIENTED_EDGE('',*,*,#3077,.F.);
#1766=ORIENTED_EDGE('',*,*,#3030,.T.);
#1767=ORIENTED_EDGE('',*,*,#3078,.F.);
#1768=ORIENTED_EDGE('',*,*,#3026,.T.);
#1769=ORIENTED_EDGE('',*,*,#3079,.T.);
#1770=ORIENTED_EDGE('',*,*,#3080,.F.);
#1771=ORIENTED_EDGE('',*,*,#3016,.T.);
#1772=ORIENTED_EDGE('',*,*,#3076,.F.);
#1773=ORIENTED_EDGE('',*,*,#3081,.T.);
#1774=ORIENTED_EDGE('',*,*,#3082,.F.);
#1775=ORIENTED_EDGE('',*,*,#3083,.T.);
#1776=ORIENTED_EDGE('',*,*,#3084,.T.);
#1777=ORIENTED_EDGE('',*,*,#3085,.T.);
#1778=ORIENTED_EDGE('',*,*,#3086,.F.);
#1779=ORIENTED_EDGE('',*,*,#3087,.T.);
#1780=ORIENTED_EDGE('',*,*,#3064,.T.);
#1781=ORIENTED_EDGE('',*,*,#3088,.T.);
#1782=ORIENTED_EDGE('',*,*,#3089,.T.);
#1783=ORIENTED_EDGE('',*,*,#3090,.F.);
#1784=ORIENTED_EDGE('',*,*,#3091,.F.);
#1785=ORIENTED_EDGE('',*,*,#3092,.F.);
#1786=ORIENTED_EDGE('',*,*,#3093,.T.);
#1787=ORIENTED_EDGE('',*,*,#3094,.F.);
#1788=ORIENTED_EDGE('',*,*,#3067,.T.);
#1789=ORIENTED_EDGE('',*,*,#3014,.F.);
#1790=ORIENTED_EDGE('',*,*,#3095,.T.);
#1791=ORIENTED_EDGE('',*,*,#3062,.T.);
#1792=ORIENTED_EDGE('',*,*,#3096,.T.);
#1793=ORIENTED_EDGE('',*,*,#3097,.T.);
#1794=ORIENTED_EDGE('',*,*,#3098,.T.);
#1795=ORIENTED_EDGE('',*,*,#3099,.F.);
#1796=ORIENTED_EDGE('',*,*,#3100,.T.);
#1797=ORIENTED_EDGE('',*,*,#3101,.F.);
#1798=ORIENTED_EDGE('',*,*,#3055,.T.);
#1799=ORIENTED_EDGE('',*,*,#3058,.F.);
#1800=ORIENTED_EDGE('',*,*,#3035,.F.);
#1801=ORIENTED_EDGE('',*,*,#3044,.F.);
#1802=ORIENTED_EDGE('',*,*,#3065,.T.);
#1803=ORIENTED_EDGE('',*,*,#3040,.T.);
#1804=ORIENTED_EDGE('',*,*,#3037,.F.);
#1805=ORIENTED_EDGE('',*,*,#3059,.T.);
#1806=ORIENTED_EDGE('',*,*,#3049,.T.);
#1807=ORIENTED_EDGE('',*,*,#3102,.T.);
#1808=ORIENTED_EDGE('',*,*,#3103,.F.);
#1809=ORIENTED_EDGE('',*,*,#3104,.T.);
#1810=ORIENTED_EDGE('',*,*,#3105,.F.);
#1811=ORIENTED_EDGE('',*,*,#3106,.T.);
#1812=ORIENTED_EDGE('',*,*,#3107,.T.);
#1813=ORIENTED_EDGE('',*,*,#3108,.T.);
#1814=ORIENTED_EDGE('',*,*,#3109,.T.);
#1815=ORIENTED_EDGE('',*,*,#3110,.T.);
#1816=ORIENTED_EDGE('',*,*,#3111,.F.);
#1817=ORIENTED_EDGE('',*,*,#3112,.F.);
#1818=ORIENTED_EDGE('',*,*,#3113,.T.);
#1819=ORIENTED_EDGE('',*,*,#3114,.F.);
#1820=ORIENTED_EDGE('',*,*,#3113,.F.);
#1821=ORIENTED_EDGE('',*,*,#3115,.F.);
#1822=ORIENTED_EDGE('',*,*,#3116,.T.);
#1823=ORIENTED_EDGE('',*,*,#3117,.F.);
#1824=ORIENTED_EDGE('',*,*,#3118,.F.);
#1825=ORIENTED_EDGE('',*,*,#3119,.T.);
#1826=ORIENTED_EDGE('',*,*,#3116,.F.);
#1827=ORIENTED_EDGE('',*,*,#3119,.F.);
#1828=ORIENTED_EDGE('',*,*,#3120,.F.);
#1829=ORIENTED_EDGE('',*,*,#3121,.T.);
#1830=ORIENTED_EDGE('',*,*,#3122,.F.);
#1831=ORIENTED_EDGE('',*,*,#3123,.T.);
#1832=ORIENTED_EDGE('',*,*,#3124,.F.);
#1833=ORIENTED_EDGE('',*,*,#3121,.F.);
#1834=ORIENTED_EDGE('',*,*,#3125,.F.);
#1835=ORIENTED_EDGE('',*,*,#3126,.T.);
#1836=ORIENTED_EDGE('',*,*,#3127,.F.);
#1837=ORIENTED_EDGE('',*,*,#3123,.F.);
#1838=ORIENTED_EDGE('',*,*,#3128,.F.);
#1839=ORIENTED_EDGE('',*,*,#3129,.F.);
#1840=ORIENTED_EDGE('',*,*,#3130,.T.);
#1841=ORIENTED_EDGE('',*,*,#3126,.F.);
#1842=ORIENTED_EDGE('',*,*,#3130,.F.);
#1843=ORIENTED_EDGE('',*,*,#3131,.F.);
#1844=ORIENTED_EDGE('',*,*,#3132,.T.);
#1845=ORIENTED_EDGE('',*,*,#3133,.F.);
#1846=ORIENTED_EDGE('',*,*,#3134,.F.);
#1847=ORIENTED_EDGE('',*,*,#3135,.T.);
#1848=ORIENTED_EDGE('',*,*,#3132,.F.);
#1849=ORIENTED_EDGE('',*,*,#3135,.F.);
#1850=ORIENTED_EDGE('',*,*,#3136,.F.);
#1851=ORIENTED_EDGE('',*,*,#3137,.T.);
#1852=ORIENTED_EDGE('',*,*,#3138,.F.);
#1853=ORIENTED_EDGE('',*,*,#3139,.T.);
#1854=ORIENTED_EDGE('',*,*,#3140,.F.);
#1855=ORIENTED_EDGE('',*,*,#3137,.F.);
#1856=ORIENTED_EDGE('',*,*,#3141,.F.);
#1857=ORIENTED_EDGE('',*,*,#3142,.T.);
#1858=ORIENTED_EDGE('',*,*,#3143,.F.);
#1859=ORIENTED_EDGE('',*,*,#3139,.F.);
#1860=ORIENTED_EDGE('',*,*,#3144,.F.);
#1861=ORIENTED_EDGE('',*,*,#3145,.F.);
#1862=ORIENTED_EDGE('',*,*,#3146,.T.);
#1863=ORIENTED_EDGE('',*,*,#3142,.F.);
#1864=ORIENTED_EDGE('',*,*,#3146,.F.);
#1865=ORIENTED_EDGE('',*,*,#3147,.F.);
#1866=ORIENTED_EDGE('',*,*,#3148,.T.);
#1867=ORIENTED_EDGE('',*,*,#3149,.F.);
#1868=ORIENTED_EDGE('',*,*,#3150,.F.);
#1869=ORIENTED_EDGE('',*,*,#3151,.T.);
#1870=ORIENTED_EDGE('',*,*,#3148,.F.);
#1871=ORIENTED_EDGE('',*,*,#3151,.F.);
#1872=ORIENTED_EDGE('',*,*,#3152,.F.);
#1873=ORIENTED_EDGE('',*,*,#3114,.T.);
#1874=ORIENTED_EDGE('',*,*,#3153,.F.);
#1875=ORIENTED_EDGE('',*,*,#3154,.T.);
#1876=ORIENTED_EDGE('',*,*,#3153,.T.);
#1877=ORIENTED_EDGE('',*,*,#3117,.T.);
#1878=ORIENTED_EDGE('',*,*,#3122,.T.);
#1879=ORIENTED_EDGE('',*,*,#3124,.T.);
#1880=ORIENTED_EDGE('',*,*,#3127,.T.);
#1881=ORIENTED_EDGE('',*,*,#3133,.T.);
#1882=ORIENTED_EDGE('',*,*,#3138,.T.);
#1883=ORIENTED_EDGE('',*,*,#3140,.T.);
#1884=ORIENTED_EDGE('',*,*,#3143,.T.);
#1885=ORIENTED_EDGE('',*,*,#3149,.T.);
#1886=ORIENTED_EDGE('',*,*,#3155,.F.);
#1887=ORIENTED_EDGE('',*,*,#3156,.F.);
#1888=ORIENTED_EDGE('',*,*,#3157,.T.);
#1889=ORIENTED_EDGE('',*,*,#3158,.F.);
#1890=ORIENTED_EDGE('',*,*,#3108,.F.);
#1891=ORIENTED_EDGE('',*,*,#3159,.F.);
#1892=ORIENTED_EDGE('',*,*,#3158,.T.);
#1893=ORIENTED_EDGE('',*,*,#3160,.F.);
#1894=ORIENTED_EDGE('',*,*,#3161,.F.);
#1895=ORIENTED_EDGE('',*,*,#3162,.T.);
#1896=ORIENTED_EDGE('',*,*,#3163,.T.);
#1897=ORIENTED_EDGE('',*,*,#3164,.F.);
#1898=ORIENTED_EDGE('',*,*,#3165,.F.);
#1899=ORIENTED_EDGE('',*,*,#3166,.T.);
#1900=ORIENTED_EDGE('',*,*,#3167,.T.);
#1901=ORIENTED_EDGE('',*,*,#3162,.F.);
#1902=ORIENTED_EDGE('',*,*,#3168,.F.);
#1903=ORIENTED_EDGE('',*,*,#3169,.T.);
#1904=ORIENTED_EDGE('',*,*,#3170,.T.);
#1905=ORIENTED_EDGE('',*,*,#3166,.F.);
#1906=ORIENTED_EDGE('',*,*,#3171,.F.);
#1907=ORIENTED_EDGE('',*,*,#3172,.T.);
#1908=ORIENTED_EDGE('',*,*,#3173,.T.);
#1909=ORIENTED_EDGE('',*,*,#3169,.F.);
#1910=ORIENTED_EDGE('',*,*,#3174,.F.);
#1911=ORIENTED_EDGE('',*,*,#3175,.T.);
#1912=ORIENTED_EDGE('',*,*,#3176,.T.);
#1913=ORIENTED_EDGE('',*,*,#3172,.F.);
#1914=ORIENTED_EDGE('',*,*,#3177,.F.);
#1915=ORIENTED_EDGE('',*,*,#3178,.T.);
#1916=ORIENTED_EDGE('',*,*,#3179,.T.);
#1917=ORIENTED_EDGE('',*,*,#3175,.F.);
#1918=ORIENTED_EDGE('',*,*,#3180,.F.);
#1919=ORIENTED_EDGE('',*,*,#3181,.T.);
#1920=ORIENTED_EDGE('',*,*,#3182,.T.);
#1921=ORIENTED_EDGE('',*,*,#3178,.F.);
#1922=ORIENTED_EDGE('',*,*,#3159,.T.);
#1923=ORIENTED_EDGE('',*,*,#3111,.T.);
#1924=ORIENTED_EDGE('',*,*,#3183,.T.);
#1925=ORIENTED_EDGE('',*,*,#3181,.F.);
#1926=ORIENTED_EDGE('',*,*,#3184,.F.);
#1927=ORIENTED_EDGE('',*,*,#3155,.T.);
#1928=ORIENTED_EDGE('',*,*,#3185,.T.);
#1929=ORIENTED_EDGE('',*,*,#3156,.T.);
#1930=ORIENTED_EDGE('',*,*,#3184,.T.);
#1931=ORIENTED_EDGE('',*,*,#3180,.T.);
#1932=ORIENTED_EDGE('',*,*,#3177,.T.);
#1933=ORIENTED_EDGE('',*,*,#3174,.T.);
#1934=ORIENTED_EDGE('',*,*,#3171,.T.);
#1935=ORIENTED_EDGE('',*,*,#3168,.T.);
#1936=ORIENTED_EDGE('',*,*,#3165,.T.);
#1937=ORIENTED_EDGE('',*,*,#3161,.T.);
#1938=ORIENTED_EDGE('',*,*,#3109,.F.);
#1939=ORIENTED_EDGE('',*,*,#3160,.T.);
#1940=ORIENTED_EDGE('',*,*,#3157,.F.);
#1941=ORIENTED_EDGE('',*,*,#3185,.F.);
#1942=ORIENTED_EDGE('',*,*,#3164,.T.);
#1943=ORIENTED_EDGE('',*,*,#3186,.T.);
#1944=ORIENTED_EDGE('',*,*,#3183,.F.);
#1945=ORIENTED_EDGE('',*,*,#3110,.F.);
#1946=ORIENTED_EDGE('',*,*,#3186,.F.);
#1947=ORIENTED_EDGE('',*,*,#3163,.F.);
#1948=ORIENTED_EDGE('',*,*,#3167,.F.);
#1949=ORIENTED_EDGE('',*,*,#3170,.F.);
#1950=ORIENTED_EDGE('',*,*,#3173,.F.);
#1951=ORIENTED_EDGE('',*,*,#3176,.F.);
#1952=ORIENTED_EDGE('',*,*,#3179,.F.);
#1953=ORIENTED_EDGE('',*,*,#3182,.F.);
#1954=ORIENTED_EDGE('',*,*,#3187,.F.);
#1955=ORIENTED_EDGE('',*,*,#3188,.T.);
#1956=ORIENTED_EDGE('',*,*,#3189,.F.);
#1957=ORIENTED_EDGE('',*,*,#3190,.T.);
#1958=ORIENTED_EDGE('',*,*,#3191,.T.);
#1959=ORIENTED_EDGE('',*,*,#3192,.F.);
#1960=ORIENTED_EDGE('',*,*,#3193,.F.);
#1961=ORIENTED_EDGE('',*,*,#3194,.T.);
#1962=ORIENTED_EDGE('',*,*,#3195,.F.);
#1963=ORIENTED_EDGE('',*,*,#3196,.F.);
#1964=ORIENTED_EDGE('',*,*,#3197,.T.);
#1965=ORIENTED_EDGE('',*,*,#3198,.T.);
#1966=ORIENTED_EDGE('',*,*,#3199,.T.);
#1967=ORIENTED_EDGE('',*,*,#3200,.F.);
#1968=ORIENTED_EDGE('',*,*,#3201,.T.);
#1969=ORIENTED_EDGE('',*,*,#3202,.T.);
#1970=ORIENTED_EDGE('',*,*,#3203,.F.);
#1971=ORIENTED_EDGE('',*,*,#3204,.F.);
#1972=ORIENTED_EDGE('',*,*,#3205,.F.);
#1973=ORIENTED_EDGE('',*,*,#3206,.T.);
#1974=ORIENTED_EDGE('',*,*,#3207,.F.);
#1975=ORIENTED_EDGE('',*,*,#3208,.T.);
#1976=ORIENTED_EDGE('',*,*,#3209,.F.);
#1977=ORIENTED_EDGE('',*,*,#3210,.F.);
#1978=ORIENTED_EDGE('',*,*,#3211,.F.);
#1979=ORIENTED_EDGE('',*,*,#3212,.T.);
#1980=ORIENTED_EDGE('',*,*,#3213,.F.);
#1981=ORIENTED_EDGE('',*,*,#3214,.T.);
#1982=ORIENTED_EDGE('',*,*,#3215,.F.);
#1983=ORIENTED_EDGE('',*,*,#3216,.T.);
#1984=ORIENTED_EDGE('',*,*,#3217,.F.);
#1985=ORIENTED_EDGE('',*,*,#3218,.T.);
#1986=ORIENTED_EDGE('',*,*,#3219,.F.);
#1987=ORIENTED_EDGE('',*,*,#3220,.T.);
#1988=ORIENTED_EDGE('',*,*,#3221,.F.);
#1989=ORIENTED_EDGE('',*,*,#3222,.F.);
#1990=ORIENTED_EDGE('',*,*,#3221,.T.);
#1991=ORIENTED_EDGE('',*,*,#3223,.T.);
#1992=ORIENTED_EDGE('',*,*,#3215,.T.);
#1993=ORIENTED_EDGE('',*,*,#3224,.F.);
#1994=ORIENTED_EDGE('',*,*,#3217,.T.);
#1995=ORIENTED_EDGE('',*,*,#3225,.T.);
#1996=ORIENTED_EDGE('',*,*,#3207,.T.);
#1997=ORIENTED_EDGE('',*,*,#3226,.F.);
#1998=ORIENTED_EDGE('',*,*,#3227,.T.);
#1999=ORIENTED_EDGE('',*,*,#3228,.F.);
#2000=ORIENTED_EDGE('',*,*,#3229,.T.);
#2001=ORIENTED_EDGE('',*,*,#3230,.F.);
#2002=ORIENTED_EDGE('',*,*,#3231,.T.);
#2003=ORIENTED_EDGE('',*,*,#3232,.T.);
#2004=ORIENTED_EDGE('',*,*,#3233,.T.);
#2005=ORIENTED_EDGE('',*,*,#3234,.T.);
#2006=ORIENTED_EDGE('',*,*,#3213,.T.);
#2007=ORIENTED_EDGE('',*,*,#3235,.T.);
#2008=ORIENTED_EDGE('',*,*,#3219,.T.);
#2009=ORIENTED_EDGE('',*,*,#3236,.T.);
#2010=ORIENTED_EDGE('',*,*,#3237,.T.);
#2011=ORIENTED_EDGE('',*,*,#3238,.F.);
#2012=ORIENTED_EDGE('',*,*,#3239,.T.);
#2013=ORIENTED_EDGE('',*,*,#3240,.T.);
#2014=ORIENTED_EDGE('',*,*,#3241,.F.);
#2015=ORIENTED_EDGE('',*,*,#3242,.T.);
#2016=ORIENTED_EDGE('',*,*,#3243,.F.);
#2017=ORIENTED_EDGE('',*,*,#3244,.T.);
#2018=ORIENTED_EDGE('',*,*,#3245,.T.);
#2019=ORIENTED_EDGE('',*,*,#3229,.F.);
#2020=ORIENTED_EDGE('',*,*,#3246,.F.);
#2021=ORIENTED_EDGE('',*,*,#3242,.F.);
#2022=ORIENTED_EDGE('',*,*,#3247,.F.);
#2023=ORIENTED_EDGE('',*,*,#3244,.F.);
#2024=ORIENTED_EDGE('',*,*,#3248,.F.);
#2025=ORIENTED_EDGE('',*,*,#3237,.F.);
#2026=ORIENTED_EDGE('',*,*,#3249,.T.);
#2027=ORIENTED_EDGE('',*,*,#3239,.F.);
#2028=ORIENTED_EDGE('',*,*,#3250,.F.);
#2029=ORIENTED_EDGE('',*,*,#3232,.F.);
#2030=ORIENTED_EDGE('',*,*,#3251,.F.);
#2031=ORIENTED_EDGE('',*,*,#3234,.F.);
#2032=ORIENTED_EDGE('',*,*,#3252,.F.);
#2033=ORIENTED_EDGE('',*,*,#3227,.F.);
#2034=ORIENTED_EDGE('',*,*,#3238,.T.);
#2035=ORIENTED_EDGE('',*,*,#3248,.T.);
#2036=ORIENTED_EDGE('',*,*,#3243,.T.);
#2037=ORIENTED_EDGE('',*,*,#3246,.T.);
#2038=ORIENTED_EDGE('',*,*,#3228,.T.);
#2039=ORIENTED_EDGE('',*,*,#3252,.T.);
#2040=ORIENTED_EDGE('',*,*,#3233,.F.);
#2041=ORIENTED_EDGE('',*,*,#3250,.T.);
#2042=ORIENTED_EDGE('',*,*,#3226,.T.);
#2043=ORIENTED_EDGE('',*,*,#3210,.T.);
#2044=ORIENTED_EDGE('',*,*,#3253,.F.);
#2045=ORIENTED_EDGE('',*,*,#3214,.F.);
#2046=ORIENTED_EDGE('',*,*,#3240,.F.);
#2047=ORIENTED_EDGE('',*,*,#3249,.F.);
#2048=ORIENTED_EDGE('',*,*,#3231,.F.);
#2049=ORIENTED_EDGE('',*,*,#3251,.T.);
#2050=ORIENTED_EDGE('',*,*,#3236,.F.);
#2051=ORIENTED_EDGE('',*,*,#3222,.T.);
#2052=ORIENTED_EDGE('',*,*,#3224,.T.);
#2053=ORIENTED_EDGE('',*,*,#3218,.F.);
#2054=ORIENTED_EDGE('',*,*,#3230,.T.);
#2055=ORIENTED_EDGE('',*,*,#3245,.F.);
#2056=ORIENTED_EDGE('',*,*,#3241,.T.);
#2057=ORIENTED_EDGE('',*,*,#3247,.T.);
#2058=ORIENTED_EDGE('',*,*,#3254,.F.);
#2059=ORIENTED_EDGE('',*,*,#3211,.T.);
#2060=ORIENTED_EDGE('',*,*,#3253,.T.);
#2061=ORIENTED_EDGE('',*,*,#3209,.T.);
#2062=ORIENTED_EDGE('',*,*,#3255,.T.);
#2063=ORIENTED_EDGE('',*,*,#3256,.T.);
#2064=ORIENTED_EDGE('',*,*,#3257,.T.);
#2065=ORIENTED_EDGE('',*,*,#3258,.F.);
#2066=ORIENTED_EDGE('',*,*,#3259,.T.);
#2067=ORIENTED_EDGE('',*,*,#3260,.T.);
#2068=ORIENTED_EDGE('',*,*,#3261,.T.);
#2069=ORIENTED_EDGE('',*,*,#3262,.F.);
#2070=ORIENTED_EDGE('',*,*,#3263,.T.);
#2071=ORIENTED_EDGE('',*,*,#3264,.T.);
#2072=ORIENTED_EDGE('',*,*,#3265,.T.);
#2073=ORIENTED_EDGE('',*,*,#3266,.T.);
#2074=ORIENTED_EDGE('',*,*,#3267,.T.);
#2075=ORIENTED_EDGE('',*,*,#3268,.T.);
#2076=ORIENTED_EDGE('',*,*,#3269,.T.);
#2077=ORIENTED_EDGE('',*,*,#3270,.T.);
#2078=ORIENTED_EDGE('',*,*,#3271,.T.);
#2079=ORIENTED_EDGE('',*,*,#3272,.T.);
#2080=ORIENTED_EDGE('',*,*,#3273,.T.);
#2081=ORIENTED_EDGE('',*,*,#3274,.T.);
#2082=ORIENTED_EDGE('',*,*,#3275,.T.);
#2083=ORIENTED_EDGE('',*,*,#3276,.T.);
#2084=ORIENTED_EDGE('',*,*,#3277,.T.);
#2085=ORIENTED_EDGE('',*,*,#3278,.T.);
#2086=ORIENTED_EDGE('',*,*,#3279,.T.);
#2087=ORIENTED_EDGE('',*,*,#3280,.T.);
#2088=ORIENTED_EDGE('',*,*,#3281,.T.);
#2089=ORIENTED_EDGE('',*,*,#3282,.T.);
#2090=ORIENTED_EDGE('',*,*,#3283,.T.);
#2091=ORIENTED_EDGE('',*,*,#3284,.T.);
#2092=ORIENTED_EDGE('',*,*,#3285,.T.);
#2093=ORIENTED_EDGE('',*,*,#3286,.F.);
#2094=ORIENTED_EDGE('',*,*,#3287,.F.);
#2095=ORIENTED_EDGE('',*,*,#3288,.T.);
#2096=ORIENTED_EDGE('',*,*,#3289,.T.);
#2097=ORIENTED_EDGE('',*,*,#3290,.T.);
#2098=ORIENTED_EDGE('',*,*,#3291,.T.);
#2099=ORIENTED_EDGE('',*,*,#3292,.T.);
#2100=ORIENTED_EDGE('',*,*,#3293,.T.);
#2101=ORIENTED_EDGE('',*,*,#3294,.T.);
#2102=ORIENTED_EDGE('',*,*,#3281,.F.);
#2103=ORIENTED_EDGE('',*,*,#3295,.T.);
#2104=ORIENTED_EDGE('',*,*,#3283,.F.);
#2105=ORIENTED_EDGE('',*,*,#3296,.F.);
#2106=ORIENTED_EDGE('',*,*,#3285,.F.);
#2107=ORIENTED_EDGE('',*,*,#3297,.T.);
#2108=ORIENTED_EDGE('',*,*,#3255,.F.);
#2109=ORIENTED_EDGE('',*,*,#3298,.F.);
#2110=ORIENTED_EDGE('',*,*,#3257,.F.);
#2111=ORIENTED_EDGE('',*,*,#3299,.T.);
#2112=ORIENTED_EDGE('',*,*,#3259,.F.);
#2113=ORIENTED_EDGE('',*,*,#3300,.F.);
#2114=ORIENTED_EDGE('',*,*,#3261,.F.);
#2115=ORIENTED_EDGE('',*,*,#3301,.T.);
#2116=ORIENTED_EDGE('',*,*,#3279,.F.);
#2117=ORIENTED_EDGE('',*,*,#3302,.F.);
#2118=ORIENTED_EDGE('',*,*,#3303,.F.);
#2119=ORIENTED_EDGE('',*,*,#3304,.T.);
#2120=ORIENTED_EDGE('',*,*,#3305,.F.);
#2121=ORIENTED_EDGE('',*,*,#3297,.F.);
#2122=ORIENTED_EDGE('',*,*,#3306,.F.);
#2123=ORIENTED_EDGE('',*,*,#3307,.T.);
#2124=ORIENTED_EDGE('',*,*,#3303,.T.);
#2125=ORIENTED_EDGE('',*,*,#3284,.F.);
#2126=ORIENTED_EDGE('',*,*,#3305,.T.);
#2127=ORIENTED_EDGE('',*,*,#3308,.T.);
#2128=ORIENTED_EDGE('',*,*,#3309,.F.);
#2129=ORIENTED_EDGE('',*,*,#3256,.F.);
#2130=ORIENTED_EDGE('',*,*,#3310,.F.);
#2131=ORIENTED_EDGE('',*,*,#3311,.T.);
#2132=ORIENTED_EDGE('',*,*,#3306,.T.);
#2133=ORIENTED_EDGE('',*,*,#3295,.F.);
#2134=ORIENTED_EDGE('',*,*,#3309,.T.);
#2135=ORIENTED_EDGE('',*,*,#3312,.T.);
#2136=ORIENTED_EDGE('',*,*,#3313,.F.);
#2137=ORIENTED_EDGE('',*,*,#3299,.F.);
#2138=ORIENTED_EDGE('',*,*,#3314,.F.);
#2139=ORIENTED_EDGE('',*,*,#3315,.T.);
#2140=ORIENTED_EDGE('',*,*,#3310,.T.);
#2141=ORIENTED_EDGE('',*,*,#3280,.F.);
#2142=ORIENTED_EDGE('',*,*,#3313,.T.);
#2143=ORIENTED_EDGE('',*,*,#3316,.T.);
#2144=ORIENTED_EDGE('',*,*,#3317,.F.);
#2145=ORIENTED_EDGE('',*,*,#3260,.F.);
#2146=ORIENTED_EDGE('',*,*,#3317,.T.);
#2147=ORIENTED_EDGE('',*,*,#3318,.T.);
#2148=ORIENTED_EDGE('',*,*,#3314,.T.);
#2149=ORIENTED_EDGE('',*,*,#3301,.F.);
#2150=ORIENTED_EDGE('',*,*,#3319,.F.);
#2151=ORIENTED_EDGE('',*,*,#3320,.T.);
#2152=ORIENTED_EDGE('',*,*,#3321,.F.);
#2153=ORIENTED_EDGE('',*,*,#3288,.F.);
#2154=ORIENTED_EDGE('',*,*,#3322,.F.);
#2155=ORIENTED_EDGE('',*,*,#3323,.T.);
#2156=ORIENTED_EDGE('',*,*,#3319,.T.);
#2157=ORIENTED_EDGE('',*,*,#3287,.T.);
#2158=ORIENTED_EDGE('',*,*,#3321,.T.);
#2159=ORIENTED_EDGE('',*,*,#3324,.T.);
#2160=ORIENTED_EDGE('',*,*,#3325,.F.);
#2161=ORIENTED_EDGE('',*,*,#3289,.F.);
#2162=ORIENTED_EDGE('',*,*,#3326,.F.);
#2163=ORIENTED_EDGE('',*,*,#3327,.T.);
#2164=ORIENTED_EDGE('',*,*,#3322,.T.);
#2165=ORIENTED_EDGE('',*,*,#3294,.F.);
#2166=ORIENTED_EDGE('',*,*,#3325,.T.);
#2167=ORIENTED_EDGE('',*,*,#3328,.T.);
#2168=ORIENTED_EDGE('',*,*,#3329,.F.);
#2169=ORIENTED_EDGE('',*,*,#3290,.F.);
#2170=ORIENTED_EDGE('',*,*,#3330,.F.);
#2171=ORIENTED_EDGE('',*,*,#3331,.T.);
#2172=ORIENTED_EDGE('',*,*,#3326,.T.);
#2173=ORIENTED_EDGE('',*,*,#3293,.F.);
#2174=ORIENTED_EDGE('',*,*,#3329,.T.);
#2175=ORIENTED_EDGE('',*,*,#3332,.T.);
#2176=ORIENTED_EDGE('',*,*,#3333,.F.);
#2177=ORIENTED_EDGE('',*,*,#3291,.F.);
#2178=ORIENTED_EDGE('',*,*,#3333,.T.);
#2179=ORIENTED_EDGE('',*,*,#3334,.T.);
#2180=ORIENTED_EDGE('',*,*,#3330,.T.);
#2181=ORIENTED_EDGE('',*,*,#3292,.F.);
#2182=ORIENTED_EDGE('',*,*,#3335,.F.);
#2183=ORIENTED_EDGE('',*,*,#3332,.F.);
#2184=ORIENTED_EDGE('',*,*,#3336,.F.);
#2185=ORIENTED_EDGE('',*,*,#3268,.F.);
#2186=ORIENTED_EDGE('',*,*,#3336,.T.);
#2187=ORIENTED_EDGE('',*,*,#3328,.F.);
#2188=ORIENTED_EDGE('',*,*,#3337,.F.);
#2189=ORIENTED_EDGE('',*,*,#3269,.F.);
#2190=ORIENTED_EDGE('',*,*,#3335,.T.);
#2191=ORIENTED_EDGE('',*,*,#3267,.F.);
#2192=ORIENTED_EDGE('',*,*,#3338,.F.);
#2193=ORIENTED_EDGE('',*,*,#3334,.F.);
#2194=ORIENTED_EDGE('',*,*,#3337,.T.);
#2195=ORIENTED_EDGE('',*,*,#3324,.F.);
#2196=ORIENTED_EDGE('',*,*,#3339,.F.);
#2197=ORIENTED_EDGE('',*,*,#3270,.F.);
#2198=ORIENTED_EDGE('',*,*,#3338,.T.);
#2199=ORIENTED_EDGE('',*,*,#3266,.F.);
#2200=ORIENTED_EDGE('',*,*,#3340,.F.);
#2201=ORIENTED_EDGE('',*,*,#3331,.F.);
#2202=ORIENTED_EDGE('',*,*,#3339,.T.);
#2203=ORIENTED_EDGE('',*,*,#3320,.F.);
#2204=ORIENTED_EDGE('',*,*,#3341,.F.);
#2205=ORIENTED_EDGE('',*,*,#3263,.F.);
#2206=ORIENTED_EDGE('',*,*,#3340,.T.);
#2207=ORIENTED_EDGE('',*,*,#3265,.F.);
#2208=ORIENTED_EDGE('',*,*,#3342,.F.);
#2209=ORIENTED_EDGE('',*,*,#3327,.F.);
#2210=ORIENTED_EDGE('',*,*,#3341,.T.);
#2211=ORIENTED_EDGE('',*,*,#3323,.F.);
#2212=ORIENTED_EDGE('',*,*,#3342,.T.);
#2213=ORIENTED_EDGE('',*,*,#3264,.F.);
#2214=ORIENTED_EDGE('',*,*,#3343,.F.);
#2215=ORIENTED_EDGE('',*,*,#3316,.F.);
#2216=ORIENTED_EDGE('',*,*,#3344,.F.);
#2217=ORIENTED_EDGE('',*,*,#3276,.F.);
#2218=ORIENTED_EDGE('',*,*,#3344,.T.);
#2219=ORIENTED_EDGE('',*,*,#3312,.F.);
#2220=ORIENTED_EDGE('',*,*,#3345,.F.);
#2221=ORIENTED_EDGE('',*,*,#3277,.F.);
#2222=ORIENTED_EDGE('',*,*,#3343,.T.);
#2223=ORIENTED_EDGE('',*,*,#3275,.F.);
#2224=ORIENTED_EDGE('',*,*,#3346,.F.);
#2225=ORIENTED_EDGE('',*,*,#3318,.F.);
#2226=ORIENTED_EDGE('',*,*,#3345,.T.);
#2227=ORIENTED_EDGE('',*,*,#3308,.F.);
#2228=ORIENTED_EDGE('',*,*,#3347,.F.);
#2229=ORIENTED_EDGE('',*,*,#3278,.F.);
#2230=ORIENTED_EDGE('',*,*,#3346,.T.);
#2231=ORIENTED_EDGE('',*,*,#3274,.F.);
#2232=ORIENTED_EDGE('',*,*,#3348,.F.);
#2233=ORIENTED_EDGE('',*,*,#3315,.F.);
#2234=ORIENTED_EDGE('',*,*,#3347,.T.);
#2235=ORIENTED_EDGE('',*,*,#3304,.F.);
#2236=ORIENTED_EDGE('',*,*,#3349,.F.);
#2237=ORIENTED_EDGE('',*,*,#3271,.F.);
#2238=ORIENTED_EDGE('',*,*,#3348,.T.);
#2239=ORIENTED_EDGE('',*,*,#3273,.F.);
#2240=ORIENTED_EDGE('',*,*,#3350,.F.);
#2241=ORIENTED_EDGE('',*,*,#3311,.F.);
#2242=ORIENTED_EDGE('',*,*,#3349,.T.);
#2243=ORIENTED_EDGE('',*,*,#3307,.F.);
#2244=ORIENTED_EDGE('',*,*,#3350,.T.);
#2245=ORIENTED_EDGE('',*,*,#3272,.F.);
#2246=ORIENTED_EDGE('',*,*,#3061,.T.);
#2247=ORIENTED_EDGE('',*,*,#3351,.T.);
#2248=ORIENTED_EDGE('',*,*,#3188,.F.);
#2249=ORIENTED_EDGE('',*,*,#3352,.F.);
#2250=ORIENTED_EDGE('',*,*,#3096,.F.);
#2251=ORIENTED_EDGE('',*,*,#3353,.T.);
#2252=ORIENTED_EDGE('',*,*,#3063,.T.);
#2253=ORIENTED_EDGE('',*,*,#3107,.F.);
#2254=ORIENTED_EDGE('',*,*,#3354,.F.);
#2255=ORIENTED_EDGE('',*,*,#3206,.F.);
#2256=ORIENTED_EDGE('',*,*,#3355,.T.);
#2257=ORIENTED_EDGE('',*,*,#3356,.T.);
#2258=ORIENTED_EDGE('',*,*,#3357,.F.);
#2259=ORIENTED_EDGE('',*,*,#3358,.T.);
#2260=ORIENTED_EDGE('',*,*,#3359,.T.);
#2261=ORIENTED_EDGE('',*,*,#3358,.F.);
#2262=ORIENTED_EDGE('',*,*,#3360,.T.);
#2263=ORIENTED_EDGE('',*,*,#3361,.F.);
#2264=ORIENTED_EDGE('',*,*,#3362,.T.);
#2265=ORIENTED_EDGE('',*,*,#3361,.T.);
#2266=ORIENTED_EDGE('',*,*,#3363,.T.);
#2267=ORIENTED_EDGE('',*,*,#3364,.T.);
#2268=ORIENTED_EDGE('',*,*,#3365,.T.);
#2269=ORIENTED_EDGE('',*,*,#3364,.F.);
#2270=ORIENTED_EDGE('',*,*,#3366,.T.);
#2271=ORIENTED_EDGE('',*,*,#3356,.F.);
#2272=ORIENTED_EDGE('',*,*,#3367,.T.);
#2273=ORIENTED_EDGE('',*,*,#3028,.T.);
#2274=ORIENTED_EDGE('',*,*,#3368,.T.);
#2275=ORIENTED_EDGE('',*,*,#3369,.F.);
#2276=ORIENTED_EDGE('',*,*,#3370,.F.);
#2277=ORIENTED_EDGE('',*,*,#3024,.T.);
#2278=ORIENTED_EDGE('',*,*,#3371,.T.);
#2279=ORIENTED_EDGE('',*,*,#3372,.T.);
#2280=ORIENTED_EDGE('',*,*,#3373,.F.);
#2281=ORIENTED_EDGE('',*,*,#3374,.T.);
#2282=ORIENTED_EDGE('',*,*,#3375,.T.);
#2283=ORIENTED_EDGE('',*,*,#3376,.T.);
#2284=ORIENTED_EDGE('',*,*,#3377,.F.);
#2285=ORIENTED_EDGE('',*,*,#3378,.T.);
#2286=ORIENTED_EDGE('',*,*,#3379,.F.);
#2287=ORIENTED_EDGE('',*,*,#3380,.F.);
#2288=ORIENTED_EDGE('',*,*,#3381,.T.);
#2289=ORIENTED_EDGE('',*,*,#3382,.F.);
#2290=ORIENTED_EDGE('',*,*,#3383,.T.);
#2291=ORIENTED_EDGE('',*,*,#3384,.T.);
#2292=ORIENTED_EDGE('',*,*,#3385,.T.);
#2293=ORIENTED_EDGE('',*,*,#3012,.T.);
#2294=ORIENTED_EDGE('',*,*,#3071,.T.);
#2295=ORIENTED_EDGE('',*,*,#3386,.T.);
#2296=ORIENTED_EDGE('',*,*,#3387,.T.);
#2297=ORIENTED_EDGE('',*,*,#3388,.F.);
#2298=ORIENTED_EDGE('',*,*,#3051,.T.);
#2299=ORIENTED_EDGE('',*,*,#3060,.T.);
#2300=ORIENTED_EDGE('',*,*,#3039,.T.);
#2301=ORIENTED_EDGE('',*,*,#3042,.F.);
#2302=ORIENTED_EDGE('',*,*,#3066,.F.);
#2303=ORIENTED_EDGE('',*,*,#3045,.T.);
#2304=ORIENTED_EDGE('',*,*,#3033,.T.);
#2305=ORIENTED_EDGE('',*,*,#3057,.F.);
#2306=ORIENTED_EDGE('',*,*,#3053,.T.);
#2307=ORIENTED_EDGE('',*,*,#3389,.T.);
#2308=ORIENTED_EDGE('',*,*,#3390,.T.);
#2309=ORIENTED_EDGE('',*,*,#3391,.F.);
#2310=ORIENTED_EDGE('',*,*,#3072,.F.);
#2311=ORIENTED_EDGE('',*,*,#3018,.F.);
#2312=ORIENTED_EDGE('',*,*,#3047,.F.);
#2313=ORIENTED_EDGE('',*,*,#3048,.F.);
#2314=ORIENTED_EDGE('',*,*,#3392,.F.);
#2315=ORIENTED_EDGE('',*,*,#3393,.F.);
#2316=ORIENTED_EDGE('',*,*,#3384,.F.);
#2317=ORIENTED_EDGE('',*,*,#3394,.F.);
#2318=ORIENTED_EDGE('',*,*,#3395,.F.);
#2319=ORIENTED_EDGE('',*,*,#3396,.F.);
#2320=ORIENTED_EDGE('',*,*,#3397,.F.);
#2321=ORIENTED_EDGE('',*,*,#3383,.F.);
#2322=ORIENTED_EDGE('',*,*,#3398,.T.);
#2323=ORIENTED_EDGE('',*,*,#3399,.F.);
#2324=ORIENTED_EDGE('',*,*,#3400,.T.);
#2325=ORIENTED_EDGE('',*,*,#3401,.T.);
#2326=ORIENTED_EDGE('',*,*,#3095,.F.);
#2327=ORIENTED_EDGE('',*,*,#3013,.T.);
#2328=ORIENTED_EDGE('',*,*,#3385,.F.);
#2329=ORIENTED_EDGE('',*,*,#3393,.T.);
#2330=ORIENTED_EDGE('',*,*,#3402,.T.);
#2331=ORIENTED_EDGE('',*,*,#3394,.T.);
#2332=ORIENTED_EDGE('',*,*,#3397,.T.);
#2333=ORIENTED_EDGE('',*,*,#3403,.F.);
#2334=ORIENTED_EDGE('',*,*,#3403,.T.);
#2335=ORIENTED_EDGE('',*,*,#3396,.T.);
#2336=ORIENTED_EDGE('',*,*,#3404,.T.);
#2337=ORIENTED_EDGE('',*,*,#3405,.F.);
#2338=ORIENTED_EDGE('',*,*,#3404,.F.);
#2339=ORIENTED_EDGE('',*,*,#3395,.T.);
#2340=ORIENTED_EDGE('',*,*,#3406,.F.);
#2341=ORIENTED_EDGE('',*,*,#3407,.T.);
#2342=ORIENTED_EDGE('',*,*,#3382,.T.);
#2343=ORIENTED_EDGE('',*,*,#3408,.T.);
#2344=ORIENTED_EDGE('',*,*,#3409,.T.);
#2345=ORIENTED_EDGE('',*,*,#3406,.T.);
#2346=ORIENTED_EDGE('',*,*,#3409,.F.);
#2347=ORIENTED_EDGE('',*,*,#3398,.F.);
#2348=ORIENTED_EDGE('',*,*,#3392,.T.);
#2349=ORIENTED_EDGE('',*,*,#3402,.F.);
#2350=ORIENTED_EDGE('',*,*,#3405,.T.);
#2351=ORIENTED_EDGE('',*,*,#3407,.F.);
#2352=ORIENTED_EDGE('',*,*,#3410,.T.);
#2353=ORIENTED_EDGE('',*,*,#2987,.T.);
#2354=ORIENTED_EDGE('',*,*,#3411,.T.);
#2355=ORIENTED_EDGE('',*,*,#3150,.T.);
#2356=ORIENTED_EDGE('',*,*,#3412,.T.);
#2357=ORIENTED_EDGE('',*,*,#3380,.T.);
#2358=ORIENTED_EDGE('',*,*,#3413,.T.);
#2359=ORIENTED_EDGE('',*,*,#3386,.F.);
#2360=ORIENTED_EDGE('',*,*,#3070,.F.);
#2361=ORIENTED_EDGE('',*,*,#3414,.T.);
#2362=ORIENTED_EDGE('',*,*,#3399,.T.);
#2363=ORIENTED_EDGE('',*,*,#3408,.F.);
#2364=ORIENTED_EDGE('',*,*,#3381,.F.);
#2365=ORIENTED_EDGE('',*,*,#3412,.F.);
#2366=ORIENTED_EDGE('',*,*,#3147,.T.);
#2367=ORIENTED_EDGE('',*,*,#3415,.F.);
#2368=ORIENTED_EDGE('',*,*,#3387,.F.);
#2369=ORIENTED_EDGE('',*,*,#3413,.F.);
#2370=ORIENTED_EDGE('',*,*,#3145,.T.);
#2371=ORIENTED_EDGE('',*,*,#3416,.T.);
#2372=ORIENTED_EDGE('',*,*,#3102,.F.);
#2373=ORIENTED_EDGE('',*,*,#3052,.T.);
#2374=ORIENTED_EDGE('',*,*,#3388,.T.);
#2375=ORIENTED_EDGE('',*,*,#3415,.T.);
#2376=ORIENTED_EDGE('',*,*,#3144,.T.);
#2377=ORIENTED_EDGE('',*,*,#3417,.F.);
#2378=ORIENTED_EDGE('',*,*,#3103,.T.);
#2379=ORIENTED_EDGE('',*,*,#3416,.F.);
#2380=ORIENTED_EDGE('',*,*,#3141,.T.);
#2381=ORIENTED_EDGE('',*,*,#3418,.T.);
#2382=ORIENTED_EDGE('',*,*,#3104,.F.);
#2383=ORIENTED_EDGE('',*,*,#3417,.T.);
#2384=ORIENTED_EDGE('',*,*,#3136,.T.);
#2385=ORIENTED_EDGE('',*,*,#3419,.T.);
#2386=ORIENTED_EDGE('',*,*,#3105,.T.);
#2387=ORIENTED_EDGE('',*,*,#3418,.F.);
#2388=ORIENTED_EDGE('',*,*,#3134,.T.);
#2389=ORIENTED_EDGE('',*,*,#3420,.T.);
#2390=ORIENTED_EDGE('',*,*,#3369,.T.);
#2391=ORIENTED_EDGE('',*,*,#3421,.T.);
#2392=ORIENTED_EDGE('',*,*,#3198,.F.);
#2393=ORIENTED_EDGE('',*,*,#3088,.F.);
#2394=ORIENTED_EDGE('',*,*,#3353,.F.);
#2395=ORIENTED_EDGE('',*,*,#3205,.T.);
#2396=ORIENTED_EDGE('',*,*,#3422,.F.);
#2397=ORIENTED_EDGE('',*,*,#3423,.F.);
#2398=ORIENTED_EDGE('',*,*,#3372,.F.);
#2399=ORIENTED_EDGE('',*,*,#3424,.F.);
#2400=ORIENTED_EDGE('',*,*,#3196,.T.);
#2401=ORIENTED_EDGE('',*,*,#3425,.F.);
#2402=ORIENTED_EDGE('',*,*,#2985,.T.);
#2403=ORIENTED_EDGE('',*,*,#3426,.F.);
#2404=ORIENTED_EDGE('',*,*,#3378,.F.);
#2405=ORIENTED_EDGE('',*,*,#3427,.F.);
#2406=ORIENTED_EDGE('',*,*,#3112,.T.);
#2407=ORIENTED_EDGE('',*,*,#3427,.T.);
#2408=ORIENTED_EDGE('',*,*,#3377,.T.);
#2409=ORIENTED_EDGE('',*,*,#3428,.T.);
#2410=ORIENTED_EDGE('',*,*,#3429,.F.);
#2411=ORIENTED_EDGE('',*,*,#3430,.F.);
#2412=ORIENTED_EDGE('',*,*,#3073,.T.);
#2413=ORIENTED_EDGE('',*,*,#3391,.T.);
#2414=ORIENTED_EDGE('',*,*,#3431,.T.);
#2415=ORIENTED_EDGE('',*,*,#3115,.T.);
#2416=ORIENTED_EDGE('',*,*,#3431,.F.);
#2417=ORIENTED_EDGE('',*,*,#3390,.F.);
#2418=ORIENTED_EDGE('',*,*,#3432,.F.);
#2419=ORIENTED_EDGE('',*,*,#3118,.T.);
#2420=ORIENTED_EDGE('',*,*,#3432,.T.);
#2421=ORIENTED_EDGE('',*,*,#3389,.F.);
#2422=ORIENTED_EDGE('',*,*,#3056,.T.);
#2423=ORIENTED_EDGE('',*,*,#3101,.T.);
#2424=ORIENTED_EDGE('',*,*,#3433,.T.);
#2425=ORIENTED_EDGE('',*,*,#3120,.T.);
#2426=ORIENTED_EDGE('',*,*,#3433,.F.);
#2427=ORIENTED_EDGE('',*,*,#3100,.F.);
#2428=ORIENTED_EDGE('',*,*,#3434,.F.);
#2429=ORIENTED_EDGE('',*,*,#3125,.T.);
#2430=ORIENTED_EDGE('',*,*,#3434,.T.);
#2431=ORIENTED_EDGE('',*,*,#3099,.T.);
#2432=ORIENTED_EDGE('',*,*,#3435,.T.);
#2433=ORIENTED_EDGE('',*,*,#3128,.T.);
#2434=ORIENTED_EDGE('',*,*,#3435,.F.);
#2435=ORIENTED_EDGE('',*,*,#3098,.F.);
#2436=ORIENTED_EDGE('',*,*,#3436,.F.);
#2437=ORIENTED_EDGE('',*,*,#3129,.T.);
#2438=ORIENTED_EDGE('',*,*,#3437,.F.);
#2439=ORIENTED_EDGE('',*,*,#3086,.T.);
#2440=ORIENTED_EDGE('',*,*,#3438,.F.);
#2441=ORIENTED_EDGE('',*,*,#3190,.F.);
#2442=ORIENTED_EDGE('',*,*,#3085,.F.);
#2443=ORIENTED_EDGE('',*,*,#3439,.T.);
#2444=ORIENTED_EDGE('',*,*,#3191,.F.);
#2445=ORIENTED_EDGE('',*,*,#3438,.T.);
#2446=ORIENTED_EDGE('',*,*,#3084,.F.);
#2447=ORIENTED_EDGE('',*,*,#3440,.F.);
#2448=ORIENTED_EDGE('',*,*,#3192,.T.);
#2449=ORIENTED_EDGE('',*,*,#3439,.F.);
#2450=ORIENTED_EDGE('',*,*,#3083,.F.);
#2451=ORIENTED_EDGE('',*,*,#3441,.T.);
#2452=ORIENTED_EDGE('',*,*,#3193,.T.);
#2453=ORIENTED_EDGE('',*,*,#3440,.T.);
#2454=ORIENTED_EDGE('',*,*,#3441,.F.);
#2455=ORIENTED_EDGE('',*,*,#3082,.T.);
#2456=ORIENTED_EDGE('',*,*,#3442,.F.);
#2457=ORIENTED_EDGE('',*,*,#3194,.F.);
#2458=ORIENTED_EDGE('',*,*,#3443,.F.);
#2459=ORIENTED_EDGE('',*,*,#3444,.F.);
#2460=ORIENTED_EDGE('',*,*,#3374,.F.);
#2461=ORIENTED_EDGE('',*,*,#3445,.F.);
#2462=ORIENTED_EDGE('',*,*,#3446,.F.);
#2463=ORIENTED_EDGE('',*,*,#3375,.F.);
#2464=ORIENTED_EDGE('',*,*,#3447,.F.);
#2465=ORIENTED_EDGE('',*,*,#3448,.F.);
#2466=ORIENTED_EDGE('',*,*,#3376,.F.);
#2467=ORIENTED_EDGE('',*,*,#3449,.F.);
#2468=ORIENTED_EDGE('',*,*,#3450,.F.);
#2469=ORIENTED_EDGE('',*,*,#3428,.F.);
#2470=ORIENTED_EDGE('',*,*,#3451,.F.);
#2471=ORIENTED_EDGE('',*,*,#3445,.T.);
#2472=ORIENTED_EDGE('',*,*,#3373,.T.);
#2473=ORIENTED_EDGE('',*,*,#3017,.F.);
#2474=ORIENTED_EDGE('',*,*,#3080,.T.);
#2475=ORIENTED_EDGE('',*,*,#3452,.F.);
#2476=ORIENTED_EDGE('',*,*,#3453,.F.);
#2477=ORIENTED_EDGE('',*,*,#3429,.T.);
#2478=ORIENTED_EDGE('',*,*,#3450,.T.);
#2479=ORIENTED_EDGE('',*,*,#3454,.T.);
#2480=ORIENTED_EDGE('',*,*,#3455,.F.);
#2481=ORIENTED_EDGE('',*,*,#3456,.T.);
#2482=ORIENTED_EDGE('',*,*,#3443,.T.);
#2483=ORIENTED_EDGE('',*,*,#3451,.T.);
#2484=ORIENTED_EDGE('',*,*,#3447,.T.);
#2485=ORIENTED_EDGE('',*,*,#3444,.T.);
#2486=ORIENTED_EDGE('',*,*,#3456,.F.);
#2487=ORIENTED_EDGE('',*,*,#3457,.F.);
#2488=ORIENTED_EDGE('',*,*,#3449,.T.);
#2489=ORIENTED_EDGE('',*,*,#3446,.T.);
#2490=ORIENTED_EDGE('',*,*,#3458,.F.);
#2491=ORIENTED_EDGE('',*,*,#3454,.F.);
#2492=ORIENTED_EDGE('',*,*,#3458,.T.);
#2493=ORIENTED_EDGE('',*,*,#3448,.T.);
#2494=ORIENTED_EDGE('',*,*,#3457,.T.);
#2495=ORIENTED_EDGE('',*,*,#3455,.T.);
#2496=ORIENTED_EDGE('',*,*,#3097,.F.);
#2497=ORIENTED_EDGE('',*,*,#3352,.T.);
#2498=ORIENTED_EDGE('',*,*,#3187,.T.);
#2499=ORIENTED_EDGE('',*,*,#3354,.T.);
#2500=ORIENTED_EDGE('',*,*,#3106,.F.);
#2501=ORIENTED_EDGE('',*,*,#3419,.F.);
#2502=ORIENTED_EDGE('',*,*,#3131,.T.);
#2503=ORIENTED_EDGE('',*,*,#3436,.T.);
#2504=ORIENTED_EDGE('',*,*,#3087,.F.);
#2505=ORIENTED_EDGE('',*,*,#3437,.T.);
#2506=ORIENTED_EDGE('',*,*,#3189,.T.);
#2507=ORIENTED_EDGE('',*,*,#3351,.F.);
#2508=ORIENTED_EDGE('',*,*,#3074,.F.);
#2509=ORIENTED_EDGE('',*,*,#3430,.T.);
#2510=ORIENTED_EDGE('',*,*,#3453,.T.);
#2511=ORIENTED_EDGE('',*,*,#3459,.F.);
#2512=ORIENTED_EDGE('',*,*,#2988,.F.);
#2513=ORIENTED_EDGE('',*,*,#3410,.F.);
#2514=ORIENTED_EDGE('',*,*,#3379,.T.);
#2515=ORIENTED_EDGE('',*,*,#3426,.T.);
#2516=ORIENTED_EDGE('',*,*,#3414,.F.);
#2517=ORIENTED_EDGE('',*,*,#3069,.T.);
#2518=ORIENTED_EDGE('',*,*,#3460,.T.);
#2519=ORIENTED_EDGE('',*,*,#3400,.F.);
#2520=ORIENTED_EDGE('',*,*,#3461,.F.);
#2521=ORIENTED_EDGE('',*,*,#3091,.T.);
#2522=ORIENTED_EDGE('',*,*,#3462,.F.);
#2523=ORIENTED_EDGE('',*,*,#3202,.F.);
#2524=ORIENTED_EDGE('',*,*,#3093,.F.);
#2525=ORIENTED_EDGE('',*,*,#3463,.F.);
#2526=ORIENTED_EDGE('',*,*,#3200,.T.);
#2527=ORIENTED_EDGE('',*,*,#3464,.T.);
#2528=ORIENTED_EDGE('',*,*,#3368,.F.);
#2529=ORIENTED_EDGE('',*,*,#3031,.T.);
#2530=ORIENTED_EDGE('',*,*,#3077,.T.);
#2531=ORIENTED_EDGE('',*,*,#3401,.F.);
#2532=ORIENTED_EDGE('',*,*,#3460,.F.);
#2533=ORIENTED_EDGE('',*,*,#3068,.F.);
#2534=ORIENTED_EDGE('',*,*,#3094,.T.);
#2535=ORIENTED_EDGE('',*,*,#3464,.F.);
#2536=ORIENTED_EDGE('',*,*,#3199,.F.);
#2537=ORIENTED_EDGE('',*,*,#3421,.F.);
#2538=ORIENTED_EDGE('',*,*,#3089,.F.);
#2539=ORIENTED_EDGE('',*,*,#3422,.T.);
#2540=ORIENTED_EDGE('',*,*,#3204,.T.);
#2541=ORIENTED_EDGE('',*,*,#3465,.F.);
#2542=ORIENTED_EDGE('',*,*,#3081,.F.);
#2543=ORIENTED_EDGE('',*,*,#3075,.T.);
#2544=ORIENTED_EDGE('',*,*,#3459,.T.);
#2545=ORIENTED_EDGE('',*,*,#3452,.T.);
#2546=ORIENTED_EDGE('',*,*,#3079,.F.);
#2547=ORIENTED_EDGE('',*,*,#3025,.T.);
#2548=ORIENTED_EDGE('',*,*,#3370,.T.);
#2549=ORIENTED_EDGE('',*,*,#3423,.T.);
#2550=ORIENTED_EDGE('',*,*,#3195,.T.);
#2551=ORIENTED_EDGE('',*,*,#3442,.T.);
#2552=ORIENTED_EDGE('',*,*,#3220,.F.);
#2553=ORIENTED_EDGE('',*,*,#3235,.F.);
#2554=ORIENTED_EDGE('',*,*,#3212,.F.);
#2555=ORIENTED_EDGE('',*,*,#3254,.T.);
#2556=ORIENTED_EDGE('',*,*,#3208,.F.);
#2557=ORIENTED_EDGE('',*,*,#3225,.F.);
#2558=ORIENTED_EDGE('',*,*,#3216,.F.);
#2559=ORIENTED_EDGE('',*,*,#3223,.F.);
#2560=ORIENTED_EDGE('',*,*,#3365,.F.);
#2561=ORIENTED_EDGE('',*,*,#3355,.F.);
#2562=ORIENTED_EDGE('',*,*,#3359,.F.);
#2563=ORIENTED_EDGE('',*,*,#3362,.F.);
#2564=ORIENTED_EDGE('',*,*,#3078,.T.);
#2565=ORIENTED_EDGE('',*,*,#3029,.T.);
#2566=ORIENTED_EDGE('',*,*,#3367,.F.);
#2567=ORIENTED_EDGE('',*,*,#3420,.F.);
#2568=ORIENTED_EDGE('',*,*,#3197,.F.);
#2569=ORIENTED_EDGE('',*,*,#3424,.T.);
#2570=ORIENTED_EDGE('',*,*,#3371,.F.);
#2571=ORIENTED_EDGE('',*,*,#3027,.T.);
#2572=ORIENTED_EDGE('',*,*,#3462,.T.);
#2573=ORIENTED_EDGE('',*,*,#3090,.T.);
#2574=ORIENTED_EDGE('',*,*,#3465,.T.);
#2575=ORIENTED_EDGE('',*,*,#3203,.T.);
#2576=ORIENTED_EDGE('',*,*,#3463,.T.);
#2577=ORIENTED_EDGE('',*,*,#3092,.T.);
#2578=ORIENTED_EDGE('',*,*,#3461,.T.);
#2579=ORIENTED_EDGE('',*,*,#3201,.F.);
#2580=ORIENTED_EDGE('',*,*,#3154,.F.);
#2581=ORIENTED_EDGE('',*,*,#3466,.T.);
#2582=ORIENTED_EDGE('',*,*,#3466,.F.);
#2583=ORIENTED_EDGE('',*,*,#2986,.F.);
#2584=ORIENTED_EDGE('',*,*,#3425,.T.);
#2585=ORIENTED_EDGE('',*,*,#3152,.T.);
#2586=ORIENTED_EDGE('',*,*,#3411,.F.);
#2587=ORIENTED_EDGE('',*,*,#3296,.T.);
#2588=ORIENTED_EDGE('',*,*,#3286,.T.);
#2589=ORIENTED_EDGE('',*,*,#3298,.T.);
#2590=ORIENTED_EDGE('',*,*,#3258,.T.);
#2591=ORIENTED_EDGE('',*,*,#3300,.T.);
#2592=ORIENTED_EDGE('',*,*,#3262,.T.);
#2593=ORIENTED_EDGE('',*,*,#3302,.T.);
#2594=ORIENTED_EDGE('',*,*,#3282,.F.);
#2595=ORIENTED_EDGE('',*,*,#3357,.T.);
#2596=ORIENTED_EDGE('',*,*,#3366,.F.);
#2597=ORIENTED_EDGE('',*,*,#3363,.F.);
#2598=ORIENTED_EDGE('',*,*,#3360,.F.);
#2599=ORIENTED_EDGE('',*,*,#3467,.F.);
#2600=ORIENTED_EDGE('',*,*,#3468,.F.);
#2601=ORIENTED_EDGE('',*,*,#3469,.F.);
#2602=ORIENTED_EDGE('',*,*,#3470,.F.);
#2603=ORIENTED_EDGE('',*,*,#3471,.F.);
#2604=ORIENTED_EDGE('',*,*,#3472,.F.);
#2605=ORIENTED_EDGE('',*,*,#3473,.F.);
#2606=ORIENTED_EDGE('',*,*,#3474,.F.);
#2607=ORIENTED_EDGE('',*,*,#3475,.T.);
#2608=ORIENTED_EDGE('',*,*,#3476,.T.);
#2609=ORIENTED_EDGE('',*,*,#3474,.T.);
#2610=ORIENTED_EDGE('',*,*,#3477,.F.);
#2611=ORIENTED_EDGE('',*,*,#3478,.T.);
#2612=ORIENTED_EDGE('',*,*,#3477,.T.);
#2613=ORIENTED_EDGE('',*,*,#3473,.T.);
#2614=ORIENTED_EDGE('',*,*,#3479,.F.);
#2615=ORIENTED_EDGE('',*,*,#3480,.T.);
#2616=ORIENTED_EDGE('',*,*,#3479,.T.);
#2617=ORIENTED_EDGE('',*,*,#3472,.T.);
#2618=ORIENTED_EDGE('',*,*,#3481,.F.);
#2619=ORIENTED_EDGE('',*,*,#3482,.T.);
#2620=ORIENTED_EDGE('',*,*,#3481,.T.);
#2621=ORIENTED_EDGE('',*,*,#3471,.T.);
#2622=ORIENTED_EDGE('',*,*,#3483,.F.);
#2623=ORIENTED_EDGE('',*,*,#3484,.T.);
#2624=ORIENTED_EDGE('',*,*,#3483,.T.);
#2625=ORIENTED_EDGE('',*,*,#3470,.T.);
#2626=ORIENTED_EDGE('',*,*,#3485,.F.);
#2627=ORIENTED_EDGE('',*,*,#3486,.T.);
#2628=ORIENTED_EDGE('',*,*,#3485,.T.);
#2629=ORIENTED_EDGE('',*,*,#3469,.T.);
#2630=ORIENTED_EDGE('',*,*,#3476,.F.);
#2631=ORIENTED_EDGE('',*,*,#3467,.T.);
#2632=ORIENTED_EDGE('',*,*,#3486,.F.);
#2633=ORIENTED_EDGE('',*,*,#3475,.F.);
#2634=ORIENTED_EDGE('',*,*,#3478,.F.);
#2635=ORIENTED_EDGE('',*,*,#3480,.F.);
#2636=ORIENTED_EDGE('',*,*,#3482,.F.);
#2637=ORIENTED_EDGE('',*,*,#3484,.F.);
#2638=ORIENTED_EDGE('',*,*,#3468,.T.);
#2639=ORIENTED_EDGE('',*,*,#3011,.F.);
#2640=ORIENTED_EDGE('',*,*,#3487,.T.);
#2641=ORIENTED_EDGE('',*,*,#3020,.F.);
#2642=ORIENTED_EDGE('',*,*,#3488,.T.);
#2643=ORIENTED_EDGE('',*,*,#3488,.F.);
#2644=ORIENTED_EDGE('',*,*,#3487,.F.);
#2645=ORIENTED_EDGE('',*,*,#3489,.F.);
#2646=ORIENTED_EDGE('',*,*,#3490,.T.);
#2647=ORIENTED_EDGE('',*,*,#3489,.T.);
#2648=ORIENTED_EDGE('',*,*,#3491,.T.);
#2649=ORIENTED_EDGE('',*,*,#3490,.F.);
#2650=ORIENTED_EDGE('',*,*,#3492,.T.);
#2651=ORIENTED_EDGE('',*,*,#3491,.F.);
#2652=ORIENTED_EDGE('',*,*,#3492,.F.);
#2653=VERTEX_POINT('',#5085);
#2654=VERTEX_POINT('',#5087);
#2655=VERTEX_POINT('',#5096);
#2656=VERTEX_POINT('',#5097);
#2657=VERTEX_POINT('',#5099);
#2658=VERTEX_POINT('',#5107);
#2659=VERTEX_POINT('',#5110);
#2660=VERTEX_POINT('',#5113);
#2661=VERTEX_POINT('',#5116);
#2662=VERTEX_POINT('',#5117);
#2663=VERTEX_POINT('',#5119);
#2664=VERTEX_POINT('',#5121);
#2665=VERTEX_POINT('',#5123);
#2666=VERTEX_POINT('',#5125);
#2667=VERTEX_POINT('',#5129);
#2668=VERTEX_POINT('',#5131);
#2669=VERTEX_POINT('',#5135);
#2670=VERTEX_POINT('',#5139);
#2671=VERTEX_POINT('',#5143);
#2672=VERTEX_POINT('',#5147);
#2673=VERTEX_POINT('',#5153);
#2674=VERTEX_POINT('',#5157);
#2675=VERTEX_POINT('',#5160);
#2676=VERTEX_POINT('',#5163);
#2677=VERTEX_POINT('',#5164);
#2678=VERTEX_POINT('',#5166);
#2679=VERTEX_POINT('',#5168);
#2680=VERTEX_POINT('',#5172);
#2681=VERTEX_POINT('',#5173);
#2682=VERTEX_POINT('',#5175);
#2683=VERTEX_POINT('',#5177);
#2684=VERTEX_POINT('',#5181);
#2685=VERTEX_POINT('',#5183);
#2686=VERTEX_POINT('',#5186);
#2687=VERTEX_POINT('',#5257);
#2688=VERTEX_POINT('',#5260);
#2689=VERTEX_POINT('',#5261);
#2690=VERTEX_POINT('',#5263);
#2691=VERTEX_POINT('',#5265);
#2692=VERTEX_POINT('',#5269);
#2693=VERTEX_POINT('',#5270);
#2694=VERTEX_POINT('',#5272);
#2695=VERTEX_POINT('',#5274);
#2696=VERTEX_POINT('',#5278);
#2697=VERTEX_POINT('',#5279);
#2698=VERTEX_POINT('',#5281);
#2699=VERTEX_POINT('',#5283);
#2700=VERTEX_POINT('',#5287);
#2701=VERTEX_POINT('',#5288);
#2702=VERTEX_POINT('',#5290);
#2703=VERTEX_POINT('',#5292);
#2704=VERTEX_POINT('',#5296);
#2705=VERTEX_POINT('',#5298);
#2706=VERTEX_POINT('',#5302);
#2707=VERTEX_POINT('',#5303);
#2708=VERTEX_POINT('',#5308);
#2709=VERTEX_POINT('',#5310);
#2710=VERTEX_POINT('',#5314);
#2711=VERTEX_POINT('',#5317);
#2712=VERTEX_POINT('',#5318);
#2713=VERTEX_POINT('',#5320);
#2714=VERTEX_POINT('',#5322);
#2715=VERTEX_POINT('',#5326);
#2716=VERTEX_POINT('',#5327);
#2717=VERTEX_POINT('',#5329);
#2718=VERTEX_POINT('',#5331);
#2719=VERTEX_POINT('',#5341);
#2720=VERTEX_POINT('',#5342);
#2721=VERTEX_POINT('',#5344);
#2722=VERTEX_POINT('',#5346);
#2723=VERTEX_POINT('',#5353);
#2724=VERTEX_POINT('',#5355);
#2725=VERTEX_POINT('',#5357);
#2726=VERTEX_POINT('',#5359);
#2727=VERTEX_POINT('',#5363);
#2728=VERTEX_POINT('',#5365);
#2729=VERTEX_POINT('',#5367);
#2730=VERTEX_POINT('',#5369);
#2731=VERTEX_POINT('',#5373);
#2732=VERTEX_POINT('',#5376);
#2733=VERTEX_POINT('',#5379);
#2734=VERTEX_POINT('',#5381);
#2735=VERTEX_POINT('',#5383);
#2736=VERTEX_POINT('',#5385);
#2737=VERTEX_POINT('',#5387);
#2738=VERTEX_POINT('',#5389);
#2739=VERTEX_POINT('',#5392);
#2740=VERTEX_POINT('',#5394);
#2741=VERTEX_POINT('',#5396);
#2742=VERTEX_POINT('',#5398);
#2743=VERTEX_POINT('',#5400);
#2744=VERTEX_POINT('',#5402);
#2745=VERTEX_POINT('',#5407);
#2746=VERTEX_POINT('',#5409);
#2747=VERTEX_POINT('',#5411);
#2748=VERTEX_POINT('',#5413);
#2749=VERTEX_POINT('',#5415);
#2750=VERTEX_POINT('',#5418);
#2751=VERTEX_POINT('',#5420);
#2752=VERTEX_POINT('',#5422);
#2753=VERTEX_POINT('',#5424);
#2754=VERTEX_POINT('',#5426);
#2755=VERTEX_POINT('',#5430);
#2756=VERTEX_POINT('',#5431);
#2757=VERTEX_POINT('',#5433);
#2758=VERTEX_POINT('',#5435);
#2759=VERTEX_POINT('',#5439);
#2760=VERTEX_POINT('',#5440);
#2761=VERTEX_POINT('',#5442);
#2762=VERTEX_POINT('',#5446);
#2763=VERTEX_POINT('',#5448);
#2764=VERTEX_POINT('',#5452);
#2765=VERTEX_POINT('',#5456);
#2766=VERTEX_POINT('',#5458);
#2767=VERTEX_POINT('',#5462);
#2768=VERTEX_POINT('',#5463);
#2769=VERTEX_POINT('',#5468);
#2770=VERTEX_POINT('',#5469);
#2771=VERTEX_POINT('',#5474);
#2772=VERTEX_POINT('',#5478);
#2773=VERTEX_POINT('',#5480);
#2774=VERTEX_POINT('',#5484);
#2775=VERTEX_POINT('',#5488);
#2776=VERTEX_POINT('',#5490);
#2777=VERTEX_POINT('',#5494);
#2778=VERTEX_POINT('',#5495);
#2779=VERTEX_POINT('',#5500);
#2780=VERTEX_POINT('',#5501);
#2781=VERTEX_POINT('',#5506);
#2782=VERTEX_POINT('',#5510);
#2783=VERTEX_POINT('',#5512);
#2784=VERTEX_POINT('',#5516);
#2785=VERTEX_POINT('',#5523);
#2786=VERTEX_POINT('',#5526);
#2787=VERTEX_POINT('',#5527);
#2788=VERTEX_POINT('',#5529);
#2789=VERTEX_POINT('',#5531);
#2790=VERTEX_POINT('',#5538);
#2791=VERTEX_POINT('',#5539);
#2792=VERTEX_POINT('',#5541);
#2793=VERTEX_POINT('',#5543);
#2794=VERTEX_POINT('',#5547);
#2795=VERTEX_POINT('',#5549);
#2796=VERTEX_POINT('',#5553);
#2797=VERTEX_POINT('',#5555);
#2798=VERTEX_POINT('',#5559);
#2799=VERTEX_POINT('',#5561);
#2800=VERTEX_POINT('',#5565);
#2801=VERTEX_POINT('',#5567);
#2802=VERTEX_POINT('',#5571);
#2803=VERTEX_POINT('',#5573);
#2804=VERTEX_POINT('',#5577);
#2805=VERTEX_POINT('',#5579);
#2806=VERTEX_POINT('',#5590);
#2807=VERTEX_POINT('',#5591);
#2808=VERTEX_POINT('',#5593);
#2809=VERTEX_POINT('',#5595);
#2810=VERTEX_POINT('',#5597);
#2811=VERTEX_POINT('',#5599);
#2812=VERTEX_POINT('',#5601);
#2813=VERTEX_POINT('',#5603);
#2814=VERTEX_POINT('',#5605);
#2815=VERTEX_POINT('',#5607);
#2816=VERTEX_POINT('',#5609);
#2817=VERTEX_POINT('',#5611);
#2818=VERTEX_POINT('',#5613);
#2819=VERTEX_POINT('',#5615);
#2820=VERTEX_POINT('',#5617);
#2821=VERTEX_POINT('',#5619);
#2822=VERTEX_POINT('',#5621);
#2823=VERTEX_POINT('',#5623);
#2824=VERTEX_POINT('',#5625);
#2825=VERTEX_POINT('',#5627);
#2826=VERTEX_POINT('',#5631);
#2827=VERTEX_POINT('',#5632);
#2828=VERTEX_POINT('',#5634);
#2829=VERTEX_POINT('',#5636);
#2830=VERTEX_POINT('',#5640);
#2831=VERTEX_POINT('',#5641);
#2832=VERTEX_POINT('',#5643);
#2833=VERTEX_POINT('',#5645);
#2834=VERTEX_POINT('',#5649);
#2835=VERTEX_POINT('',#5650);
#2836=VERTEX_POINT('',#5652);
#2837=VERTEX_POINT('',#5654);
#2838=VERTEX_POINT('',#5658);
#2839=VERTEX_POINT('',#5659);
#2840=VERTEX_POINT('',#5661);
#2841=VERTEX_POINT('',#5663);
#2842=VERTEX_POINT('',#5671);
#2843=VERTEX_POINT('',#5673);
#2844=VERTEX_POINT('',#5675);
#2845=VERTEX_POINT('',#5677);
#2846=VERTEX_POINT('',#5681);
#2847=VERTEX_POINT('',#5682);
#2848=VERTEX_POINT('',#5684);
#2849=VERTEX_POINT('',#5686);
#2850=VERTEX_POINT('',#5691);
#2851=VERTEX_POINT('',#5693);
#2852=VERTEX_POINT('',#5695);
#2853=VERTEX_POINT('',#5697);
#2854=VERTEX_POINT('',#5701);
#2855=VERTEX_POINT('',#5702);
#2856=VERTEX_POINT('',#5704);
#2857=VERTEX_POINT('',#5706);
#2858=VERTEX_POINT('',#5728);
#2859=VERTEX_POINT('',#5729);
#2860=VERTEX_POINT('',#5731);
#2861=VERTEX_POINT('',#5733);
#2862=VERTEX_POINT('',#5737);
#2863=VERTEX_POINT('',#5738);
#2864=VERTEX_POINT('',#5740);
#2865=VERTEX_POINT('',#5742);
#2866=VERTEX_POINT('',#5746);
#2867=VERTEX_POINT('',#5747);
#2868=VERTEX_POINT('',#5749);
#2869=VERTEX_POINT('',#5751);
#2870=VERTEX_POINT('',#5753);
#2871=VERTEX_POINT('',#5755);
#2872=VERTEX_POINT('',#5757);
#2873=VERTEX_POINT('',#5759);
#2874=VERTEX_POINT('',#5762);
#2875=VERTEX_POINT('',#5763);
#2876=VERTEX_POINT('',#5765);
#2877=VERTEX_POINT('',#5767);
#2878=VERTEX_POINT('',#5769);
#2879=VERTEX_POINT('',#5771);
#2880=VERTEX_POINT('',#5773);
#2881=VERTEX_POINT('',#5775);
#2882=VERTEX_POINT('',#5779);
#2883=VERTEX_POINT('',#5780);
#2884=VERTEX_POINT('',#5782);
#2885=VERTEX_POINT('',#5784);
#2886=VERTEX_POINT('',#5788);
#2887=VERTEX_POINT('',#5789);
#2888=VERTEX_POINT('',#5791);
#2889=VERTEX_POINT('',#5793);
#2890=VERTEX_POINT('',#5797);
#2891=VERTEX_POINT('',#5798);
#2892=VERTEX_POINT('',#5800);
#2893=VERTEX_POINT('',#5802);
#2894=VERTEX_POINT('',#5804);
#2895=VERTEX_POINT('',#5806);
#2896=VERTEX_POINT('',#5808);
#2897=VERTEX_POINT('',#5810);
#2898=VERTEX_POINT('',#5826);
#2899=VERTEX_POINT('',#5828);
#2900=VERTEX_POINT('',#5832);
#2901=VERTEX_POINT('',#5836);
#2902=VERTEX_POINT('',#5840);
#2903=VERTEX_POINT('',#5844);
#2904=VERTEX_POINT('',#5848);
#2905=VERTEX_POINT('',#5852);
#2906=VERTEX_POINT('',#5858);
#2907=VERTEX_POINT('',#5860);
#2908=VERTEX_POINT('',#5864);
#2909=VERTEX_POINT('',#5868);
#2910=VERTEX_POINT('',#5872);
#2911=VERTEX_POINT('',#5876);
#2912=VERTEX_POINT('',#5880);
#2913=VERTEX_POINT('',#5884);
#2914=VERTEX_POINT('',#5928);
#2915=VERTEX_POINT('',#5929);
#2916=VERTEX_POINT('',#5931);
#2917=VERTEX_POINT('',#5933);
#2918=VERTEX_POINT('',#5937);
#2919=VERTEX_POINT('',#5939);
#2920=VERTEX_POINT('',#5943);
#2921=VERTEX_POINT('',#5945);
#2922=VERTEX_POINT('',#5952);
#2923=VERTEX_POINT('',#5954);
#2924=VERTEX_POINT('',#5957);
#2925=VERTEX_POINT('',#5959);
#2926=VERTEX_POINT('',#5962);
#2927=VERTEX_POINT('',#5964);
#2928=VERTEX_POINT('',#5966);
#2929=VERTEX_POINT('',#5968);
#2930=VERTEX_POINT('',#5970);
#2931=VERTEX_POINT('',#5972);
#2932=VERTEX_POINT('',#5974);
#2933=VERTEX_POINT('',#5976);
#2934=VERTEX_POINT('',#5978);
#2935=VERTEX_POINT('',#5980);
#2936=VERTEX_POINT('',#5982);
#2937=VERTEX_POINT('',#5984);
#2938=VERTEX_POINT('',#5987);
#2939=VERTEX_POINT('',#5989);
#2940=VERTEX_POINT('',#5992);
#2941=VERTEX_POINT('',#5994);
#2942=VERTEX_POINT('',#5998);
#2943=VERTEX_POINT('',#5999);
#2944=VERTEX_POINT('',#6004);
#2945=VERTEX_POINT('',#6006);
#2946=VERTEX_POINT('',#6010);
#2947=VERTEX_POINT('',#6012);
#2948=VERTEX_POINT('',#6014);
#2949=VERTEX_POINT('',#6018);
#2950=VERTEX_POINT('',#6022);
#2951=VERTEX_POINT('',#6026);
#2952=VERTEX_POINT('',#6063);
#2953=VERTEX_POINT('',#6065);
#2954=VERTEX_POINT('',#6091);
#2955=VERTEX_POINT('',#6092);
#2956=VERTEX_POINT('',#6097);
#2957=VERTEX_POINT('',#6099);
#2958=VERTEX_POINT('',#6103);
#2959=VERTEX_POINT('',#6108);
#2960=VERTEX_POINT('',#6112);
#2961=VERTEX_POINT('',#6114);
#2962=VERTEX_POINT('',#6143);
#2963=VERTEX_POINT('',#6148);
#2964=VERTEX_POINT('',#6150);
#2965=VERTEX_POINT('',#6153);
#2966=VERTEX_POINT('',#6154);
#2967=VERTEX_POINT('',#6156);
#2968=VERTEX_POINT('',#6158);
#2969=VERTEX_POINT('',#6160);
#2970=VERTEX_POINT('',#6162);
#2971=VERTEX_POINT('',#6166);
#2972=VERTEX_POINT('',#6167);
#2973=VERTEX_POINT('',#6172);
#2974=VERTEX_POINT('',#6176);
#2975=VERTEX_POINT('',#6180);
#2976=VERTEX_POINT('',#6184);
#2977=VERTEX_POINT('',#6192);
#2978=VERTEX_POINT('',#6195);
#2979=VERTEX_POINT('',#6199);
#2980=VERTEX_POINT('',#6201);
#2981=VERTEX_POINT('',#6204);
#2982=VERTEX_POINT('',#6207);
#2983=EDGE_CURVE('',#2653,#2653,#3493,.T.);
#2984=EDGE_CURVE('',#2654,#2654,#3494,.T.);
#2985=EDGE_CURVE('',#2655,#2656,#1008,.T.);
#2986=EDGE_CURVE('',#2655,#2657,#3495,.T.);
#2987=EDGE_CURVE('',#2658,#2657,#1009,.T.);
#2988=EDGE_CURVE('',#2658,#2656,#3496,.T.);
#2989=EDGE_CURVE('',#2659,#2659,#3497,.T.);
#2990=EDGE_CURVE('',#2660,#2660,#3498,.T.);
#2991=EDGE_CURVE('',#2661,#2662,#228,.T.);
#2992=EDGE_CURVE('',#2663,#2661,#229,.T.);
#2993=EDGE_CURVE('',#2664,#2663,#230,.T.);
#2994=EDGE_CURVE('',#2665,#2664,#231,.T.);
#2995=EDGE_CURVE('',#2666,#2665,#232,.T.);
#2996=EDGE_CURVE('',#2662,#2666,#233,.T.);
#2997=EDGE_CURVE('',#2661,#2667,#234,.T.);
#2998=EDGE_CURVE('',#2667,#2668,#235,.T.);
#2999=EDGE_CURVE('',#2663,#2668,#236,.T.);
#3000=EDGE_CURVE('',#2668,#2669,#237,.T.);
#3001=EDGE_CURVE('',#2664,#2669,#238,.T.);
#3002=EDGE_CURVE('',#2669,#2670,#239,.T.);
#3003=EDGE_CURVE('',#2665,#2670,#240,.T.);
#3004=EDGE_CURVE('',#2670,#2671,#241,.T.);
#3005=EDGE_CURVE('',#2666,#2671,#242,.T.);
#3006=EDGE_CURVE('',#2671,#2672,#243,.T.);
#3007=EDGE_CURVE('',#2662,#2672,#244,.T.);
#3008=EDGE_CURVE('',#2672,#2667,#245,.T.);
#3009=EDGE_CURVE('',#2673,#2673,#3499,.T.);
#3010=EDGE_CURVE('',#2674,#2674,#3500,.T.);
#3011=EDGE_CURVE('',#2675,#2675,#3501,.T.);
#3012=EDGE_CURVE('',#2676,#2677,#246,.T.);
#3013=EDGE_CURVE('',#2678,#2676,#247,.T.);
#3014=EDGE_CURVE('',#2678,#2679,#248,.T.);
#3015=EDGE_CURVE('',#2677,#2679,#249,.T.);
#3016=EDGE_CURVE('',#2680,#2681,#250,.T.);
#3017=EDGE_CURVE('',#2680,#2682,#251,.T.);
#3018=EDGE_CURVE('',#2682,#2683,#252,.T.);
#3019=EDGE_CURVE('',#2683,#2681,#253,.T.);
#3020=EDGE_CURVE('',#2684,#2684,#3502,.T.);
#3021=EDGE_CURVE('',#2685,#2685,#3503,.T.);
#3022=EDGE_CURVE('',#2686,#2686,#3504,.T.);
#3023=EDGE_CURVE('',#2687,#2687,#1010,.T.);
#3024=EDGE_CURVE('',#2688,#2689,#3505,.T.);
#3025=EDGE_CURVE('',#2690,#2688,#254,.T.);
#3026=EDGE_CURVE('',#2691,#2690,#3506,.T.);
#3027=EDGE_CURVE('',#2689,#2691,#255,.T.);
#3028=EDGE_CURVE('',#2692,#2693,#3507,.T.);
#3029=EDGE_CURVE('',#2694,#2692,#256,.T.);
#3030=EDGE_CURVE('',#2695,#2694,#3508,.T.);
#3031=EDGE_CURVE('',#2693,#2695,#257,.T.);
#3032=EDGE_CURVE('',#2696,#2697,#258,.T.);
#3033=EDGE_CURVE('',#2698,#2696,#259,.T.);
#3034=EDGE_CURVE('',#2699,#2698,#260,.T.);
#3035=EDGE_CURVE('',#2699,#2697,#261,.T.);
#3036=EDGE_CURVE('',#2700,#2701,#262,.T.);
#3037=EDGE_CURVE('',#2700,#2702,#263,.T.);
#3038=EDGE_CURVE('',#2703,#2702,#264,.T.);
#3039=EDGE_CURVE('',#2701,#2703,#265,.T.);
#3040=EDGE_CURVE('',#2704,#2702,#266,.T.);
#3041=EDGE_CURVE('',#2704,#2705,#267,.T.);
#3042=EDGE_CURVE('',#2705,#2703,#268,.T.);
#3043=EDGE_CURVE('',#2706,#2707,#269,.T.);
#3044=EDGE_CURVE('',#2707,#2699,#270,.T.);
#3045=EDGE_CURVE('',#2706,#2698,#271,.T.);
#3046=EDGE_CURVE('',#2708,#2708,#3509,.T.);
#3047=EDGE_CURVE('',#2709,#2709,#3510,.T.);
#3048=EDGE_CURVE('',#2710,#2710,#3511,.T.);
#3049=EDGE_CURVE('',#2711,#2712,#3512,.T.);
#3050=EDGE_CURVE('',#2713,#2711,#272,.T.);
#3051=EDGE_CURVE('',#2714,#2713,#3513,.T.);
#3052=EDGE_CURVE('',#2712,#2714,#273,.T.);
#3053=EDGE_CURVE('',#2715,#2716,#3514,.T.);
#3054=EDGE_CURVE('',#2717,#2715,#274,.T.);
#3055=EDGE_CURVE('',#2718,#2717,#3515,.T.);
#3056=EDGE_CURVE('',#2716,#2718,#275,.T.);
#3057=EDGE_CURVE('',#2715,#2696,#276,.T.);
#3058=EDGE_CURVE('',#2697,#2717,#277,.T.);
#3059=EDGE_CURVE('',#2700,#2711,#278,.T.);
#3060=EDGE_CURVE('',#2713,#2701,#279,.T.);
#3061=EDGE_CURVE('',#2719,#2720,#280,.T.);
#3062=EDGE_CURVE('',#2721,#2719,#281,.T.);
#3063=EDGE_CURVE('',#2722,#2721,#282,.T.);
#3064=EDGE_CURVE('',#2720,#2722,#283,.T.);
#3065=EDGE_CURVE('',#2707,#2704,#284,.T.);
#3066=EDGE_CURVE('',#2706,#2705,#285,.T.);
#3067=EDGE_CURVE('',#2723,#2679,#286,.T.);
#3068=EDGE_CURVE('',#2723,#2724,#287,.T.);
#3069=EDGE_CURVE('',#2725,#2724,#288,.T.);
#3070=EDGE_CURVE('',#2725,#2726,#289,.T.);
#3071=EDGE_CURVE('',#2677,#2726,#290,.T.);
#3072=EDGE_CURVE('',#2683,#2727,#291,.T.);
#3073=EDGE_CURVE('',#2728,#2727,#292,.T.);
#3074=EDGE_CURVE('',#2728,#2729,#293,.T.);
#3075=EDGE_CURVE('',#2730,#2729,#294,.T.);
#3076=EDGE_CURVE('',#2730,#2681,#295,.T.);
#3077=EDGE_CURVE('',#2695,#2731,#296,.T.);
#3078=EDGE_CURVE('',#2691,#2694,#297,.T.);
#3079=EDGE_CURVE('',#2690,#2732,#298,.T.);
#3080=EDGE_CURVE('',#2680,#2732,#299,.T.);
#3081=EDGE_CURVE('',#2730,#2733,#300,.T.);
#3082=EDGE_CURVE('',#2734,#2733,#3516,.T.);
#3083=EDGE_CURVE('',#2734,#2735,#301,.T.);
#3084=EDGE_CURVE('',#2735,#2736,#3517,.T.);
#3085=EDGE_CURVE('',#2736,#2737,#302,.T.);
#3086=EDGE_CURVE('',#2738,#2737,#3518,.T.);
#3087=EDGE_CURVE('',#2738,#2720,#303,.T.);
#3088=EDGE_CURVE('',#2722,#2739,#304,.T.);
#3089=EDGE_CURVE('',#2739,#2740,#3519,.T.);
#3090=EDGE_CURVE('',#2741,#2740,#305,.T.);
#3091=EDGE_CURVE('',#2742,#2741,#3520,.T.);
#3092=EDGE_CURVE('',#2743,#2742,#306,.T.);
#3093=EDGE_CURVE('',#2743,#2744,#3521,.T.);
#3094=EDGE_CURVE('',#2723,#2744,#307,.T.);
#3095=EDGE_CURVE('',#2678,#2731,#308,.T.);
#3096=EDGE_CURVE('',#2719,#2745,#309,.T.);
#3097=EDGE_CURVE('',#2745,#2746,#310,.T.);
#3098=EDGE_CURVE('',#2746,#2747,#3522,.T.);
#3099=EDGE_CURVE('',#2748,#2747,#311,.T.);
#3100=EDGE_CURVE('',#2748,#2749,#3523,.T.);
#3101=EDGE_CURVE('',#2718,#2749,#312,.T.);
#3102=EDGE_CURVE('',#2712,#2750,#313,.T.);
#3103=EDGE_CURVE('',#2751,#2750,#3524,.T.);
#3104=EDGE_CURVE('',#2751,#2752,#314,.T.);
#3105=EDGE_CURVE('',#2753,#2752,#3525,.T.);
#3106=EDGE_CURVE('',#2753,#2754,#315,.T.);
#3107=EDGE_CURVE('',#2754,#2721,#316,.T.);
#3108=EDGE_CURVE('',#2755,#2756,#317,.T.);
#3109=EDGE_CURVE('',#2756,#2757,#318,.T.);
#3110=EDGE_CURVE('',#2757,#2758,#319,.T.);
#3111=EDGE_CURVE('',#2755,#2758,#320,.T.);
#3112=EDGE_CURVE('',#2759,#2760,#3526,.T.);
#3113=EDGE_CURVE('',#2759,#2761,#3527,.T.);
#3114=EDGE_CURVE('',#2760,#2761,#3528,.T.);
#3115=EDGE_CURVE('',#2762,#2759,#321,.T.);
#3116=EDGE_CURVE('',#2762,#2763,#3529,.T.);
#3117=EDGE_CURVE('',#2761,#2763,#322,.T.);
#3118=EDGE_CURVE('',#2764,#2762,#3530,.T.);
#3119=EDGE_CURVE('',#2764,#2763,#3531,.T.);
#3120=EDGE_CURVE('',#2765,#2764,#323,.T.);
#3121=EDGE_CURVE('',#2765,#2766,#3532,.T.);
#3122=EDGE_CURVE('',#2763,#2766,#324,.T.);
#3123=EDGE_CURVE('',#2767,#2768,#3533,.T.);
#3124=EDGE_CURVE('',#2766,#2768,#3534,.T.);
#3125=EDGE_CURVE('',#2767,#2765,#3535,.T.);
#3126=EDGE_CURVE('',#2769,#2770,#3536,.T.);
#3127=EDGE_CURVE('',#2768,#2770,#325,.T.);
#3128=EDGE_CURVE('',#2769,#2767,#326,.T.);
#3129=EDGE_CURVE('',#2771,#2769,#3537,.T.);
#3130=EDGE_CURVE('',#2771,#2770,#3538,.T.);
#3131=EDGE_CURVE('',#2772,#2771,#327,.T.);
#3132=EDGE_CURVE('',#2772,#2773,#3539,.T.);
#3133=EDGE_CURVE('',#2770,#2773,#328,.T.);
#3134=EDGE_CURVE('',#2774,#2772,#3540,.T.);
#3135=EDGE_CURVE('',#2774,#2773,#3541,.T.);
#3136=EDGE_CURVE('',#2775,#2774,#329,.T.);
#3137=EDGE_CURVE('',#2775,#2776,#3542,.T.);
#3138=EDGE_CURVE('',#2773,#2776,#330,.T.);
#3139=EDGE_CURVE('',#2777,#2778,#3543,.T.);
#3140=EDGE_CURVE('',#2776,#2778,#3544,.T.);
#3141=EDGE_CURVE('',#2777,#2775,#3545,.T.);
#3142=EDGE_CURVE('',#2779,#2780,#3546,.T.);
#3143=EDGE_CURVE('',#2778,#2780,#331,.T.);
#3144=EDGE_CURVE('',#2779,#2777,#332,.T.);
#3145=EDGE_CURVE('',#2781,#2779,#3547,.T.);
#3146=EDGE_CURVE('',#2781,#2780,#3548,.T.);
#3147=EDGE_CURVE('',#2782,#2781,#333,.T.);
#3148=EDGE_CURVE('',#2782,#2783,#3549,.T.);
#3149=EDGE_CURVE('',#2780,#2783,#334,.T.);
#3150=EDGE_CURVE('',#2784,#2782,#3550,.T.);
#3151=EDGE_CURVE('',#2784,#2783,#3551,.T.);
#3152=EDGE_CURVE('',#2760,#2784,#335,.T.);
#3153=EDGE_CURVE('',#2783,#2761,#336,.T.);
#3154=EDGE_CURVE('',#2785,#2785,#3552,.T.);
#3155=EDGE_CURVE('',#2786,#2787,#337,.T.);
#3156=EDGE_CURVE('',#2788,#2786,#338,.T.);
#3157=EDGE_CURVE('',#2788,#2789,#339,.T.);
#3158=EDGE_CURVE('',#2787,#2789,#340,.T.);
#3159=EDGE_CURVE('',#2787,#2755,#341,.T.);
#3160=EDGE_CURVE('',#2756,#2789,#342,.T.);
#3161=EDGE_CURVE('',#2790,#2791,#343,.T.);
#3162=EDGE_CURVE('',#2790,#2792,#344,.T.);
#3163=EDGE_CURVE('',#2792,#2793,#345,.T.);
#3164=EDGE_CURVE('',#2791,#2793,#346,.T.);
#3165=EDGE_CURVE('',#2794,#2790,#3553,.T.);
#3166=EDGE_CURVE('',#2794,#2795,#347,.T.);
#3167=EDGE_CURVE('',#2795,#2792,#3554,.T.);
#3168=EDGE_CURVE('',#2796,#2794,#348,.T.);
#3169=EDGE_CURVE('',#2796,#2797,#349,.T.);
#3170=EDGE_CURVE('',#2797,#2795,#350,.T.);
#3171=EDGE_CURVE('',#2798,#2796,#351,.T.);
#3172=EDGE_CURVE('',#2798,#2799,#352,.T.);
#3173=EDGE_CURVE('',#2799,#2797,#353,.T.);
#3174=EDGE_CURVE('',#2800,#2798,#354,.T.);
#3175=EDGE_CURVE('',#2800,#2801,#355,.T.);
#3176=EDGE_CURVE('',#2801,#2799,#356,.T.);
#3177=EDGE_CURVE('',#2802,#2800,#3555,.T.);
#3178=EDGE_CURVE('',#2802,#2803,#357,.T.);
#3179=EDGE_CURVE('',#2803,#2801,#3556,.T.);
#3180=EDGE_CURVE('',#2804,#2802,#358,.T.);
#3181=EDGE_CURVE('',#2804,#2805,#359,.T.);
#3182=EDGE_CURVE('',#2805,#2803,#360,.T.);
#3183=EDGE_CURVE('',#2758,#2805,#361,.T.);
#3184=EDGE_CURVE('',#2786,#2804,#362,.T.);
#3185=EDGE_CURVE('',#2791,#2788,#363,.T.);
#3186=EDGE_CURVE('',#2793,#2757,#364,.T.);
#3187=EDGE_CURVE('',#2806,#2807,#365,.T.);
#3188=EDGE_CURVE('',#2806,#2808,#366,.T.);
#3189=EDGE_CURVE('',#2809,#2808,#367,.T.);
#3190=EDGE_CURVE('',#2809,#2810,#3557,.T.);
#3191=EDGE_CURVE('',#2810,#2811,#368,.T.);
#3192=EDGE_CURVE('',#2812,#2811,#3558,.T.);
#3193=EDGE_CURVE('',#2813,#2812,#369,.T.);
#3194=EDGE_CURVE('',#2813,#2814,#3559,.T.);
#3195=EDGE_CURVE('',#2815,#2814,#370,.T.);
#3196=EDGE_CURVE('',#2816,#2815,#3560,.T.);
#3197=EDGE_CURVE('',#2816,#2817,#371,.T.);
#3198=EDGE_CURVE('',#2817,#2818,#3561,.T.);
#3199=EDGE_CURVE('',#2818,#2819,#372,.T.);
#3200=EDGE_CURVE('',#2820,#2819,#3562,.T.);
#3201=EDGE_CURVE('',#2820,#2821,#373,.T.);
#3202=EDGE_CURVE('',#2821,#2822,#3563,.T.);
#3203=EDGE_CURVE('',#2823,#2822,#374,.T.);
#3204=EDGE_CURVE('',#2824,#2823,#3564,.T.);
#3205=EDGE_CURVE('',#2825,#2824,#375,.T.);
#3206=EDGE_CURVE('',#2825,#2807,#376,.T.);
#3207=EDGE_CURVE('',#2826,#2827,#377,.T.);
#3208=EDGE_CURVE('',#2826,#2828,#3565,.T.);
#3209=EDGE_CURVE('',#2829,#2828,#378,.T.);
#3210=EDGE_CURVE('',#2827,#2829,#3566,.T.);
#3211=EDGE_CURVE('',#2830,#2831,#379,.T.);
#3212=EDGE_CURVE('',#2830,#2832,#3567,.T.);
#3213=EDGE_CURVE('',#2833,#2832,#380,.T.);
#3214=EDGE_CURVE('',#2833,#2831,#3568,.T.);
#3215=EDGE_CURVE('',#2834,#2835,#381,.T.);
#3216=EDGE_CURVE('',#2834,#2836,#3569,.T.);
#3217=EDGE_CURVE('',#2837,#2836,#382,.T.);
#3218=EDGE_CURVE('',#2837,#2835,#3570,.T.);
#3219=EDGE_CURVE('',#2838,#2839,#383,.T.);
#3220=EDGE_CURVE('',#2838,#2840,#3571,.T.);
#3221=EDGE_CURVE('',#2841,#2840,#384,.T.);
#3222=EDGE_CURVE('',#2839,#2841,#3572,.T.);
#3223=EDGE_CURVE('',#2840,#2834,#385,.T.);
#3224=EDGE_CURVE('',#2841,#2835,#386,.T.);
#3225=EDGE_CURVE('',#2836,#2826,#387,.T.);
#3226=EDGE_CURVE('',#2842,#2827,#388,.T.);
#3227=EDGE_CURVE('',#2842,#2843,#389,.T.);
#3228=EDGE_CURVE('',#2844,#2843,#390,.T.);
#3229=EDGE_CURVE('',#2844,#2845,#391,.T.);
#3230=EDGE_CURVE('',#2837,#2845,#392,.T.);
#3231=EDGE_CURVE('',#2846,#2847,#393,.T.);
#3232=EDGE_CURVE('',#2847,#2848,#394,.T.);
#3233=EDGE_CURVE('',#2848,#2849,#395,.T.);
#3234=EDGE_CURVE('',#2849,#2846,#396,.T.);
#3235=EDGE_CURVE('',#2832,#2838,#397,.T.);
#3236=EDGE_CURVE('',#2839,#2850,#398,.T.);
#3237=EDGE_CURVE('',#2850,#2851,#399,.T.);
#3238=EDGE_CURVE('',#2852,#2851,#400,.T.);
#3239=EDGE_CURVE('',#2852,#2853,#401,.T.);
#3240=EDGE_CURVE('',#2853,#2833,#402,.T.);
#3241=EDGE_CURVE('',#2854,#2855,#403,.T.);
#3242=EDGE_CURVE('',#2854,#2856,#404,.T.);
#3243=EDGE_CURVE('',#2857,#2856,#405,.T.);
#3244=EDGE_CURVE('',#2857,#2855,#406,.T.);
#3245=EDGE_CURVE('',#2854,#2845,#3573,.T.);
#3246=EDGE_CURVE('',#2856,#2844,#3574,.T.);
#3247=EDGE_CURVE('',#2855,#2850,#3575,.T.);
#3248=EDGE_CURVE('',#2851,#2857,#3576,.T.);
#3249=EDGE_CURVE('',#2847,#2853,#3577,.T.);
#3250=EDGE_CURVE('',#2848,#2852,#3578,.T.);
#3251=EDGE_CURVE('',#2846,#2842,#3579,.T.);
#3252=EDGE_CURVE('',#2843,#2849,#3580,.T.);
#3253=EDGE_CURVE('',#2831,#2829,#407,.T.);
#3254=EDGE_CURVE('',#2830,#2828,#408,.T.);
#3255=EDGE_CURVE('',#2858,#2859,#409,.T.);
#3256=EDGE_CURVE('',#2859,#2860,#410,.T.);
#3257=EDGE_CURVE('',#2860,#2861,#411,.T.);
#3258=EDGE_CURVE('',#2858,#2861,#412,.T.);
#3259=EDGE_CURVE('',#2862,#2863,#413,.T.);
#3260=EDGE_CURVE('',#2863,#2864,#414,.T.);
#3261=EDGE_CURVE('',#2864,#2865,#415,.T.);
#3262=EDGE_CURVE('',#2862,#2865,#416,.T.);
#3263=EDGE_CURVE('',#2866,#2867,#3581,.T.);
#3264=EDGE_CURVE('',#2867,#2868,#417,.T.);
#3265=EDGE_CURVE('',#2868,#2869,#3582,.T.);
#3266=EDGE_CURVE('',#2869,#2870,#418,.T.);
#3267=EDGE_CURVE('',#2870,#2871,#3583,.T.);
#3268=EDGE_CURVE('',#2871,#2872,#419,.T.);
#3269=EDGE_CURVE('',#2872,#2873,#3584,.T.);
#3270=EDGE_CURVE('',#2873,#2866,#420,.T.);
#3271=EDGE_CURVE('',#2874,#2875,#3585,.T.);
#3272=EDGE_CURVE('',#2875,#2876,#421,.T.);
#3273=EDGE_CURVE('',#2876,#2877,#3586,.T.);
#3274=EDGE_CURVE('',#2877,#2878,#422,.T.);
#3275=EDGE_CURVE('',#2878,#2879,#3587,.T.);
#3276=EDGE_CURVE('',#2879,#2880,#423,.T.);
#3277=EDGE_CURVE('',#2880,#2881,#3588,.T.);
#3278=EDGE_CURVE('',#2881,#2874,#424,.T.);
#3279=EDGE_CURVE('',#2882,#2883,#425,.T.);
#3280=EDGE_CURVE('',#2883,#2884,#426,.T.);
#3281=EDGE_CURVE('',#2884,#2885,#427,.T.);
#3282=EDGE_CURVE('',#2885,#2882,#428,.T.);
#3283=EDGE_CURVE('',#2886,#2887,#429,.T.);
#3284=EDGE_CURVE('',#2887,#2888,#430,.T.);
#3285=EDGE_CURVE('',#2888,#2889,#431,.T.);
#3286=EDGE_CURVE('',#2886,#2889,#432,.T.);
#3287=EDGE_CURVE('',#2890,#2891,#433,.T.);
#3288=EDGE_CURVE('',#2890,#2892,#3589,.T.);
#3289=EDGE_CURVE('',#2892,#2893,#434,.T.);
#3290=EDGE_CURVE('',#2893,#2894,#3590,.T.);
#3291=EDGE_CURVE('',#2894,#2895,#435,.T.);
#3292=EDGE_CURVE('',#2895,#2896,#3591,.T.);
#3293=EDGE_CURVE('',#2896,#2897,#436,.T.);
#3294=EDGE_CURVE('',#2897,#2891,#3592,.T.);
#3295=EDGE_CURVE('',#2884,#2887,#3593,.T.);
#3296=EDGE_CURVE('',#2885,#2886,#3594,.T.);
#3297=EDGE_CURVE('',#2888,#2859,#3595,.T.);
#3298=EDGE_CURVE('',#2889,#2858,#3596,.T.);
#3299=EDGE_CURVE('',#2860,#2863,#3597,.T.);
#3300=EDGE_CURVE('',#2861,#2862,#3598,.T.);
#3301=EDGE_CURVE('',#2864,#2883,#3599,.T.);
#3302=EDGE_CURVE('',#2865,#2882,#3600,.T.);
#3303=EDGE_CURVE('',#2898,#2888,#437,.T.);
#3304=EDGE_CURVE('',#2898,#2899,#3601,.T.);
#3305=EDGE_CURVE('',#2859,#2899,#438,.T.);
#3306=EDGE_CURVE('',#2900,#2887,#439,.T.);
#3307=EDGE_CURVE('',#2900,#2898,#440,.T.);
#3308=EDGE_CURVE('',#2899,#2901,#441,.T.);
#3309=EDGE_CURVE('',#2860,#2901,#442,.T.);
#3310=EDGE_CURVE('',#2902,#2884,#443,.T.);
#3311=EDGE_CURVE('',#2902,#2900,#3602,.T.);
#3312=EDGE_CURVE('',#2901,#2903,#3603,.T.);
#3313=EDGE_CURVE('',#2863,#2903,#444,.T.);
#3314=EDGE_CURVE('',#2904,#2883,#445,.T.);
#3315=EDGE_CURVE('',#2904,#2902,#446,.T.);
#3316=EDGE_CURVE('',#2903,#2905,#447,.T.);
#3317=EDGE_CURVE('',#2864,#2905,#448,.T.);
#3318=EDGE_CURVE('',#2905,#2904,#3604,.T.);
#3319=EDGE_CURVE('',#2906,#2890,#449,.T.);
#3320=EDGE_CURVE('',#2906,#2907,#3605,.T.);
#3321=EDGE_CURVE('',#2892,#2907,#450,.T.);
#3322=EDGE_CURVE('',#2908,#2891,#451,.T.);
#3323=EDGE_CURVE('',#2908,#2906,#452,.T.);
#3324=EDGE_CURVE('',#2907,#2909,#453,.T.);
#3325=EDGE_CURVE('',#2893,#2909,#454,.T.);
#3326=EDGE_CURVE('',#2910,#2897,#455,.T.);
#3327=EDGE_CURVE('',#2910,#2908,#3606,.T.);
#3328=EDGE_CURVE('',#2909,#2911,#3607,.T.);
#3329=EDGE_CURVE('',#2894,#2911,#456,.T.);
#3330=EDGE_CURVE('',#2912,#2896,#457,.T.);
#3331=EDGE_CURVE('',#2912,#2910,#458,.T.);
#3332=EDGE_CURVE('',#2911,#2913,#459,.T.);
#3333=EDGE_CURVE('',#2895,#2913,#460,.T.);
#3334=EDGE_CURVE('',#2913,#2912,#3608,.T.);
#3335=EDGE_CURVE('',#2913,#2871,#3609,.T.);
#3336=EDGE_CURVE('',#2872,#2911,#3610,.T.);
#3337=EDGE_CURVE('',#2873,#2909,#3611,.T.);
#3338=EDGE_CURVE('',#2912,#2870,#3612,.T.);
#3339=EDGE_CURVE('',#2866,#2907,#3613,.T.);
#3340=EDGE_CURVE('',#2910,#2869,#3614,.T.);
#3341=EDGE_CURVE('',#2867,#2906,#3615,.T.);
#3342=EDGE_CURVE('',#2908,#2868,#3616,.T.);
#3343=EDGE_CURVE('',#2905,#2879,#3617,.T.);
#3344=EDGE_CURVE('',#2880,#2903,#3618,.T.);
#3345=EDGE_CURVE('',#2881,#2901,#3619,.T.);
#3346=EDGE_CURVE('',#2904,#2878,#3620,.T.);
#3347=EDGE_CURVE('',#2874,#2899,#3621,.T.);
#3348=EDGE_CURVE('',#2902,#2877,#3622,.T.);
#3349=EDGE_CURVE('',#2875,#2898,#3623,.T.);
#3350=EDGE_CURVE('',#2900,#2876,#3624,.T.);
#3351=EDGE_CURVE('',#2720,#2808,#461,.T.);
#3352=EDGE_CURVE('',#2745,#2806,#462,.T.);
#3353=EDGE_CURVE('',#2825,#2722,#463,.T.);
#3354=EDGE_CURVE('',#2807,#2754,#464,.T.);
#3355=EDGE_CURVE('',#2914,#2915,#465,.T.);
#3356=EDGE_CURVE('',#2915,#2916,#466,.T.);
#3357=EDGE_CURVE('',#2917,#2916,#467,.T.);
#3358=EDGE_CURVE('',#2917,#2914,#468,.T.);
#3359=EDGE_CURVE('',#2918,#2914,#469,.T.);
#3360=EDGE_CURVE('',#2917,#2919,#470,.T.);
#3361=EDGE_CURVE('',#2918,#2919,#471,.T.);
#3362=EDGE_CURVE('',#2920,#2918,#472,.T.);
#3363=EDGE_CURVE('',#2919,#2921,#473,.T.);
#3364=EDGE_CURVE('',#2921,#2920,#474,.T.);
#3365=EDGE_CURVE('',#2915,#2920,#475,.T.);
#3366=EDGE_CURVE('',#2921,#2916,#476,.T.);
#3367=EDGE_CURVE('',#2922,#2692,#477,.T.);
#3368=EDGE_CURVE('',#2693,#2923,#478,.T.);
#3369=EDGE_CURVE('',#2922,#2923,#3625,.T.);
#3370=EDGE_CURVE('',#2688,#2924,#479,.T.);
#3371=EDGE_CURVE('',#2689,#2925,#480,.T.);
#3372=EDGE_CURVE('',#2925,#2924,#3626,.T.);
#3373=EDGE_CURVE('',#2926,#2682,#481,.T.);
#3374=EDGE_CURVE('',#2926,#2927,#3627,.T.);
#3375=EDGE_CURVE('',#2927,#2928,#482,.T.);
#3376=EDGE_CURVE('',#2928,#2929,#3628,.T.);
#3377=EDGE_CURVE('',#2930,#2929,#483,.T.);
#3378=EDGE_CURVE('',#2930,#2931,#3629,.T.);
#3379=EDGE_CURVE('',#2932,#2931,#484,.T.);
#3380=EDGE_CURVE('',#2933,#2932,#3630,.T.);
#3381=EDGE_CURVE('',#2933,#2934,#485,.T.);
#3382=EDGE_CURVE('',#2935,#2934,#3631,.T.);
#3383=EDGE_CURVE('',#2935,#2936,#486,.T.);
#3384=EDGE_CURVE('',#2936,#2937,#3632,.T.);
#3385=EDGE_CURVE('',#2937,#2676,#487,.T.);
#3386=EDGE_CURVE('',#2726,#2938,#488,.T.);
#3387=EDGE_CURVE('',#2938,#2939,#3633,.T.);
#3388=EDGE_CURVE('',#2714,#2939,#489,.T.);
#3389=EDGE_CURVE('',#2716,#2940,#490,.T.);
#3390=EDGE_CURVE('',#2940,#2941,#3634,.T.);
#3391=EDGE_CURVE('',#2727,#2941,#491,.T.);
#3392=EDGE_CURVE('',#2942,#2943,#3635,.T.);
#3393=EDGE_CURVE('',#2937,#2942,#492,.T.);
#3394=EDGE_CURVE('',#2943,#2936,#493,.T.);
#3395=EDGE_CURVE('',#2944,#2935,#494,.T.);
#3396=EDGE_CURVE('',#2945,#2944,#495,.T.);
#3397=EDGE_CURVE('',#2936,#2945,#496,.T.);
#3398=EDGE_CURVE('',#2942,#2946,#497,.T.);
#3399=EDGE_CURVE('',#2947,#2946,#498,.T.);
#3400=EDGE_CURVE('',#2947,#2948,#499,.T.);
#3401=EDGE_CURVE('',#2948,#2731,#500,.T.);
#3402=EDGE_CURVE('',#2949,#2943,#501,.T.);
#3403=EDGE_CURVE('',#2949,#2945,#502,.T.);
#3404=EDGE_CURVE('',#2944,#2950,#503,.T.);
#3405=EDGE_CURVE('',#2949,#2950,#504,.T.);
#3406=EDGE_CURVE('',#2951,#2935,#505,.T.);
#3407=EDGE_CURVE('',#2951,#2950,#506,.T.);
#3408=EDGE_CURVE('',#2934,#2946,#507,.T.);
#3409=EDGE_CURVE('',#2946,#2951,#3636,.T.);
#3410=EDGE_CURVE('',#2932,#2658,#508,.T.);
#3411=EDGE_CURVE('',#2657,#2784,#509,.T.);
#3412=EDGE_CURVE('',#2782,#2933,#510,.T.);
#3413=EDGE_CURVE('',#2781,#2938,#511,.T.);
#3414=EDGE_CURVE('',#2725,#2947,#512,.T.);
#3415=EDGE_CURVE('',#2939,#2779,#513,.T.);
#3416=EDGE_CURVE('',#2777,#2750,#514,.T.);
#3417=EDGE_CURVE('',#2751,#2775,#515,.T.);
#3418=EDGE_CURVE('',#2774,#2752,#516,.T.);
#3419=EDGE_CURVE('',#2772,#2753,#517,.T.);
#3420=EDGE_CURVE('',#2817,#2922,#518,.T.);
#3421=EDGE_CURVE('',#2923,#2818,#519,.T.);
#3422=EDGE_CURVE('',#2739,#2824,#520,.T.);
#3423=EDGE_CURVE('',#2924,#2815,#521,.T.);
#3424=EDGE_CURVE('',#2816,#2925,#522,.T.);
#3425=EDGE_CURVE('',#2655,#2760,#523,.T.);
#3426=EDGE_CURVE('',#2931,#2656,#524,.T.);
#3427=EDGE_CURVE('',#2759,#2930,#525,.T.);
#3428=EDGE_CURVE('',#2929,#2952,#526,.T.);
#3429=EDGE_CURVE('',#2953,#2952,#527,.T.);
#3430=EDGE_CURVE('',#2728,#2953,#528,.T.);
#3431=EDGE_CURVE('',#2941,#2762,#529,.T.);
#3432=EDGE_CURVE('',#2764,#2940,#530,.T.);
#3433=EDGE_CURVE('',#2749,#2765,#531,.T.);
#3434=EDGE_CURVE('',#2767,#2748,#532,.T.);
#3435=EDGE_CURVE('',#2747,#2769,#533,.T.);
#3436=EDGE_CURVE('',#2771,#2746,#534,.T.);
#3437=EDGE_CURVE('',#2738,#2809,#535,.T.);
#3438=EDGE_CURVE('',#2810,#2737,#536,.T.);
#3439=EDGE_CURVE('',#2736,#2811,#537,.T.);
#3440=EDGE_CURVE('',#2812,#2735,#538,.T.);
#3441=EDGE_CURVE('',#2734,#2813,#539,.T.);
#3442=EDGE_CURVE('',#2814,#2733,#540,.T.);
#3443=EDGE_CURVE('',#2954,#2955,#3637,.T.);
#3444=EDGE_CURVE('',#2927,#2954,#541,.T.);
#3445=EDGE_CURVE('',#2955,#2926,#542,.T.);
#3446=EDGE_CURVE('',#2928,#2956,#543,.T.);
#3447=EDGE_CURVE('',#2957,#2927,#544,.T.);
#3448=EDGE_CURVE('',#2956,#2957,#545,.T.);
#3449=EDGE_CURVE('',#2958,#2928,#546,.T.);
#3450=EDGE_CURVE('',#2952,#2958,#3638,.T.);
#3451=EDGE_CURVE('',#2955,#2952,#547,.T.);
#3452=EDGE_CURVE('',#2959,#2732,#548,.T.);
#3453=EDGE_CURVE('',#2953,#2959,#549,.T.);
#3454=EDGE_CURVE('',#2958,#2960,#550,.T.);
#3455=EDGE_CURVE('',#2961,#2960,#551,.T.);
#3456=EDGE_CURVE('',#2961,#2954,#552,.T.);
#3457=EDGE_CURVE('',#2957,#2961,#553,.T.);
#3458=EDGE_CURVE('',#2960,#2956,#554,.T.);
#3459=EDGE_CURVE('',#2729,#2959,#555,.T.);
#3460=EDGE_CURVE('',#2724,#2948,#556,.T.);
#3461=EDGE_CURVE('',#2742,#2821,#557,.T.);
#3462=EDGE_CURVE('',#2822,#2741,#558,.T.);
#3463=EDGE_CURVE('',#2820,#2743,#559,.T.);
#3464=EDGE_CURVE('',#2819,#2744,#560,.T.);
#3465=EDGE_CURVE('',#2740,#2823,#561,.T.);
#3466=EDGE_CURVE('',#2962,#2962,#3639,.T.);
#3467=EDGE_CURVE('',#2963,#2963,#3640,.T.);
#3468=EDGE_CURVE('',#2964,#2964,#3641,.T.);
#3469=EDGE_CURVE('',#2965,#2966,#562,.T.);
#3470=EDGE_CURVE('',#2967,#2965,#563,.T.);
#3471=EDGE_CURVE('',#2968,#2967,#564,.T.);
#3472=EDGE_CURVE('',#2969,#2968,#565,.T.);
#3473=EDGE_CURVE('',#2970,#2969,#566,.T.);
#3474=EDGE_CURVE('',#2966,#2970,#567,.T.);
#3475=EDGE_CURVE('',#2971,#2972,#568,.T.);
#3476=EDGE_CURVE('',#2972,#2966,#569,.T.);
#3477=EDGE_CURVE('',#2971,#2970,#570,.T.);
#3478=EDGE_CURVE('',#2973,#2971,#571,.T.);
#3479=EDGE_CURVE('',#2973,#2969,#572,.T.);
#3480=EDGE_CURVE('',#2974,#2973,#573,.T.);
#3481=EDGE_CURVE('',#2974,#2968,#574,.T.);
#3482=EDGE_CURVE('',#2975,#2974,#575,.T.);
#3483=EDGE_CURVE('',#2975,#2967,#576,.T.);
#3484=EDGE_CURVE('',#2976,#2975,#577,.T.);
#3485=EDGE_CURVE('',#2976,#2965,#578,.T.);
#3486=EDGE_CURVE('',#2972,#2976,#579,.T.);
#3487=EDGE_CURVE('',#2977,#2977,#3642,.T.);
#3488=EDGE_CURVE('',#2978,#2978,#3643,.T.);
#3489=EDGE_CURVE('',#2979,#2979,#3644,.T.);
#3490=EDGE_CURVE('',#2980,#2980,#3645,.T.);
#3491=EDGE_CURVE('',#2981,#2981,#3646,.T.);
#3492=EDGE_CURVE('',#2982,#2982,#3647,.T.);
#3493=CIRCLE('',#3649,1.35);
#3494=CIRCLE('',#3650,2.1);
#3495=CIRCLE('',#3652,3.);
#3496=CIRCLE('',#3653,3.);
#3497=CIRCLE('',#3654,3.);
#3498=CIRCLE('',#3656,2.);
#3499=CIRCLE('',#3665,1.35);
#3500=CIRCLE('',#3668,2.1);
#3501=CIRCLE('',#3670,1.1);
#3502=CIRCLE('',#3674,1.1);
#3503=CIRCLE('',#3675,1.25);
#3504=CIRCLE('',#3677,1.25);
#3505=CIRCLE('',#3679,0.2);
#3506=CIRCLE('',#3680,0.2);
#3507=CIRCLE('',#3682,0.2);
#3508=CIRCLE('',#3683,0.2);
#3509=CIRCLE('',#3689,0.5);
#3510=CIRCLE('',#3690,0.5);
#3511=CIRCLE('',#3693,1.1);
#3512=CIRCLE('',#3695,0.1);
#3513=CIRCLE('',#3696,0.1);
#3514=CIRCLE('',#3698,0.1);
#3515=CIRCLE('',#3699,0.1);
#3516=CIRCLE('',#3707,0.1);
#3517=CIRCLE('',#3708,0.4);
#3518=CIRCLE('',#3709,0.1);
#3519=CIRCLE('',#3710,0.1);
#3520=CIRCLE('',#3711,0.4);
#3521=CIRCLE('',#3712,0.1);
#3522=CIRCLE('',#3714,0.4);
#3523=CIRCLE('',#3715,0.1);
#3524=CIRCLE('',#3716,0.1);
#3525=CIRCLE('',#3717,0.4);
#3526=CIRCLE('',#3720,0.4);
#3527=CIRCLE('',#3721,0.4);
#3528=CIRCLE('',#3722,0.4);
#3529=CIRCLE('',#3724,0.4);
#3530=CIRCLE('',#3726,0.4);
#3531=CIRCLE('',#3727,0.4);
#3532=CIRCLE('',#3729,0.4);
#3533=CIRCLE('',#3731,0.4);
#3534=CIRCLE('',#3732,0.5);
#3535=CIRCLE('',#3733,0.1);
#3536=CIRCLE('',#3735,0.4);
#3537=CIRCLE('',#3737,0.4);
#3538=CIRCLE('',#3738,0.4);
#3539=CIRCLE('',#3740,0.4);
#3540=CIRCLE('',#3742,0.4);
#3541=CIRCLE('',#3743,0.4);
#3542=CIRCLE('',#3745,0.4);
#3543=CIRCLE('',#3747,0.4);
#3544=CIRCLE('',#3748,0.5);
#3545=CIRCLE('',#3749,0.1);
#3546=CIRCLE('',#3751,0.4);
#3547=CIRCLE('',#3753,0.4);
#3548=CIRCLE('',#3754,0.4);
#3549=CIRCLE('',#3756,0.4);
#3550=CIRCLE('',#3758,0.4);
#3551=CIRCLE('',#3759,0.4);
#3552=CIRCLE('',#3762,1.75);
#3553=CIRCLE('',#3767,0.8);
#3554=CIRCLE('',#3768,0.8);
#3555=CIRCLE('',#3773,0.8);
#3556=CIRCLE('',#3774,0.8);
#3557=CIRCLE('',#3780,0.1);
#3558=CIRCLE('',#3781,0.4);
#3559=CIRCLE('',#3782,0.1);
#3560=CIRCLE('',#3783,0.1);
#3561=CIRCLE('',#3784,0.1);
#3562=CIRCLE('',#3785,0.1);
#3563=CIRCLE('',#3786,0.4);
#3564=CIRCLE('',#3787,0.1);
#3565=CIRCLE('',#3789,0.5);
#3566=CIRCLE('',#3790,0.5);
#3567=CIRCLE('',#3792,0.5);
#3568=CIRCLE('',#3793,0.5);
#3569=CIRCLE('',#3795,0.5);
#3570=CIRCLE('',#3796,0.5);
#3571=CIRCLE('',#3798,0.5);
#3572=CIRCLE('',#3799,0.5);
#3573=CIRCLE('',#3806,0.5);
#3574=CIRCLE('',#3807,0.5);
#3575=CIRCLE('',#3809,0.5);
#3576=CIRCLE('',#3810,0.5);
#3577=CIRCLE('',#3812,0.5);
#3578=CIRCLE('',#3813,0.5);
#3579=CIRCLE('',#3815,0.5);
#3580=CIRCLE('',#3816,0.5);
#3581=CIRCLE('',#3824,0.741421356237307);
#3582=CIRCLE('',#3825,0.741421356237308);
#3583=CIRCLE('',#3826,0.741421356237308);
#3584=CIRCLE('',#3827,0.741421356237308);
#3585=CIRCLE('',#3828,1.03229670385731);
#3586=CIRCLE('',#3829,1.03229670385731);
#3587=CIRCLE('',#3830,1.03229670385731);
#3588=CIRCLE('',#3831,1.03229670385731);
#3589=CIRCLE('',#3835,0.1);
#3590=CIRCLE('',#3836,0.1);
#3591=CIRCLE('',#3837,0.1);
#3592=CIRCLE('',#3838,0.1);
#3593=CIRCLE('',#3840,1.3);
#3594=CIRCLE('',#3841,1.3);
#3595=CIRCLE('',#3843,1.3);
#3596=CIRCLE('',#3844,1.3);
#3597=CIRCLE('',#3846,1.3);
#3598=CIRCLE('',#3847,1.3);
#3599=CIRCLE('',#3849,1.3);
#3600=CIRCLE('',#3850,1.3);
#3601=CIRCLE('',#3852,1.12514437294582);
#3602=CIRCLE('',#3856,1.12514437294584);
#3603=CIRCLE('',#3858,1.12514437294584);
#3604=CIRCLE('',#3862,1.12514437294582);
#3605=CIRCLE('',#3864,0.670710678118653);
#3606=CIRCLE('',#3868,0.670710678118649);
#3607=CIRCLE('',#3870,0.670710678118649);
#3608=CIRCLE('',#3874,0.670710678118653);
#3609=CIRCLE('',#3876,0.1);
#3610=CIRCLE('',#3877,0.1);
#3611=CIRCLE('',#3879,0.1);
#3612=CIRCLE('',#3881,0.1);
#3613=CIRCLE('',#3883,0.1);
#3614=CIRCLE('',#3885,0.1);
#3615=CIRCLE('',#3887,0.1);
#3616=CIRCLE('',#3889,0.1);
#3617=CIRCLE('',#3892,0.1);
#3618=CIRCLE('',#3893,0.1);
#3619=CIRCLE('',#3895,0.1);
#3620=CIRCLE('',#3897,0.1);
#3621=CIRCLE('',#3899,0.1);
#3622=CIRCLE('',#3901,0.1);
#3623=CIRCLE('',#3903,0.1);
#3624=CIRCLE('',#3905,0.1);
#3625=CIRCLE('',#3914,0.1);
#3626=CIRCLE('',#3915,0.1);
#3627=CIRCLE('',#3916,0.1);
#3628=CIRCLE('',#3917,0.4);
#3629=CIRCLE('',#3918,0.4);
#3630=CIRCLE('',#3919,0.4);
#3631=CIRCLE('',#3920,0.4);
#3632=CIRCLE('',#3921,0.1);
#3633=CIRCLE('',#3922,0.4);
#3634=CIRCLE('',#3923,0.4);
#3635=CIRCLE('',#3925,0.1);
#3636=CIRCLE('',#3932,0.4);
#3637=CIRCLE('',#3957,0.1);
#3638=CIRCLE('',#3960,0.4);
#3639=CIRCLE('',#3980,1.75);
#3640=CIRCLE('',#3984,0.9);
#3641=CIRCLE('',#3985,1.1);
#3642=CIRCLE('',#3996,1.1);
#3643=CIRCLE('',#3998,0.9);
#3644=CIRCLE('',#4001,2.1);
#3645=CIRCLE('',#4002,2.5);
#3646=CIRCLE('',#4004,2.1);
#3647=CIRCLE('',#4006,2.5);
#3648=AXIS2_PLACEMENT_3D('',#5083,#4009,#4010);
#3649=AXIS2_PLACEMENT_3D('',#5084,#4011,#4012);
#3650=AXIS2_PLACEMENT_3D('',#5086,#4013,#4014);
#3651=AXIS2_PLACEMENT_3D('',#5088,#4015,#4016);
#3652=AXIS2_PLACEMENT_3D('',#5098,#4017,#4018);
#3653=AXIS2_PLACEMENT_3D('',#5108,#4019,#4020);
#3654=AXIS2_PLACEMENT_3D('',#5109,#4021,#4022);
#3655=AXIS2_PLACEMENT_3D('',#5111,#4023,#4024);
#3656=AXIS2_PLACEMENT_3D('',#5112,#4025,#4026);
#3657=AXIS2_PLACEMENT_3D('',#5114,#4027,#4028);
#3658=AXIS2_PLACEMENT_3D('',#5127,#4035,#4036);
#3659=AXIS2_PLACEMENT_3D('',#5133,#4040,#4041);
#3660=AXIS2_PLACEMENT_3D('',#5137,#4044,#4045);
#3661=AXIS2_PLACEMENT_3D('',#5141,#4048,#4049);
#3662=AXIS2_PLACEMENT_3D('',#5145,#4052,#4053);
#3663=AXIS2_PLACEMENT_3D('',#5149,#4056,#4057);
#3664=AXIS2_PLACEMENT_3D('',#5151,#4059,#4060);
#3665=AXIS2_PLACEMENT_3D('',#5152,#4061,#4062);
#3666=AXIS2_PLACEMENT_3D('',#5154,#4063,#4064);
#3667=AXIS2_PLACEMENT_3D('',#5155,#4065,#4066);
#3668=AXIS2_PLACEMENT_3D('',#5156,#4067,#4068);
#3669=AXIS2_PLACEMENT_3D('',#5158,#4069,#4070);
#3670=AXIS2_PLACEMENT_3D('',#5159,#4071,#4072);
#3671=AXIS2_PLACEMENT_3D('',#5161,#4073,#4074);
#3672=AXIS2_PLACEMENT_3D('',#5170,#4079,#4080);
#3673=AXIS2_PLACEMENT_3D('',#5179,#4085,#4086);
#3674=AXIS2_PLACEMENT_3D('',#5180,#4087,#4088);
#3675=AXIS2_PLACEMENT_3D('',#5182,#4089,#4090);
#3676=AXIS2_PLACEMENT_3D('',#5184,#4091,#4092);
#3677=AXIS2_PLACEMENT_3D('',#5185,#4093,#4094);
#3678=AXIS2_PLACEMENT_3D('',#5258,#4095,#4096);
#3679=AXIS2_PLACEMENT_3D('',#5259,#4097,#4098);
#3680=AXIS2_PLACEMENT_3D('',#5264,#4100,#4101);
#3681=AXIS2_PLACEMENT_3D('',#5267,#4103,#4104);
#3682=AXIS2_PLACEMENT_3D('',#5268,#4105,#4106);
#3683=AXIS2_PLACEMENT_3D('',#5273,#4108,#4109);
#3684=AXIS2_PLACEMENT_3D('',#5276,#4111,#4112);
#3685=AXIS2_PLACEMENT_3D('',#5285,#4117,#4118);
#3686=AXIS2_PLACEMENT_3D('',#5294,#4123,#4124);
#3687=AXIS2_PLACEMENT_3D('',#5300,#4128,#4129);
#3688=AXIS2_PLACEMENT_3D('',#5306,#4133,#4134);
#3689=AXIS2_PLACEMENT_3D('',#5307,#4135,#4136);
#3690=AXIS2_PLACEMENT_3D('',#5309,#4137,#4138);
#3691=AXIS2_PLACEMENT_3D('',#5311,#4139,#4140);
#3692=AXIS2_PLACEMENT_3D('',#5312,#4141,#4142);
#3693=AXIS2_PLACEMENT_3D('',#5313,#4143,#4144);
#3694=AXIS2_PLACEMENT_3D('',#5315,#4145,#4146);
#3695=AXIS2_PLACEMENT_3D('',#5316,#4147,#4148);
#3696=AXIS2_PLACEMENT_3D('',#5321,#4150,#4151);
#3697=AXIS2_PLACEMENT_3D('',#5324,#4153,#4154);
#3698=AXIS2_PLACEMENT_3D('',#5325,#4155,#4156);
#3699=AXIS2_PLACEMENT_3D('',#5330,#4158,#4159);
#3700=AXIS2_PLACEMENT_3D('',#5333,#4161,#4162);
#3701=AXIS2_PLACEMENT_3D('',#5336,#4165,#4166);
#3702=AXIS2_PLACEMENT_3D('',#5339,#4169,#4170);
#3703=AXIS2_PLACEMENT_3D('',#5348,#4175,#4176);
#3704=AXIS2_PLACEMENT_3D('',#5351,#4179,#4180);
#3705=AXIS2_PLACEMENT_3D('',#5361,#4186,#4187);
#3706=AXIS2_PLACEMENT_3D('',#5371,#4193,#4194);
#3707=AXIS2_PLACEMENT_3D('',#5380,#4200,#4201);
#3708=AXIS2_PLACEMENT_3D('',#5384,#4203,#4204);
#3709=AXIS2_PLACEMENT_3D('',#5388,#4206,#4207);
#3710=AXIS2_PLACEMENT_3D('',#5393,#4210,#4211);
#3711=AXIS2_PLACEMENT_3D('',#5397,#4213,#4214);
#3712=AXIS2_PLACEMENT_3D('',#5401,#4216,#4217);
#3713=AXIS2_PLACEMENT_3D('',#5405,#4220,#4221);
#3714=AXIS2_PLACEMENT_3D('',#5410,#4224,#4225);
#3715=AXIS2_PLACEMENT_3D('',#5414,#4227,#4228);
#3716=AXIS2_PLACEMENT_3D('',#5419,#4231,#4232);
#3717=AXIS2_PLACEMENT_3D('',#5423,#4234,#4235);
#3718=AXIS2_PLACEMENT_3D('',#5428,#4238,#4239);
#3719=AXIS2_PLACEMENT_3D('',#5437,#4244,#4245);
#3720=AXIS2_PLACEMENT_3D('',#5438,#4246,#4247);
#3721=AXIS2_PLACEMENT_3D('',#5441,#4248,#4249);
#3722=AXIS2_PLACEMENT_3D('',#5443,#4250,#4251);
#3723=AXIS2_PLACEMENT_3D('',#5444,#4252,#4253);
#3724=AXIS2_PLACEMENT_3D('',#5447,#4255,#4256);
#3725=AXIS2_PLACEMENT_3D('',#5450,#4258,#4259);
#3726=AXIS2_PLACEMENT_3D('',#5451,#4260,#4261);
#3727=AXIS2_PLACEMENT_3D('',#5453,#4262,#4263);
#3728=AXIS2_PLACEMENT_3D('',#5454,#4264,#4265);
#3729=AXIS2_PLACEMENT_3D('',#5457,#4267,#4268);
#3730=AXIS2_PLACEMENT_3D('',#5460,#4270,#4271);
#3731=AXIS2_PLACEMENT_3D('',#5461,#4272,#4273);
#3732=AXIS2_PLACEMENT_3D('',#5464,#4274,#4275);
#3733=AXIS2_PLACEMENT_3D('',#5465,#4276,#4277);
#3734=AXIS2_PLACEMENT_3D('',#5466,#4278,#4279);
#3735=AXIS2_PLACEMENT_3D('',#5467,#4280,#4281);
#3736=AXIS2_PLACEMENT_3D('',#5472,#4284,#4285);
#3737=AXIS2_PLACEMENT_3D('',#5473,#4286,#4287);
#3738=AXIS2_PLACEMENT_3D('',#5475,#4288,#4289);
#3739=AXIS2_PLACEMENT_3D('',#5476,#4290,#4291);
#3740=AXIS2_PLACEMENT_3D('',#5479,#4293,#4294);
#3741=AXIS2_PLACEMENT_3D('',#5482,#4296,#4297);
#3742=AXIS2_PLACEMENT_3D('',#5483,#4298,#4299);
#3743=AXIS2_PLACEMENT_3D('',#5485,#4300,#4301);
#3744=AXIS2_PLACEMENT_3D('',#5486,#4302,#4303);
#3745=AXIS2_PLACEMENT_3D('',#5489,#4305,#4306);
#3746=AXIS2_PLACEMENT_3D('',#5492,#4308,#4309);
#3747=AXIS2_PLACEMENT_3D('',#5493,#4310,#4311);
#3748=AXIS2_PLACEMENT_3D('',#5496,#4312,#4313);
#3749=AXIS2_PLACEMENT_3D('',#5497,#4314,#4315);
#3750=AXIS2_PLACEMENT_3D('',#5498,#4316,#4317);
#3751=AXIS2_PLACEMENT_3D('',#5499,#4318,#4319);
#3752=AXIS2_PLACEMENT_3D('',#5504,#4322,#4323);
#3753=AXIS2_PLACEMENT_3D('',#5505,#4324,#4325);
#3754=AXIS2_PLACEMENT_3D('',#5507,#4326,#4327);
#3755=AXIS2_PLACEMENT_3D('',#5508,#4328,#4329);
#3756=AXIS2_PLACEMENT_3D('',#5511,#4331,#4332);
#3757=AXIS2_PLACEMENT_3D('',#5514,#4334,#4335);
#3758=AXIS2_PLACEMENT_3D('',#5515,#4336,#4337);
#3759=AXIS2_PLACEMENT_3D('',#5517,#4338,#4339);
#3760=AXIS2_PLACEMENT_3D('',#5518,#4340,#4341);
#3761=AXIS2_PLACEMENT_3D('',#5521,#4344,#4345);
#3762=AXIS2_PLACEMENT_3D('',#5522,#4346,#4347);
#3763=AXIS2_PLACEMENT_3D('',#5524,#4348,#4349);
#3764=AXIS2_PLACEMENT_3D('',#5533,#4354,#4355);
#3765=AXIS2_PLACEMENT_3D('',#5536,#4358,#4359);
#3766=AXIS2_PLACEMENT_3D('',#5545,#4364,#4365);
#3767=AXIS2_PLACEMENT_3D('',#5546,#4366,#4367);
#3768=AXIS2_PLACEMENT_3D('',#5550,#4369,#4370);
#3769=AXIS2_PLACEMENT_3D('',#5551,#4371,#4372);
#3770=AXIS2_PLACEMENT_3D('',#5557,#4376,#4377);
#3771=AXIS2_PLACEMENT_3D('',#5563,#4381,#4382);
#3772=AXIS2_PLACEMENT_3D('',#5569,#4386,#4387);
#3773=AXIS2_PLACEMENT_3D('',#5570,#4388,#4389);
#3774=AXIS2_PLACEMENT_3D('',#5574,#4391,#4392);
#3775=AXIS2_PLACEMENT_3D('',#5575,#4393,#4394);
#3776=AXIS2_PLACEMENT_3D('',#5581,#4398,#4399);
#3777=AXIS2_PLACEMENT_3D('',#5584,#4402,#4403);
#3778=AXIS2_PLACEMENT_3D('',#5586,#4405,#4406);
#3779=AXIS2_PLACEMENT_3D('',#5588,#4408,#4409);
#3780=AXIS2_PLACEMENT_3D('',#5596,#4413,#4414);
#3781=AXIS2_PLACEMENT_3D('',#5600,#4416,#4417);
#3782=AXIS2_PLACEMENT_3D('',#5604,#4419,#4420);
#3783=AXIS2_PLACEMENT_3D('',#5608,#4422,#4423);
#3784=AXIS2_PLACEMENT_3D('',#5612,#4425,#4426);
#3785=AXIS2_PLACEMENT_3D('',#5616,#4428,#4429);
#3786=AXIS2_PLACEMENT_3D('',#5620,#4431,#4432);
#3787=AXIS2_PLACEMENT_3D('',#5624,#4434,#4435);
#3788=AXIS2_PLACEMENT_3D('',#5629,#4438,#4439);
#3789=AXIS2_PLACEMENT_3D('',#5633,#4441,#4442);
#3790=AXIS2_PLACEMENT_3D('',#5637,#4444,#4445);
#3791=AXIS2_PLACEMENT_3D('',#5638,#4446,#4447);
#3792=AXIS2_PLACEMENT_3D('',#5642,#4449,#4450);
#3793=AXIS2_PLACEMENT_3D('',#5646,#4452,#4453);
#3794=AXIS2_PLACEMENT_3D('',#5647,#4454,#4455);
#3795=AXIS2_PLACEMENT_3D('',#5651,#4457,#4458);
#3796=AXIS2_PLACEMENT_3D('',#5655,#4460,#4461);
#3797=AXIS2_PLACEMENT_3D('',#5656,#4462,#4463);
#3798=AXIS2_PLACEMENT_3D('',#5660,#4465,#4466);
#3799=AXIS2_PLACEMENT_3D('',#5664,#4468,#4469);
#3800=AXIS2_PLACEMENT_3D('',#5665,#4470,#4471);
#3801=AXIS2_PLACEMENT_3D('',#5668,#4474,#4475);
#3802=AXIS2_PLACEMENT_3D('',#5679,#4482,#4483);
#3803=AXIS2_PLACEMENT_3D('',#5688,#4488,#4489);
#3804=AXIS2_PLACEMENT_3D('',#5699,#4496,#4497);
#3805=AXIS2_PLACEMENT_3D('',#5708,#4502,#4503);
#3806=AXIS2_PLACEMENT_3D('',#5709,#4504,#4505);
#3807=AXIS2_PLACEMENT_3D('',#5710,#4506,#4507);
#3808=AXIS2_PLACEMENT_3D('',#5711,#4508,#4509);
#3809=AXIS2_PLACEMENT_3D('',#5712,#4510,#4511);
#3810=AXIS2_PLACEMENT_3D('',#5713,#4512,#4513);
#3811=AXIS2_PLACEMENT_3D('',#5714,#4514,#4515);
#3812=AXIS2_PLACEMENT_3D('',#5715,#4516,#4517);
#3813=AXIS2_PLACEMENT_3D('',#5716,#4518,#4519);
#3814=AXIS2_PLACEMENT_3D('',#5717,#4520,#4521);
#3815=AXIS2_PLACEMENT_3D('',#5718,#4522,#4523);
#3816=AXIS2_PLACEMENT_3D('',#5719,#4524,#4525);
#3817=AXIS2_PLACEMENT_3D('',#5720,#4526,#4527);
#3818=AXIS2_PLACEMENT_3D('',#5721,#4528,#4529);
#3819=AXIS2_PLACEMENT_3D('',#5723,#4531,#4532);
#3820=AXIS2_PLACEMENT_3D('',#5724,#4533,#4534);
#3821=AXIS2_PLACEMENT_3D('',#5726,#4536,#4537);
#3822=AXIS2_PLACEMENT_3D('',#5735,#4542,#4543);
#3823=AXIS2_PLACEMENT_3D('',#5744,#4548,#4549);
#3824=AXIS2_PLACEMENT_3D('',#5745,#4550,#4551);
#3825=AXIS2_PLACEMENT_3D('',#5750,#4553,#4554);
#3826=AXIS2_PLACEMENT_3D('',#5754,#4556,#4557);
#3827=AXIS2_PLACEMENT_3D('',#5758,#4559,#4560);
#3828=AXIS2_PLACEMENT_3D('',#5761,#4562,#4563);
#3829=AXIS2_PLACEMENT_3D('',#5766,#4565,#4566);
#3830=AXIS2_PLACEMENT_3D('',#5770,#4568,#4569);
#3831=AXIS2_PLACEMENT_3D('',#5774,#4571,#4572);
#3832=AXIS2_PLACEMENT_3D('',#5777,#4574,#4575);
#3833=AXIS2_PLACEMENT_3D('',#5786,#4580,#4581);
#3834=AXIS2_PLACEMENT_3D('',#5795,#4586,#4587);
#3835=AXIS2_PLACEMENT_3D('',#5799,#4589,#4590);
#3836=AXIS2_PLACEMENT_3D('',#5803,#4592,#4593);
#3837=AXIS2_PLACEMENT_3D('',#5807,#4595,#4596);
#3838=AXIS2_PLACEMENT_3D('',#5811,#4598,#4599);
#3839=AXIS2_PLACEMENT_3D('',#5812,#4600,#4601);
#3840=AXIS2_PLACEMENT_3D('',#5813,#4602,#4603);
#3841=AXIS2_PLACEMENT_3D('',#5814,#4604,#4605);
#3842=AXIS2_PLACEMENT_3D('',#5815,#4606,#4607);
#3843=AXIS2_PLACEMENT_3D('',#5816,#4608,#4609);
#3844=AXIS2_PLACEMENT_3D('',#5817,#4610,#4611);
#3845=AXIS2_PLACEMENT_3D('',#5818,#4612,#4613);
#3846=AXIS2_PLACEMENT_3D('',#5819,#4614,#4615);
#3847=AXIS2_PLACEMENT_3D('',#5820,#4616,#4617);
#3848=AXIS2_PLACEMENT_3D('',#5821,#4618,#4619);
#3849=AXIS2_PLACEMENT_3D('',#5822,#4620,#4621);
#3850=AXIS2_PLACEMENT_3D('',#5823,#4622,#4623);
#3851=AXIS2_PLACEMENT_3D('',#5824,#4624,#4625);
#3852=AXIS2_PLACEMENT_3D('',#5827,#4627,#4628);
#3853=AXIS2_PLACEMENT_3D('',#5830,#4630,#4631);
#3854=AXIS2_PLACEMENT_3D('',#5834,#4634,#4635);
#3855=AXIS2_PLACEMENT_3D('',#5838,#4638,#4639);
#3856=AXIS2_PLACEMENT_3D('',#5841,#4641,#4642);
#3857=AXIS2_PLACEMENT_3D('',#5842,#4643,#4644);
#3858=AXIS2_PLACEMENT_3D('',#5843,#4645,#4646);
#3859=AXIS2_PLACEMENT_3D('',#5846,#4648,#4649);
#3860=AXIS2_PLACEMENT_3D('',#5850,#4652,#4653);
#3861=AXIS2_PLACEMENT_3D('',#5854,#4656,#4657);
#3862=AXIS2_PLACEMENT_3D('',#5855,#4658,#4659);
#3863=AXIS2_PLACEMENT_3D('',#5856,#4660,#4661);
#3864=AXIS2_PLACEMENT_3D('',#5859,#4663,#4664);
#3865=AXIS2_PLACEMENT_3D('',#5862,#4666,#4667);
#3866=AXIS2_PLACEMENT_3D('',#5866,#4670,#4671);
#3867=AXIS2_PLACEMENT_3D('',#5870,#4674,#4675);
#3868=AXIS2_PLACEMENT_3D('',#5873,#4677,#4678);
#3869=AXIS2_PLACEMENT_3D('',#5874,#4679,#4680);
#3870=AXIS2_PLACEMENT_3D('',#5875,#4681,#4682);
#3871=AXIS2_PLACEMENT_3D('',#5878,#4684,#4685);
#3872=AXIS2_PLACEMENT_3D('',#5882,#4688,#4689);
#3873=AXIS2_PLACEMENT_3D('',#5886,#4692,#4693);
#3874=AXIS2_PLACEMENT_3D('',#5887,#4694,#4695);
#3875=AXIS2_PLACEMENT_3D('',#5888,#4696,#4697);
#3876=AXIS2_PLACEMENT_3D('',#5889,#4698,#4699);
#3877=AXIS2_PLACEMENT_3D('',#5890,#4700,#4701);
#3878=AXIS2_PLACEMENT_3D('',#5891,#4702,#4703);
#3879=AXIS2_PLACEMENT_3D('',#5892,#4704,#4705);
#3880=AXIS2_PLACEMENT_3D('',#5893,#4706,#4707);
#3881=AXIS2_PLACEMENT_3D('',#5894,#4708,#4709);
#3882=AXIS2_PLACEMENT_3D('',#5895,#4710,#4711);
#3883=AXIS2_PLACEMENT_3D('',#5896,#4712,#4713);
#3884=AXIS2_PLACEMENT_3D('',#5897,#4714,#4715);
#3885=AXIS2_PLACEMENT_3D('',#5898,#4716,#4717);
#3886=AXIS2_PLACEMENT_3D('',#5899,#4718,#4719);
#3887=AXIS2_PLACEMENT_3D('',#5900,#4720,#4721);
#3888=AXIS2_PLACEMENT_3D('',#5901,#4722,#4723);
#3889=AXIS2_PLACEMENT_3D('',#5902,#4724,#4725);
#3890=AXIS2_PLACEMENT_3D('',#5903,#4726,#4727);
#3891=AXIS2_PLACEMENT_3D('',#5904,#4728,#4729);
#3892=AXIS2_PLACEMENT_3D('',#5905,#4730,#4731);
#3893=AXIS2_PLACEMENT_3D('',#5906,#4732,#4733);
#3894=AXIS2_PLACEMENT_3D('',#5907,#4734,#4735);
#3895=AXIS2_PLACEMENT_3D('',#5908,#4736,#4737);
#3896=AXIS2_PLACEMENT_3D('',#5909,#4738,#4739);
#3897=AXIS2_PLACEMENT_3D('',#5910,#4740,#4741);
#3898=AXIS2_PLACEMENT_3D('',#5911,#4742,#4743);
#3899=AXIS2_PLACEMENT_3D('',#5912,#4744,#4745);
#3900=AXIS2_PLACEMENT_3D('',#5913,#4746,#4747);
#3901=AXIS2_PLACEMENT_3D('',#5914,#4748,#4749);
#3902=AXIS2_PLACEMENT_3D('',#5915,#4750,#4751);
#3903=AXIS2_PLACEMENT_3D('',#5916,#4752,#4753);
#3904=AXIS2_PLACEMENT_3D('',#5917,#4754,#4755);
#3905=AXIS2_PLACEMENT_3D('',#5918,#4756,#4757);
#3906=AXIS2_PLACEMENT_3D('',#5919,#4758,#4759);
#3907=AXIS2_PLACEMENT_3D('',#5920,#4760,#4761);
#3908=AXIS2_PLACEMENT_3D('',#5923,#4764,#4765);
#3909=AXIS2_PLACEMENT_3D('',#5926,#4768,#4769);
#3910=AXIS2_PLACEMENT_3D('',#5935,#4774,#4775);
#3911=AXIS2_PLACEMENT_3D('',#5941,#4779,#4780);
#3912=AXIS2_PLACEMENT_3D('',#5947,#4784,#4785);
#3913=AXIS2_PLACEMENT_3D('',#5950,#4788,#4789);
#3914=AXIS2_PLACEMENT_3D('',#5955,#4792,#4793);
#3915=AXIS2_PLACEMENT_3D('',#5960,#4796,#4797);
#3916=AXIS2_PLACEMENT_3D('',#5963,#4799,#4800);
#3917=AXIS2_PLACEMENT_3D('',#5967,#4802,#4803);
#3918=AXIS2_PLACEMENT_3D('',#5971,#4805,#4806);
#3919=AXIS2_PLACEMENT_3D('',#5975,#4808,#4809);
#3920=AXIS2_PLACEMENT_3D('',#5979,#4811,#4812);
#3921=AXIS2_PLACEMENT_3D('',#5983,#4814,#4815);
#3922=AXIS2_PLACEMENT_3D('',#5988,#4818,#4819);
#3923=AXIS2_PLACEMENT_3D('',#5993,#4822,#4823);
#3924=AXIS2_PLACEMENT_3D('',#5996,#4825,#4826);
#3925=AXIS2_PLACEMENT_3D('',#5997,#4827,#4828);
#3926=AXIS2_PLACEMENT_3D('',#6002,#4831,#4832);
#3927=AXIS2_PLACEMENT_3D('',#6008,#4836,#4837);
#3928=AXIS2_PLACEMENT_3D('',#6016,#4842,#4843);
#3929=AXIS2_PLACEMENT_3D('',#6020,#4846,#4847);
#3930=AXIS2_PLACEMENT_3D('',#6024,#4850,#4851);
#3931=AXIS2_PLACEMENT_3D('',#6028,#4854,#4855);
#3932=AXIS2_PLACEMENT_3D('',#6030,#4857,#4858);
#3933=AXIS2_PLACEMENT_3D('',#6031,#4859,#4860);
#3934=AXIS2_PLACEMENT_3D('',#6032,#4861,#4862);
#3935=AXIS2_PLACEMENT_3D('',#6036,#4866,#4867);
#3936=AXIS2_PLACEMENT_3D('',#6039,#4870,#4871);
#3937=AXIS2_PLACEMENT_3D('',#6041,#4873,#4874);
#3938=AXIS2_PLACEMENT_3D('',#6043,#4876,#4877);
#3939=AXIS2_PLACEMENT_3D('',#6045,#4879,#4880);
#3940=AXIS2_PLACEMENT_3D('',#6047,#4882,#4883);
#3941=AXIS2_PLACEMENT_3D('',#6049,#4885,#4886);
#3942=AXIS2_PLACEMENT_3D('',#6052,#4889,#4890);
#3943=AXIS2_PLACEMENT_3D('',#6054,#4892,#4893);
#3944=AXIS2_PLACEMENT_3D('',#6057,#4896,#4897);
#3945=AXIS2_PLACEMENT_3D('',#6061,#4901,#4902);
#3946=AXIS2_PLACEMENT_3D('',#6068,#4907,#4908);
#3947=AXIS2_PLACEMENT_3D('',#6070,#4910,#4911);
#3948=AXIS2_PLACEMENT_3D('',#6072,#4913,#4914);
#3949=AXIS2_PLACEMENT_3D('',#6074,#4916,#4917);
#3950=AXIS2_PLACEMENT_3D('',#6076,#4919,#4920);
#3951=AXIS2_PLACEMENT_3D('',#6078,#4922,#4923);
#3952=AXIS2_PLACEMENT_3D('',#6081,#4926,#4927);
#3953=AXIS2_PLACEMENT_3D('',#6083,#4929,#4930);
#3954=AXIS2_PLACEMENT_3D('',#6085,#4932,#4933);
#3955=AXIS2_PLACEMENT_3D('',#6087,#4935,#4936);
#3956=AXIS2_PLACEMENT_3D('',#6089,#4938,#4939);
#3957=AXIS2_PLACEMENT_3D('',#6090,#4940,#4941);
#3958=AXIS2_PLACEMENT_3D('',#6095,#4944,#4945);
#3959=AXIS2_PLACEMENT_3D('',#6101,#4949,#4950);
#3960=AXIS2_PLACEMENT_3D('',#6104,#4952,#4953);
#3961=AXIS2_PLACEMENT_3D('',#6105,#4954,#4955);
#3962=AXIS2_PLACEMENT_3D('',#6110,#4959,#4960);
#3963=AXIS2_PLACEMENT_3D('',#6116,#4964,#4965);
#3964=AXIS2_PLACEMENT_3D('',#6118,#4967,#4968);
#3965=AXIS2_PLACEMENT_3D('',#6120,#4970,#4971);
#3966=AXIS2_PLACEMENT_3D('',#6121,#4972,#4973);
#3967=AXIS2_PLACEMENT_3D('',#6122,#4974,#4975);
#3968=AXIS2_PLACEMENT_3D('',#6123,#4976,#4977);
#3969=AXIS2_PLACEMENT_3D('',#6125,#4979,#4980);
#3970=AXIS2_PLACEMENT_3D('',#6126,#4981,#4982);
#3971=AXIS2_PLACEMENT_3D('',#6128,#4984,#4985);
#3972=AXIS2_PLACEMENT_3D('',#6131,#4988,#4989);
#3973=AXIS2_PLACEMENT_3D('',#6134,#4992,#4993);
#3974=AXIS2_PLACEMENT_3D('',#6135,#4994,#4995);
#3975=AXIS2_PLACEMENT_3D('',#6137,#4997,#4998);
#3976=AXIS2_PLACEMENT_3D('',#6138,#4999,#5000);
#3977=AXIS2_PLACEMENT_3D('',#6139,#5001,#5002);
#3978=AXIS2_PLACEMENT_3D('',#6140,#5003,#5004);
#3979=AXIS2_PLACEMENT_3D('',#6141,#5005,#5006);
#3980=AXIS2_PLACEMENT_3D('',#6142,#5007,#5008);
#3981=AXIS2_PLACEMENT_3D('',#6144,#5009,#5010);
#3982=AXIS2_PLACEMENT_3D('',#6145,#5011,#5012);
#3983=AXIS2_PLACEMENT_3D('',#6146,#5013,#5014);
#3984=AXIS2_PLACEMENT_3D('',#6147,#5015,#5016);
#3985=AXIS2_PLACEMENT_3D('',#6149,#5017,#5018);
#3986=AXIS2_PLACEMENT_3D('',#6151,#5019,#5020);
#3987=AXIS2_PLACEMENT_3D('',#6164,#5027,#5028);
#3988=AXIS2_PLACEMENT_3D('',#6170,#5032,#5033);
#3989=AXIS2_PLACEMENT_3D('',#6174,#5036,#5037);
#3990=AXIS2_PLACEMENT_3D('',#6178,#5040,#5041);
#3991=AXIS2_PLACEMENT_3D('',#6182,#5044,#5045);
#3992=AXIS2_PLACEMENT_3D('',#6186,#5048,#5049);
#3993=AXIS2_PLACEMENT_3D('',#6188,#5051,#5052);
#3994=AXIS2_PLACEMENT_3D('',#6189,#5053,#5054);
#3995=AXIS2_PLACEMENT_3D('',#6190,#5055,#5056);
#3996=AXIS2_PLACEMENT_3D('',#6191,#5057,#5058);
#3997=AXIS2_PLACEMENT_3D('',#6193,#5059,#5060);
#3998=AXIS2_PLACEMENT_3D('',#6194,#5061,#5062);
#3999=AXIS2_PLACEMENT_3D('',#6196,#5063,#5064);
#4000=AXIS2_PLACEMENT_3D('',#6197,#5065,#5066);
#4001=AXIS2_PLACEMENT_3D('',#6198,#5067,#5068);
#4002=AXIS2_PLACEMENT_3D('',#6200,#5069,#5070);
#4003=AXIS2_PLACEMENT_3D('',#6202,#5071,#5072);
#4004=AXIS2_PLACEMENT_3D('',#6203,#5073,#5074);
#4005=AXIS2_PLACEMENT_3D('',#6205,#5075,#5076);
#4006=AXIS2_PLACEMENT_3D('',#6206,#5077,#5078);
#4007=AXIS2_PLACEMENT_3D('',#6208,#5079,#5080);
#4008=AXIS2_PLACEMENT_3D('',#6209,#5081,#5082);
#4009=DIRECTION('',(0.,0.,1.));
#4010=DIRECTION('',(1.,0.,0.));
#4011=DIRECTION('',(-1.,0.,0.));
#4012=DIRECTION('',(0.,-1.,0.));
#4013=DIRECTION('',(-1.,0.,0.));
#4014=DIRECTION('',(0.,-1.,0.));
#4015=DIRECTION('',(-1.,0.,0.));
#4016=DIRECTION('',(0.,-1.,0.));
#4017=DIRECTION('',(1.,0.,0.));
#4018=DIRECTION('',(0.,0.,1.));
#4019=DIRECTION('',(1.,0.,0.));
#4020=DIRECTION('',(0.,0.,1.));
#4021=DIRECTION('',(-1.,-2.22044604925031E-16,0.));
#4022=DIRECTION('',(0.,1.,0.));
#4023=DIRECTION('',(1.,2.22044604925031E-16,0.));
#4024=DIRECTION('',(0.,0.,1.));
#4025=DIRECTION('',(1.,2.22044604925031E-16,0.));
#4026=DIRECTION('',(0.,1.,0.));
#4027=DIRECTION('',(1.,2.22044604925031E-16,0.));
#4028=DIRECTION('',(0.,1.,0.));
#4029=DIRECTION('',(-2.22387234366467E-31,1.00154306582478E-15,1.));
#4030=DIRECTION('',(-1.92296268638356E-16,0.866025403784437,0.500000000000002));
#4031=DIRECTION('',(-1.92296268638356E-16,0.866025403784438,-0.500000000000001));
#4032=DIRECTION('',(8.548009320961E-31,-3.84968115926395E-15,-1.));
#4033=DIRECTION('',(1.92296268638357E-16,-0.866025403784441,-0.499999999999996));
#4034=DIRECTION('',(1.92296268638356E-16,-0.866025403784437,0.500000000000003));
#4035=DIRECTION('',(1.,2.22044604925031E-16,0.));
#4036=DIRECTION('',(-2.22044604925031E-16,1.,0.));
#4037=DIRECTION('',(-1.,0.,0.));
#4038=DIRECTION('',(1.92296268638356E-16,-0.866025403784437,-0.500000000000002));
#4039=DIRECTION('',(-1.,0.,0.));
#4040=DIRECTION('',(0.,0.500000000000002,-0.866025403784438));
#4041=DIRECTION('',(0.,0.866025403784437,0.500000000000002));
#4042=DIRECTION('',(1.92296268638356E-16,-0.866025403784438,0.500000000000001));
#4043=DIRECTION('',(-1.,0.,0.));
#4044=DIRECTION('',(0.,-0.500000000000001,-0.866025403784438));
#4045=DIRECTION('',(0.,0.866025403784438,-0.500000000000001));
#4046=DIRECTION('',(-8.548009320961E-31,3.84968115926395E-15,1.));
#4047=DIRECTION('',(-1.,0.,0.));
#4048=DIRECTION('',(0.,-1.,3.84968115926395E-15));
#4049=DIRECTION('',(0.,-3.85108611666851E-15,-1.));
#4050=DIRECTION('',(-1.92296268638357E-16,0.866025403784441,0.499999999999996));
#4051=DIRECTION('',(-1.,0.,0.));
#4052=DIRECTION('',(0.,-0.499999999999996,0.866025403784441));
#4053=DIRECTION('',(0.,-0.866025403784441,-0.499999999999996));
#4054=DIRECTION('',(-1.92296268638356E-16,0.866025403784437,-0.500000000000003));
#4055=DIRECTION('',(-1.,0.,0.));
#4056=DIRECTION('',(0.,0.500000000000003,0.866025403784437));
#4057=DIRECTION('',(0.,-0.866025403784437,0.500000000000003));
#4058=DIRECTION('',(2.22387234366467E-31,-1.00154306582478E-15,-1.));
#4059=DIRECTION('',(0.,1.,-1.00154306582478E-15));
#4060=DIRECTION('',(0.,1.00267016911459E-15,1.));
#4061=DIRECTION('',(-1.,-2.22044604925031E-16,0.));
#4062=DIRECTION('',(0.,-1.,0.));
#4063=DIRECTION('',(-1.,-2.22044604925031E-16,0.));
#4064=DIRECTION('',(2.22044604925031E-16,-1.,0.));
#4065=DIRECTION('',(-1.,0.,0.));
#4066=DIRECTION('',(0.,0.,0.999999999999998));
#4067=DIRECTION('',(-1.,1.49975978266186E-32,1.83667601732677E-48));
#4068=DIRECTION('',(8.26058798084194E-16,0.,-0.999999999999999));
#4069=DIRECTION('',(1.,-1.49975978266186E-32,-1.83667601732677E-48));
#4070=DIRECTION('',(8.26058798084194E-16,0.,-0.999999999999999));
#4071=DIRECTION('',(-1.,0.,0.));
#4072=DIRECTION('',(0.,-1.,0.));
#4073=DIRECTION('',(-1.,1.49975978266186E-32,1.83667601732677E-48));
#4074=DIRECTION('',(0.,-1.,0.));
#4075=DIRECTION('',(-1.,0.,0.));
#4076=DIRECTION('',(0.,1.,0.));
#4077=DIRECTION('',(-1.,0.,0.));
#4078=DIRECTION('',(0.,-1.,0.));
#4079=DIRECTION('',(0.,0.,1.));
#4080=DIRECTION('',(0.,1.,0.));
#4081=DIRECTION('',(-1.,0.,0.));
#4082=DIRECTION('',(0.,1.,0.));
#4083=DIRECTION('',(-1.,0.,0.));
#4084=DIRECTION('',(0.,-1.,0.));
#4085=DIRECTION('',(0.,0.,-1.));
#4086=DIRECTION('',(0.,1.,0.));
#4087=DIRECTION('',(1.,0.,0.));
#4088=DIRECTION('',(0.,1.,0.));
#4089=DIRECTION('',(1.,0.,6.12323399573677E-17));
#4090=DIRECTION('',(0.,0.,1.));
#4091=DIRECTION('',(1.,0.,6.12323399573677E-17));
#4092=DIRECTION('',(6.15826833971767E-17,0.,-1.));
#4093=DIRECTION('',(-1.,0.,0.));
#4094=DIRECTION('',(0.,0.,1.));
#4095=DIRECTION('',(-1.,0.,-6.12323399573677E-17));
#4096=DIRECTION('',(0.,0.,1.));
#4097=DIRECTION('',(0.,1.,0.));
#4098=DIRECTION('',(0.,0.,0.999999999999994));
#4099=DIRECTION('',(0.,1.,0.));
#4100=DIRECTION('',(0.,-1.,0.));
#4101=DIRECTION('',(0.,0.,0.999999999999994));
#4102=DIRECTION('',(0.,-1.,0.));
#4103=DIRECTION('',(0.,-1.,0.));
#4104=DIRECTION('',(0.,0.,-0.999999999999994));
#4105=DIRECTION('',(0.,1.,0.));
#4106=DIRECTION('',(0.,0.,0.999999999999994));
#4107=DIRECTION('',(0.,1.,0.));
#4108=DIRECTION('',(0.,-1.,0.));
#4109=DIRECTION('',(0.,0.,0.999999999999994));
#4110=DIRECTION('',(0.,-1.,0.));
#4111=DIRECTION('',(0.,-1.,0.));
#4112=DIRECTION('',(0.,0.,-0.999999999999994));
#4113=DIRECTION('',(0.,-1.,0.));
#4114=DIRECTION('',(-2.22044604925031E-16,0.,-1.));
#4115=DIRECTION('',(0.,1.,0.));
#4116=DIRECTION('',(-2.22044604925031E-16,0.,-1.));
#4117=DIRECTION('',(1.,0.,-2.22044604925031E-16));
#4118=DIRECTION('',(2.22044604925031E-16,0.,1.));
#4119=DIRECTION('',(0.,1.,0.));
#4120=DIRECTION('',(-2.22044604925031E-16,0.,-1.));
#4121=DIRECTION('',(0.,-1.,0.));
#4122=DIRECTION('',(-2.22044604925031E-16,0.,-1.));
#4123=DIRECTION('',(1.,0.,-2.22044604925031E-16));
#4124=DIRECTION('',(2.22044604925031E-16,0.,1.));
#4125=DIRECTION('',(1.,0.,-2.22044604925031E-16));
#4126=DIRECTION('',(0.,1.,0.));
#4127=DIRECTION('',(1.,0.,-2.22044604925031E-16));
#4128=DIRECTION('',(-2.22044604925031E-16,0.,-1.));
#4129=DIRECTION('',(1.,0.,-2.22044604925031E-16));
#4130=DIRECTION('',(0.,-1.,0.));
#4131=DIRECTION('',(1.,0.,-2.22044604925031E-16));
#4132=DIRECTION('',(1.,0.,-2.22044604925031E-16));
#4133=DIRECTION('',(2.22044604925031E-16,0.,1.));
#4134=DIRECTION('',(-1.,0.,2.22044604925031E-16));
#4135=DIRECTION('',(2.22044604925031E-16,-1.,0.));
#4136=DIRECTION('',(-1.,0.,0.));
#4137=DIRECTION('',(0.,1.,0.));
#4138=DIRECTION('',(0.,0.,1.));
#4139=DIRECTION('',(-2.22044604925031E-16,1.,0.));
#4140=DIRECTION('',(0.,0.,1.));
#4141=DIRECTION('',(-2.22044604925031E-16,1.,0.));
#4142=DIRECTION('',(-1.,-2.22044604925031E-16,0.));
#4143=DIRECTION('',(0.,1.,0.));
#4144=DIRECTION('',(0.,0.,0.999999999999997));
#4145=DIRECTION('',(2.22044604925031E-16,-1.,0.));
#4146=DIRECTION('',(0.,0.,0.999999999999997));
#4147=DIRECTION('',(0.,1.,0.));
#4148=DIRECTION('',(0.,0.,1.00000000000003));
#4149=DIRECTION('',(0.,-1.,0.));
#4150=DIRECTION('',(0.,-1.,0.));
#4151=DIRECTION('',(0.,0.,1.00000000000003));
#4152=DIRECTION('',(0.,1.,0.));
#4153=DIRECTION('',(0.,-1.,0.));
#4154=DIRECTION('',(0.,0.,-1.00000000000003));
#4155=DIRECTION('',(0.,-1.,0.));
#4156=DIRECTION('',(0.,0.,1.00000000000003));
#4157=DIRECTION('',(0.,1.,0.));
#4158=DIRECTION('',(0.,1.,0.));
#4159=DIRECTION('',(0.,0.,1.00000000000003));
#4160=DIRECTION('',(0.,-1.,0.));
#4161=DIRECTION('',(0.,1.,0.));
#4162=DIRECTION('',(0.,0.,1.00000000000003));
#4163=DIRECTION('',(-1.,0.,-2.67974922552551E-14));
#4164=DIRECTION('',(1.,0.,2.67974922552551E-14));
#4165=DIRECTION('',(2.67974922552551E-14,0.,-1.));
#4166=DIRECTION('',(-1.,0.,-2.67980082568897E-14));
#4167=DIRECTION('',(1.,0.,-2.67974922552551E-14));
#4168=DIRECTION('',(-1.,0.,2.67974922552551E-14));
#4169=DIRECTION('',(2.67974922552551E-14,0.,1.));
#4170=DIRECTION('',(-1.,0.,2.67980082568897E-14));
#4171=DIRECTION('',(0.,-1.,0.));
#4172=DIRECTION('',(0.,0.,1.));
#4173=DIRECTION('',(0.,1.,0.));
#4174=DIRECTION('',(0.,0.,-1.));
#4175=DIRECTION('',(1.,0.,0.));
#4176=DIRECTION('',(0.,1.,0.));
#4177=DIRECTION('',(0.,0.,-1.));
#4178=DIRECTION('',(0.,0.,-1.));
#4179=DIRECTION('',(-1.,0.,0.));
#4180=DIRECTION('',(0.,0.,1.));
#4181=DIRECTION('',(0.,0.,1.));
#4182=DIRECTION('',(0.,1.,0.));
#4183=DIRECTION('',(0.,0.,1.));
#4184=DIRECTION('',(0.,1.,0.));
#4185=DIRECTION('',(0.,0.,-1.));
#4186=DIRECTION('',(1.,0.,0.));
#4187=DIRECTION('',(0.,1.,0.));
#4188=DIRECTION('',(0.,0.,1.));
#4189=DIRECTION('',(0.,1.,0.));
#4190=DIRECTION('',(0.,0.,-1.));
#4191=DIRECTION('',(0.,1.,0.));
#4192=DIRECTION('',(0.,0.,-1.));
#4193=DIRECTION('',(1.,0.,0.));
#4194=DIRECTION('',(0.,1.,0.));
#4195=DIRECTION('',(-1.,0.,0.));
#4196=DIRECTION('',(0.,0.,-1.));
#4197=DIRECTION('',(-1.,0.,0.));
#4198=DIRECTION('',(0.,0.,1.));
#4199=DIRECTION('',(-1.,0.,0.));
#4200=DIRECTION('',(0.,1.,0.));
#4201=DIRECTION('',(0.,0.,1.00000000000003));
#4202=DIRECTION('',(-0.707106781186559,0.,-0.707106781186536));
#4203=DIRECTION('',(0.,1.,0.));
#4204=DIRECTION('',(0.,0.,0.999999999999994));
#4205=DIRECTION('',(-1.,0.,-2.67974922552551E-14));
#4206=DIRECTION('',(0.,1.,0.));
#4207=DIRECTION('',(0.,0.,1.00000000000003));
#4208=DIRECTION('',(0.,0.,-1.));
#4209=DIRECTION('',(0.,0.,-1.));
#4210=DIRECTION('',(0.,-1.,0.));
#4211=DIRECTION('',(0.,0.,1.00000000000003));
#4212=DIRECTION('',(-1.,0.,2.67974922552551E-14));
#4213=DIRECTION('',(0.,-1.,0.));
#4214=DIRECTION('',(0.,0.,0.999999999999994));
#4215=DIRECTION('',(-0.707106781186559,0.,0.707106781186536));
#4216=DIRECTION('',(0.,-1.,0.));
#4217=DIRECTION('',(0.,0.,1.00000000000003));
#4218=DIRECTION('',(-1.,0.,0.));
#4219=DIRECTION('',(0.,0.,-1.));
#4220=DIRECTION('',(0.,1.,0.));
#4221=DIRECTION('',(0.,0.,1.));
#4222=DIRECTION('',(-1.,0.,0.));
#4223=DIRECTION('',(0.,0.,1.));
#4224=DIRECTION('',(0.,1.,0.));
#4225=DIRECTION('',(0.,0.,0.999999999999994));
#4226=DIRECTION('',(-1.,0.,-2.67974922552551E-14));
#4227=DIRECTION('',(0.,-1.,0.));
#4228=DIRECTION('',(0.,0.,1.00000000000003));
#4229=DIRECTION('',(-0.707106781186559,0.,-0.707106781186536));
#4230=DIRECTION('',(-0.707106781186559,0.,0.707106781186536));
#4231=DIRECTION('',(0.,1.,0.));
#4232=DIRECTION('',(0.,0.,1.00000000000003));
#4233=DIRECTION('',(-1.,0.,2.67974922552551E-14));
#4234=DIRECTION('',(0.,-1.,0.));
#4235=DIRECTION('',(0.,0.,0.999999999999994));
#4236=DIRECTION('',(0.,0.,1.));
#4237=DIRECTION('',(1.,0.,0.));
#4238=DIRECTION('',(0.,1.,0.));
#4239=DIRECTION('',(0.,0.,1.));
#4240=DIRECTION('',(0.,0.,1.));
#4241=DIRECTION('',(0.,-1.,0.));
#4242=DIRECTION('',(0.,0.,-1.));
#4243=DIRECTION('',(0.,-1.,0.));
#4244=DIRECTION('',(1.,0.,0.));
#4245=DIRECTION('',(0.,0.,-1.));
#4246=DIRECTION('',(0.,1.,0.));
#4247=DIRECTION('',(0.,0.,0.999999999999994));
#4248=DIRECTION('',(1.,0.,0.));
#4249=DIRECTION('',(0.,0.,-0.999999999999994));
#4250=DIRECTION('',(0.,0.,-1.));
#4251=DIRECTION('',(-0.999999999999998,0.,0.));
#4252=DIRECTION('',(0.,0.,0.999999999999994));
#4253=DIRECTION('',(0.999999999999998,0.,0.));
#4254=DIRECTION('',(1.,0.,0.));
#4255=DIRECTION('',(1.,0.,0.));
#4256=DIRECTION('',(0.,0.,-0.999999999999994));
#4257=DIRECTION('',(-1.,0.,0.));
#4258=DIRECTION('',(1.,0.,0.));
#4259=DIRECTION('',(0.,0.,-0.999999999999994));
#4260=DIRECTION('',(0.,1.,0.));
#4261=DIRECTION('',(0.,0.,0.999999999999994));
#4262=DIRECTION('',(0.707106781186563,4.9065389333868E-14,0.707106781186532));
#4263=DIRECTION('',(0.707106781186531,0.,-0.707106781186566));
#4264=DIRECTION('',(0.,-1.,0.));
#4265=DIRECTION('',(0.,0.,-0.999999999999994));
#4266=DIRECTION('',(0.70710678118656,0.,0.707106781186535));
#4267=DIRECTION('',(0.707106781186567,2.91325749169835E-14,0.707106781186528));
#4268=DIRECTION('',(0.707106781186529,0.,-0.707106781186566));
#4269=DIRECTION('',(-0.70710678118656,0.,-0.707106781186535));
#4270=DIRECTION('',(0.70710678118656,0.,0.707106781186535));
#4271=DIRECTION('',(0.707106781186535,0.,-0.707106781186566));
#4272=DIRECTION('',(1.,4.98732999343332E-14,2.81892564846233E-14));
#4273=DIRECTION('',(-4.98732999343332E-14,1.,0.));
#4274=DIRECTION('',(0.,1.,0.));
#4275=DIRECTION('',(0.,0.,-1.));
#4276=DIRECTION('',(0.,-1.,0.));
#4277=DIRECTION('',(0.,0.,-1.00000000000003));
#4278=DIRECTION('',(0.,-1.,0.));
#4279=DIRECTION('',(0.,0.,-0.999999999999998));
#4280=DIRECTION('',(1.,0.,1.68051336735254E-14));
#4281=DIRECTION('',(1.68051336735253E-14,0.,-0.999999999999994));
#4282=DIRECTION('',(-1.,0.,-2.7442968206425E-14));
#4283=DIRECTION('',(1.,0.,2.7442968206425E-14));
#4284=DIRECTION('',(-1.,0.,-2.7442968206425E-14));
#4285=DIRECTION('',(-2.81892564846231E-14,0.,0.999999999999994));
#4286=DIRECTION('',(0.,1.,0.));
#4287=DIRECTION('',(0.,0.,0.999999999999994));
#4288=DIRECTION('',(0.,0.,1.));
#4289=DIRECTION('',(1.,0.,0.));
#4290=DIRECTION('',(0.,-1.,0.));
#4291=DIRECTION('',(0.,0.,-0.999999999999994));
#4292=DIRECTION('',(0.,0.,1.));
#4293=DIRECTION('',(0.,0.,1.));
#4294=DIRECTION('',(1.,0.,0.));
#4295=DIRECTION('',(0.,0.,-1.));
#4296=DIRECTION('',(0.,0.,-1.));
#4297=DIRECTION('',(-1.,0.,0.));
#4298=DIRECTION('',(0.,1.,0.));
#4299=DIRECTION('',(0.,0.,0.999999999999994));
#4300=DIRECTION('',(-1.,9.75781955236954E-15,2.73761048552592E-14));
#4301=DIRECTION('',(2.7376104855259E-14,0.,0.999999999999994));
#4302=DIRECTION('',(0.,-1.,0.));
#4303=DIRECTION('',(0.,0.,-0.999999999999994));
#4304=DIRECTION('',(-1.,0.,2.7442968206425E-14));
#4305=DIRECTION('',(-1.,-3.68628738645071E-14,-8.67361737988409E-15));
#4306=DIRECTION('',(3.68628738645072E-14,-1.,0.));
#4307=DIRECTION('',(1.,0.,-2.7442968206425E-14));
#4308=DIRECTION('',(1.,0.,-2.7442968206425E-14));
#4309=DIRECTION('',(-2.7376104855259E-14,0.,-0.999999999999994));
#4310=DIRECTION('',(-0.707106781186563,5.05986827505514E-14,0.707106781186532));
#4311=DIRECTION('',(0.707106781186533,0.,0.707106781186566));
#4312=DIRECTION('',(0.,1.,0.));
#4313=DIRECTION('',(0.,0.,-1.));
#4314=DIRECTION('',(0.,-1.,0.));
#4315=DIRECTION('',(0.,0.,-1.00000000000003));
#4316=DIRECTION('',(0.,-1.,0.));
#4317=DIRECTION('',(0.,0.,-0.999999999999998));
#4318=DIRECTION('',(-0.707106781186565,-3.06658683336682E-15,0.70710678118653));
#4319=DIRECTION('',(0.707106781186531,0.,0.707106781186566));
#4320=DIRECTION('',(0.70710678118656,0.,-0.707106781186535));
#4321=DIRECTION('',(-0.70710678118656,0.,0.707106781186535));
#4322=DIRECTION('',(0.70710678118656,0.,-0.707106781186535));
#4323=DIRECTION('',(-0.707106781186535,0.,-0.707106781186566));
#4324=DIRECTION('',(0.,1.,0.));
#4325=DIRECTION('',(0.,0.,0.999999999999994));
#4326=DIRECTION('',(-1.,-4.33680868994202E-15,0.));
#4327=DIRECTION('',(4.33680868994202E-15,-1.,0.));
#4328=DIRECTION('',(0.,-1.,0.));
#4329=DIRECTION('',(0.,0.,-0.999999999999994));
#4330=DIRECTION('',(-1.,0.,0.));
#4331=DIRECTION('',(-1.,0.,0.));
#4332=DIRECTION('',(0.,0.,0.999999999999994));
#4333=DIRECTION('',(1.,0.,0.));
#4334=DIRECTION('',(-1.,0.,0.));
#4335=DIRECTION('',(0.,0.,0.999999999999994));
#4336=DIRECTION('',(0.,1.,0.));
#4337=DIRECTION('',(0.,0.,0.999999999999994));
#4338=DIRECTION('',(0.,0.,-1.));
#4339=DIRECTION('',(-0.999999999999998,0.,0.));
#4340=DIRECTION('',(0.,0.,0.999999999999994));
#4341=DIRECTION('',(0.999999999999998,0.,0.));
#4342=DIRECTION('',(0.,0.,-1.));
#4343=DIRECTION('',(0.,0.,1.));
#4344=DIRECTION('',(0.,0.,-1.));
#4345=DIRECTION('',(-0.999999999999998,0.,0.));
#4346=DIRECTION('',(0.,1.,0.));
#4347=DIRECTION('',(0.,0.,-1.));
#4348=DIRECTION('',(0.,-1.,0.));
#4349=DIRECTION('',(0.,0.,-1.));
#4350=DIRECTION('',(0.,-1.,0.));
#4351=DIRECTION('',(0.,0.,-1.));
#4352=DIRECTION('',(0.,-1.,0.));
#4353=DIRECTION('',(0.,0.,1.));
#4354=DIRECTION('',(1.,0.,0.));
#4355=DIRECTION('',(0.,0.,-1.));
#4356=DIRECTION('',(1.,0.,0.));
#4357=DIRECTION('',(-1.,0.,0.));
#4358=DIRECTION('',(0.,1.,0.));
#4359=DIRECTION('',(0.,0.,1.));
#4360=DIRECTION('',(0.707106781186558,0.,0.707106781186537));
#4361=DIRECTION('',(0.,-1.,0.));
#4362=DIRECTION('',(0.707106781186556,0.,0.70710678118654));
#4363=DIRECTION('',(0.,-1.,0.));
#4364=DIRECTION('',(0.70710678118654,0.,-0.707106781186556));
#4365=DIRECTION('',(-0.707106781186556,0.,-0.70710678118654));
#4366=DIRECTION('',(0.,-1.,0.));
#4367=DIRECTION('',(0.,0.,1.));
#4368=DIRECTION('',(0.,-1.,0.));
#4369=DIRECTION('',(0.,-1.,0.));
#4370=DIRECTION('',(0.,0.,1.));
#4371=DIRECTION('',(0.,-1.,0.));
#4372=DIRECTION('',(0.,0.,-1.));
#4373=DIRECTION('',(1.,0.,2.35225441769357E-14));
#4374=DIRECTION('',(0.,-1.,0.));
#4375=DIRECTION('',(1.,0.,2.25164545034084E-14));
#4376=DIRECTION('',(2.25164545034084E-14,0.,-1.));
#4377=DIRECTION('',(-1.,0.,-2.2516710718179E-14));
#4378=DIRECTION('',(0.,0.,1.));
#4379=DIRECTION('',(0.,-1.,0.));
#4380=DIRECTION('',(0.,0.,1.));
#4381=DIRECTION('',(1.,0.,0.));
#4382=DIRECTION('',(0.,0.,-1.));
#4383=DIRECTION('',(-1.,0.,2.54827561916804E-14));
#4384=DIRECTION('',(0.,-1.,0.));
#4385=DIRECTION('',(-1.,0.,2.25164545034084E-14));
#4386=DIRECTION('',(2.25164545034084E-14,0.,1.));
#4387=DIRECTION('',(1.,0.,-2.2516710718179E-14));
#4388=DIRECTION('',(0.,-1.,0.));
#4389=DIRECTION('',(0.,0.,1.));
#4390=DIRECTION('',(0.,-1.,0.));
#4391=DIRECTION('',(0.,-1.,0.));
#4392=DIRECTION('',(0.,0.,1.));
#4393=DIRECTION('',(0.,-1.,0.));
#4394=DIRECTION('',(0.,0.,-1.));
#4395=DIRECTION('',(-0.707106781186555,0.,0.70710678118654));
#4396=DIRECTION('',(0.,-1.,0.));
#4397=DIRECTION('',(-0.707106781186556,0.,0.707106781186539));
#4398=DIRECTION('',(0.707106781186539,0.,0.707106781186556));
#4399=DIRECTION('',(0.707106781186556,0.,-0.707106781186539));
#4400=DIRECTION('',(-1.,0.,0.));
#4401=DIRECTION('',(-1.,0.,0.));
#4402=DIRECTION('',(0.,0.,1.));
#4403=DIRECTION('',(1.,0.,0.));
#4404=DIRECTION('',(1.,0.,0.));
#4405=DIRECTION('',(0.,1.,0.));
#4406=DIRECTION('',(0.,0.,1.));
#4407=DIRECTION('',(1.,0.,0.));
#4408=DIRECTION('',(0.,0.,-1.));
#4409=DIRECTION('',(-1.,0.,0.));
#4410=DIRECTION('',(0.,0.,-1.));
#4411=DIRECTION('',(1.,0.,0.));
#4412=DIRECTION('',(0.,0.,-1.));
#4413=DIRECTION('',(0.,1.,0.));
#4414=DIRECTION('',(0.,0.,1.00000000000003));
#4415=DIRECTION('',(1.,0.,2.67974922552551E-14));
#4416=DIRECTION('',(0.,1.,0.));
#4417=DIRECTION('',(0.,0.,0.999999999999994));
#4418=DIRECTION('',(-0.707106781186559,0.,-0.707106781186536));
#4419=DIRECTION('',(0.,1.,0.));
#4420=DIRECTION('',(0.,0.,1.00000000000003));
#4421=DIRECTION('',(-1.,0.,0.));
#4422=DIRECTION('',(0.,-1.,0.));
#4423=DIRECTION('',(0.,0.,1.00000000000003));
#4424=DIRECTION('',(0.,0.,-1.));
#4425=DIRECTION('',(0.,1.,0.));
#4426=DIRECTION('',(0.,0.,1.00000000000003));
#4427=DIRECTION('',(-1.,0.,0.));
#4428=DIRECTION('',(0.,-1.,0.));
#4429=DIRECTION('',(0.,0.,1.00000000000003));
#4430=DIRECTION('',(-0.707106781186559,0.,0.707106781186536));
#4431=DIRECTION('',(0.,-1.,0.));
#4432=DIRECTION('',(0.,0.,0.999999999999994));
#4433=DIRECTION('',(1.,0.,-2.67974922552551E-14));
#4434=DIRECTION('',(0.,-1.,0.));
#4435=DIRECTION('',(0.,0.,1.00000000000003));
#4436=DIRECTION('',(0.,0.,-1.));
#4437=DIRECTION('',(-1.,0.,0.));
#4438=DIRECTION('',(0.,-1.,0.));
#4439=DIRECTION('',(0.,0.,-1.));
#4440=DIRECTION('',(-1.,-2.22044604925031E-16,0.));
#4441=DIRECTION('',(-1.,0.,0.));
#4442=DIRECTION('',(0.,0.,1.));
#4443=DIRECTION('',(1.,2.22044604925031E-16,0.));
#4444=DIRECTION('',(-1.,0.,0.));
#4445=DIRECTION('',(0.,-1.,0.));
#4446=DIRECTION('',(1.,2.22044604925031E-16,0.));
#4447=DIRECTION('',(0.,1.,0.));
#4448=DIRECTION('',(-1.,-2.22044604925031E-16,0.));
#4449=DIRECTION('',(-1.,0.,0.));
#4450=DIRECTION('',(0.,0.,1.));
#4451=DIRECTION('',(1.,2.22044604925031E-16,0.));
#4452=DIRECTION('',(1.,0.,0.));
#4453=DIRECTION('',(0.,-1.,0.));
#4454=DIRECTION('',(-1.,-2.22044604925031E-16,0.));
#4455=DIRECTION('',(0.,-1.,0.));
#4456=DIRECTION('',(-1.,-2.22044604925031E-16,0.));
#4457=DIRECTION('',(-1.,0.,0.));
#4458=DIRECTION('',(0.,0.,1.));
#4459=DIRECTION('',(1.,2.22044604925031E-16,0.));
#4460=DIRECTION('',(1.,0.,0.));
#4461=DIRECTION('',(0.,-1.,0.));
#4462=DIRECTION('',(-1.,-2.22044604925031E-16,0.));
#4463=DIRECTION('',(0.,-1.,0.));
#4464=DIRECTION('',(-1.,-2.22044604925031E-16,0.));
#4465=DIRECTION('',(-1.,0.,0.));
#4466=DIRECTION('',(0.,0.,1.));
#4467=DIRECTION('',(1.,2.22044604925031E-16,0.));
#4468=DIRECTION('',(-1.,0.,0.));
#4469=DIRECTION('',(0.,-1.,0.));
#4470=DIRECTION('',(1.,2.22044604925031E-16,0.));
#4471=DIRECTION('',(0.,1.,0.));
#4472=DIRECTION('',(0.,-1.,0.));
#4473=DIRECTION('',(0.,-1.,0.));
#4474=DIRECTION('',(0.,0.,-1.));
#4475=DIRECTION('',(-2.22044604925031E-16,1.,0.));
#4476=DIRECTION('',(0.,0.,1.));
#4477=DIRECTION('',(0.,0.,-1.));
#4478=DIRECTION('',(-1.,-2.22044604925031E-16,0.));
#4479=DIRECTION('',(0.,0.,1.));
#4480=DIRECTION('',(1.,2.22044604925031E-16,0.));
#4481=DIRECTION('',(0.,0.,-1.));
#4482=DIRECTION('',(2.22044604925031E-16,-1.,0.));
#4483=DIRECTION('',(0.,0.,-1.));
#4484=DIRECTION('',(0.,1.,0.));
#4485=DIRECTION('',(-1.,-2.22044604925031E-16,0.));
#4486=DIRECTION('',(2.22044604925031E-16,-1.,0.));
#4487=DIRECTION('',(1.,2.22044604925031E-16,0.));
#4488=DIRECTION('',(0.,0.,1.));
#4489=DIRECTION('',(2.22044604925031E-16,-1.,0.));
#4490=DIRECTION('',(0.,0.,-1.));
#4491=DIRECTION('',(0.,0.,-1.));
#4492=DIRECTION('',(-1.,-2.22044604925031E-16,0.));
#4493=DIRECTION('',(0.,0.,-1.));
#4494=DIRECTION('',(1.,2.22044604925031E-16,0.));
#4495=DIRECTION('',(0.,0.,-1.));
#4496=DIRECTION('',(-2.22044604925031E-16,1.,0.));
#4497=DIRECTION('',(0.,0.,1.));
#4498=DIRECTION('',(0.,1.,0.));
#4499=DIRECTION('',(-1.,-2.22044604925031E-16,0.));
#4500=DIRECTION('',(2.22044604925031E-16,-1.,0.));
#4501=DIRECTION('',(1.,2.22044604925031E-16,0.));
#4502=DIRECTION('',(0.,0.,-1.));
#4503=DIRECTION('',(-2.22044604925031E-16,1.,0.));
#4504=DIRECTION('',(-1.,0.,0.));
#4505=DIRECTION('',(0.,-1.,0.));
#4506=DIRECTION('',(-1.,-2.22044604925031E-16,0.));
#4507=DIRECTION('',(0.,-1.,0.));
#4508=DIRECTION('',(-1.,-2.22044604925031E-16,0.));
#4509=DIRECTION('',(0.,-1.,0.));
#4510=DIRECTION('',(1.,0.,0.));
#4511=DIRECTION('',(0.,-1.,0.));
#4512=DIRECTION('',(-1.,-2.22044604925031E-16,0.));
#4513=DIRECTION('',(0.,-1.,0.));
#4514=DIRECTION('',(1.,2.22044604925031E-16,0.));
#4515=DIRECTION('',(0.,1.,0.));
#4516=DIRECTION('',(-1.,0.,0.));
#4517=DIRECTION('',(0.,-1.,0.));
#4518=DIRECTION('',(-1.,-2.22044604925031E-16,0.));
#4519=DIRECTION('',(0.,-1.,0.));
#4520=DIRECTION('',(-1.,-2.22044604925031E-16,0.));
#4521=DIRECTION('',(0.,-1.,0.));
#4522=DIRECTION('',(1.,0.,0.));
#4523=DIRECTION('',(0.,-1.,0.));
#4524=DIRECTION('',(-1.,-2.22044604925031E-16,0.));
#4525=DIRECTION('',(0.,-1.,0.));
#4526=DIRECTION('',(1.,2.22044604925031E-16,0.));
#4527=DIRECTION('',(0.,1.,0.));
#4528=DIRECTION('',(-1.,-2.22044604925031E-16,0.));
#4529=DIRECTION('',(-2.22044604925031E-16,1.,0.));
#4530=DIRECTION('',(0.,-1.,0.));
#4531=DIRECTION('',(-1.,0.,0.));
#4532=DIRECTION('',(0.,-1.,0.));
#4533=DIRECTION('',(-1.,0.,0.));
#4534=DIRECTION('',(0.,-1.,0.));
#4535=DIRECTION('',(0.,-1.,0.));
#4536=DIRECTION('',(0.,0.,1.));
#4537=DIRECTION('',(2.22044604925031E-16,-1.,0.));
#4538=DIRECTION('',(1.,2.22044604925031E-16,0.));
#4539=DIRECTION('',(0.,0.,1.));
#4540=DIRECTION('',(-1.,-2.22044604925031E-16,0.));
#4541=DIRECTION('',(0.,0.,1.));
#4542=DIRECTION('',(2.22044604925031E-16,-1.,0.));
#4543=DIRECTION('',(0.,0.,-1.));
#4544=DIRECTION('',(1.,2.22044604925031E-16,0.));
#4545=DIRECTION('',(-2.22044604925031E-16,1.,0.));
#4546=DIRECTION('',(-1.,-2.22044604925031E-16,0.));
#4547=DIRECTION('',(0.,1.,0.));
#4548=DIRECTION('',(0.,0.,1.));
#4549=DIRECTION('',(2.22044604925031E-16,-1.,0.));
#4550=DIRECTION('',(-1.,-2.22044604925031E-16,0.));
#4551=DIRECTION('',(0.,1.,0.));
#4552=DIRECTION('',(0.,0.,-1.));
#4553=DIRECTION('',(-1.,-2.22044604925031E-16,0.));
#4554=DIRECTION('',(0.,1.,0.));
#4555=DIRECTION('',(2.22044604925031E-16,-1.,-4.71890076124991E-32));
#4556=DIRECTION('',(-1.,-2.22044604925031E-16,0.));
#4557=DIRECTION('',(0.,0.999999999999999,0.));
#4558=DIRECTION('',(0.,0.,1.));
#4559=DIRECTION('',(-1.,-2.22044604925031E-16,0.));
#4560=DIRECTION('',(0.,0.999999999999999,0.));
#4561=DIRECTION('',(-2.22044604925031E-16,1.,-4.71890076124991E-32));
#4562=DIRECTION('',(1.,2.22044604925031E-16,0.));
#4563=DIRECTION('',(0.,1.,0.));
#4564=DIRECTION('',(-2.22044604925031E-16,1.,0.));
#4565=DIRECTION('',(1.,2.22044604925031E-16,0.));
#4566=DIRECTION('',(0.,0.999999999999999,0.));
#4567=DIRECTION('',(0.,0.,1.));
#4568=DIRECTION('',(1.,2.22044604925031E-16,0.));
#4569=DIRECTION('',(0.,0.999999999999999,0.));
#4570=DIRECTION('',(2.22044604925031E-16,-1.,0.));
#4571=DIRECTION('',(1.,2.22044604925031E-16,0.));
#4572=DIRECTION('',(0.,1.,0.));
#4573=DIRECTION('',(0.,0.,-1.));
#4574=DIRECTION('',(1.,2.22044604925031E-16,0.));
#4575=DIRECTION('',(2.22044604925031E-16,-1.,0.));
#4576=DIRECTION('',(1.,2.22044604925031E-16,0.));
#4577=DIRECTION('',(0.,0.,-1.));
#4578=DIRECTION('',(-1.,-2.22044604925031E-16,0.));
#4579=DIRECTION('',(0.,0.,1.));
#4580=DIRECTION('',(-2.22044604925031E-16,1.,0.));
#4581=DIRECTION('',(0.,0.,1.));
#4582=DIRECTION('',(1.,2.22044604925031E-16,0.));
#4583=DIRECTION('',(2.22044604925031E-16,-1.,0.));
#4584=DIRECTION('',(-1.,-2.22044604925031E-16,0.));
#4585=DIRECTION('',(0.,-1.,0.));
#4586=DIRECTION('',(0.,0.,-1.));
#4587=DIRECTION('',(-2.22044604925031E-16,1.,0.));
#4588=DIRECTION('',(0.,0.,-1.));
#4589=DIRECTION('',(1.,0.,0.));
#4590=DIRECTION('',(0.,-0.999999999999994,0.));
#4591=DIRECTION('',(0.,-1.,0.));
#4592=DIRECTION('',(1.,0.,0.));
#4593=DIRECTION('',(0.,-0.999999999999994,0.));
#4594=DIRECTION('',(0.,0.,-1.));
#4595=DIRECTION('',(1.,0.,0.));
#4596=DIRECTION('',(0.,-0.999999999999994,0.));
#4597=DIRECTION('',(0.,1.,0.));
#4598=DIRECTION('',(1.,0.,0.));
#4599=DIRECTION('',(0.,-0.999999999999994,0.));
#4600=DIRECTION('',(-1.,0.,0.));
#4601=DIRECTION('',(0.,-1.,0.));
#4602=DIRECTION('',(-1.,0.,0.));
#4603=DIRECTION('',(0.,-0.999999999999999,0.));
#4604=DIRECTION('',(-1.,0.,0.));
#4605=DIRECTION('',(0.,0.999999999999999,0.));
#4606=DIRECTION('',(1.,2.22044604925031E-16,0.));
#4607=DIRECTION('',(0.,0.999999999999999,0.));
#4608=DIRECTION('',(-1.,0.,0.));
#4609=DIRECTION('',(0.,-1.,0.));
#4610=DIRECTION('',(-1.,0.,0.));
#4611=DIRECTION('',(0.,0.999999999999999,0.));
#4612=DIRECTION('',(-1.,-2.22044604925031E-16,0.));
#4613=DIRECTION('',(0.,-1.,0.));
#4614=DIRECTION('',(-1.,0.,0.));
#4615=DIRECTION('',(0.,-1.,0.));
#4616=DIRECTION('',(-1.,0.,0.));
#4617=DIRECTION('',(0.,0.999999999999999,0.));
#4618=DIRECTION('',(1.,2.22044604925031E-16,0.));
#4619=DIRECTION('',(0.,0.999999999999999,0.));
#4620=DIRECTION('',(-1.,0.,0.));
#4621=DIRECTION('',(0.,-0.999999999999999,0.));
#4622=DIRECTION('',(-1.,0.,0.));
#4623=DIRECTION('',(0.,0.999999999999999,0.));
#4624=DIRECTION('',(-1.,-2.22044604925031E-16,0.));
#4625=DIRECTION('',(0.,-0.999999999999999,0.));
#4626=DIRECTION('',(-0.928476690885256,3.29861184015565E-17,-0.371390676354113));
#4627=DIRECTION('',(-1.,-2.22044604925031E-16,0.));
#4628=DIRECTION('',(0.,1.,0.));
#4629=DIRECTION('',(0.928476690885259,0.371390676354104,0.));
#4630=DIRECTION('',(-1.,0.,0.));
#4631=DIRECTION('',(4.32275972084927E-17,-1.,0.));
#4632=DIRECTION('',(-0.928476690885256,3.29861184015565E-17,-0.371390676354113));
#4633=DIRECTION('',(2.22044604925031E-16,-1.,0.));
#4634=DIRECTION('',(-0.371390676354113,-8.2465296003889E-17,0.928476690885256));
#4635=DIRECTION('',(0.928476690885256,0.,0.371390676354113));
#4636=DIRECTION('',(0.,0.,1.));
#4637=DIRECTION('',(0.928476690885259,0.371390676354104,0.));
#4638=DIRECTION('',(-0.371390676354104,0.928476690885259,0.));
#4639=DIRECTION('',(-0.928476690885259,-0.371390676354104,0.));
#4640=DIRECTION('',(-0.928476690885259,0.371390676354104,0.));
#4641=DIRECTION('',(-1.,-2.22044604925031E-16,0.));
#4642=DIRECTION('',(0.,1.,0.));
#4643=DIRECTION('',(-1.,0.,0.));
#4644=DIRECTION('',(4.32275972084927E-17,-1.,0.));
#4645=DIRECTION('',(-1.,-2.22044604925031E-16,0.));
#4646=DIRECTION('',(0.,1.,0.));
#4647=DIRECTION('',(0.928476690885256,0.,-0.371390676354113));
#4648=DIRECTION('',(-1.,0.,0.));
#4649=DIRECTION('',(4.32275972084927E-17,-1.,0.));
#4650=DIRECTION('',(-0.928476690885259,0.371390676354104,0.));
#4651=DIRECTION('',(0.,0.,-1.));
#4652=DIRECTION('',(-0.371390676354104,-0.928476690885259,0.));
#4653=DIRECTION('',(0.928476690885259,-0.371390676354104,0.));
#4654=DIRECTION('',(-2.22044604925031E-16,1.,0.));
#4655=DIRECTION('',(0.928476690885256,0.,-0.371390676354113));
#4656=DIRECTION('',(-0.371390676354113,-8.2465296003889E-17,-0.928476690885256));
#4657=DIRECTION('',(-0.928476690885256,0.,0.371390676354113));
#4658=DIRECTION('',(-1.,-2.22044604925031E-16,0.));
#4659=DIRECTION('',(0.,1.,0.));
#4660=DIRECTION('',(-1.,0.,0.));
#4661=DIRECTION('',(4.32275972084927E-17,-1.,0.));
#4662=DIRECTION('',(-0.707106781186547,-0.707106781186547,0.));
#4663=DIRECTION('',(1.,2.22044604925031E-16,0.));
#4664=DIRECTION('',(0.,-1.,0.));
#4665=DIRECTION('',(0.707106781186551,0.,0.707106781186544));
#4666=DIRECTION('',(1.,0.,0.));
#4667=DIRECTION('',(-1.73385654770296E-17,1.,0.));
#4668=DIRECTION('',(-0.707106781186549,-0.707106781186546,0.));
#4669=DIRECTION('',(0.,0.,1.));
#4670=DIRECTION('',(0.707106781186546,-0.707106781186549,0.));
#4671=DIRECTION('',(0.,0.,-1.));
#4672=DIRECTION('',(2.22044604925031E-16,-1.,3.69778549322349E-32));
#4673=DIRECTION('',(0.707106781186551,0.,0.707106781186544));
#4674=DIRECTION('',(0.707106781186544,1.57009245868377E-16,-0.707106781186551));
#4675=DIRECTION('',(-2.22044604925031E-16,1.,0.));
#4676=DIRECTION('',(-0.707106781186551,0.,0.707106781186544));
#4677=DIRECTION('',(1.,2.22044604925031E-16,0.));
#4678=DIRECTION('',(0.,-1.,0.));
#4679=DIRECTION('',(1.,0.,0.));
#4680=DIRECTION('',(-1.73385654770296E-17,1.,0.));
#4681=DIRECTION('',(1.,2.22044604925031E-16,0.));
#4682=DIRECTION('',(0.,-1.,0.));
#4683=DIRECTION('',(0.707106781186547,-0.707106781186547,0.));
#4684=DIRECTION('',(1.,0.,0.));
#4685=DIRECTION('',(-1.73385654770296E-17,1.,0.));
#4686=DIRECTION('',(-0.707106781186551,0.,0.707106781186544));
#4687=DIRECTION('',(-2.22044604925031E-16,1.,3.69778549322349E-32));
#4688=DIRECTION('',(0.707106781186544,1.57009245868377E-16,0.707106781186551));
#4689=DIRECTION('',(2.22044604925031E-16,-1.,0.));
#4690=DIRECTION('',(0.,0.,-1.));
#4691=DIRECTION('',(0.707106781186549,-0.707106781186546,0.));
#4692=DIRECTION('',(0.707106781186546,0.707106781186549,0.));
#4693=DIRECTION('',(0.,0.,1.));
#4694=DIRECTION('',(1.,2.22044604925031E-16,0.));
#4695=DIRECTION('',(0.,-1.,0.));
#4696=DIRECTION('',(1.,0.,0.));
#4697=DIRECTION('',(-1.73385654770296E-17,1.,0.));
#4698=DIRECTION('',(0.,0.,-1.));
#4699=DIRECTION('',(0.,0.999999999999994,0.));
#4700=DIRECTION('',(0.,0.,1.));
#4701=DIRECTION('',(0.,-0.999999999999994,0.));
#4702=DIRECTION('',(0.,0.,1.));
#4703=DIRECTION('',(0.,-0.999999999999994,0.));
#4704=DIRECTION('',(-2.22044604925031E-16,1.,0.));
#4705=DIRECTION('',(0.999999999999994,0.,0.));
#4706=DIRECTION('',(1.,2.22044604925031E-16,0.));
#4707=DIRECTION('',(0.,1.,0.));
#4708=DIRECTION('',(-2.22044604925031E-16,1.,4.71890076124991E-32));
#4709=DIRECTION('',(0.999999999999994,0.,0.));
#4710=DIRECTION('',(1.,2.22044604925031E-16,0.));
#4711=DIRECTION('',(0.,1.,0.));
#4712=DIRECTION('',(-2.22044604925031E-16,1.,-4.71890076124991E-32));
#4713=DIRECTION('',(-0.999999999999994,0.,0.));
#4714=DIRECTION('',(-2.22044604925031E-16,1.,-4.71890076124991E-32));
#4715=DIRECTION('',(-0.999999999999994,0.,0.));
#4716=DIRECTION('',(-2.22044604925031E-16,1.,0.));
#4717=DIRECTION('',(-0.999999999999994,0.,0.));
#4718=DIRECTION('',(2.22044604925031E-16,-1.,-4.71890076124991E-32));
#4719=DIRECTION('',(0.999999999999994,0.,0.));
#4720=DIRECTION('',(0.,0.,-1.));
#4721=DIRECTION('',(0.,-0.999999999999994,0.));
#4722=DIRECTION('',(1.,2.22044604925031E-16,0.));
#4723=DIRECTION('',(0.,1.,0.));
#4724=DIRECTION('',(0.,0.,1.));
#4725=DIRECTION('',(0.,0.999999999999994,0.));
#4726=DIRECTION('',(1.,2.22044604925031E-16,0.));
#4727=DIRECTION('',(0.,0.999999999999999,0.));
#4728=DIRECTION('',(0.,0.,-1.));
#4729=DIRECTION('',(0.,0.999999999999994,0.));
#4730=DIRECTION('',(-2.22044604925031E-16,1.,0.));
#4731=DIRECTION('',(0.999999999999994,0.,0.));
#4732=DIRECTION('',(2.22044604925031E-16,-1.,0.));
#4733=DIRECTION('',(0.999999999999994,0.,0.));
#4734=DIRECTION('',(2.22044604925031E-16,-1.,0.));
#4735=DIRECTION('',(0.999999999999994,0.,0.));
#4736=DIRECTION('',(0.,0.,-1.));
#4737=DIRECTION('',(0.,0.999999999999994,0.));
#4738=DIRECTION('',(1.,2.22044604925031E-16,0.));
#4739=DIRECTION('',(0.,1.,0.));
#4740=DIRECTION('',(0.,0.,-1.));
#4741=DIRECTION('',(0.,0.999999999999994,0.));
#4742=DIRECTION('',(1.,2.22044604925031E-16,0.));
#4743=DIRECTION('',(0.,1.,0.));
#4744=DIRECTION('',(0.,0.,-1.));
#4745=DIRECTION('',(0.,0.999999999999994,0.));
#4746=DIRECTION('',(0.,0.,-1.));
#4747=DIRECTION('',(0.,0.999999999999994,0.));
#4748=DIRECTION('',(0.,0.,-1.));
#4749=DIRECTION('',(0.,-0.999999999999994,0.));
#4750=DIRECTION('',(0.,0.,-1.));
#4751=DIRECTION('',(0.,0.999999999999994,0.));
#4752=DIRECTION('',(-2.22044604925031E-16,1.,0.));
#4753=DIRECTION('',(-0.999999999999994,0.,0.));
#4754=DIRECTION('',(1.,2.22044604925031E-16,0.));
#4755=DIRECTION('',(0.,1.,0.));
#4756=DIRECTION('',(2.22044604925031E-16,-1.,0.));
#4757=DIRECTION('',(-0.999999999999994,0.,0.));
#4758=DIRECTION('',(1.,2.22044604925031E-16,0.));
#4759=DIRECTION('',(0.,1.,0.));
#4760=DIRECTION('',(-2.22044604925031E-16,1.,0.));
#4761=DIRECTION('',(-0.999999999999994,0.,0.));
#4762=DIRECTION('',(0.,-1.,0.));
#4763=DIRECTION('',(0.,-1.,0.));
#4764=DIRECTION('',(0.,0.,-1.));
#4765=DIRECTION('',(0.,1.,0.));
#4766=DIRECTION('',(0.,1.,0.));
#4767=DIRECTION('',(0.,1.,0.));
#4768=DIRECTION('',(0.,0.,-1.));
#4769=DIRECTION('',(0.,1.,0.));
#4770=DIRECTION('',(0.,1.,0.));
#4771=DIRECTION('',(1.,0.,6.12323399573677E-17));
#4772=DIRECTION('',(0.,1.,0.));
#4773=DIRECTION('',(-1.,0.,-6.12323399573677E-17));
#4774=DIRECTION('',(-6.12323399573677E-17,0.,1.));
#4775=DIRECTION('',(0.,-1.,0.));
#4776=DIRECTION('',(0.,0.,1.));
#4777=DIRECTION('',(0.,0.,-1.));
#4778=DIRECTION('',(1.,0.,6.12323399573677E-17));
#4779=DIRECTION('',(0.,-1.,0.));
#4780=DIRECTION('',(6.07153216591882E-17,0.,-1.));
#4781=DIRECTION('',(0.,-1.,0.));
#4782=DIRECTION('',(0.,1.,0.));
#4783=DIRECTION('',(-1.,0.,-6.12323399573677E-17));
#4784=DIRECTION('',(6.12323399573677E-17,0.,-1.));
#4785=DIRECTION('',(0.,1.,0.));
#4786=DIRECTION('',(0.,0.,-1.));
#4787=DIRECTION('',(0.,0.,1.));
#4788=DIRECTION('',(0.,1.,0.));
#4789=DIRECTION('',(-6.07153216591882E-17,0.,1.));
#4790=DIRECTION('',(0.,0.,1.));
#4791=DIRECTION('',(1.,0.,0.));
#4792=DIRECTION('',(0.,1.,0.));
#4793=DIRECTION('',(0.,0.,1.00000000000003));
#4794=DIRECTION('',(1.,0.,0.));
#4795=DIRECTION('',(0.,0.,1.));
#4796=DIRECTION('',(0.,-1.,0.));
#4797=DIRECTION('',(0.,0.,1.00000000000003));
#4798=DIRECTION('',(0.,0.,-1.));
#4799=DIRECTION('',(0.,-1.,0.));
#4800=DIRECTION('',(0.,0.,1.00000000000003));
#4801=DIRECTION('',(-1.,0.,0.));
#4802=DIRECTION('',(0.,1.,0.));
#4803=DIRECTION('',(0.,0.,0.999999999999994));
#4804=DIRECTION('',(-1.,0.,0.));
#4805=DIRECTION('',(0.,1.,0.));
#4806=DIRECTION('',(0.,0.,0.999999999999994));
#4807=DIRECTION('',(0.,0.,1.));
#4808=DIRECTION('',(0.,-1.,0.));
#4809=DIRECTION('',(0.,0.,0.999999999999994));
#4810=DIRECTION('',(-1.,0.,0.));
#4811=DIRECTION('',(0.,-1.,0.));
#4812=DIRECTION('',(0.,0.,0.999999999999994));
#4813=DIRECTION('',(1.,0.,0.));
#4814=DIRECTION('',(0.,-1.,0.));
#4815=DIRECTION('',(0.,0.,1.00000000000003));
#4816=DIRECTION('',(0.,0.,1.));
#4817=DIRECTION('',(-1.,0.,0.));
#4818=DIRECTION('',(0.,1.,0.));
#4819=DIRECTION('',(0.,0.,0.999999999999994));
#4820=DIRECTION('',(0.707106781186559,0.,-0.707106781186536));
#4821=DIRECTION('',(0.707106781186559,0.,0.707106781186536));
#4822=DIRECTION('',(0.,1.,0.));
#4823=DIRECTION('',(0.,0.,0.999999999999994));
#4824=DIRECTION('',(-1.,0.,0.));
#4825=DIRECTION('',(0.,1.,0.));
#4826=DIRECTION('',(0.,0.,1.));
#4827=DIRECTION('',(0.,1.,0.));
#4828=DIRECTION('',(0.,0.,1.00000000000003));
#4829=DIRECTION('',(0.,-1.,0.));
#4830=DIRECTION('',(0.,1.,0.));
#4831=DIRECTION('',(0.,-1.,0.));
#4832=DIRECTION('',(0.,0.,-1.00000000000003));
#4833=DIRECTION('',(0.,0.707106781186548,-0.707106781186548));
#4834=DIRECTION('',(-1.,0.,0.));
#4835=DIRECTION('',(0.,-0.707106781186548,0.707106781186548));
#4836=DIRECTION('',(0.,-0.707106781186547,-0.707106781186547));
#4837=DIRECTION('',(0.,0.707106781186548,-0.707106781186548));
#4838=DIRECTION('',(0.,0.,-1.));
#4839=DIRECTION('',(0.,1.,0.));
#4840=DIRECTION('',(0.,0.,1.));
#4841=DIRECTION('',(0.,-1.,0.));
#4842=DIRECTION('',(1.,0.,0.));
#4843=DIRECTION('',(0.,1.,0.));
#4844=DIRECTION('',(0.,0.,-1.));
#4845=DIRECTION('',(0.,1.,0.));
#4846=DIRECTION('',(1.,0.,0.));
#4847=DIRECTION('',(0.,1.,0.));
#4848=DIRECTION('',(0.,-1.,0.));
#4849=DIRECTION('',(-1.,0.,0.));
#4850=DIRECTION('',(0.,0.,1.));
#4851=DIRECTION('',(0.,1.,0.));
#4852=DIRECTION('',(0.,1.,0.));
#4853=DIRECTION('',(0.,0.,1.));
#4854=DIRECTION('',(1.,0.,0.));
#4855=DIRECTION('',(0.,1.,0.));
#4856=DIRECTION('',(0.,-1.,0.));
#4857=DIRECTION('',(0.,1.,0.));
#4858=DIRECTION('',(0.,0.,0.999999999999994));
#4859=DIRECTION('',(0.,-1.,0.));
#4860=DIRECTION('',(0.,0.,0.999999999999994));
#4861=DIRECTION('',(0.,1.,0.));
#4862=DIRECTION('',(0.,0.,-1.));
#4863=DIRECTION('',(0.,-1.,0.));
#4864=DIRECTION('',(0.,-1.,0.));
#4865=DIRECTION('',(0.,1.,0.));
#4866=DIRECTION('',(0.,-1.,0.));
#4867=DIRECTION('',(0.,0.,0.999999999999994));
#4868=DIRECTION('',(0.,1.,0.));
#4869=DIRECTION('',(1.,0.,0.));
#4870=DIRECTION('',(0.,0.,1.));
#4871=DIRECTION('',(0.,1.,0.));
#4872=DIRECTION('',(0.,-1.,0.));
#4873=DIRECTION('',(0.,-1.,0.));
#4874=DIRECTION('',(0.,0.,0.999999999999994));
#4875=DIRECTION('',(0.,1.,0.));
#4876=DIRECTION('',(0.707106781186536,0.,0.707106781186559));
#4877=DIRECTION('',(-0.707106781186559,0.,0.707106781186536));
#4878=DIRECTION('',(0.,-1.,0.));
#4879=DIRECTION('',(0.,1.,0.));
#4880=DIRECTION('',(0.,0.,-1.00000000000003));
#4881=DIRECTION('',(0.,1.,0.));
#4882=DIRECTION('',(2.67974922552551E-14,0.,1.));
#4883=DIRECTION('',(-1.,0.,2.67980082568897E-14));
#4884=DIRECTION('',(0.,1.,0.));
#4885=DIRECTION('',(0.,-1.,0.));
#4886=DIRECTION('',(0.,0.,0.999999999999994));
#4887=DIRECTION('',(0.,1.,0.));
#4888=DIRECTION('',(0.,-1.,0.));
#4889=DIRECTION('',(0.,1.,0.));
#4890=DIRECTION('',(0.,0.,-1.00000000000003));
#4891=DIRECTION('',(0.,-1.,0.));
#4892=DIRECTION('',(1.,0.,0.));
#4893=DIRECTION('',(0.,1.,0.));
#4894=DIRECTION('',(0.,-1.,0.));
#4895=DIRECTION('',(0.,1.,0.));
#4896=DIRECTION('',(0.,1.,0.));
#4897=DIRECTION('',(0.,0.,1.00000000000003));
#4898=DIRECTION('',(0.,-1.,0.));
#4899=DIRECTION('',(0.,-1.,0.));
#4900=DIRECTION('',(0.,1.,0.));
#4901=DIRECTION('',(0.,-1.,0.));
#4902=DIRECTION('',(0.,0.,-0.999999999999994));
#4903=DIRECTION('',(0.,-1.,0.));
#4904=DIRECTION('',(0.,1.,0.));
#4905=DIRECTION('',(1.,0.,0.));
#4906=DIRECTION('',(0.,-1.,0.));
#4907=DIRECTION('',(0.,0.,-1.));
#4908=DIRECTION('',(0.,1.,0.));
#4909=DIRECTION('',(0.,1.,0.));
#4910=DIRECTION('',(0.,-1.,0.));
#4911=DIRECTION('',(0.,0.,-0.999999999999994));
#4912=DIRECTION('',(0.,-1.,0.));
#4913=DIRECTION('',(0.707106781186536,0.,-0.707106781186559));
#4914=DIRECTION('',(-0.707106781186559,0.,-0.707106781186536));
#4915=DIRECTION('',(0.,1.,0.));
#4916=DIRECTION('',(0.,1.,0.));
#4917=DIRECTION('',(0.,0.,1.00000000000003));
#4918=DIRECTION('',(0.,-1.,0.));
#4919=DIRECTION('',(2.67974922552551E-14,0.,-1.));
#4920=DIRECTION('',(-1.,0.,-2.67980082568897E-14));
#4921=DIRECTION('',(0.,1.,0.));
#4922=DIRECTION('',(0.,-1.,0.));
#4923=DIRECTION('',(0.,0.,-0.999999999999994));
#4924=DIRECTION('',(0.,-1.,0.));
#4925=DIRECTION('',(0.,1.,0.));
#4926=DIRECTION('',(0.,1.,0.));
#4927=DIRECTION('',(0.,0.,1.00000000000003));
#4928=DIRECTION('',(0.,-1.,0.));
#4929=DIRECTION('',(2.67974922552551E-14,0.,-1.));
#4930=DIRECTION('',(-1.,0.,-2.67980082568897E-14));
#4931=DIRECTION('',(0.,1.,0.));
#4932=DIRECTION('',(0.,-1.,0.));
#4933=DIRECTION('',(0.,0.,-0.999999999999994));
#4934=DIRECTION('',(0.,-1.,0.));
#4935=DIRECTION('',(0.707106781186536,0.,-0.707106781186559));
#4936=DIRECTION('',(-0.707106781186559,0.,-0.707106781186536));
#4937=DIRECTION('',(0.,1.,0.));
#4938=DIRECTION('',(0.,1.,0.));
#4939=DIRECTION('',(0.,0.,1.00000000000003));
#4940=DIRECTION('',(0.,1.,0.));
#4941=DIRECTION('',(0.,0.,1.00000000000003));
#4942=DIRECTION('',(0.,-1.,0.));
#4943=DIRECTION('',(0.,1.,0.));
#4944=DIRECTION('',(0.,-1.,0.));
#4945=DIRECTION('',(0.,0.,-1.00000000000003));
#4946=DIRECTION('',(0.,-0.707106781186548,-0.707106781186548));
#4947=DIRECTION('',(0.,0.707106781186548,0.707106781186548));
#4948=DIRECTION('',(1.,0.,0.));
#4949=DIRECTION('',(0.,-0.707106781186547,0.707106781186547));
#4950=DIRECTION('',(0.,-0.707106781186548,-0.707106781186548));
#4951=DIRECTION('',(0.,1.,0.));
#4952=DIRECTION('',(0.,-1.,0.));
#4953=DIRECTION('',(0.,0.,0.999999999999994));
#4954=DIRECTION('',(0.,-1.,0.));
#4955=DIRECTION('',(0.,0.,-0.999999999999994));
#4956=DIRECTION('',(0.,0.,1.));
#4957=DIRECTION('',(0.,-1.,0.));
#4958=DIRECTION('',(0.,0.,-1.));
#4959=DIRECTION('',(1.,0.,0.));
#4960=DIRECTION('',(0.,1.,0.));
#4961=DIRECTION('',(0.,0.,-1.));
#4962=DIRECTION('',(-1.,0.,0.));
#4963=DIRECTION('',(0.,0.,1.));
#4964=DIRECTION('',(0.,1.,0.));
#4965=DIRECTION('',(0.,0.,1.));
#4966=DIRECTION('',(0.,-1.,0.));
#4967=DIRECTION('',(1.,0.,0.));
#4968=DIRECTION('',(0.,1.,0.));
#4969=DIRECTION('',(0.,1.,0.));
#4970=DIRECTION('',(1.,0.,0.));
#4971=DIRECTION('',(0.,1.,0.));
#4972=DIRECTION('',(0.,0.,-1.));
#4973=DIRECTION('',(0.,1.,0.));
#4974=DIRECTION('',(1.,0.,0.));
#4975=DIRECTION('',(0.,1.,0.));
#4976=DIRECTION('',(1.,0.,0.));
#4977=DIRECTION('',(0.,1.,0.));
#4978=DIRECTION('',(1.,0.,0.));
#4979=DIRECTION('',(0.,1.,0.));
#4980=DIRECTION('',(0.,0.,-1.));
#4981=DIRECTION('',(-1.,0.,0.));
#4982=DIRECTION('',(0.,-1.,0.));
#4983=DIRECTION('',(1.,0.,0.));
#4984=DIRECTION('',(0.,1.,0.));
#4985=DIRECTION('',(0.,0.,-1.));
#4986=DIRECTION('',(0.,-1.,0.));
#4987=DIRECTION('',(0.,1.,0.));
#4988=DIRECTION('',(0.,-1.,0.));
#4989=DIRECTION('',(0.,0.,0.999999999999994));
#4990=DIRECTION('',(0.,1.,0.));
#4991=DIRECTION('',(0.,1.,0.));
#4992=DIRECTION('',(0.,1.,0.));
#4993=DIRECTION('',(0.,0.,-1.00000000000003));
#4994=DIRECTION('',(0.,0.,1.));
#4995=DIRECTION('',(0.,1.,0.));
#4996=DIRECTION('',(0.,-1.,0.));
#4997=DIRECTION('',(0.,1.,0.));
#4998=DIRECTION('',(0.,0.,-1.00000000000003));
#4999=DIRECTION('',(0.,0.,-1.));
#5000=DIRECTION('',(0.,1.,0.));
#5001=DIRECTION('',(-1.,0.,0.));
#5002=DIRECTION('',(0.,-1.,0.));
#5003=DIRECTION('',(2.67974922552551E-14,0.,1.));
#5004=DIRECTION('',(-1.,0.,2.67980082568897E-14));
#5005=DIRECTION('',(0.707106781186536,0.,0.707106781186559));
#5006=DIRECTION('',(-0.707106781186559,0.,0.707106781186536));
#5007=DIRECTION('',(0.,1.,0.));
#5008=DIRECTION('',(0.,0.,-1.));
#5009=DIRECTION('',(0.,-1.,0.));
#5010=DIRECTION('',(1.,0.,0.));
#5011=DIRECTION('',(0.,-1.,0.));
#5012=DIRECTION('',(0.,0.,-1.));
#5013=DIRECTION('',(-1.,0.,0.));
#5014=DIRECTION('',(0.,-1.,0.));
#5015=DIRECTION('',(1.,0.,0.));
#5016=DIRECTION('',(0.,1.,0.));
#5017=DIRECTION('',(-1.,0.,0.));
#5018=DIRECTION('',(0.,-1.,0.));
#5019=DIRECTION('',(-1.,0.,0.));
#5020=DIRECTION('',(1.73281737686225E-18,-1.,0.));
#5021=DIRECTION('',(0.,0.866025403784442,0.499999999999994));
#5022=DIRECTION('',(0.,4.04469315044626E-15,1.));
#5023=DIRECTION('',(0.,-0.866025403784434,0.500000000000007));
#5024=DIRECTION('',(0.,-0.866025403784442,-0.499999999999995));
#5025=DIRECTION('',(0.,-5.77813307206598E-16,-1.));
#5026=DIRECTION('',(0.,0.866025403784441,-0.499999999999995));
#5027=DIRECTION('',(1.,0.,0.));
#5028=DIRECTION('',(0.,1.,0.));
#5029=DIRECTION('',(0.,-0.866025403784441,0.499999999999995));
#5030=DIRECTION('',(-1.,0.,0.));
#5031=DIRECTION('',(-1.,0.,0.));
#5032=DIRECTION('',(0.,0.499999999999995,0.866025403784441));
#5033=DIRECTION('',(0.,-0.866025403784441,0.499999999999995));
#5034=DIRECTION('',(0.,5.77813307206598E-16,1.));
#5035=DIRECTION('',(-1.,0.,0.));
#5036=DIRECTION('',(0.,1.,-5.77813307206598E-16));
#5037=DIRECTION('',(0.,5.79397640976254E-16,1.));
#5038=DIRECTION('',(0.,0.866025403784442,0.499999999999995));
#5039=DIRECTION('',(-1.,0.,0.));
#5040=DIRECTION('',(0.,0.499999999999995,-0.866025403784442));
#5041=DIRECTION('',(0.,0.866025403784442,0.499999999999995));
#5042=DIRECTION('',(0.,0.866025403784434,-0.500000000000007));
#5043=DIRECTION('',(-1.,0.,0.));
#5044=DIRECTION('',(0.,-0.500000000000007,-0.866025403784434));
#5045=DIRECTION('',(0.,0.866025403784434,-0.500000000000007));
#5046=DIRECTION('',(0.,-4.04469315044626E-15,-1.));
#5047=DIRECTION('',(-1.,0.,0.));
#5048=DIRECTION('',(0.,-1.,4.04469315044626E-15));
#5049=DIRECTION('',(0.,-4.04537514597791E-15,-1.));
#5050=DIRECTION('',(0.,-0.866025403784442,-0.499999999999994));
#5051=DIRECTION('',(0.,-0.499999999999994,0.866025403784442));
#5052=DIRECTION('',(0.,-0.866025403784442,-0.499999999999994));
#5053=DIRECTION('',(1.,0.,0.));
#5054=DIRECTION('',(0.,1.,0.));
#5055=DIRECTION('',(1.,0.,0.));
#5056=DIRECTION('',(0.,0.,0.999999999999997));
#5057=DIRECTION('',(1.,0.,0.));
#5058=DIRECTION('',(0.,-1.,0.));
#5059=DIRECTION('',(1.,0.,0.));
#5060=DIRECTION('',(0.,0.,0.999999999999997));
#5061=DIRECTION('',(-1.,0.,0.));
#5062=DIRECTION('',(0.,-1.,0.));
#5063=DIRECTION('',(-1.,0.,0.));
#5064=DIRECTION('',(0.,-1.,0.));
#5065=DIRECTION('',(1.,0.,0.));
#5066=DIRECTION('',(-5.43671451990535E-17,1.,0.));
#5067=DIRECTION('',(-1.,0.,0.));
#5068=DIRECTION('',(0.,1.,0.));
#5069=DIRECTION('',(-1.,-2.22044604925031E-16,0.));
#5070=DIRECTION('',(0.,-0.999999999999999,0.));
#5071=DIRECTION('',(-1.,-2.22044604925031E-16,0.));
#5072=DIRECTION('',(2.22044604925031E-16,-1.,0.));
#5073=DIRECTION('',(1.,0.,0.));
#5074=DIRECTION('',(0.,0.,0.999999999999999));
#5075=DIRECTION('',(-1.,0.,0.));
#5076=DIRECTION('',(0.,0.,0.999999999999999));
#5077=DIRECTION('',(-1.,0.,0.));
#5078=DIRECTION('',(0.,0.,1.));
#5079=DIRECTION('',(-1.,0.,0.));
#5080=DIRECTION('',(0.,0.,1.));
#5081=DIRECTION('',(-1.,0.,0.));
#5082=DIRECTION('',(0.,-1.,0.));
#5083=CARTESIAN_POINT('',(0.,0.,0.));
#5084=CARTESIAN_POINT('',(11.4005719403976,23.4948106553203,-44.835925));
#5085=CARTESIAN_POINT('',(11.4005719403976,22.1448106553203,-44.835925));
#5086=CARTESIAN_POINT('',(11.4005719403976,23.4948106553203,-44.835925));
#5087=CARTESIAN_POINT('',(11.4005719403976,21.3948106553203,-44.835925));
#5088=CARTESIAN_POINT('',(11.4005719403976,23.4948106553203,-44.835925));
#5089=CARTESIAN_POINT('',(15.4505719403976,22.7266960805332,-41.9359250000001));
#5090=CARTESIAN_POINT('',(15.4505719403976,22.9868715977732,-41.8670130666225));
#5091=CARTESIAN_POINT('',(15.4371534804039,23.2587140624809,-41.8331432946586));
#5092=CARTESIAN_POINT('',(15.4379171880374,23.527843749261,-41.8361068697287));
#5093=CARTESIAN_POINT('',(15.4386189381048,23.7751396614059,-41.8388300178471));
#5094=CARTESIAN_POINT('',(15.4505719403976,24.0238570595782,-41.8726037082238));
#5095=CARTESIAN_POINT('',(15.4505719403976,24.2629252301074,-41.9359250000001));
#5096=CARTESIAN_POINT('',(15.4505719403976,22.7266960805332,-41.9359250000001));
#5097=CARTESIAN_POINT('',(15.4505719403976,24.2629252301074,-41.9359250000001));
#5098=CARTESIAN_POINT('',(15.4505719403976,23.4948106553203,-44.835925));
#5099=CARTESIAN_POINT('',(15.4505719403976,22.7266960805336,-47.7359250000001));
#5100=CARTESIAN_POINT('',(15.4505719403976,24.2629252301069,-47.7359250000001));
#5101=CARTESIAN_POINT('',(15.4505719403976,24.002749712867,-47.8048369333775));
#5102=CARTESIAN_POINT('',(15.4371534804039,23.7309072481593,-47.8387067053415));
#5103=CARTESIAN_POINT('',(15.4379171880374,23.4617775613791,-47.8357431302713));
#5104=CARTESIAN_POINT('',(15.4386189381048,23.2144816492346,-47.8330199821529));
#5105=CARTESIAN_POINT('',(15.4505719403976,22.9657642510626,-47.7992462917762));
#5106=CARTESIAN_POINT('',(15.4505719403976,22.7266960805336,-47.7359250000001));
#5107=CARTESIAN_POINT('',(15.4505719403976,24.2629252301069,-47.7359250000001));
#5108=CARTESIAN_POINT('',(15.4505719403976,23.4948106553203,-44.835925));
#5109=CARTESIAN_POINT('',(15.9005719403976,23.4948106553203,-44.835925));
#5110=CARTESIAN_POINT('',(15.9005719403976,26.4948106553203,-44.835925));
#5111=CARTESIAN_POINT('',(15.4005719403976,23.4948106553203,-44.835925));
#5112=CARTESIAN_POINT('',(16.9005719403976,23.4948106553203,-44.835925));
#5113=CARTESIAN_POINT('',(16.9005719403976,25.4948106553203,-44.835925));
#5114=CARTESIAN_POINT('',(15.9005719403976,23.4948106553203,-44.835925));
#5115=CARTESIAN_POINT('',(16.9005719403976,24.9948106553203,-44.835925));
#5116=CARTESIAN_POINT('',(16.9005719403976,24.9948106553203,-45.7019504037845));
#5117=CARTESIAN_POINT('',(16.9005719403976,24.9948106553203,-43.9698995962156));
#5118=CARTESIAN_POINT('',(16.9005719403976,24.2448106553203,-46.1349631056767));
#5119=CARTESIAN_POINT('',(16.9005719403976,23.4948106553203,-46.5679758075689));
#5120=CARTESIAN_POINT('',(16.9005719403976,22.7448106553203,-46.1349631056767));
#5121=CARTESIAN_POINT('',(16.9005719403976,21.9948106553203,-45.7019504037845));
#5122=CARTESIAN_POINT('',(16.9005719403976,21.9948106553203,-44.835925));
#5123=CARTESIAN_POINT('',(16.9005719403976,21.9948106553203,-43.9698995962156));
#5124=CARTESIAN_POINT('',(16.9005719403976,22.7448106553203,-43.5368868943233));
#5125=CARTESIAN_POINT('',(16.9005719403976,23.4948106553203,-43.1038741924311));
#5126=CARTESIAN_POINT('',(16.9005719403976,24.2448106553203,-43.5368868943234));
#5127=CARTESIAN_POINT('',(16.9005719403976,23.4948106553203,-44.835925));
#5128=CARTESIAN_POINT('',(18.2005719403976,24.9948106553203,-45.7019504037845));
#5129=CARTESIAN_POINT('',(15.4005719403976,24.9948106553203,-45.7019504037845));
#5130=CARTESIAN_POINT('',(15.4005719403976,24.2448106553203,-46.1349631056767));
#5131=CARTESIAN_POINT('',(15.4005719403976,23.4948106553203,-46.5679758075689));
#5132=CARTESIAN_POINT('',(18.2005719403976,23.4948106553203,-46.5679758075689));
#5133=CARTESIAN_POINT('',(18.2005719403976,23.4948106553203,-46.5679758075689));
#5134=CARTESIAN_POINT('',(15.4005719403976,21.9948106553203,-45.7019504037845));
#5135=CARTESIAN_POINT('',(15.4005719403976,21.9948106553203,-45.7019504037845));
#5136=CARTESIAN_POINT('',(18.2005719403976,21.9948106553203,-45.7019504037845));
#5137=CARTESIAN_POINT('',(18.2005719403976,21.9948106553203,-45.7019504037845));
#5138=CARTESIAN_POINT('',(15.4005719403976,21.9948106553203,-43.9698995962156));
#5139=CARTESIAN_POINT('',(15.4005719403976,21.9948106553203,-43.9698995962156));
#5140=CARTESIAN_POINT('',(18.2005719403976,21.9948106553203,-43.9698995962156));
#5141=CARTESIAN_POINT('',(18.2005719403976,21.9948106553203,-43.9698995962156));
#5142=CARTESIAN_POINT('',(15.4005719403976,23.4948106553203,-43.1038741924311));
#5143=CARTESIAN_POINT('',(15.4005719403976,23.4948106553203,-43.1038741924311));
#5144=CARTESIAN_POINT('',(18.2005719403976,23.4948106553203,-43.1038741924311));
#5145=CARTESIAN_POINT('',(18.2005719403976,23.4948106553203,-43.1038741924311));
#5146=CARTESIAN_POINT('',(15.4005719403976,24.9948106553203,-43.9698995962156));
#5147=CARTESIAN_POINT('',(15.4005719403976,24.9948106553203,-43.9698995962156));
#5148=CARTESIAN_POINT('',(18.2005719403976,24.9948106553203,-43.9698995962156));
#5149=CARTESIAN_POINT('',(18.2005719403976,24.9948106553203,-43.9698995962156));
#5150=CARTESIAN_POINT('',(15.4005719403976,24.9948106553203,-45.7019504037845));
#5151=CARTESIAN_POINT('',(18.2005719403976,24.9948106553203,-45.7019504037845));
#5152=CARTESIAN_POINT('',(15.4005719403976,23.4948106553203,-44.835925));
#5153=CARTESIAN_POINT('',(15.4005719403976,22.1448106553203,-44.835925));
#5154=CARTESIAN_POINT('',(15.4005719403976,23.4948106553203,-44.835925));
#5155=CARTESIAN_POINT('',(16.9005719403976,23.4948106553203,-44.835925));
#5156=CARTESIAN_POINT('',(9.9505719403976,23.4948106553203,-44.8359249999999));
#5157=CARTESIAN_POINT('',(9.9505719403976,23.4948106553203,-46.9359249999999));
#5158=CARTESIAN_POINT('',(9.9505719403976,23.4948106553203,-44.8359249999999));
#5159=CARTESIAN_POINT('',(9.9505719403976,23.4948106553203,-44.8359249999999));
#5160=CARTESIAN_POINT('',(9.9505719403976,22.3948106553203,-44.8359249999999));
#5161=CARTESIAN_POINT('',(9.9505719403976,23.4948106553203,-44.8359249999999));
#5162=CARTESIAN_POINT('',(8.09199329663491,27.4948106553203,-47.1359250000001));
#5163=CARTESIAN_POINT('',(10.3505719403976,27.4948106553203,-47.1359250000001));
#5164=CARTESIAN_POINT('',(9.85057194039762,27.4948106553203,-47.1359250000001));
#5165=CARTESIAN_POINT('',(10.3505719403976,46.8948106553203,-47.1359250000001));
#5166=CARTESIAN_POINT('',(10.3505719403976,17.8948106553203,-47.1359250000001));
#5167=CARTESIAN_POINT('',(8.09199329663491,17.8948106553203,-47.1359250000001));
#5168=CARTESIAN_POINT('',(9.85057194039762,17.8948106553203,-47.1359250000001));
#5169=CARTESIAN_POINT('',(9.85057194039762,27.8948106553203,-47.1359250000001));
#5170=CARTESIAN_POINT('',(8.09199329663491,46.8948106553203,-47.1359250000001));
#5171=CARTESIAN_POINT('',(7.79199329663488,17.8948106553203,-42.5359250000001));
#5172=CARTESIAN_POINT('',(10.3505719403976,17.8948106553203,-42.5359250000001));
#5173=CARTESIAN_POINT('',(9.85057194039762,17.8948106553203,-42.5359250000001));
#5174=CARTESIAN_POINT('',(10.3505719403976,46.8948106553203,-42.5359250000001));
#5175=CARTESIAN_POINT('',(10.3505719403976,27.4948106553203,-42.5359250000001));
#5176=CARTESIAN_POINT('',(7.91625736534676,27.4948106553203,-42.5359250000001));
#5177=CARTESIAN_POINT('',(9.85057194039762,27.4948106553203,-42.5359250000001));
#5178=CARTESIAN_POINT('',(9.85057194039762,46.8948106553203,-42.5359250000001));
#5179=CARTESIAN_POINT('',(8.09199329663491,46.8948106553203,-42.5359250000001));
#5180=CARTESIAN_POINT('',(6.20057194039775,23.4948106553203,-44.8359249999999));
#5181=CARTESIAN_POINT('',(6.20057194039775,24.5948106553203,-44.8359249999999));
#5182=CARTESIAN_POINT('',(6.20057194039775,23.4948106553203,-44.8359249999999));
#5183=CARTESIAN_POINT('',(6.20057194039775,23.4948106553203,-43.5859249999999));
#5184=CARTESIAN_POINT('',(6.20057194039775,23.4948106553203,-44.8359249999999));
#5185=CARTESIAN_POINT('',(-1.36674709752128,23.4948106553203,-44.8359249999999));
#5186=CARTESIAN_POINT('',(-1.36674709752128,23.4948106553203,-43.5859249999999));
#5187=CARTESIAN_POINT('',(0.579412421438105,24.0885277596724,-43.735925));
#5188=CARTESIAN_POINT('',(0.509818871314526,24.0885277596724,-43.735925));
#5189=CARTESIAN_POINT('',(0.439497876244522,24.1016785582757,-43.7428488151759));
#5190=CARTESIAN_POINT('',(0.374389775730219,24.1229302977883,-43.7552003751548));
#5191=CARTESIAN_POINT('',(0.279463431825667,24.1539149205557,-43.7732087093106));
#5192=CARTESIAN_POINT('',(0.191683862183145,24.2011203937288,-43.802724623958));
#5193=CARTESIAN_POINT('',(0.11156586114442,24.2507077408941,-43.8403751037008));
#5194=CARTESIAN_POINT('',(-0.0176531914618124,24.3306851484539,-43.9011000251849));
#5195=CARTESIAN_POINT('',(-0.132782850953306,24.4202366284941,-43.9853905059311));
#5196=CARTESIAN_POINT('',(-0.230041824524851,24.4986613296279,-44.0910868808812));
#5197=CARTESIAN_POINT('',(-0.304549556549948,24.5587405840313,-44.1720583007061));
#5198=CARTESIAN_POINT('',(-0.369951444128227,24.6142542774804,-44.2679278337887));
#5199=CARTESIAN_POINT('',(-0.41937295514151,24.6567367409511,-44.3750261265682));
#5200=CARTESIAN_POINT('',(-0.459402534501546,24.691145950788,-44.4617717464864));
#5201=CARTESIAN_POINT('',(-0.489645669261602,24.7176449780788,-44.5580388849203));
#5202=CARTESIAN_POINT('',(-0.505976304584247,24.7319721995725,-44.65723164975));
#5203=CARTESIAN_POINT('',(-0.522373839626997,24.7463581136454,-44.7568307654701));
#5204=CARTESIAN_POINT('',(-0.524942392145647,24.7486321222733,-44.862198782094));
#5205=CARTESIAN_POINT('',(-0.513227661519552,24.7383388419271,-44.9629590470673));
#5206=CARTESIAN_POINT('',(-0.502524303987087,24.72893421597,-45.0550203308899));
#5207=CARTESIAN_POINT('',(-0.479847906420216,24.7090098233803,-45.1455839412425));
#5208=CARTESIAN_POINT('',(-0.44806726416984,24.6814927965599,-45.2287169241316));
#5209=CARTESIAN_POINT('',(-0.414162653704453,24.652136748052,-45.3174058618654));
#5210=CARTESIAN_POINT('',(-0.369348818616938,24.6136627743127,-45.3997180389801));
#5211=CARTESIAN_POINT('',(-0.317537884493839,24.5704592277227,-45.472698231762));
#5212=CARTESIAN_POINT('',(-0.23875722272289,24.5047664536234,-45.5836676242433));
#5213=CARTESIAN_POINT('',(-0.142085978821523,24.4261823282814,-45.6763318969133));
#5214=CARTESIAN_POINT('',(-0.0343864257512588,24.3487714417799,-45.7487508186473));
#5215=CARTESIAN_POINT('',(0.0755971143849351,24.269718900708,-45.8227055302323));
#5216=CARTESIAN_POINT('',(0.200934815359658,24.1864876638674,-45.8789082729896));
#5217=CARTESIAN_POINT('',(0.342652107274108,24.1339940768534,-45.9101431126927));
#5218=CARTESIAN_POINT('',(0.402905479020526,24.1116755893214,-45.9234231040236));
#5219=CARTESIAN_POINT('',(0.467621970578235,24.0954367661801,-45.932183121286));
#5220=CARTESIAN_POINT('',(0.532977523747059,24.0903408390417,-45.9349444722008));
#5221=CARTESIAN_POINT('',(0.598750399889423,24.0852123722436,-45.9377234555143));
#5222=CARTESIAN_POINT('',(0.666566477816938,24.0917209220877,-45.9343419627937));
#5223=CARTESIAN_POINT('',(0.730114919426827,24.1073555458388,-45.9255528066845));
#5224=CARTESIAN_POINT('',(0.813021116679938,24.1277526974895,-45.9140863491031));
#5225=CARTESIAN_POINT('',(0.891405989748373,24.1627851622576,-45.8935424047214));
#5226=CARTESIAN_POINT('',(0.963353500477121,24.2018543259471,-45.8667446970501));
#5227=CARTESIAN_POINT('',(1.09055122349841,24.2709256337842,-45.819368389469));
#5228=CARTESIAN_POINT('',(1.20390564870819,24.3541932321322,-45.7509825086761));
#5229=CARTESIAN_POINT('',(1.3030316458814,24.4308260301854,-45.6644026508851));
#5230=CARTESIAN_POINT('',(1.40639259640293,24.510732806145,-45.5741238476196));
#5231=CARTESIAN_POINT('',(1.49726892945348,24.5874171120624,-45.4600556167629));
#5232=CARTESIAN_POINT('',(1.5635331366893,24.644155504435,-45.3273580247486));
#5233=CARTESIAN_POINT('',(1.60629613229027,24.680771103182,-45.2417228563782));
#5234=CARTESIAN_POINT('',(1.63956731478185,24.7098584037127,-45.1462240628181));
#5235=CARTESIAN_POINT('',(1.65896367183471,24.7268540402028,-45.047038944985));
#5236=CARTESIAN_POINT('',(1.67844874227635,24.7439274098727,-44.9474001827951));
#5237=CARTESIAN_POINT('',(1.68417852381883,24.7489994568117,-44.8411775699593));
#5238=CARTESIAN_POINT('',(1.67512802244673,24.7410420456703,-44.7389336513842));
#5239=CARTESIAN_POINT('',(1.66691038798247,24.7338169104702,-44.6460986674978));
#5240=CARTESIAN_POINT('',(1.64649902619315,24.7158565020334,-44.5541622671544));
#5241=CARTESIAN_POINT('',(1.61658466622569,24.6898948638001,-44.4694911933688));
#5242=CARTESIAN_POINT('',(1.58521820822293,24.6626729999123,-44.3807100299798));
#5243=CARTESIAN_POINT('',(1.5429095501584,24.6262267075928,-44.2978143269862));
#5244=CARTESIAN_POINT('',(1.49349700334369,24.5847880050288,-44.2240023111557));
#5245=CARTESIAN_POINT('',(1.41898956800543,24.5223040480015,-44.1127037776618));
#5246=CARTESIAN_POINT('',(1.32669673081133,24.4466894967204,-44.0188060088144));
#5247=CARTESIAN_POINT('',(1.22380750929969,24.3710212631426,-43.9444346911689));
#5248=CARTESIAN_POINT('',(1.11868090743775,24.2937075839442,-43.8684461300232));
#5249=CARTESIAN_POINT('',(0.999460003897565,24.2119175939847,-43.8097845891627));
#5250=CARTESIAN_POINT('',(0.864935788227823,24.1536153251453,-43.7736272983095));
#5251=CARTESIAN_POINT('',(0.801893005721593,24.1262928298179,-43.7566827191352));
#5252=CARTESIAN_POINT('',(0.7338271165108,24.1043669908603,-43.7445647901054));
#5253=CARTESIAN_POINT('',(0.663955834838657,24.0945169073718,-43.7391787160991));
#5254=CARTESIAN_POINT('',(0.636041288059404,24.0905816623078,-43.7370269047796));
#5255=CARTESIAN_POINT('',(0.60768499414664,24.0885277596724,-43.735925));
#5256=CARTESIAN_POINT('',(0.579412421438105,24.0885277596724,-43.735925));
#5257=CARTESIAN_POINT('',(0.579412421438105,24.0885277596724,-43.735925));
#5258=CARTESIAN_POINT('',(6.20057194039775,23.4948106553203,-44.8359249999999));
#5259=CARTESIAN_POINT('',(14.9505719403976,27.4948106553203,-42.035925));
#5260=CARTESIAN_POINT('',(14.9505719403976,27.4948106553203,-41.8359250000001));
#5261=CARTESIAN_POINT('',(15.1505719403976,27.4948106553203,-42.035925));
#5262=CARTESIAN_POINT('',(14.9505719403976,22.8948106553203,-41.8359250000001));
#5263=CARTESIAN_POINT('',(14.9505719403976,17.8948106553203,-41.835925));
#5264=CARTESIAN_POINT('',(14.9505719403976,17.8948106553203,-42.035925));
#5265=CARTESIAN_POINT('',(15.1505719403976,17.8948106553203,-42.035925));
#5266=CARTESIAN_POINT('',(15.1505719403976,22.8948106553203,-42.035925));
#5267=CARTESIAN_POINT('',(14.9505719403976,22.8948106553203,-42.035925));
#5268=CARTESIAN_POINT('',(14.9505719403976,27.4948106553203,-47.6359250000001));
#5269=CARTESIAN_POINT('',(15.1505719403976,27.4948106553203,-47.6359250000001));
#5270=CARTESIAN_POINT('',(14.9505719403976,27.4948106553203,-47.8359250000001));
#5271=CARTESIAN_POINT('',(15.1505719403976,22.8948106553203,-47.6359250000001));
#5272=CARTESIAN_POINT('',(15.1505719403976,17.8948106553203,-47.6359250000001));
#5273=CARTESIAN_POINT('',(14.9505719403976,17.8948106553203,-47.6359250000001));
#5274=CARTESIAN_POINT('',(14.9505719403976,17.8948106553203,-47.8359250000001));
#5275=CARTESIAN_POINT('',(14.9505719403976,22.8948106553203,-47.8359250000001));
#5276=CARTESIAN_POINT('',(14.9505719403976,22.8948106553203,-47.6359250000001));
#5277=CARTESIAN_POINT('',(2.73325290247872,46.8948106553203,-43.2359249999999));
#5278=CARTESIAN_POINT('',(2.73325290247872,27.4948106553203,-43.2359249999999));
#5279=CARTESIAN_POINT('',(2.73325290247872,19.8948106553203,-43.2359249999999));
#5280=CARTESIAN_POINT('',(2.73325290247872,27.4948106553203,-47.435925));
#5281=CARTESIAN_POINT('',(2.73325290247872,27.4948106553203,-42.685925));
#5282=CARTESIAN_POINT('',(2.73325290247872,23.4948106553202,-42.685925));
#5283=CARTESIAN_POINT('',(2.73325290247872,19.8948106553203,-42.685925));
#5284=CARTESIAN_POINT('',(2.73325290247872,19.8948106553203,-43.760925));
#5285=CARTESIAN_POINT('',(2.73325290247872,23.4948106553202,-43.760925));
#5286=CARTESIAN_POINT('',(2.73325290247872,46.8948106553203,-46.4359250000002));
#5287=CARTESIAN_POINT('',(2.73325290247872,19.8948106553203,-46.4359250000002));
#5288=CARTESIAN_POINT('',(2.73325290247872,27.4948106553203,-46.4359250000002));
#5289=CARTESIAN_POINT('',(2.73325290247872,19.8948106553203,-43.760925));
#5290=CARTESIAN_POINT('',(2.73325290247872,19.8948106553203,-46.985925));
#5291=CARTESIAN_POINT('',(2.73325290247872,23.4948106553202,-46.985925));
#5292=CARTESIAN_POINT('',(2.73325290247872,27.4948106553203,-46.985925));
#5293=CARTESIAN_POINT('',(2.73325290247872,27.4948106553203,-47.435925));
#5294=CARTESIAN_POINT('',(2.73325290247872,23.4948106553202,-43.760925));
#5295=CARTESIAN_POINT('',(14.9505719403976,19.8948106553203,-46.985925));
#5296=CARTESIAN_POINT('',(-1.36674709752128,19.8948106553203,-46.985925));
#5297=CARTESIAN_POINT('',(-1.36674709752128,23.4948106553202,-46.985925));
#5298=CARTESIAN_POINT('',(-1.36674709752128,27.4948106553203,-46.985925));
#5299=CARTESIAN_POINT('',(-1.36674709752128,27.4948106553203,-46.985925));
#5300=CARTESIAN_POINT('',(-1.36674709752128,23.4948106553202,-46.985925));
#5301=CARTESIAN_POINT('',(-1.36674709752128,23.4948106553202,-42.685925));
#5302=CARTESIAN_POINT('',(-1.36674709752128,27.4948106553203,-42.685925));
#5303=CARTESIAN_POINT('',(-1.36674709752128,19.8948106553203,-42.685925));
#5304=CARTESIAN_POINT('',(-1.36674709752128,19.8948106553203,-42.685925));
#5305=CARTESIAN_POINT('',(7.91625736534676,27.4948106553203,-42.685925));
#5306=CARTESIAN_POINT('',(-1.36674709752128,23.4948106553202,-42.685925));
#5307=CARTESIAN_POINT('',(6.5794124214381,28.0948106553203,-44.835925));
#5308=CARTESIAN_POINT('',(6.0794124214381,28.0948106553203,-44.835925));
#5309=CARTESIAN_POINT('',(6.5794124214381,27.4948106553203,-44.835925));
#5310=CARTESIAN_POINT('',(6.5794124214381,27.4948106553203,-44.335925));
#5311=CARTESIAN_POINT('',(6.5794124214381,26.4948106553203,-44.835925));
#5312=CARTESIAN_POINT('',(6.5794124214381,28.0948106553203,-44.835925));
#5313=CARTESIAN_POINT('',(0.579412421438103,27.4948106553203,-44.835925));
#5314=CARTESIAN_POINT('',(0.579412421438103,27.4948106553203,-43.735925));
#5315=CARTESIAN_POINT('',(0.579412421438103,26.4948106553203,-44.835925));
#5316=CARTESIAN_POINT('',(6.30915058416043,19.8948106553203,-46.5359250000003));
#5317=CARTESIAN_POINT('',(6.30915058416044,19.8948106553203,-46.4359250000003));
#5318=CARTESIAN_POINT('',(6.37986126227909,19.8948106553203,-46.4652143218816));
#5319=CARTESIAN_POINT('',(6.30915058416044,20.8948106553203,-46.4359250000003));
#5320=CARTESIAN_POINT('',(6.30915058416044,27.4948106553203,-46.4359250000003));
#5321=CARTESIAN_POINT('',(6.30915058416043,27.4948106553203,-46.5359250000003));
#5322=CARTESIAN_POINT('',(6.37986126227909,27.4948106553203,-46.4652143218816));
#5323=CARTESIAN_POINT('',(6.37986126227909,26.4948106553203,-46.4652143218816));
#5324=CARTESIAN_POINT('',(6.30915058416043,46.8948106553203,-46.5359250000003));
#5325=CARTESIAN_POINT('',(6.30915058416043,27.4948106553203,-43.1359249999999));
#5326=CARTESIAN_POINT('',(6.30915058416044,27.4948106553203,-43.2359249999999));
#5327=CARTESIAN_POINT('',(6.37986126227909,27.4948106553203,-43.2066356781185));
#5328=CARTESIAN_POINT('',(6.30915058416044,26.4948106553203,-43.2359249999999));
#5329=CARTESIAN_POINT('',(6.30915058416044,19.8948106553203,-43.2359249999999));
#5330=CARTESIAN_POINT('',(6.30915058416043,19.8948106553203,-43.1359249999999));
#5331=CARTESIAN_POINT('',(6.37986126227909,19.8948106553203,-43.2066356781185));
#5332=CARTESIAN_POINT('',(6.37986126227909,20.8948106553203,-43.2066356781185));
#5333=CARTESIAN_POINT('',(6.30915058416043,46.8948106553203,-43.1359249999999));
#5334=CARTESIAN_POINT('',(7.91625736534665,27.4948106553203,-43.2359249999998));
#5335=CARTESIAN_POINT('',(-1.22058757856186,19.8948106553203,-43.2359250000001));
#5336=CARTESIAN_POINT('',(-1.22058757856186,46.8948106553203,-43.2359250000001));
#5337=CARTESIAN_POINT('',(14.9505719403976,19.8948106553203,-46.4359250000005));
#5338=CARTESIAN_POINT('',(-1.22058757856186,27.4948106553203,-46.4359250000001));
#5339=CARTESIAN_POINT('',(-1.22058757856186,46.8948106553203,-46.4359250000001));
#5340=CARTESIAN_POINT('',(-1.02058757856188,-2.50518934467971,-44.7859250000001));
#5341=CARTESIAN_POINT('',(-1.02058757856188,19.8948106553203,-44.7859250000001));
#5342=CARTESIAN_POINT('',(-1.02058757856188,17.8948106553203,-44.7859250000001));
#5343=CARTESIAN_POINT('',(-1.02058757856188,19.8948106553203,-46.185925));
#5344=CARTESIAN_POINT('',(-1.02058757856188,19.8948106553203,-44.885925));
#5345=CARTESIAN_POINT('',(-1.02058757856188,22.8948106553203,-44.885925));
#5346=CARTESIAN_POINT('',(-1.02058757856188,17.8948106553203,-44.885925));
#5347=CARTESIAN_POINT('',(-1.02058757856188,17.8948106553203,-47.7359249999999));
#5348=CARTESIAN_POINT('',(-1.02058757856188,22.8948106553203,-46.185925));
#5349=CARTESIAN_POINT('',(-1.36674709752128,19.8948106553203,-44.6859250000001));
#5350=CARTESIAN_POINT('',(-1.36674709752128,27.4948106553203,-44.835925));
#5351=CARTESIAN_POINT('',(-1.36674709752128,7.99509691164687,-44.835925));
#5352=CARTESIAN_POINT('',(9.85057194039762,17.8948106553203,-47.2359250000001));
#5353=CARTESIAN_POINT('',(9.85057194039762,17.8948106553203,-47.8359250000001));
#5354=CARTESIAN_POINT('',(9.85057194039762,22.8948106553203,-47.8359250000001));
#5355=CARTESIAN_POINT('',(9.85057194039762,19.8948106553203,-47.8359250000001));
#5356=CARTESIAN_POINT('',(9.85057194039762,19.8948106553203,-47.2359250000001));
#5357=CARTESIAN_POINT('',(9.85057194039762,19.8948106553203,-48.1359250000001));
#5358=CARTESIAN_POINT('',(9.85057194039762,46.8948106553203,-48.1359250000001));
#5359=CARTESIAN_POINT('',(9.85057194039762,27.4948106553203,-48.1359250000001));
#5360=CARTESIAN_POINT('',(9.85057194039762,27.4948106553203,-47.435925));
#5361=CARTESIAN_POINT('',(9.85057194039762,27.8948106553203,-47.2359250000001));
#5362=CARTESIAN_POINT('',(9.85057194039762,27.4948106553203,-42.4359250000001));
#5363=CARTESIAN_POINT('',(9.85057194039762,27.4948106553203,-41.5359250000001));
#5364=CARTESIAN_POINT('',(9.85057194039762,27.8948106553203,-41.5359250000001));
#5365=CARTESIAN_POINT('',(9.85057194039762,19.8948106553203,-41.535925));
#5366=CARTESIAN_POINT('',(9.85057194039762,19.8948106553203,-44.6859250000001));
#5367=CARTESIAN_POINT('',(9.85057194039762,19.8948106553203,-41.835925));
#5368=CARTESIAN_POINT('',(9.85057194039762,27.8948106553203,-41.8359250000001));
#5369=CARTESIAN_POINT('',(9.85057194039762,17.8948106553203,-41.835925));
#5370=CARTESIAN_POINT('',(9.85057194039762,17.8948106553203,-47.7359249999999));
#5371=CARTESIAN_POINT('',(9.85057194039762,27.8948106553203,-42.4359250000001));
#5372=CARTESIAN_POINT('',(8.09199329663491,17.8948106553203,-47.8359250000001));
#5373=CARTESIAN_POINT('',(10.3505719403976,17.8948106553203,-47.8359250000001));
#5374=CARTESIAN_POINT('',(15.1505719403976,17.8948106553203,-47.7359249999999));
#5375=CARTESIAN_POINT('',(7.79199329663488,17.8948106553203,-41.8359250000001));
#5376=CARTESIAN_POINT('',(10.3505719403976,17.8948106553203,-41.8359250000001));
#5377=CARTESIAN_POINT('',(10.3505719403976,17.8948106553203,-42.4359250000001));
#5378=CARTESIAN_POINT('',(7.79199329663488,17.8948106553203,-41.8359250000001));
#5379=CARTESIAN_POINT('',(8.21625736534681,17.8948106553203,-41.835925));
#5380=CARTESIAN_POINT('',(8.21625736534681,17.8948106553203,-41.9359250000001));
#5381=CARTESIAN_POINT('',(8.14554668722817,17.8948106553203,-41.8652143218814));
#5382=CARTESIAN_POINT('',(5.03341465287226,17.8948106553203,-44.9773463562372));
#5383=CARTESIAN_POINT('',(6.44199329663504,17.8948106553203,-43.5687677124745));
#5384=CARTESIAN_POINT('',(6.15915058416042,17.8948106553203,-43.2859249999999));
#5385=CARTESIAN_POINT('',(6.15915058416043,17.8948106553203,-43.6859249999998));
#5386=CARTESIAN_POINT('',(7.79199329663477,17.8948106553203,-43.6859249999998));
#5387=CARTESIAN_POINT('',(-0.920587578561894,17.8948106553203,-43.6859250000001));
#5388=CARTESIAN_POINT('',(-0.920587578561886,17.8948106553203,-43.7859250000001));
#5389=CARTESIAN_POINT('',(-1.02058757856188,17.8948106553203,-43.785925));
#5390=CARTESIAN_POINT('',(-1.02058757856188,17.8948106553203,-47.7359249999999));
#5391=CARTESIAN_POINT('',(-1.02058757856188,17.8948106553203,-47.7359249999999));
#5392=CARTESIAN_POINT('',(-1.02058757856188,17.8948106553203,-45.8859250000001));
#5393=CARTESIAN_POINT('',(-0.920587578561886,17.8948106553203,-45.8859250000001));
#5394=CARTESIAN_POINT('',(-0.920587578561893,17.8948106553203,-45.9859250000001));
#5395=CARTESIAN_POINT('',(-1.22058757856185,17.8948106553203,-45.9859250000001));
#5396=CARTESIAN_POINT('',(6.15915058416043,17.8948106553203,-45.9859250000003));
#5397=CARTESIAN_POINT('',(6.15915058416042,17.8948106553203,-46.3859250000003));
#5398=CARTESIAN_POINT('',(6.44199329663504,17.8948106553203,-46.1030822875257));
#5399=CARTESIAN_POINT('',(6.44199329663485,17.8948106553203,-46.1030822875255));
#5400=CARTESIAN_POINT('',(8.14554668722817,17.8948106553203,-47.8066356781187));
#5401=CARTESIAN_POINT('',(8.21625736534681,17.8948106553203,-47.7359250000001));
#5402=CARTESIAN_POINT('',(8.21625736534681,17.8948106553203,-47.8359250000001));
#5403=CARTESIAN_POINT('',(8.09199329663491,17.8948106553203,-47.8359250000001));
#5404=CARTESIAN_POINT('',(10.3505719403976,17.8948106553203,-47.7359249999999));
#5405=CARTESIAN_POINT('',(7.79199329663488,17.8948106553203,-47.7359249999999));
#5406=CARTESIAN_POINT('',(14.2005969403976,19.8948106553203,-44.7859250000001));
#5407=CARTESIAN_POINT('',(-1.32058757856188,19.8948106553203,-44.7859250000001));
#5408=CARTESIAN_POINT('',(-1.32058757856188,19.8948106553203,-43.4859250000001));
#5409=CARTESIAN_POINT('',(-1.32058757856188,19.8948106553203,-43.785925));
#5410=CARTESIAN_POINT('',(-0.920587578561887,19.8948106553203,-43.785925));
#5411=CARTESIAN_POINT('',(-0.920587578561894,19.8948106553203,-43.385925));
#5412=CARTESIAN_POINT('',(14.2005969403977,19.8948106553203,-43.3859249999997));
#5413=CARTESIAN_POINT('',(6.15915058416043,19.8948106553203,-43.3859249999998));
#5414=CARTESIAN_POINT('',(6.15915058416042,19.8948106553203,-43.2859249999999));
#5415=CARTESIAN_POINT('',(6.22986126227908,19.8948106553203,-43.3566356781185));
#5416=CARTESIAN_POINT('',(6.22986126227888,19.8948106553203,-43.3566356781187));
#5417=CARTESIAN_POINT('',(8.0755906903977,19.8948106553203,-48.1609437500002));
#5418=CARTESIAN_POINT('',(6.22986126227908,19.8948106553203,-46.3152143218816));
#5419=CARTESIAN_POINT('',(6.15915058416042,19.8948106553203,-46.3859250000003));
#5420=CARTESIAN_POINT('',(6.15915058416042,19.8948106553203,-46.2859250000003));
#5421=CARTESIAN_POINT('',(-1.22058757856186,19.8948106553203,-46.2859250000001));
#5422=CARTESIAN_POINT('',(-0.920587578561894,19.8948106553203,-46.2859250000001));
#5423=CARTESIAN_POINT('',(-0.920587578561887,19.8948106553203,-45.8859250000001));
#5424=CARTESIAN_POINT('',(-1.32058757856189,19.8948106553203,-45.8859250000001));
#5425=CARTESIAN_POINT('',(-1.32058757856188,19.8948106553203,-43.4859250000001));
#5426=CARTESIAN_POINT('',(-1.32058757856188,19.8948106553203,-44.885925));
#5427=CARTESIAN_POINT('',(-1.32058757856188,19.8948106553203,-44.885925));
#5428=CARTESIAN_POINT('',(14.9505719403976,19.8948106553203,-44.6859250000001));
#5429=CARTESIAN_POINT('',(14.6505719403976,7.3948106553203,-41.835925));
#5430=CARTESIAN_POINT('',(14.6505719403976,7.3948106553203,-47.435925));
#5431=CARTESIAN_POINT('',(14.6505719403976,7.3948106553203,-42.235925));
#5432=CARTESIAN_POINT('',(14.6505719403976,16.5948106553203,-42.235925));
#5433=CARTESIAN_POINT('',(14.6505719403976,-2.50518934467971,-42.235925));
#5434=CARTESIAN_POINT('',(14.6505719403976,-2.50518934467971,-44.9859250000001));
#5435=CARTESIAN_POINT('',(14.6505719403976,-2.50518934467971,-47.435925));
#5436=CARTESIAN_POINT('',(14.6505719403976,16.5948106553203,-47.435925));
#5437=CARTESIAN_POINT('',(14.6505719403976,16.5948106553203,-41.835925));
#5438=CARTESIAN_POINT('',(15.0505719403976,-3.60518934467971,-41.9359250000001));
#5439=CARTESIAN_POINT('',(15.0505719403976,-3.60518934467971,-41.535925));
#5440=CARTESIAN_POINT('',(15.4505719403976,-3.60518934467971,-41.935925));
#5441=CARTESIAN_POINT('',(15.0505719403976,-3.60518934467971,-41.935925));
#5442=CARTESIAN_POINT('',(15.0505719403976,-4.0051893446797,-41.935925));
#5443=CARTESIAN_POINT('',(15.0505719403976,-3.60518934467971,-41.935925));
#5444=CARTESIAN_POINT('',(15.0505719403976,-3.60518934467971,-41.935925));
#5445=CARTESIAN_POINT('',(14.5505719403976,-3.60518934467971,-41.535925));
#5446=CARTESIAN_POINT('',(8.21625736534682,-3.60518934467971,-41.535925));
#5447=CARTESIAN_POINT('',(8.21625736534682,-3.60518934467971,-41.9359250000001));
#5448=CARTESIAN_POINT('',(8.21625736534682,-4.0051893446797,-41.9359250000001));
#5449=CARTESIAN_POINT('',(8.21625736534682,-4.0051893446797,-41.935925));
#5450=CARTESIAN_POINT('',(14.5505719403976,-3.60518934467971,-41.935925));
#5451=CARTESIAN_POINT('',(8.21625736534682,-3.60518934467971,-41.9359250000001));
#5452=CARTESIAN_POINT('',(7.9334146528722,-3.60518934467971,-41.6530822875254));
#5453=CARTESIAN_POINT('',(8.21625736534681,-3.60518934467971,-41.9359250000001));
#5454=CARTESIAN_POINT('',(8.21625736534682,-3.60518934467971,-41.9359250000001));
#5455=CARTESIAN_POINT('',(7.93341465287219,-3.60518934467971,-41.6530822875254));
#5456=CARTESIAN_POINT('',(6.22986126227908,-3.60518934467971,-43.3566356781185));
#5457=CARTESIAN_POINT('',(6.51270397475369,-3.60518934467971,-43.6394783905931));
#5458=CARTESIAN_POINT('',(6.5127039747537,-4.0051893446797,-43.6394783905931));
#5459=CARTESIAN_POINT('',(6.51270397475369,-4.0051893446797,-43.6394783905931));
#5460=CARTESIAN_POINT('',(11.3834146528723,-3.60518934467971,-38.7687677124747));
#5461=CARTESIAN_POINT('',(6.15915058416045,-3.60518934467971,-43.7859249999998));
#5462=CARTESIAN_POINT('',(6.15915058416044,-3.60518934467971,-43.3859249999999));
#5463=CARTESIAN_POINT('',(6.15915058416047,-4.0051893446797,-43.7859249999998));
#5464=CARTESIAN_POINT('',(6.15915058416043,-4.0051893446797,-43.2859249999999));
#5465=CARTESIAN_POINT('',(6.15915058416043,-3.60518934467971,-43.2859249999999));
#5466=CARTESIAN_POINT('',(6.15915058416043,-3.60518934467971,-43.2859249999999));
#5467=CARTESIAN_POINT('',(-0.920587578561887,-3.60518934467971,-43.785925));
#5468=CARTESIAN_POINT('',(-0.920587578561893,-3.60518934467971,-43.385925));
#5469=CARTESIAN_POINT('',(-0.920587578561884,-4.0051893446797,-43.785925));
#5470=CARTESIAN_POINT('',(-0.920587578561882,-4.0051893446797,-43.785925));
#5471=CARTESIAN_POINT('',(6.15915058416044,-3.60518934467971,-43.3859249999998));
#5472=CARTESIAN_POINT('',(6.15915058416044,-3.60518934467971,-43.7859249999998));
#5473=CARTESIAN_POINT('',(-0.920587578561887,-3.60518934467971,-43.785925));
#5474=CARTESIAN_POINT('',(-1.32058757856189,-3.60518934467971,-43.785925));
#5475=CARTESIAN_POINT('',(-0.920587578561884,-3.60518934467971,-43.785925));
#5476=CARTESIAN_POINT('',(-0.920587578561887,-3.60518934467971,-43.785925));
#5477=CARTESIAN_POINT('',(-1.32058757856188,-3.60518934467971,-43.785925));
#5478=CARTESIAN_POINT('',(-1.32058757856188,-3.60518934467971,-45.8859250000001));
#5479=CARTESIAN_POINT('',(-0.920587578561887,-3.60518934467971,-45.8859250000001));
#5480=CARTESIAN_POINT('',(-0.920587578561887,-4.0051893446797,-45.8859250000001));
#5481=CARTESIAN_POINT('',(-0.920587578561884,-4.0051893446797,-45.8859250000001));
#5482=CARTESIAN_POINT('',(-0.920587578561884,-3.60518934467971,-44.8859250000001));
#5483=CARTESIAN_POINT('',(-0.920587578561887,-3.60518934467971,-45.8859250000001));
#5484=CARTESIAN_POINT('',(-0.920587578561894,-3.60518934467971,-46.2859250000001));
#5485=CARTESIAN_POINT('',(-0.920587578561883,-3.60518934467971,-45.8859250000001));
#5486=CARTESIAN_POINT('',(-0.920587578561887,-3.60518934467971,-45.8859250000001));
#5487=CARTESIAN_POINT('',(-0.920587578561894,-3.60518934467971,-46.2859250000001));
#5488=CARTESIAN_POINT('',(6.15915058416043,-3.60518934467971,-46.2859250000003));
#5489=CARTESIAN_POINT('',(6.15915058416043,-3.60518934467971,-45.8859250000003));
#5490=CARTESIAN_POINT('',(6.15915058416044,-4.0051893446797,-45.8859250000003));
#5491=CARTESIAN_POINT('',(6.15915058416044,-4.0051893446797,-45.8859250000003));
#5492=CARTESIAN_POINT('',(-0.920587578561884,-3.60518934467971,-45.8859250000001));
#5493=CARTESIAN_POINT('',(6.51270397475369,-3.60518934467971,-46.032371609407));
#5494=CARTESIAN_POINT('',(6.22986126227908,-3.60518934467971,-46.3152143218816));
#5495=CARTESIAN_POINT('',(6.51270397475367,-4.0051893446797,-46.032371609407));
#5496=CARTESIAN_POINT('',(6.15915058416043,-4.0051893446797,-46.3859250000003));
#5497=CARTESIAN_POINT('',(6.15915058416043,-3.60518934467971,-46.3859250000003));
#5498=CARTESIAN_POINT('',(6.15915058416043,-3.60518934467971,-46.3859250000003));
#5499=CARTESIAN_POINT('',(8.21625736534682,-3.60518934467971,-47.7359250000001));
#5500=CARTESIAN_POINT('',(7.9334146528722,-3.60518934467971,-48.0187677124747));
#5501=CARTESIAN_POINT('',(8.21625736534682,-4.0051893446797,-47.7359250000001));
#5502=CARTESIAN_POINT('',(8.21625736534682,-4.0051893446797,-47.7359250000001));
#5503=CARTESIAN_POINT('',(6.22986126227907,-3.60518934467971,-46.3152143218816));
#5504=CARTESIAN_POINT('',(6.51270397475369,-3.60518934467971,-46.032371609407));
#5505=CARTESIAN_POINT('',(8.21625736534682,-3.60518934467971,-47.7359250000001));
#5506=CARTESIAN_POINT('',(8.21625736534682,-3.60518934467971,-48.1359250000001));
#5507=CARTESIAN_POINT('',(8.21625736534682,-3.60518934467971,-47.7359250000001));
#5508=CARTESIAN_POINT('',(8.21625736534682,-3.60518934467971,-47.7359250000001));
#5509=CARTESIAN_POINT('',(8.21625736534682,-3.60518934467971,-48.1359250000001));
#5510=CARTESIAN_POINT('',(15.0505719403976,-3.60518934467971,-48.1359250000001));
#5511=CARTESIAN_POINT('',(15.0505719403976,-3.60518934467971,-47.7359250000001));
#5512=CARTESIAN_POINT('',(15.0505719403976,-4.0051893446797,-47.7359250000001));
#5513=CARTESIAN_POINT('',(14.5505719403976,-4.0051893446797,-47.7359250000001));
#5514=CARTESIAN_POINT('',(14.5505719403976,-3.60518934467971,-47.7359250000001));
#5515=CARTESIAN_POINT('',(15.0505719403976,-3.60518934467971,-47.7359250000001));
#5516=CARTESIAN_POINT('',(15.4505719403976,-3.60518934467971,-47.7359250000001));
#5517=CARTESIAN_POINT('',(15.0505719403976,-3.60518934467971,-47.7359250000001));
#5518=CARTESIAN_POINT('',(15.0505719403976,-3.60518934467971,-47.7359250000001));
#5519=CARTESIAN_POINT('',(15.4505719403976,-3.60518934467971,-43.8359250000001));
#5520=CARTESIAN_POINT('',(15.0505719403976,-4.0051893446797,-45.8359250000001));
#5521=CARTESIAN_POINT('',(15.0505719403976,-3.60518934467971,-41.9359250000001));
#5522=CARTESIAN_POINT('',(11.6574124214382,-4.0051893446797,-45.025));
#5523=CARTESIAN_POINT('',(11.6574124214382,-4.0051893446797,-46.775));
#5524=CARTESIAN_POINT('',(14.5505719403976,-4.0051893446797,-41.9359250000001));
#5525=CARTESIAN_POINT('',(13.7505719403976,16.5948106553203,-47.435925));
#5526=CARTESIAN_POINT('',(13.7505719403976,17.3448106553203,-47.435925));
#5527=CARTESIAN_POINT('',(13.7505719403976,7.3948106553203,-47.435925));
#5528=CARTESIAN_POINT('',(13.7505719403976,17.3448106553203,-45.8859250000001));
#5529=CARTESIAN_POINT('',(13.7505719403976,17.3448106553203,-42.235925));
#5530=CARTESIAN_POINT('',(13.7505719403976,18.6448106553203,-42.235925));
#5531=CARTESIAN_POINT('',(13.7505719403976,7.3948106553203,-42.235925));
#5532=CARTESIAN_POINT('',(13.7505719403976,7.3948106553203,-41.835925));
#5533=CARTESIAN_POINT('',(13.7505719403976,16.5948106553203,-41.835925));
#5534=CARTESIAN_POINT('',(9.85057194039762,7.3948106553203,-47.435925));
#5535=CARTESIAN_POINT('',(10.3505719403976,7.3948106553203,-42.235925));
#5536=CARTESIAN_POINT('',(14.6005719403976,7.3948106553203,-42.035925));
#5537=CARTESIAN_POINT('',(1.88496692774828,17.3448106553203,-48.6914795063103));
#5538=CARTESIAN_POINT('',(6.72483600910967,17.3448106553203,-43.8516104249491));
#5539=CARTESIAN_POINT('',(8.34052143405875,17.3448106553203,-42.235925));
#5540=CARTESIAN_POINT('',(6.72483600910966,18.6448106553203,-43.8516104249491));
#5541=CARTESIAN_POINT('',(6.72483600910968,-2.50518934467971,-43.8516104249491));
#5542=CARTESIAN_POINT('',(10.2705466872282,-2.50518934467971,-40.3058997468306));
#5543=CARTESIAN_POINT('',(8.34052143405875,-2.50518934467971,-42.235925));
#5544=CARTESIAN_POINT('',(8.34052143405875,18.6448106553203,-42.235925));
#5545=CARTESIAN_POINT('',(6.72483600910967,18.6448106553203,-43.8516104249491));
#5546=CARTESIAN_POINT('',(6.15915058416041,17.3448106553203,-43.2859249999998));
#5547=CARTESIAN_POINT('',(6.15915058416044,17.3448106553203,-44.0859249999999));
#5548=CARTESIAN_POINT('',(6.15915058416044,18.6448106553203,-44.0859249999999));
#5549=CARTESIAN_POINT('',(6.15915058416041,-2.50518934467971,-44.0859249999998));
#5550=CARTESIAN_POINT('',(6.15915058416041,-2.50518934467971,-43.2859249999998));
#5551=CARTESIAN_POINT('',(6.15915058416041,18.6448106553203,-43.2859249999998));
#5552=CARTESIAN_POINT('',(-0.920587578561917,17.3448106553203,-44.085925));
#5553=CARTESIAN_POINT('',(-0.620587578561883,17.3448106553203,-44.085925));
#5554=CARTESIAN_POINT('',(-0.620587578561883,18.6448106553203,-44.085925));
#5555=CARTESIAN_POINT('',(-0.620587578561883,-2.50518934467971,-44.085925));
#5556=CARTESIAN_POINT('',(14.9505719403976,-2.50518934467971,-44.0859249999997));
#5557=CARTESIAN_POINT('',(-0.620587578561882,18.6448106553203,-44.085925));
#5558=CARTESIAN_POINT('',(-0.620587578561883,17.3448106553203,-45.8859250000001));
#5559=CARTESIAN_POINT('',(-0.620587578561882,17.3448106553203,-45.5859250000001));
#5560=CARTESIAN_POINT('',(-0.620587578561881,18.6448106553203,-45.5859250000001));
#5561=CARTESIAN_POINT('',(-0.620587578561883,-2.50518934467971,-45.5859250000001));
#5562=CARTESIAN_POINT('',(-0.620587578561882,-2.50518934467971,-44.9859250000001));
#5563=CARTESIAN_POINT('',(-0.620587578561883,18.6448106553203,-45.5859250000001));
#5564=CARTESIAN_POINT('',(-0.920587578561867,17.3448106553203,-45.5859250000001));
#5565=CARTESIAN_POINT('',(6.15915058416044,17.3448106553203,-45.5859250000003));
#5566=CARTESIAN_POINT('',(6.15915058416042,18.6448106553203,-45.5859250000003));
#5567=CARTESIAN_POINT('',(6.15915058416042,-2.50518934467971,-45.5859250000003));
#5568=CARTESIAN_POINT('',(14.9505719403976,-2.50518934467971,-45.5859250000005));
#5569=CARTESIAN_POINT('',(6.15915058416044,18.6448106553203,-45.5859250000003));
#5570=CARTESIAN_POINT('',(6.15915058416042,17.3448106553203,-46.3859250000002));
#5571=CARTESIAN_POINT('',(6.72483600910965,17.3448106553203,-45.820239575051));
#5572=CARTESIAN_POINT('',(6.72483600910965,18.6448106553203,-45.820239575051));
#5573=CARTESIAN_POINT('',(6.72483600910966,-2.50518934467971,-45.820239575051));
#5574=CARTESIAN_POINT('',(6.15915058416042,-2.50518934467971,-46.3859250000002));
#5575=CARTESIAN_POINT('',(6.15915058416042,18.6448106553203,-46.3859250000002));
#5576=CARTESIAN_POINT('',(2.93496692774834,17.3448106553203,-42.0303704936898));
#5577=CARTESIAN_POINT('',(8.34052143405872,17.3448106553203,-47.435925));
#5578=CARTESIAN_POINT('',(8.34052143405872,18.6448106553203,-47.435925));
#5579=CARTESIAN_POINT('',(8.3405214340587,-2.50518934467971,-47.435925));
#5580=CARTESIAN_POINT('',(10.4205466872283,-2.50518934467971,-49.5159502531695));
#5581=CARTESIAN_POINT('',(8.34052143405872,18.6448106553203,-47.435925));
#5582=CARTESIAN_POINT('',(14.9505719403976,-2.50518934467971,-47.435925));
#5583=CARTESIAN_POINT('',(-0.920587578561875,17.3448106553203,-47.435925));
#5584=CARTESIAN_POINT('',(13.7505719403976,18.6448106553203,-47.435925));
#5585=CARTESIAN_POINT('',(-0.920587578561875,17.3448106553203,-42.235925));
#5586=CARTESIAN_POINT('',(-0.920587578561875,17.3448106553203,-45.8859250000001));
#5587=CARTESIAN_POINT('',(14.9505719403976,-2.50518934467971,-42.235925));
#5588=CARTESIAN_POINT('',(8.34052143405875,18.6448106553203,-42.235925));
#5589=CARTESIAN_POINT('',(-1.32058757856188,-2.50518934467971,-44.8859250000001));
#5590=CARTESIAN_POINT('',(-1.32058757856188,-2.50518934467971,-44.7859250000001));
#5591=CARTESIAN_POINT('',(-1.32058757856188,-2.50518934467971,-44.885925));
#5592=CARTESIAN_POINT('',(-1.32058757856188,-2.50518934467971,-44.7859250000001));
#5593=CARTESIAN_POINT('',(-1.02058757856188,-2.50518934467971,-44.7859250000001));
#5594=CARTESIAN_POINT('',(-1.02058757856188,-2.50518934467971,-44.9859250000001));
#5595=CARTESIAN_POINT('',(-1.02058757856188,-2.50518934467971,-43.785925));
#5596=CARTESIAN_POINT('',(-0.920587578561887,-2.50518934467971,-43.785925));
#5597=CARTESIAN_POINT('',(-0.920587578561894,-2.50518934467971,-43.6859250000001));
#5598=CARTESIAN_POINT('',(-1.22058757856185,-2.50518934467971,-43.6859250000001));
#5599=CARTESIAN_POINT('',(6.15915058416043,-2.50518934467971,-43.6859249999998));
#5600=CARTESIAN_POINT('',(6.15915058416042,-2.50518934467971,-43.2859249999999));
#5601=CARTESIAN_POINT('',(6.44199329663504,-2.50518934467971,-43.5687677124745));
#5602=CARTESIAN_POINT('',(9.98770397475366,-2.50518934467971,-40.023057034356));
#5603=CARTESIAN_POINT('',(8.14554668722817,-2.50518934467971,-41.8652143218814));
#5604=CARTESIAN_POINT('',(8.21625736534681,-2.50518934467971,-41.9359250000001));
#5605=CARTESIAN_POINT('',(8.21625736534681,-2.50518934467971,-41.835925));
#5606=CARTESIAN_POINT('',(14.9505719403976,-2.50518934467971,-41.835925));
#5607=CARTESIAN_POINT('',(15.0505719403976,-2.50518934467971,-41.835925));
#5608=CARTESIAN_POINT('',(15.0505719403976,-2.50518934467971,-41.9359250000001));
#5609=CARTESIAN_POINT('',(15.1505719403976,-2.50518934467971,-41.9359250000001));
#5610=CARTESIAN_POINT('',(15.1505719403976,-2.50518934467971,-48.0359250000001));
#5611=CARTESIAN_POINT('',(15.1505719403976,-2.50518934467971,-47.7359250000001));
#5612=CARTESIAN_POINT('',(15.0505719403976,-2.50518934467971,-47.7359250000001));
#5613=CARTESIAN_POINT('',(15.0505719403976,-2.50518934467971,-47.8359250000001));
#5614=CARTESIAN_POINT('',(8.09199329663491,-2.50518934467971,-47.8359250000001));
#5615=CARTESIAN_POINT('',(8.21625736534681,-2.50518934467971,-47.8359250000001));
#5616=CARTESIAN_POINT('',(8.21625736534681,-2.50518934467971,-47.7359250000001));
#5617=CARTESIAN_POINT('',(8.14554668722817,-2.50518934467971,-47.8066356781187));
#5618=CARTESIAN_POINT('',(6.44199329663485,-2.50518934467971,-46.1030822875255));
#5619=CARTESIAN_POINT('',(6.44199329663504,-2.50518934467971,-46.1030822875257));
#5620=CARTESIAN_POINT('',(6.15915058416042,-2.50518934467971,-46.3859250000003));
#5621=CARTESIAN_POINT('',(6.15915058416043,-2.50518934467971,-45.9859250000003));
#5622=CARTESIAN_POINT('',(14.9505719403976,-2.50518934467971,-45.9859250000005));
#5623=CARTESIAN_POINT('',(-0.920587578561894,-2.50518934467971,-45.9859250000001));
#5624=CARTESIAN_POINT('',(-0.920587578561887,-2.50518934467971,-45.8859250000001));
#5625=CARTESIAN_POINT('',(-1.02058757856188,-2.50518934467971,-45.8859250000001));
#5626=CARTESIAN_POINT('',(-1.02058757856188,-2.50518934467971,-44.9859250000001));
#5627=CARTESIAN_POINT('',(-1.02058757856188,-2.50518934467971,-44.885925));
#5628=CARTESIAN_POINT('',(14.9505719403976,-2.50518934467971,-44.885925));
#5629=CARTESIAN_POINT('',(14.5505719403976,-2.50518934467971,-41.9359250000001));
#5630=CARTESIAN_POINT('',(15.9005719403976,8.3948106553203,-43.835925));
#5631=CARTESIAN_POINT('',(15.1505719403976,8.3948106553203,-43.835925));
#5632=CARTESIAN_POINT('',(15.1005719403976,8.3948106553203,-43.835925));
#5633=CARTESIAN_POINT('',(15.1505719403976,8.89481065532029,-43.835925));
#5634=CARTESIAN_POINT('',(15.1505719403976,8.89481065532029,-43.335925));
#5635=CARTESIAN_POINT('',(15.9005719403976,8.89481065532029,-43.335925));
#5636=CARTESIAN_POINT('',(15.1005719403976,8.89481065532029,-43.335925));
#5637=CARTESIAN_POINT('',(15.1005719403976,8.89481065532029,-43.835925));
#5638=CARTESIAN_POINT('',(15.9005719403976,8.89481065532029,-43.835925));
#5639=CARTESIAN_POINT('',(15.9005719403976,11.8948106553203,-43.335925));
#5640=CARTESIAN_POINT('',(15.1505719403976,11.8948106553203,-43.335925));
#5641=CARTESIAN_POINT('',(15.1005719403976,11.8948106553203,-43.335925));
#5642=CARTESIAN_POINT('',(15.1505719403976,11.8948106553203,-43.835925));
#5643=CARTESIAN_POINT('',(15.1505719403976,12.3948106553203,-43.835925));
#5644=CARTESIAN_POINT('',(15.9005719403976,12.3948106553203,-43.835925));
#5645=CARTESIAN_POINT('',(15.1005719403976,12.3948106553203,-43.835925));
#5646=CARTESIAN_POINT('',(15.1005719403976,11.8948106553203,-43.835925));
#5647=CARTESIAN_POINT('',(15.9005719403976,11.8948106553203,-43.835925));
#5648=CARTESIAN_POINT('',(15.9005719403976,8.89481065532029,-46.335925));
#5649=CARTESIAN_POINT('',(15.1505719403976,8.89481065532029,-46.335925));
#5650=CARTESIAN_POINT('',(15.1005719403976,8.89481065532029,-46.335925));
#5651=CARTESIAN_POINT('',(15.1505719403976,8.89481065532029,-45.835925));
#5652=CARTESIAN_POINT('',(15.1505719403976,8.3948106553203,-45.835925));
#5653=CARTESIAN_POINT('',(15.9005719403976,8.3948106553203,-45.835925));
#5654=CARTESIAN_POINT('',(15.1005719403976,8.3948106553203,-45.835925));
#5655=CARTESIAN_POINT('',(15.1005719403976,8.89481065532029,-45.835925));
#5656=CARTESIAN_POINT('',(15.9005719403976,8.89481065532029,-45.835925));
#5657=CARTESIAN_POINT('',(15.9005719403976,12.3948106553203,-45.835925));
#5658=CARTESIAN_POINT('',(15.1505719403976,12.3948106553203,-45.835925));
#5659=CARTESIAN_POINT('',(15.1005719403976,12.3948106553203,-45.835925));
#5660=CARTESIAN_POINT('',(15.1505719403976,11.8948106553203,-45.835925));
#5661=CARTESIAN_POINT('',(15.1505719403976,11.8948106553203,-46.335925));
#5662=CARTESIAN_POINT('',(15.9005719403976,11.8948106553203,-46.335925));
#5663=CARTESIAN_POINT('',(15.1005719403976,11.8948106553203,-46.335925));
#5664=CARTESIAN_POINT('',(15.1005719403976,11.8948106553203,-45.835925));
#5665=CARTESIAN_POINT('',(15.9005719403976,11.8948106553203,-45.835925));
#5666=CARTESIAN_POINT('',(15.1505719403976,22.8948106553203,-46.335925));
#5667=CARTESIAN_POINT('',(15.1005719403976,11.9948106553203,-46.335925));
#5668=CARTESIAN_POINT('',(15.9005719403976,11.8948106553203,-46.335925));
#5669=CARTESIAN_POINT('',(15.1505719403976,8.39481065532029,-48.0359250000001));
#5670=CARTESIAN_POINT('',(15.1005719403976,8.3948106553203,-45.585925));
#5671=CARTESIAN_POINT('',(15.1005719403976,8.3948106553203,-43.735925));
#5672=CARTESIAN_POINT('',(15.9005719403976,8.3948106553203,-43.735925));
#5673=CARTESIAN_POINT('',(14.1505719403976,8.3948106553203,-43.735925));
#5674=CARTESIAN_POINT('',(14.1505719403976,8.3948106553203,-45.585925));
#5675=CARTESIAN_POINT('',(14.1505719403976,8.3948106553203,-45.935925));
#5676=CARTESIAN_POINT('',(15.9005719403976,8.3948106553203,-45.935925));
#5677=CARTESIAN_POINT('',(15.1005719403976,8.3948106553203,-45.935925));
#5678=CARTESIAN_POINT('',(15.1005719403976,8.3948106553203,-45.585925));
#5679=CARTESIAN_POINT('',(15.9005719403976,8.3948106553203,-45.585925));
#5680=CARTESIAN_POINT('',(15.1005719403976,11.9948106553203,-43.235925));
#5681=CARTESIAN_POINT('',(15.1005719403976,8.89481065532029,-43.235925));
#5682=CARTESIAN_POINT('',(15.1005719403976,11.8948106553203,-43.235925));
#5683=CARTESIAN_POINT('',(15.9005719403976,11.8948106553203,-43.235925));
#5684=CARTESIAN_POINT('',(14.1505719403976,11.8948106553203,-43.235925));
#5685=CARTESIAN_POINT('',(14.1505719403976,11.8948106553203,-43.235925));
#5686=CARTESIAN_POINT('',(14.1505719403976,8.89481065532029,-43.235925));
#5687=CARTESIAN_POINT('',(15.9005719403976,8.89481065532029,-43.235925));
#5688=CARTESIAN_POINT('',(15.9005719403976,11.8948106553203,-43.235925));
#5689=CARTESIAN_POINT('',(15.1505719403976,12.3948106553203,-48.0359250000001));
#5690=CARTESIAN_POINT('',(15.1005719403976,12.3948106553203,-44.835925));
#5691=CARTESIAN_POINT('',(15.1005719403976,12.3948106553203,-45.935925));
#5692=CARTESIAN_POINT('',(15.9005719403976,12.3948106553203,-45.935925));
#5693=CARTESIAN_POINT('',(14.1505719403976,12.3948106553203,-45.935925));
#5694=CARTESIAN_POINT('',(14.1505719403976,12.3948106553203,-45.585925));
#5695=CARTESIAN_POINT('',(14.1505719403976,12.3948106553203,-43.735925));
#5696=CARTESIAN_POINT('',(15.9005719403976,12.3948106553203,-43.735925));
#5697=CARTESIAN_POINT('',(15.1005719403976,12.3948106553203,-43.735925));
#5698=CARTESIAN_POINT('',(15.1005719403976,12.3948106553203,-44.835925));
#5699=CARTESIAN_POINT('',(15.9005719403976,12.3948106553203,-45.585925));
#5700=CARTESIAN_POINT('',(15.1005719403976,11.8948106553203,-46.435925));
#5701=CARTESIAN_POINT('',(15.1005719403976,8.89481065532029,-46.435925));
#5702=CARTESIAN_POINT('',(15.1005719403976,11.8948106553203,-46.435925));
#5703=CARTESIAN_POINT('',(15.9005719403976,8.89481065532029,-46.435925));
#5704=CARTESIAN_POINT('',(14.1505719403976,8.89481065532029,-46.435925));
#5705=CARTESIAN_POINT('',(14.1505719403976,11.8948106553203,-46.435925));
#5706=CARTESIAN_POINT('',(14.1505719403976,11.8948106553203,-46.435925));
#5707=CARTESIAN_POINT('',(15.9005719403976,11.8948106553203,-46.435925));
#5708=CARTESIAN_POINT('',(15.9005719403976,11.8948106553203,-46.435925));
#5709=CARTESIAN_POINT('',(15.1005719403976,8.89481065532029,-45.935925));
#5710=CARTESIAN_POINT('',(14.1505719403976,8.89481065532029,-45.935925));
#5711=CARTESIAN_POINT('',(15.9005719403976,8.89481065532029,-45.935925));
#5712=CARTESIAN_POINT('',(15.1005719403976,11.8948106553203,-45.935925));
#5713=CARTESIAN_POINT('',(14.1505719403976,11.8948106553203,-45.935925));
#5714=CARTESIAN_POINT('',(15.9005719403976,11.8948106553203,-45.935925));
#5715=CARTESIAN_POINT('',(15.1005719403976,11.8948106553203,-43.735925));
#5716=CARTESIAN_POINT('',(14.1505719403976,11.8948106553203,-43.735925));
#5717=CARTESIAN_POINT('',(15.9005719403976,11.8948106553203,-43.735925));
#5718=CARTESIAN_POINT('',(15.1005719403976,8.89481065532029,-43.735925));
#5719=CARTESIAN_POINT('',(14.1505719403976,8.89481065532029,-43.735925));
#5720=CARTESIAN_POINT('',(15.9005719403976,8.89481065532029,-43.735925));
#5721=CARTESIAN_POINT('',(14.1505719403976,11.8948106553203,-45.585925));
#5722=CARTESIAN_POINT('',(15.1005719403976,11.8948106553203,-43.335925));
#5723=CARTESIAN_POINT('',(15.1005719403976,11.9948106553203,-44.835925));
#5724=CARTESIAN_POINT('',(15.1005719403976,11.9948106553203,-44.835925));
#5725=CARTESIAN_POINT('',(15.1505719403976,11.8948106553203,-43.335925));
#5726=CARTESIAN_POINT('',(15.9005719403976,11.8948106553203,-43.335925));
#5727=CARTESIAN_POINT('',(15.9005719403976,7.59481065532029,-45.835925));
#5728=CARTESIAN_POINT('',(15.4505719403976,7.59481065532029,-45.835925));
#5729=CARTESIAN_POINT('',(15.9505719403976,7.59481065532029,-45.835925));
#5730=CARTESIAN_POINT('',(15.9505719403976,7.59481065532029,-45.585925));
#5731=CARTESIAN_POINT('',(15.9505719403976,7.5948106553203,-43.835925));
#5732=CARTESIAN_POINT('',(15.9005719403976,7.59481065532029,-43.835925));
#5733=CARTESIAN_POINT('',(15.4505719403976,7.59481065532029,-43.835925));
#5734=CARTESIAN_POINT('',(15.4505719403976,7.59481065532029,-45.585925));
#5735=CARTESIAN_POINT('',(15.9005719403976,7.59481065532029,-45.585925));
#5736=CARTESIAN_POINT('',(15.9005719403976,8.89481065532029,-42.535925));
#5737=CARTESIAN_POINT('',(15.4505719403976,8.89481065532029,-42.535925));
#5738=CARTESIAN_POINT('',(15.9505719403976,8.89481065532029,-42.535925));
#5739=CARTESIAN_POINT('',(15.9505719403976,11.8948106553203,-42.535925));
#5740=CARTESIAN_POINT('',(15.9505719403976,11.8948106553203,-42.535925));
#5741=CARTESIAN_POINT('',(15.9005719403976,11.8948106553203,-42.535925));
#5742=CARTESIAN_POINT('',(15.4505719403976,11.8948106553203,-42.535925));
#5743=CARTESIAN_POINT('',(15.4505719403976,11.8948106553203,-42.535925));
#5744=CARTESIAN_POINT('',(15.9005719403976,11.8948106553203,-42.535925));
#5745=CARTESIAN_POINT('',(16.4505719403976,11.7948106553203,-43.935925));
#5746=CARTESIAN_POINT('',(16.4505719403976,11.7948106553203,-43.1945036437627));
#5747=CARTESIAN_POINT('',(16.4505719403976,12.5362320115576,-43.935925));
#5748=CARTESIAN_POINT('',(16.4505719403976,12.5362320115576,-45.585925));
#5749=CARTESIAN_POINT('',(16.4505719403976,12.5362320115576,-45.735925));
#5750=CARTESIAN_POINT('',(16.4505719403976,11.7948106553203,-45.735925));
#5751=CARTESIAN_POINT('',(16.4505719403976,11.7948106553203,-46.4773463562373));
#5752=CARTESIAN_POINT('',(16.4505719403976,11.8948106553203,-46.4773463562373));
#5753=CARTESIAN_POINT('',(16.4505719403976,8.99481065532029,-46.4773463562373));
#5754=CARTESIAN_POINT('',(16.4505719403976,8.99481065532029,-45.735925));
#5755=CARTESIAN_POINT('',(16.4505719403976,8.25338929908299,-45.735925));
#5756=CARTESIAN_POINT('',(16.4505719403976,8.25338929908299,-45.585925));
#5757=CARTESIAN_POINT('',(16.4505719403976,8.25338929908299,-43.935925));
#5758=CARTESIAN_POINT('',(16.4505719403976,8.99481065532029,-43.935925));
#5759=CARTESIAN_POINT('',(16.4505719403976,8.99481065532029,-43.1945036437627));
#5760=CARTESIAN_POINT('',(16.4505719403976,11.8948106553203,-43.1945036437627));
#5761=CARTESIAN_POINT('',(16.4505719403976,8.89481065532029,-45.835925));
#5762=CARTESIAN_POINT('',(16.4505719403976,7.86251395146298,-45.835925));
#5763=CARTESIAN_POINT('',(16.4505719403976,8.89481065532029,-46.8682217038573));
#5764=CARTESIAN_POINT('',(16.4505719403976,11.8948106553203,-46.8682217038573));
#5765=CARTESIAN_POINT('',(16.4505719403976,11.8948106553203,-46.8682217038573));
#5766=CARTESIAN_POINT('',(16.4505719403976,11.8948106553203,-45.835925));
#5767=CARTESIAN_POINT('',(16.4505719403976,12.9271073591776,-45.835925));
#5768=CARTESIAN_POINT('',(16.4505719403976,12.9271073591776,-45.585925));
#5769=CARTESIAN_POINT('',(16.4505719403976,12.9271073591776,-43.835925));
#5770=CARTESIAN_POINT('',(16.4505719403976,11.8948106553203,-43.835925));
#5771=CARTESIAN_POINT('',(16.4505719403976,11.8948106553203,-42.8036282961427));
#5772=CARTESIAN_POINT('',(16.4505719403976,11.8948106553203,-42.8036282961427));
#5773=CARTESIAN_POINT('',(16.4505719403976,8.89481065532029,-42.8036282961427));
#5774=CARTESIAN_POINT('',(16.4505719403976,8.89481065532029,-43.835925));
#5775=CARTESIAN_POINT('',(16.4505719403976,7.86251395146298,-43.835925));
#5776=CARTESIAN_POINT('',(16.4505719403976,7.86251395146298,-45.585925));
#5777=CARTESIAN_POINT('',(16.4505719403976,11.8948106553203,-45.585925));
#5778=CARTESIAN_POINT('',(15.9005719403976,13.1948106553203,-43.835925));
#5779=CARTESIAN_POINT('',(15.4505719403976,13.1948106553203,-43.835925));
#5780=CARTESIAN_POINT('',(15.9505719403976,13.1948106553203,-43.835925));
#5781=CARTESIAN_POINT('',(15.9505719403976,13.1948106553203,-45.585925));
#5782=CARTESIAN_POINT('',(15.9505719403976,13.1948106553203,-45.835925));
#5783=CARTESIAN_POINT('',(15.9005719403976,13.1948106553203,-45.835925));
#5784=CARTESIAN_POINT('',(15.4505719403976,13.1948106553203,-45.835925));
#5785=CARTESIAN_POINT('',(15.4505719403976,13.1948106553203,-44.835925));
#5786=CARTESIAN_POINT('',(15.9005719403976,13.1948106553203,-45.585925));
#5787=CARTESIAN_POINT('',(15.9005719403976,11.8948106553203,-47.135925));
#5788=CARTESIAN_POINT('',(15.4505719403976,11.8948106553203,-47.135925));
#5789=CARTESIAN_POINT('',(15.9505719403976,11.8948106553203,-47.135925));
#5790=CARTESIAN_POINT('',(15.9505719403976,11.8948106553203,-47.135925));
#5791=CARTESIAN_POINT('',(15.9505719403976,8.89481065532029,-47.135925));
#5792=CARTESIAN_POINT('',(15.9005719403976,8.89481065532029,-47.135925));
#5793=CARTESIAN_POINT('',(15.4505719403976,8.89481065532029,-47.135925));
#5794=CARTESIAN_POINT('',(15.4505719403976,11.8948106553203,-47.135925));
#5795=CARTESIAN_POINT('',(15.9005719403976,11.8948106553203,-47.135925));
#5796=CARTESIAN_POINT('',(15.8505719403976,11.8948106553203,-44.835925));
#5797=CARTESIAN_POINT('',(15.8505719403976,11.8948106553203,-43.935925));
#5798=CARTESIAN_POINT('',(15.8505719403976,11.8948106553203,-45.735925));
#5799=CARTESIAN_POINT('',(15.8505719403976,11.7948106553203,-43.935925));
#5800=CARTESIAN_POINT('',(15.8505719403976,11.7948106553203,-43.835925));
#5801=CARTESIAN_POINT('',(15.8505719403976,11.8948106553203,-43.835925));
#5802=CARTESIAN_POINT('',(15.8505719403976,8.99481065532029,-43.835925));
#5803=CARTESIAN_POINT('',(15.8505719403976,8.99481065532029,-43.935925));
#5804=CARTESIAN_POINT('',(15.8505719403976,8.89481065532029,-43.935925));
#5805=CARTESIAN_POINT('',(15.8505719403976,8.89481065532029,-45.585925));
#5806=CARTESIAN_POINT('',(15.8505719403976,8.89481065532029,-45.735925));
#5807=CARTESIAN_POINT('',(15.8505719403976,8.99481065532029,-45.735925));
#5808=CARTESIAN_POINT('',(15.8505719403976,8.99481065532029,-45.835925));
#5809=CARTESIAN_POINT('',(15.8505719403976,11.8948106553203,-45.835925));
#5810=CARTESIAN_POINT('',(15.8505719403976,11.7948106553203,-45.835925));
#5811=CARTESIAN_POINT('',(15.8505719403976,11.7948106553203,-45.735925));
#5812=CARTESIAN_POINT('',(15.8505719403976,10.3948106553203,-44.835925));
#5813=CARTESIAN_POINT('',(15.9505719403976,11.8948106553203,-45.835925));
#5814=CARTESIAN_POINT('',(15.4505719403976,11.8948106553203,-45.835925));
#5815=CARTESIAN_POINT('',(15.9005719403976,11.8948106553203,-45.835925));
#5816=CARTESIAN_POINT('',(15.9505719403976,8.89481065532029,-45.835925));
#5817=CARTESIAN_POINT('',(15.4505719403976,8.89481065532029,-45.835925));
#5818=CARTESIAN_POINT('',(15.9005719403976,8.89481065532029,-45.835925));
#5819=CARTESIAN_POINT('',(15.9505719403976,8.89481065532029,-43.835925));
#5820=CARTESIAN_POINT('',(15.4505719403976,8.89481065532029,-43.835925));
#5821=CARTESIAN_POINT('',(15.9005719403976,8.89481065532029,-43.835925));
#5822=CARTESIAN_POINT('',(15.9505719403976,11.8948106553203,-43.835925));
#5823=CARTESIAN_POINT('',(15.4505719403976,11.8948106553203,-43.835925));
#5824=CARTESIAN_POINT('',(15.9005719403976,11.8948106553203,-43.835925));
#5825=CARTESIAN_POINT('',(16.3988478024666,8.89481065532029,-46.9566146551724));
#5826=CARTESIAN_POINT('',(16.387711008033,8.89481065532029,-46.9610693729458));
#5827=CARTESIAN_POINT('',(16.387711008033,8.89481065532029,-45.835925));
#5828=CARTESIAN_POINT('',(16.387711008033,7.76966628237446,-45.835925));
#5829=CARTESIAN_POINT('',(15.9505719403976,7.59481065532029,-45.835925));
#5830=CARTESIAN_POINT('',(15.9505719403976,8.89481065532029,-45.835925));
#5831=CARTESIAN_POINT('',(16.3988478024666,11.8948106553203,-46.9566146551724));
#5832=CARTESIAN_POINT('',(16.387711008033,11.8948106553203,-46.9610693729458));
#5833=CARTESIAN_POINT('',(16.387711008033,11.8948106553203,-46.9610693729458));
#5834=CARTESIAN_POINT('',(16.4505719403976,11.8948106553203,-46.935925));
#5835=CARTESIAN_POINT('',(16.387711008033,7.76966628237446,-45.585925));
#5836=CARTESIAN_POINT('',(16.387711008033,7.76966628237446,-43.835925));
#5837=CARTESIAN_POINT('',(15.9505719403976,7.5948106553203,-43.835925));
#5838=CARTESIAN_POINT('',(15.9505719403976,7.59481065532029,-45.585925));
#5839=CARTESIAN_POINT('',(15.9505719403976,13.1948106553203,-45.835925));
#5840=CARTESIAN_POINT('',(16.387711008033,13.0199550282661,-45.835925));
#5841=CARTESIAN_POINT('',(16.387711008033,11.8948106553203,-45.835925));
#5842=CARTESIAN_POINT('',(15.9505719403976,11.8948106553203,-45.835925));
#5843=CARTESIAN_POINT('',(16.387711008033,8.89481065532029,-43.835925));
#5844=CARTESIAN_POINT('',(16.387711008033,8.89481065532029,-42.7107806270542));
#5845=CARTESIAN_POINT('',(15.9505719403976,8.89481065532029,-42.535925));
#5846=CARTESIAN_POINT('',(15.9505719403976,8.89481065532029,-43.835925));
#5847=CARTESIAN_POINT('',(15.9505719403976,13.1948106553203,-43.835925));
#5848=CARTESIAN_POINT('',(16.387711008033,13.0199550282661,-43.835925));
#5849=CARTESIAN_POINT('',(16.387711008033,13.0199550282661,-45.585925));
#5850=CARTESIAN_POINT('',(15.9505719403976,13.1948106553203,-45.585925));
#5851=CARTESIAN_POINT('',(16.387711008033,11.8948106553203,-42.7107806270542));
#5852=CARTESIAN_POINT('',(16.387711008033,11.8948106553203,-42.7107806270542));
#5853=CARTESIAN_POINT('',(15.9505719403976,11.8948106553203,-42.535925));
#5854=CARTESIAN_POINT('',(15.9505719403976,11.8948106553203,-42.535925));
#5855=CARTESIAN_POINT('',(16.387711008033,11.8948106553203,-43.835925));
#5856=CARTESIAN_POINT('',(15.9505719403976,11.8948106553203,-43.835925));
#5857=CARTESIAN_POINT('',(16.2505719403976,12.2948106553203,-43.935925));
#5858=CARTESIAN_POINT('',(16.4212826185163,12.4655213334389,-43.935925));
#5859=CARTESIAN_POINT('',(16.4212826185163,11.7948106553203,-43.935925));
#5860=CARTESIAN_POINT('',(16.4212826185163,11.7948106553203,-43.2652143218814));
#5861=CARTESIAN_POINT('',(15.8505719403976,11.7948106553203,-43.835925));
#5862=CARTESIAN_POINT('',(16.2505719403976,11.7948106553203,-43.935925));
#5863=CARTESIAN_POINT('',(16.2505719403976,12.2948106553203,-45.735925));
#5864=CARTESIAN_POINT('',(16.4212826185163,12.4655213334389,-45.735925));
#5865=CARTESIAN_POINT('',(16.4212826185163,12.4655213334389,-45.585925));
#5866=CARTESIAN_POINT('',(15.8505719403976,11.8948106553203,-45.585925));
#5867=CARTESIAN_POINT('',(16.4212826185163,11.8948106553203,-43.2652143218814));
#5868=CARTESIAN_POINT('',(16.4212826185163,8.99481065532029,-43.2652143218814));
#5869=CARTESIAN_POINT('',(15.8505719403976,8.99481065532029,-43.835925));
#5870=CARTESIAN_POINT('',(15.8505719403976,11.8948106553203,-43.835925));
#5871=CARTESIAN_POINT('',(16.2505719403976,11.7948106553203,-46.235925));
#5872=CARTESIAN_POINT('',(16.4212826185163,11.7948106553203,-46.4066356781187));
#5873=CARTESIAN_POINT('',(16.4212826185163,11.7948106553203,-45.735925));
#5874=CARTESIAN_POINT('',(16.2505719403976,11.7948106553203,-45.735925));
#5875=CARTESIAN_POINT('',(16.4212826185163,8.99481065532029,-43.935925));
#5876=CARTESIAN_POINT('',(16.4212826185163,8.32409997720164,-43.935925));
#5877=CARTESIAN_POINT('',(15.8505719403976,8.89481065532029,-43.935925));
#5878=CARTESIAN_POINT('',(16.2505719403976,8.99481065532029,-43.935925));
#5879=CARTESIAN_POINT('',(16.2505719403976,8.99481065532029,-46.235925));
#5880=CARTESIAN_POINT('',(16.4212826185163,8.99481065532029,-46.4066356781187));
#5881=CARTESIAN_POINT('',(16.4212826185163,11.8948106553203,-46.4066356781187));
#5882=CARTESIAN_POINT('',(15.8505719403976,11.8948106553203,-45.835925));
#5883=CARTESIAN_POINT('',(16.4212826185163,8.32409997720164,-45.585925));
#5884=CARTESIAN_POINT('',(16.4212826185163,8.32409997720164,-45.735925));
#5885=CARTESIAN_POINT('',(15.8505719403976,8.89481065532029,-45.735925));
#5886=CARTESIAN_POINT('',(15.8505719403976,8.89481065532029,-45.585925));
#5887=CARTESIAN_POINT('',(16.4212826185163,8.99481065532029,-45.735925));
#5888=CARTESIAN_POINT('',(16.2505719403976,8.99481065532029,-45.735925));
#5889=CARTESIAN_POINT('',(16.3505719403976,8.25338929908299,-45.735925));
#5890=CARTESIAN_POINT('',(16.3505719403976,8.25338929908299,-43.935925));
#5891=CARTESIAN_POINT('',(16.3505719403976,8.25338929908299,-45.585925));
#5892=CARTESIAN_POINT('',(16.3505719403976,8.99481065532029,-43.1945036437627));
#5893=CARTESIAN_POINT('',(16.3505719403976,8.99481065532029,-43.935925));
#5894=CARTESIAN_POINT('',(16.3505719403976,8.99481065532029,-46.4773463562373));
#5895=CARTESIAN_POINT('',(16.3505719403976,8.99481065532029,-45.735925));
#5896=CARTESIAN_POINT('',(16.3505719403976,11.7948106553203,-43.1945036437627));
#5897=CARTESIAN_POINT('',(16.3505719403976,11.8948106553203,-43.1945036437627));
#5898=CARTESIAN_POINT('',(16.3505719403976,11.7948106553203,-46.4773463562373));
#5899=CARTESIAN_POINT('',(16.3505719403976,11.8948106553203,-46.4773463562373));
#5900=CARTESIAN_POINT('',(16.3505719403976,12.5362320115576,-43.935925));
#5901=CARTESIAN_POINT('',(16.3505719403976,11.7948106553203,-43.935925));
#5902=CARTESIAN_POINT('',(16.3505719403976,12.5362320115576,-45.735925));
#5903=CARTESIAN_POINT('',(16.3505719403976,11.7948106553203,-45.735925));
#5904=CARTESIAN_POINT('',(16.3505719403976,12.5362320115576,-45.585925));
#5905=CARTESIAN_POINT('',(16.3505719403976,11.8948106553203,-42.8036282961427));
#5906=CARTESIAN_POINT('',(16.3505719403976,8.89481065532029,-42.8036282961427));
#5907=CARTESIAN_POINT('',(16.3505719403976,11.8948106553203,-42.8036282961427));
#5908=CARTESIAN_POINT('',(16.3505719403976,7.86251395146298,-43.835925));
#5909=CARTESIAN_POINT('',(16.3505719403976,8.89481065532029,-43.835925));
#5910=CARTESIAN_POINT('',(16.3505719403976,12.9271073591776,-43.835925));
#5911=CARTESIAN_POINT('',(16.3505719403976,11.8948106553203,-43.835925));
#5912=CARTESIAN_POINT('',(16.3505719403976,7.86251395146298,-45.835925));
#5913=CARTESIAN_POINT('',(16.3505719403976,7.86251395146298,-45.585925));
#5914=CARTESIAN_POINT('',(16.3505719403976,12.9271073591776,-45.835925));
#5915=CARTESIAN_POINT('',(16.3505719403976,12.9271073591776,-45.585925));
#5916=CARTESIAN_POINT('',(16.3505719403976,8.89481065532029,-46.8682217038573));
#5917=CARTESIAN_POINT('',(16.3505719403976,8.89481065532029,-45.835925));
#5918=CARTESIAN_POINT('',(16.3505719403976,11.8948106553203,-46.8682217038573));
#5919=CARTESIAN_POINT('',(16.3505719403976,11.8948106553203,-45.835925));
#5920=CARTESIAN_POINT('',(16.3505719403976,11.8948106553203,-46.8682217038573));
#5921=CARTESIAN_POINT('',(-1.02058757856188,-2.50518934467971,-44.7859250000001));
#5922=CARTESIAN_POINT('',(-1.32058757856188,-2.50518934467971,-44.7859250000001));
#5923=CARTESIAN_POINT('',(-1.32058757856188,-2.50518934467971,-44.7859250000001));
#5924=CARTESIAN_POINT('',(-1.02058757856188,22.8948106553203,-44.885925));
#5925=CARTESIAN_POINT('',(-1.32058757856188,22.8948106553203,-44.885925));
#5926=CARTESIAN_POINT('',(-1.32058757856188,-2.50518934467971,-44.885925));
#5927=CARTESIAN_POINT('',(15.1505719403976,22.8948106553203,-43.235925));
#5928=CARTESIAN_POINT('',(15.1505719403976,-1.50518934467971,-43.235925));
#5929=CARTESIAN_POINT('',(15.1505719403976,-0.505189344679707,-43.235925));
#5930=CARTESIAN_POINT('',(15.1005719403977,-0.505189344679707,-43.235925));
#5931=CARTESIAN_POINT('',(15.4505719403976,-0.505189344679707,-43.235925));
#5932=CARTESIAN_POINT('',(15.4505719403976,22.8948106553203,-43.235925));
#5933=CARTESIAN_POINT('',(15.4505719403976,-1.50518934467971,-43.235925));
#5934=CARTESIAN_POINT('',(15.1005719403977,-1.50518934467971,-43.235925));
#5935=CARTESIAN_POINT('',(15.1005719403977,-1.00518934467971,-43.235925));
#5936=CARTESIAN_POINT('',(15.1505719403976,-1.50518934467971,-48.0359250000001));
#5937=CARTESIAN_POINT('',(15.1505719403976,-1.50518934467971,-46.435925));
#5938=CARTESIAN_POINT('',(15.4505719403976,-1.50518934467971,-44.335925));
#5939=CARTESIAN_POINT('',(15.4505719403976,-1.50518934467971,-46.435925));
#5940=CARTESIAN_POINT('',(15.1005719403977,-1.50518934467971,-46.435925));
#5941=CARTESIAN_POINT('',(15.1005719403977,-1.50518934467971,-44.335925));
#5942=CARTESIAN_POINT('',(15.1505719403976,22.8948106553203,-46.435925));
#5943=CARTESIAN_POINT('',(15.1505719403976,-0.505189344679707,-46.435925));
#5944=CARTESIAN_POINT('',(15.4505719403976,-1.00518934467971,-46.435925));
#5945=CARTESIAN_POINT('',(15.4505719403976,-0.505189344679707,-46.435925));
#5946=CARTESIAN_POINT('',(15.1005719403977,-0.505189344679707,-46.435925));
#5947=CARTESIAN_POINT('',(15.1005719403977,-1.00518934467971,-46.435925));
#5948=CARTESIAN_POINT('',(15.1505719403976,-0.505189344679707,-48.0359250000001));
#5949=CARTESIAN_POINT('',(15.4505719403976,-0.505189344679707,-44.335925));
#5950=CARTESIAN_POINT('',(15.1005719403977,-0.505189344679707,-44.335925));
#5951=CARTESIAN_POINT('',(15.1505719403976,27.4948106553203,-48.0359249999999));
#5952=CARTESIAN_POINT('',(15.1505719403976,27.4948106553203,-47.7359250000001));
#5953=CARTESIAN_POINT('',(7.79199329663488,27.4948106553203,-47.8359250000001));
#5954=CARTESIAN_POINT('',(15.0505719403976,27.4948106553203,-47.8359250000001));
#5955=CARTESIAN_POINT('',(15.0505719403976,27.4948106553203,-47.7359250000001));
#5956=CARTESIAN_POINT('',(8.09199329663491,27.4948106553203,-41.835925));
#5957=CARTESIAN_POINT('',(15.0505719403976,27.4948106553203,-41.835925));
#5958=CARTESIAN_POINT('',(15.1505719403976,27.4948106553203,-48.0359249999999));
#5959=CARTESIAN_POINT('',(15.1505719403976,27.4948106553203,-41.9359250000001));
#5960=CARTESIAN_POINT('',(15.0505719403976,27.4948106553203,-41.9359250000001));
#5961=CARTESIAN_POINT('',(10.3505719403976,27.4948106553203,-47.435925));
#5962=CARTESIAN_POINT('',(10.3505719403976,27.4948106553203,-41.8359250000001));
#5963=CARTESIAN_POINT('',(10.3505719403976,27.4948106553203,-41.9359250000001));
#5964=CARTESIAN_POINT('',(10.2505719403976,27.4948106553203,-41.9359250000001));
#5965=CARTESIAN_POINT('',(7.79199329663488,27.4948106553203,-41.9359250000001));
#5966=CARTESIAN_POINT('',(9.95057194039762,27.4948106553203,-41.9359250000001));
#5967=CARTESIAN_POINT('',(10.3505719403976,27.4948106553203,-41.9359250000001));
#5968=CARTESIAN_POINT('',(10.3505719403976,27.4948106553203,-41.535925));
#5969=CARTESIAN_POINT('',(8.09199329663491,27.4948106553203,-41.535925));
#5970=CARTESIAN_POINT('',(15.0505719403976,27.4948106553203,-41.535925));
#5971=CARTESIAN_POINT('',(15.0505719403976,27.4948106553203,-41.9359250000001));
#5972=CARTESIAN_POINT('',(15.4505719403976,27.4948106553203,-41.9359250000001));
#5973=CARTESIAN_POINT('',(15.4505719403976,27.4948106553203,-48.0359249999999));
#5974=CARTESIAN_POINT('',(15.4505719403976,27.4948106553203,-47.7359250000001));
#5975=CARTESIAN_POINT('',(15.0505719403976,27.4948106553203,-47.7359250000001));
#5976=CARTESIAN_POINT('',(15.0505719403976,27.4948106553203,-48.1359250000001));
#5977=CARTESIAN_POINT('',(7.79199329663488,27.4948106553203,-48.1359250000001));
#5978=CARTESIAN_POINT('',(10.3505719403976,27.4948106553203,-48.1359250000001));
#5979=CARTESIAN_POINT('',(10.3505719403976,27.4948106553203,-47.7359250000001));
#5980=CARTESIAN_POINT('',(9.95057194039762,27.4948106553203,-47.7359250000001));
#5981=CARTESIAN_POINT('',(7.79199329663488,27.4948106553203,-47.7359250000001));
#5982=CARTESIAN_POINT('',(10.2505719403976,27.4948106553203,-47.7359250000001));
#5983=CARTESIAN_POINT('',(10.3505719403976,27.4948106553203,-47.7359250000001));
#5984=CARTESIAN_POINT('',(10.3505719403976,27.4948106553203,-47.8359250000001));
#5985=CARTESIAN_POINT('',(10.3505719403976,27.4948106553203,-47.2359250000001));
#5986=CARTESIAN_POINT('',(8.09199329663491,27.4948106553203,-48.1359250000001));
#5987=CARTESIAN_POINT('',(8.21625736534683,27.4948106553203,-48.1359250000001));
#5988=CARTESIAN_POINT('',(8.21625736534683,27.4948106553203,-47.7359250000001));
#5989=CARTESIAN_POINT('',(7.93341465287221,27.4948106553203,-48.0187677124747));
#5990=CARTESIAN_POINT('',(7.63341465287217,27.4948106553203,-47.7187677124746));
#5991=CARTESIAN_POINT('',(6.22986126227889,27.4948106553203,-43.3566356781187));
#5992=CARTESIAN_POINT('',(7.93341465287221,27.4948106553203,-41.6530822875255));
#5993=CARTESIAN_POINT('',(8.21625736534683,27.4948106553203,-41.9359250000001));
#5994=CARTESIAN_POINT('',(8.21625736534683,27.4948106553203,-41.5359250000001));
#5995=CARTESIAN_POINT('',(7.91625736534676,27.4948106553203,-41.5359250000001));
#5996=CARTESIAN_POINT('',(7.79199329663488,27.4948106553203,-48.0359249999999));
#5997=CARTESIAN_POINT('',(10.3505719403976,20.4948106553203,-47.7359250000001));
#5998=CARTESIAN_POINT('',(10.3505719403976,20.4948106553203,-47.8359250000001));
#5999=CARTESIAN_POINT('',(10.2505719403976,20.4948106553203,-47.7359250000001));
#6000=CARTESIAN_POINT('',(10.3505719403976,23.4948106553203,-47.8359250000001));
#6001=CARTESIAN_POINT('',(10.2505719403976,26.4948106553203,-47.7359250000001));
#6002=CARTESIAN_POINT('',(10.3505719403976,27.8948106553203,-47.7359250000001));
#6003=CARTESIAN_POINT('',(9.95057194039762,27.4948106553203,-47.7359250000001));
#6004=CARTESIAN_POINT('',(9.95057194039762,26.9948106553203,-47.2359250000001));
#6005=CARTESIAN_POINT('',(5.09199329663491,26.9948106553203,-47.2359250000001));
#6006=CARTESIAN_POINT('',(10.2505719403976,26.9948106553203,-47.2359250000001));
#6007=CARTESIAN_POINT('',(10.2505719403976,27.7448106553203,-47.9859250000001));
#6008=CARTESIAN_POINT('',(7.79199329663488,27.4948106553203,-47.7359250000001));
#6009=CARTESIAN_POINT('',(10.3505719403976,20.4948106553203,-44.9859250000001));
#6010=CARTESIAN_POINT('',(10.3505719403976,20.4948106553203,-48.1359250000001));
#6011=CARTESIAN_POINT('',(10.3505719403976,22.8948106553203,-48.1359250000001));
#6012=CARTESIAN_POINT('',(10.3505719403976,19.8948106553203,-48.1359250000001));
#6013=CARTESIAN_POINT('',(10.3505719403976,19.8948106553203,-47.8359250000001));
#6014=CARTESIAN_POINT('',(10.3505719403976,19.8948106553203,-47.8359250000001));
#6015=CARTESIAN_POINT('',(10.3505719403976,27.8948106553203,-47.8359250000001));
#6016=CARTESIAN_POINT('',(10.3505719403976,27.8948106553203,-47.8359250000001));
#6017=CARTESIAN_POINT('',(10.2505719403976,20.4948106553203,-44.9859250000001));
#6018=CARTESIAN_POINT('',(10.2505719403976,20.4948106553203,-47.2359250000001));
#6019=CARTESIAN_POINT('',(10.2505719403976,22.8948106553203,-47.2359250000001));
#6020=CARTESIAN_POINT('',(10.2505719403976,27.8948106553203,-47.8359250000001));
#6021=CARTESIAN_POINT('',(9.95057194039762,21.8948106553203,-47.2359250000001));
#6022=CARTESIAN_POINT('',(9.95057194039762,20.4948106553203,-47.2359250000001));
#6023=CARTESIAN_POINT('',(5.09199329663491,20.4948106553203,-47.2359250000001));
#6024=CARTESIAN_POINT('',(5.09199329663491,22.8948106553203,-47.2359250000001));
#6025=CARTESIAN_POINT('',(9.95057194039762,21.8948106553203,-47.7359250000001));
#6026=CARTESIAN_POINT('',(9.95057194039762,20.4948106553203,-47.7359250000001));
#6027=CARTESIAN_POINT('',(9.95057194039762,20.4948106553203,-44.9859250000001));
#6028=CARTESIAN_POINT('',(9.95057194039762,21.8948106553203,-44.9859250000001));
#6029=CARTESIAN_POINT('',(10.3505719403976,22.8948106553203,-48.1359250000001));
#6030=CARTESIAN_POINT('',(10.3505719403976,20.4948106553203,-47.7359250000001));
#6031=CARTESIAN_POINT('',(10.3505719403976,22.8948106553203,-47.7359250000001));
#6032=CARTESIAN_POINT('',(11.9505719403976,20.4948106553203,-44.9859250000001));
#6033=CARTESIAN_POINT('',(15.4505719403976,22.8948106553203,-47.7359250000001));
#6034=CARTESIAN_POINT('',(15.4505719403976,22.8948106553203,-47.7359250000001));
#6035=CARTESIAN_POINT('',(15.0505719403976,22.8948106553203,-48.1359250000001));
#6036=CARTESIAN_POINT('',(15.0505719403976,22.8948106553203,-47.7359250000001));
#6037=CARTESIAN_POINT('',(8.21625736534682,22.8948106553203,-48.1359250000001));
#6038=CARTESIAN_POINT('',(14.2005969403976,19.8948106553203,-48.1359250000001));
#6039=CARTESIAN_POINT('',(8.09199329663491,22.8948106553203,-48.1359250000001));
#6040=CARTESIAN_POINT('',(7.9334146528722,22.8948106553203,-48.0187677124747));
#6041=CARTESIAN_POINT('',(8.21625736534682,22.8948106553203,-47.7359250000001));
#6042=CARTESIAN_POINT('',(6.22986126227908,-2.1051893446797,-46.3152143218816));
#6043=CARTESIAN_POINT('',(6.22986126227888,22.8948106553203,-46.3152143218814));
#6044=CARTESIAN_POINT('',(6.15915058416043,21.8948106553203,-46.2859250000003));
#6045=CARTESIAN_POINT('',(6.15915058416042,22.8948106553203,-46.3859250000003));
#6046=CARTESIAN_POINT('',(-0.920587578561894,22.8948106553203,-46.2859250000001));
#6047=CARTESIAN_POINT('',(-1.22058757856186,22.8948106553203,-46.2859250000001));
#6048=CARTESIAN_POINT('',(-1.32058757856188,22.8948106553203,-45.8859250000001));
#6049=CARTESIAN_POINT('',(-0.920587578561887,22.8948106553203,-45.8859250000001));
#6050=CARTESIAN_POINT('',(15.1505719403976,27.8948106553203,-47.7359250000001));
#6051=CARTESIAN_POINT('',(15.0505719403976,-2.1051893446797,-47.8359250000001));
#6052=CARTESIAN_POINT('',(15.0505719403976,22.8948106553203,-47.7359250000001));
#6053=CARTESIAN_POINT('',(-1.02058757856188,-2.1051893446797,-45.8859250000001));
#6054=CARTESIAN_POINT('',(-1.02058757856188,22.8948106553203,-43.4859250000001));
#6055=CARTESIAN_POINT('',(15.0505719403976,-2.1051893446797,-41.835925));
#6056=CARTESIAN_POINT('',(15.1505719403976,27.8948106553203,-41.9359250000001));
#6057=CARTESIAN_POINT('',(15.0505719403976,22.8948106553203,-41.9359250000001));
#6058=CARTESIAN_POINT('',(15.4505719403976,22.8948106553203,-41.9359250000001));
#6059=CARTESIAN_POINT('',(15.4505719403976,22.8948106553203,-41.9359250000001));
#6060=CARTESIAN_POINT('',(15.0505719403976,22.8948106553203,-41.535925));
#6061=CARTESIAN_POINT('',(15.0505719403976,22.8948106553203,-41.9359250000001));
#6062=CARTESIAN_POINT('',(10.3505719403976,22.8948106553203,-41.535925));
#6063=CARTESIAN_POINT('',(10.3505719403976,20.4948106553203,-41.535925));
#6064=CARTESIAN_POINT('',(10.3505719403976,27.8948106553203,-41.535925));
#6065=CARTESIAN_POINT('',(10.3505719403976,19.8948106553203,-41.535925));
#6066=CARTESIAN_POINT('',(8.09199329663491,19.8948106553203,-41.535925));
#6067=CARTESIAN_POINT('',(8.21625736534682,22.8948106553203,-41.535925));
#6068=CARTESIAN_POINT('',(8.09199329663491,22.8948106553203,-41.535925));
#6069=CARTESIAN_POINT('',(7.9334146528722,22.8948106553203,-41.6530822875255));
#6070=CARTESIAN_POINT('',(8.21625736534682,22.8948106553203,-41.9359250000001));
#6071=CARTESIAN_POINT('',(6.22986126227908,-2.1051893446797,-43.3566356781185));
#6072=CARTESIAN_POINT('',(6.22986126227888,22.8948106553203,-43.3566356781187));
#6073=CARTESIAN_POINT('',(6.15915058416043,21.8948106553203,-43.3859249999998));
#6074=CARTESIAN_POINT('',(6.15915058416042,22.8948106553203,-43.2859249999999));
#6075=CARTESIAN_POINT('',(-0.920587578561894,22.8948106553203,-43.385925));
#6076=CARTESIAN_POINT('',(-1.22058757856186,22.8948106553203,-43.385925));
#6077=CARTESIAN_POINT('',(-1.32058757856188,22.8948106553203,-43.785925));
#6078=CARTESIAN_POINT('',(-0.920587578561887,22.8948106553203,-43.785925));
#6079=CARTESIAN_POINT('',(-1.02058757856188,-2.1051893446797,-43.785925));
#6080=CARTESIAN_POINT('',(-0.920587578561894,21.8948106553203,-43.6859250000001));
#6081=CARTESIAN_POINT('',(-0.920587578561887,22.8948106553203,-43.785925));
#6082=CARTESIAN_POINT('',(6.15915058416043,22.8948106553203,-43.6859249999998));
#6083=CARTESIAN_POINT('',(-1.22058757856185,22.8948106553203,-43.6859250000001));
#6084=CARTESIAN_POINT('',(6.44199329663504,22.8948106553203,-43.5687677124745));
#6085=CARTESIAN_POINT('',(6.15915058416042,22.8948106553203,-43.2859249999999));
#6086=CARTESIAN_POINT('',(8.14554668722817,-2.1051893446797,-41.8652143218814));
#6087=CARTESIAN_POINT('',(6.44199329663485,22.8948106553203,-43.5687677124747));
#6088=CARTESIAN_POINT('',(8.21625736534681,21.8948106553203,-41.835925));
#6089=CARTESIAN_POINT('',(8.21625736534681,22.8948106553203,-41.9359250000001));
#6090=CARTESIAN_POINT('',(10.3505719403976,20.4948106553203,-41.9359250000001));
#6091=CARTESIAN_POINT('',(10.2505719403976,20.4948106553203,-41.9359250000001));
#6092=CARTESIAN_POINT('',(10.3505719403976,20.4948106553203,-41.8359250000001));
#6093=CARTESIAN_POINT('',(10.2505719403976,23.4948106553203,-41.9359250000001));
#6094=CARTESIAN_POINT('',(10.3505719403976,26.4948106553203,-41.835925));
#6095=CARTESIAN_POINT('',(10.3505719403976,22.8948106553203,-41.9359250000001));
#6096=CARTESIAN_POINT('',(9.95057194039762,26.9948106553203,-42.4359250000001));
#6097=CARTESIAN_POINT('',(9.95057194039762,26.9948106553203,-42.4359250000001));
#6098=CARTESIAN_POINT('',(10.2505719403976,27.7448106553203,-41.685925));
#6099=CARTESIAN_POINT('',(10.2505719403976,26.9948106553203,-42.4359250000001));
#6100=CARTESIAN_POINT('',(5.09199329663491,26.9948106553203,-42.4359250000001));
#6101=CARTESIAN_POINT('',(5.09199329663491,26.9948106553203,-42.4359250000001));
#6102=CARTESIAN_POINT('',(9.95057194039762,21.8948106553203,-41.9359250000001));
#6103=CARTESIAN_POINT('',(9.95057194039762,20.4948106553203,-41.9359250000001));
#6104=CARTESIAN_POINT('',(10.3505719403976,20.4948106553203,-41.9359250000001));
#6105=CARTESIAN_POINT('',(10.3505719403976,22.8948106553203,-41.9359250000001));
#6106=CARTESIAN_POINT('',(10.3505719403976,20.4948106553203,-41.835925));
#6107=CARTESIAN_POINT('',(10.3505719403976,22.8948106553203,-41.8359250000001));
#6108=CARTESIAN_POINT('',(10.3505719403976,19.8948106553203,-41.8359250000001));
#6109=CARTESIAN_POINT('',(10.3505719403976,19.8948106553203,-42.0359375000001));
#6110=CARTESIAN_POINT('',(10.3505719403976,27.8948106553203,-41.835925));
#6111=CARTESIAN_POINT('',(9.95057194039762,20.4948106553203,-44.6859250000001));
#6112=CARTESIAN_POINT('',(9.95057194039762,20.4948106553203,-42.4359250000001));
#6113=CARTESIAN_POINT('',(11.9505719403976,20.4948106553203,-42.4359250000001));
#6114=CARTESIAN_POINT('',(10.2505719403976,20.4948106553203,-42.4359250000001));
#6115=CARTESIAN_POINT('',(10.2505719403976,20.4948106553203,-41.835925));
#6116=CARTESIAN_POINT('',(11.9505719403976,20.4948106553203,-44.6859250000001));
#6117=CARTESIAN_POINT('',(10.2505719403976,22.8948106553203,-42.4359250000001));
#6118=CARTESIAN_POINT('',(10.2505719403976,27.8948106553203,-41.835925));
#6119=CARTESIAN_POINT('',(9.95057194039762,21.8948106553203,-42.4359250000001));
#6120=CARTESIAN_POINT('',(9.95057194039762,21.8948106553203,-44.6859250000001));
#6121=CARTESIAN_POINT('',(5.09199329663491,22.8948106553203,-42.4359250000001));
#6122=CARTESIAN_POINT('',(-1.32058757856188,22.8948106553203,-43.4859250000001));
#6123=CARTESIAN_POINT('',(-1.02058757856188,22.8948106553203,-43.4859250000001));
#6124=CARTESIAN_POINT('',(8.09199329663491,19.8948106553203,-41.835925));
#6125=CARTESIAN_POINT('',(14.2005969403976,19.8948106553203,-42.0359375000001));
#6126=CARTESIAN_POINT('',(15.4505719403976,22.8948106553203,-48.0359250000001));
#6127=CARTESIAN_POINT('',(14.2005969403976,19.8948106553203,-47.8359250000001));
#6128=CARTESIAN_POINT('',(14.2005969403976,19.8948106553203,-42.0359375000001));
#6129=CARTESIAN_POINT('',(6.44199329663504,22.8948106553203,-46.1030822875257));
#6130=CARTESIAN_POINT('',(6.15915058416043,22.8948106553203,-45.9859250000003));
#6131=CARTESIAN_POINT('',(6.15915058416042,22.8948106553203,-46.3859250000003));
#6132=CARTESIAN_POINT('',(8.14554668722817,-2.1051893446797,-47.8066356781187));
#6133=CARTESIAN_POINT('',(8.21625736534681,21.8948106553203,-47.8359250000001));
#6134=CARTESIAN_POINT('',(8.21625736534681,22.8948106553203,-47.7359250000001));
#6135=CARTESIAN_POINT('',(8.09199329663491,22.8948106553203,-47.8359250000001));
#6136=CARTESIAN_POINT('',(-0.920587578561894,21.8948106553203,-45.9859250000001));
#6137=CARTESIAN_POINT('',(-0.920587578561887,22.8948106553203,-45.8859250000001));
#6138=CARTESIAN_POINT('',(8.09199329663491,22.8948106553203,-41.835925));
#6139=CARTESIAN_POINT('',(15.1505719403976,22.8948106553203,-48.0359250000001));
#6140=CARTESIAN_POINT('',(-1.22058757856185,22.8948106553203,-45.9859250000001));
#6141=CARTESIAN_POINT('',(6.44199329663485,22.8948106553203,-46.1030822875255));
#6142=CARTESIAN_POINT('',(11.6574124214382,-69.9,-45.025));
#6143=CARTESIAN_POINT('',(11.6574124214382,-69.9,-46.775));
#6144=CARTESIAN_POINT('',(11.6574124214382,0.0999999999999942,-45.025));
#6145=CARTESIAN_POINT('',(11.6574124214382,-69.9,-45.025));
#6146=CARTESIAN_POINT('',(15.4505719403976,22.8948106553203,-48.0359250000001));
#6147=CARTESIAN_POINT('',(14.2505719403976,23.4948106553203,-44.835925));
#6148=CARTESIAN_POINT('',(14.2505719403976,24.3948106553203,-44.835925));
#6149=CARTESIAN_POINT('',(14.0505719403976,23.4948106553203,-44.835925));
#6150=CARTESIAN_POINT('',(14.0505719403976,22.3948106553203,-44.835925));
#6151=CARTESIAN_POINT('',(14.0505719403976,23.4948106553203,-44.835925));
#6152=CARTESIAN_POINT('',(11.5505719403976,23.4948106553203,-44.0853696500535));
#6153=CARTESIAN_POINT('',(11.5505719403976,22.8448106553203,-44.4606473250267));
#6154=CARTESIAN_POINT('',(11.5505719403976,23.4948106553203,-44.0853696500535));
#6155=CARTESIAN_POINT('',(11.5505719403976,22.8448106553203,-44.4606473250267));
#6156=CARTESIAN_POINT('',(11.5505719403976,22.8448106553203,-45.2112026749732));
#6157=CARTESIAN_POINT('',(11.5505719403976,22.8448106553203,-45.2112026749732));
#6158=CARTESIAN_POINT('',(11.5505719403976,23.4948106553203,-45.5864803499465));
#6159=CARTESIAN_POINT('',(11.5505719403976,23.4948106553203,-45.5864803499465));
#6160=CARTESIAN_POINT('',(11.5505719403976,24.1448106553203,-45.2112026749732));
#6161=CARTESIAN_POINT('',(11.5505719403976,24.1448106553203,-45.2112026749732));
#6162=CARTESIAN_POINT('',(11.5505719403976,24.1448106553203,-44.4606473250267));
#6163=CARTESIAN_POINT('',(11.5505719403976,24.1448106553203,-44.4606473250267));
#6164=CARTESIAN_POINT('',(11.5505719403976,21.5948106553203,37.8832013758928));
#6165=CARTESIAN_POINT('',(14.2505719403976,-13.4885736601526,-22.7330027599721));
#6166=CARTESIAN_POINT('',(14.2505719403976,24.1448106553203,-44.4606473250267));
#6167=CARTESIAN_POINT('',(14.2505719403976,23.4948106553203,-44.0853696500535));
#6168=CARTESIAN_POINT('',(17.5505719403976,23.4948106553203,-44.0853696500535));
#6169=CARTESIAN_POINT('',(17.5505719403976,24.1448106553203,-44.4606473250267));
#6170=CARTESIAN_POINT('',(17.5505719403976,24.1448106553203,-44.4606473250267));
#6171=CARTESIAN_POINT('',(14.2505719403976,24.1448106553203,38.0332013758928));
#6172=CARTESIAN_POINT('',(14.2505719403976,24.1448106553203,-45.2112026749732));
#6173=CARTESIAN_POINT('',(17.5505719403976,24.1448106553203,-45.2112026749732));
#6174=CARTESIAN_POINT('',(17.5505719403976,24.1448106553203,-45.2112026749732));
#6175=CARTESIAN_POINT('',(14.2505719403976,58.2781949707931,-25.5042840520823));
#6176=CARTESIAN_POINT('',(14.2505719403976,23.4948106553203,-45.5864803499465));
#6177=CARTESIAN_POINT('',(17.5505719403976,23.4948106553203,-45.5864803499465));
#6178=CARTESIAN_POINT('',(17.5505719403976,23.4948106553203,-45.5864803499465));
#6179=CARTESIAN_POINT('',(14.2505719403976,-14.1385736601531,-23.8588357848908));
#6180=CARTESIAN_POINT('',(14.2505719403976,22.8448106553203,-45.2112026749732));
#6181=CARTESIAN_POINT('',(17.5505719403976,22.8448106553203,-45.2112026749732));
#6182=CARTESIAN_POINT('',(17.5505719403976,22.8448106553203,-45.2112026749732));
#6183=CARTESIAN_POINT('',(14.2505719403976,22.8448106553206,38.0332013758928));
#6184=CARTESIAN_POINT('',(14.2505719403976,22.8448106553203,-44.4606473250267));
#6185=CARTESIAN_POINT('',(17.5505719403976,22.8448106553203,-44.4606473250267));
#6186=CARTESIAN_POINT('',(17.5505719403976,22.8448106553203,-44.4606473250267));
#6187=CARTESIAN_POINT('',(14.2505719403976,57.6281949707931,-24.3784510271626));
#6188=CARTESIAN_POINT('',(17.5505719403976,23.4948106553203,-44.0853696500535));
#6189=CARTESIAN_POINT('',(14.2505719403976,21.5948106553203,38.0332013758928));
#6190=CARTESIAN_POINT('',(-3.74942805960241,23.4948106553203,-44.835925));
#6191=CARTESIAN_POINT('',(-1.5494280596024,23.4948106553203,-44.835925));
#6192=CARTESIAN_POINT('',(-1.5494280596024,22.3948106553203,-44.835925));
#6193=CARTESIAN_POINT('',(-3.74942805960241,23.4948106553203,-44.835925));
#6194=CARTESIAN_POINT('',(-1.7494280596024,23.4948106553203,-44.835925));
#6195=CARTESIAN_POINT('',(-1.7494280596024,22.5948106553203,-44.835925));
#6196=CARTESIAN_POINT('',(-1.7494280596024,23.4948106553203,-44.835925));
#6197=CARTESIAN_POINT('',(-1.5494280596024,23.4948106553203,-44.835925));
#6198=CARTESIAN_POINT('',(15.4005719403976,23.4948106553203,-44.835925));
#6199=CARTESIAN_POINT('',(15.4005719403976,25.5948106553203,-44.835925));
#6200=CARTESIAN_POINT('',(15.4005719403976,23.4948106553203,-44.835925));
#6201=CARTESIAN_POINT('',(15.4005719403976,20.9948106553203,-44.835925));
#6202=CARTESIAN_POINT('',(15.4005719403976,23.4948106553203,-44.835925));
#6203=CARTESIAN_POINT('',(15.1505719403976,23.4948106553203,-44.8359249999999));
#6204=CARTESIAN_POINT('',(15.1505719403976,23.4948106553203,-42.7359249999999));
#6205=CARTESIAN_POINT('',(15.4005719403976,23.4948106553203,-44.835925));
#6206=CARTESIAN_POINT('',(15.1505719403976,23.4948106553203,-44.835925));
#6207=CARTESIAN_POINT('',(15.1505719403976,23.4948106553203,-42.335925));
#6208=CARTESIAN_POINT('',(14.9505719403976,23.4948106553203,-44.835925));
#6209=CARTESIAN_POINT('',(15.1505719403976,22.8948106553203,-41.635925));
#6210=MECHANICAL_DESIGN_GEOMETRIC_PRESENTATION_REPRESENTATION('',(#24),
#6211);
#6211=(
GEOMETRIC_REPRESENTATION_CONTEXT(3)
GLOBAL_UNCERTAINTY_ASSIGNED_CONTEXT((#6212))
GLOBAL_UNIT_ASSIGNED_CONTEXT((#6218,#6214,#6213))
REPRESENTATION_CONTEXT('AN-A6G','TOP_LEVEL_ASSEMBLY_PART')
);
#6212=UNCERTAINTY_MEASURE_WITH_UNIT(LENGTH_MEASURE(0.0508),#6218,
'DISTANCE_ACCURACY_VALUE','Maximum Tolerance applied to model');
#6213=(
NAMED_UNIT(*)
SI_UNIT($,.STERADIAN.)
SOLID_ANGLE_UNIT()
);
#6214=(
CONVERSION_BASED_UNIT('DEGREE',#6216)
NAMED_UNIT(#6215)
PLANE_ANGLE_UNIT()
);
#6215=DIMENSIONAL_EXPONENTS(0.,0.,0.,0.,0.,0.,0.);
#6216=PLANE_ANGLE_MEASURE_WITH_UNIT(PLANE_ANGLE_MEASURE(0.0174532925),#6217);
#6217=(
NAMED_UNIT(*)
PLANE_ANGLE_UNIT()
SI_UNIT($,.RADIAN.)
);
#6218=(
LENGTH_UNIT()
NAMED_UNIT(*)
SI_UNIT(.MILLI.,.METRE.)
);
ENDSEC;
END-ISO-10303-21;
