ISO-10303-21;
HEADER;
/* Generated by software containing ST-Developer
 * from STEP Tools, Inc. (www.steptools.com) 
 */
/* OPTION: using custom schema-name function */

FILE_DESCRIPTION(
/* description */ (''),
/* implementation_level */ '2;1');

FILE_NAME(
/* name */ 'AN-A6E.stp',
/* time_stamp */ '2026-08-27T15:22:57+08:00',
/* author */ (''),
/* organization */ (''),
/* preprocessor_version */ 'ST-DEVELOPER v16',
/* originating_system */ 'SIEMENS PLM Software NX 10.0',
/* authorisation */ '');

FILE_SCHEMA (('AUTOMOTIVE_DESIGN { 1 0 10303 214 3 1 1 1 }'));
ENDSEC;

DATA;
#10=SHAPE_REPRESENTATION_RELATIONSHIP('None',
'relationship between AN-A6E-None and AN-A6E-None',#22,#11);
#11=ADVANCED_BREP_SHAPE_REPRESENTATION('AN-A6E-None',(#41,#23),#11601);
#12=SHAPE_DEFINITION_REPRESENTATION(#13,#22);
#13=PRODUCT_DEFINITION_SHAPE('','',#14);
#14=PRODUCT_DEFINITION(' ','',#16,#15);
#15=PRODUCT_DEFINITION_CONTEXT('part definition',#21,'design');
#16=PRODUCT_DEFINITION_FORMATION_WITH_SPECIFIED_SOURCE(' ',' ',#18,
 .NOT_KNOWN.);
#17=PRODUCT_RELATED_PRODUCT_CATEGORY('part','',(#18));
#18=PRODUCT('AN-A6E','AN-A6E',' ',(#19));
#19=PRODUCT_CONTEXT(' ',#21,'mechanical');
#20=APPLICATION_PROTOCOL_DEFINITION('international standard',
'automotive_design',2010,#21);
#21=APPLICATION_CONTEXT(
'core data for automotive mechanical design processes');
#22=SHAPE_REPRESENTATION('AN-A6E-None',(#3678),#11601);
#23=MANIFOLD_SOLID_BREP('',#45);
#24=PRESENTATION_LAYER_ASSIGNMENT('1','Layer 1',(#41,#23));
#25=STYLED_ITEM('',(#27),#41);
#26=STYLED_ITEM('',(#28),#23);
#27=PRESENTATION_STYLE_ASSIGNMENT((#29));
#28=PRESENTATION_STYLE_ASSIGNMENT((#30));
#29=SURFACE_STYLE_USAGE(.BOTH.,#31);
#30=SURFACE_STYLE_USAGE(.BOTH.,#32);
#31=SURFACE_SIDE_STYLE('',(#33));
#32=SURFACE_SIDE_STYLE('',(#34));
#33=SURFACE_STYLE_FILL_AREA(#35);
#34=SURFACE_STYLE_FILL_AREA(#36);
#35=FILL_AREA_STYLE('',(#37));
#36=FILL_AREA_STYLE('',(#38));
#37=FILL_AREA_STYLE_COLOUR('',#39);
#38=FILL_AREA_STYLE_COLOUR('',#40);
#39=COLOUR_RGB('Medium Lavender',0.67843137254902,0.658808270389868,0.831357289997711);
#40=COLOUR_RGB('Pale Stone',0.866666666666667,0.854901960784314,0.788235294117647);
#41=BREP_WITH_VOIDS('',#43,(#42));
#42=ORIENTED_CLOSED_SHELL('',*,#44,.F.);
#43=CLOSED_SHELL('',(#319,#320,#321,#322,#323,#324,#325,#326,#327,#328,
#329,#330,#331,#332,#333,#334,#335,#336,#337,#338,#339,#340,#341,#342,#343,
#344,#345,#346,#347,#348,#349,#350,#351,#352,#353,#354,#355,#356,#357,#358,
#359,#360,#361,#362,#363,#364,#365,#366,#367,#368,#369,#370,#371,#372,#373,
#374,#375,#376,#377,#378,#379,#380,#381,#382,#383,#384,#385,#386,#387,#388,
#389,#390,#391,#392,#393,#394,#395,#396,#397,#398,#399,#400,#401,#402,#403,
#404,#405,#406,#407,#408,#409,#410,#411,#412,#413,#414,#415,#416,#417,#418,
#419,#420,#421,#422,#423,#424,#425,#426,#427,#428,#429,#430,#431,#432,#433,
#434,#435,#436,#437,#438,#439,#440,#441,#442,#443,#444,#445,#446,#447,#448,
#449,#450,#451,#452,#453,#454,#455,#456,#457,#458,#459,#460,#461,#462,#463,
#464,#465,#466,#467,#468,#469,#470,#471,#472,#473,#474,#475,#476,#477,#478,
#479,#480,#481,#482,#483,#484,#485,#486,#487,#488,#489,#490,#491,#492,#493,
#494,#495,#496,#497,#498,#499,#500,#501,#502,#503,#504,#505,#506,#507,#508,
#509,#510));
#44=CLOSED_SHELL('',(#511,#512,#513,#514));
#45=CLOSED_SHELL('',(#515,#516,#517));
#46=ELLIPSE('',#3816,0.597586132739241,0.401);
#47=ELLIPSE('',#3817,0.597586132739241,0.401);
#48=ELLIPSE('',#3819,0.597586132739241,0.401);
#49=ELLIPSE('',#3820,0.597586132739241,0.401);
#50=ELLIPSE('',#3822,0.597586132739241,0.401);
#51=ELLIPSE('',#3823,0.597586132739241,0.401);
#52=ELLIPSE('',#3825,0.597586132739241,0.401);
#53=ELLIPSE('',#3826,0.597586132739241,0.401);
#54=ELLIPSE('',#3879,1.5556349186104,1.1);
#55=ELLIPSE('',#3880,1.5556349186104,1.1);
#56=CONICAL_SURFACE('',#3813,0.95,44.9999999999999);
#57=CONICAL_SURFACE('',#3975,0.5,2.);
#58=CONICAL_SURFACE('',#3977,0.5,2.);
#59=CONICAL_SURFACE('',#3979,0.5,2.);
#60=CONICAL_SURFACE('',#3981,0.5,2.);
#61=B_SPLINE_SURFACE_WITH_KNOTS('',1,3,((#7477,#7478,#7479,#7480,#7481,
#7482,#7483,#7484,#7485,#7486,#7487,#7488,#7489,#7490,#7491,#7492,#7493,
#7494,#7495,#7496,#7497,#7498,#7499,#7500,#7501,#7502,#7503,#7504,#7505,
#7506,#7507,#7508,#7509,#7510,#7511,#7512,#7513,#7514,#7515,#7516,#7517,
#7518,#7519,#7520,#7521,#7522,#7523,#7524,#7525,#7526,#7527,#7528,#7529,
#7530,#7531,#7532,#7533,#7534,#7535,#7536,#7537,#7538,#7539,#7540,#7541,
#7542,#7543,#7544,#7545,#7546,#7547,#7548,#7549,#7550,#7551,#7552,#7553,
#7554,#7555,#7556,#7557,#7558,#7559,#7560,#7561,#7562,#7563,#7564,#7565,
#7566,#7567,#7568,#7569,#7570,#7571,#7572,#7573,#7574,#7575,#7576,#7577,
#7578,#7579,#7580,#7581,#7582,#7583,#7584,#7585,#7586,#7587,#7588,#7589,
#7590,#7591,#7592,#7593,#7594,#7595,#7596,#7597,#7598,#7599,#7600,#7601,
#7602,#7603,#7604,#7605,#7606,#7607,#7608,#7609,#7610,#7611,#7612,#7613,
#7614,#7615,#7616,#7617,#7618,#7619,#7620,#7621,#7622,#7623,#7624,#7625,
#7626,#7627,#7628,#7629,#7630,#7631,#7632,#7633,#7634,#7635,#7636,#7637,
#7638,#7639,#7640),(#7641,#7642,#7643,#7644,#7645,#7646,#7647,#7648,#7649,
#7650,#7651,#7652,#7653,#7654,#7655,#7656,#7657,#7658,#7659,#7660,#7661,
#7662,#7663,#7664,#7665,#7666,#7667,#7668,#7669,#7670,#7671,#7672,#7673,
#7674,#7675,#7676,#7677,#7678,#7679,#7680,#7681,#7682,#7683,#7684,#7685,
#7686,#7687,#7688,#7689,#7690,#7691,#7692,#7693,#7694,#7695,#7696,#7697,
#7698,#7699,#7700,#7701,#7702,#7703,#7704,#7705,#7706,#7707,#7708,#7709,
#7710,#7711,#7712,#7713,#7714,#7715,#7716,#7717,#7718,#7719,#7720,#7721,
#7722,#7723,#7724,#7725,#7726,#7727,#7728,#7729,#7730,#7731,#7732,#7733,
#7734,#7735,#7736,#7737,#7738,#7739,#7740,#7741,#7742,#7743,#7744,#7745,
#7746,#7747,#7748,#7749,#7750,#7751,#7752,#7753,#7754,#7755,#7756,#7757,
#7758,#7759,#7760,#7761,#7762,#7763,#7764,#7765,#7766,#7767,#7768,#7769,
#7770,#7771,#7772,#7773,#7774,#7775,#7776,#7777,#7778,#7779,#7780,#7781,
#7782,#7783,#7784,#7785,#7786,#7787,#7788,#7789,#7790,#7791,#7792,#7793,
#7794,#7795,#7796,#7797,#7798,#7799,#7800,#7801,#7802,#7803,#7804)),
 .UNSPECIFIED.,.F.,.F.,.F.,(2,2),(4,1,1,1,1,1,1,1,1,1,1,1,1,1,1,1,1,1,1,
1,1,1,1,1,1,1,1,1,1,1,1,1,1,1,1,1,1,1,1,1,1,1,1,1,1,1,1,1,1,1,1,1,1,1,1,
1,1,1,1,1,1,1,1,1,1,1,1,1,1,1,1,1,1,1,1,1,1,1,1,1,1,1,1,1,1,1,1,1,1,1,1,
1,1,1,1,1,1,1,1,1,1,1,1,1,1,1,1,1,1,1,1,1,1,1,1,1,1,1,1,1,1,1,1,1,1,1,1,
1,1,1,1,1,1,1,1,1,1,1,1,1,1,1,1,1,1,1,1,1,1,1,1,1,1,1,1,1,1,1,1,1,1,4),
(0.,1.),(0.,0.00622424355519985,0.0124484871103997,0.0186727306655996,0.0248969742207994,
0.0311212177759993,0.0373454613311991,0.043569704886399,0.0497939484415988,
0.0560181919967987,0.0622424355519985,0.0684666791071984,0.0746909226623982,
0.0809151662175981,0.087139409772798,0.0933636533279978,0.0995878968831977,
0.105812140438398,0.112036383993597,0.118260627548797,0.124484871103997,
0.130709114659197,0.136933358214397,0.143157601769597,0.149381845324796,
0.155606088879996,0.161830332435196,0.168054575990396,0.174278819545596,
0.180503063100796,0.186727306655996,0.192951550211195,0.199175793766395,
0.205400037321595,0.211624280876795,0.217848524431995,0.224072767987195,
0.230297011542395,0.236521255097594,0.242745498652794,0.248969742207994,
0.255193985763194,0.261418229318394,0.267642472873594,0.273866716428794,
0.280090959983993,0.286315203539193,0.292539447094393,0.298763690649593,
0.304987934204793,0.311212177759993,0.317436421315193,0.323660664870392,
0.329884908425592,0.336109151980792,0.342333395535992,0.348557639091192,
0.354781882646392,0.361006126201592,0.367230369756791,0.373454613311991,
0.379678856867191,0.385903100422391,0.392127343977591,0.398351587532791,
0.404575831087991,0.41080007464319,0.41702431819839,0.42324856175359,0.42947280530879,
0.43569704886399,0.44192129241919,0.448145535974389,0.454369779529589,0.460594023084789,
0.466818266639989,0.473042510195189,0.479266753750389,0.485490997305589,
0.491715240860788,0.497939484415988,0.504163727971188,0.510387971526388,
0.516612215081588,0.522836458636788,0.529060702191988,0.535284945747187,
0.541509189302387,0.547733432857587,0.553957676412787,0.560181919967987,
0.566406163523187,0.572630407078387,0.578854650633586,0.585078894188786,
0.591303137743986,0.597527381299186,0.603751624854386,0.609975868409586,
0.616200111964786,0.622424355519985,0.628648599075185,0.634872842630385,
0.641097086185585,0.647321329740785,0.653545573295985,0.659769816851185,
0.665994060406384,0.672218303961584,0.678442547516784,0.684666791071984,
0.690891034627184,0.697115278182384,0.703339521737584,0.709563765292783,
0.715788008847983,0.722012252403183,0.728236495958383,0.734460739513583,
0.740684983068783,0.746909226623982,0.753133470179182,0.759357713734382,
0.765581957289582,0.771806200844782,0.778030444399982,0.784254687955182,
0.790478931510381,0.796703175065581,0.802927418620781,0.809151662175981,
0.815375905731181,0.821600149286381,0.82782439284158,0.83404863639678,0.84027287995198,
0.84649712350718,0.85272136706238,0.85894561061758,0.86516985417278,0.871394097727979,
0.877618341283179,0.883842584838379,0.890066828393579,0.896291071948779,
0.902515315503979,0.908739559059179,0.914963802614378,0.921188046169578,
0.927412289724778,0.933636533279978,0.939860776835178,0.946085020390378,
0.952309263945578,0.958533507500777,0.964757751055977,0.970981994611177,
0.977206238166377,0.983430481721577,0.989654725276777,0.995878968831977,
1.),.UNSPECIFIED.);
#62=B_SPLINE_SURFACE_WITH_KNOTS('',1,3,((#7946,#7947,#7948,#7949,#7950,
#7951,#7952,#7953,#7954,#7955,#7956,#7957,#7958,#7959,#7960,#7961,#7962,
#7963,#7964,#7965,#7966,#7967,#7968,#7969,#7970,#7971,#7972,#7973,#7974,
#7975,#7976,#7977,#7978,#7979,#7980,#7981,#7982,#7983,#7984,#7985,#7986,
#7987,#7988,#7989,#7990,#7991,#7992,#7993,#7994,#7995,#7996,#7997,#7998,
#7999,#8000,#8001,#8002,#8003,#8004,#8005,#8006,#8007,#8008,#8009,#8010,
#8011,#8012,#8013,#8014,#8015,#8016,#8017,#8018,#8019,#8020,#8021,#8022,
#8023,#8024,#8025,#8026,#8027,#8028,#8029,#8030,#8031,#8032,#8033,#8034,
#8035,#8036,#8037,#8038,#8039,#8040,#8041,#8042,#8043,#8044,#8045,#8046,
#8047,#8048,#8049,#8050,#8051,#8052,#8053,#8054,#8055,#8056,#8057,#8058,
#8059,#8060,#8061,#8062,#8063,#8064,#8065,#8066,#8067,#8068,#8069,#8070,
#8071,#8072,#8073,#8074,#8075,#8076,#8077,#8078,#8079,#8080,#8081,#8082,
#8083,#8084,#8085,#8086,#8087,#8088,#8089,#8090,#8091,#8092,#8093,#8094,
#8095,#8096,#8097,#8098,#8099,#8100,#8101,#8102,#8103,#8104,#8105,#8106,
#8107,#8108,#8109),(#8110,#8111,#8112,#8113,#8114,#8115,#8116,#8117,#8118,
#8119,#8120,#8121,#8122,#8123,#8124,#8125,#8126,#8127,#8128,#8129,#8130,
#8131,#8132,#8133,#8134,#8135,#8136,#8137,#8138,#8139,#8140,#8141,#8142,
#8143,#8144,#8145,#8146,#8147,#8148,#8149,#8150,#8151,#8152,#8153,#8154,
#8155,#8156,#8157,#8158,#8159,#8160,#8161,#8162,#8163,#8164,#8165,#8166,
#8167,#8168,#8169,#8170,#8171,#8172,#8173,#8174,#8175,#8176,#8177,#8178,
#8179,#8180,#8181,#8182,#8183,#8184,#8185,#8186,#8187,#8188,#8189,#8190,
#8191,#8192,#8193,#8194,#8195,#8196,#8197,#8198,#8199,#8200,#8201,#8202,
#8203,#8204,#8205,#8206,#8207,#8208,#8209,#8210,#8211,#8212,#8213,#8214,
#8215,#8216,#8217,#8218,#8219,#8220,#8221,#8222,#8223,#8224,#8225,#8226,
#8227,#8228,#8229,#8230,#8231,#8232,#8233,#8234,#8235,#8236,#8237,#8238,
#8239,#8240,#8241,#8242,#8243,#8244,#8245,#8246,#8247,#8248,#8249,#8250,
#8251,#8252,#8253,#8254,#8255,#8256,#8257,#8258,#8259,#8260,#8261,#8262,
#8263,#8264,#8265,#8266,#8267,#8268,#8269,#8270,#8271,#8272,#8273)),
 .UNSPECIFIED.,.F.,.F.,.F.,(2,2),(4,1,1,1,1,1,1,1,1,1,1,1,1,1,1,1,1,1,1,
1,1,1,1,1,1,1,1,1,1,1,1,1,1,1,1,1,1,1,1,1,1,1,1,1,1,1,1,1,1,1,1,1,1,1,1,
1,1,1,1,1,1,1,1,1,1,1,1,1,1,1,1,1,1,1,1,1,1,1,1,1,1,1,1,1,1,1,1,1,1,1,1,
1,1,1,1,1,1,1,1,1,1,1,1,1,1,1,1,1,1,1,1,1,1,1,1,1,1,1,1,1,1,1,1,1,1,1,1,
1,1,1,1,1,1,1,1,1,1,1,1,1,1,1,1,1,1,1,1,1,1,1,1,1,1,1,1,1,1,1,1,1,1,4),
(0.,1.),(0.,0.00622424355519985,0.0124484871103997,0.0186727306655996,0.0248969742207994,
0.0311212177759993,0.0373454613311991,0.043569704886399,0.0497939484415988,
0.0560181919967987,0.0622424355519985,0.0684666791071984,0.0746909226623982,
0.0809151662175981,0.087139409772798,0.0933636533279978,0.0995878968831977,
0.105812140438398,0.112036383993597,0.118260627548797,0.124484871103997,
0.130709114659197,0.136933358214397,0.143157601769597,0.149381845324796,
0.155606088879996,0.161830332435196,0.168054575990396,0.174278819545596,
0.180503063100796,0.186727306655996,0.192951550211195,0.199175793766395,
0.205400037321595,0.211624280876795,0.217848524431995,0.224072767987195,
0.230297011542395,0.236521255097594,0.242745498652794,0.248969742207994,
0.255193985763194,0.261418229318394,0.267642472873594,0.273866716428794,
0.280090959983993,0.286315203539193,0.292539447094393,0.298763690649593,
0.304987934204793,0.311212177759993,0.317436421315193,0.323660664870392,
0.329884908425592,0.336109151980792,0.342333395535992,0.348557639091192,
0.354781882646392,0.361006126201592,0.367230369756791,0.373454613311991,
0.379678856867191,0.385903100422391,0.392127343977591,0.398351587532791,
0.404575831087991,0.41080007464319,0.41702431819839,0.42324856175359,0.42947280530879,
0.43569704886399,0.44192129241919,0.448145535974389,0.454369779529589,0.460594023084789,
0.466818266639989,0.473042510195189,0.479266753750389,0.485490997305589,
0.491715240860788,0.497939484415988,0.504163727971188,0.510387971526388,
0.516612215081588,0.522836458636788,0.529060702191988,0.535284945747187,
0.541509189302387,0.547733432857587,0.553957676412787,0.560181919967987,
0.566406163523187,0.572630407078387,0.578854650633586,0.585078894188786,
0.591303137743986,0.597527381299186,0.603751624854386,0.609975868409586,
0.616200111964786,0.622424355519985,0.628648599075185,0.634872842630385,
0.641097086185585,0.647321329740785,0.653545573295985,0.659769816851185,
0.665994060406384,0.672218303961584,0.678442547516784,0.684666791071984,
0.690891034627184,0.697115278182384,0.703339521737584,0.709563765292783,
0.715788008847983,0.722012252403183,0.728236495958383,0.734460739513583,
0.740684983068783,0.746909226623982,0.753133470179182,0.759357713734382,
0.765581957289582,0.771806200844782,0.778030444399982,0.784254687955182,
0.790478931510381,0.796703175065581,0.802927418620781,0.809151662175981,
0.815375905731181,0.821600149286381,0.82782439284158,0.83404863639678,0.84027287995198,
0.84649712350718,0.85272136706238,0.85894561061758,0.86516985417278,0.871394097727979,
0.877618341283179,0.883842584838379,0.890066828393579,0.896291071948779,
0.902515315503979,0.908739559059179,0.914963802614378,0.921188046169578,
0.927412289724778,0.933636533279978,0.939860776835178,0.946085020390378,
0.952309263945578,0.958533507500777,0.964757751055977,0.970981994611177,
0.977206238166377,0.983430481721577,0.989654725276777,0.995878968831977,
1.),.UNSPECIFIED.);
#63=B_SPLINE_SURFACE_WITH_KNOTS('',1,3,((#9437,#9438,#9439,#9440,#9441,
#9442,#9443,#9444,#9445,#9446,#9447,#9448,#9449,#9450,#9451,#9452,#9453,
#9454,#9455,#9456,#9457,#9458,#9459,#9460,#9461,#9462,#9463,#9464,#9465,
#9466,#9467,#9468,#9469,#9470,#9471,#9472,#9473,#9474,#9475,#9476,#9477,
#9478,#9479,#9480,#9481,#9482,#9483,#9484,#9485,#9486,#9487,#9488,#9489,
#9490,#9491,#9492,#9493,#9494,#9495,#9496,#9497,#9498,#9499,#9500,#9501,
#9502,#9503,#9504,#9505,#9506,#9507,#9508,#9509,#9510,#9511,#9512,#9513,
#9514,#9515,#9516,#9517,#9518,#9519,#9520,#9521,#9522,#9523,#9524,#9525,
#9526,#9527,#9528,#9529,#9530,#9531,#9532,#9533,#9534,#9535,#9536,#9537,
#9538,#9539,#9540,#9541,#9542,#9543,#9544,#9545,#9546,#9547,#9548,#9549,
#9550,#9551,#9552,#9553,#9554,#9555,#9556,#9557,#9558,#9559,#9560,#9561,
#9562,#9563,#9564,#9565,#9566,#9567,#9568,#9569,#9570,#9571,#9572,#9573,
#9574,#9575,#9576,#9577,#9578,#9579,#9580,#9581,#9582,#9583,#9584,#9585,
#9586,#9587,#9588,#9589,#9590,#9591,#9592,#9593,#9594,#9595,#9596,#9597,
#9598,#9599,#9600,#9601,#9602,#9603,#9604,#9605,#9606,#9607,#9608,#9609,
#9610,#9611,#9612,#9613,#9614,#9615,#9616,#9617,#9618,#9619,#9620,#9621,
#9622,#9623,#9624,#9625,#9626,#9627,#9628,#9629,#9630,#9631,#9632,#9633,
#9634,#9635,#9636,#9637,#9638,#9639,#9640,#9641,#9642,#9643,#9644,#9645,
#9646),(#9647,#9648,#9649,#9650,#9651,#9652,#9653,#9654,#9655,#9656,#9657,
#9658,#9659,#9660,#9661,#9662,#9663,#9664,#9665,#9666,#9667,#9668,#9669,
#9670,#9671,#9672,#9673,#9674,#9675,#9676,#9677,#9678,#9679,#9680,#9681,
#9682,#9683,#9684,#9685,#9686,#9687,#9688,#9689,#9690,#9691,#9692,#9693,
#9694,#9695,#9696,#9697,#9698,#9699,#9700,#9701,#9702,#9703,#9704,#9705,
#9706,#9707,#9708,#9709,#9710,#9711,#9712,#9713,#9714,#9715,#9716,#9717,
#9718,#9719,#9720,#9721,#9722,#9723,#9724,#9725,#9726,#9727,#9728,#9729,
#9730,#9731,#9732,#9733,#9734,#9735,#9736,#9737,#9738,#9739,#9740,#9741,
#9742,#9743,#9744,#9745,#9746,#9747,#9748,#9749,#9750,#9751,#9752,#9753,
#9754,#9755,#9756,#9757,#9758,#9759,#9760,#9761,#9762,#9763,#9764,#9765,
#9766,#9767,#9768,#9769,#9770,#9771,#9772,#9773,#9774,#9775,#9776,#9777,
#9778,#9779,#9780,#9781,#9782,#9783,#9784,#9785,#9786,#9787,#9788,#9789,
#9790,#9791,#9792,#9793,#9794,#9795,#9796,#9797,#9798,#9799,#9800,#9801,
#9802,#9803,#9804,#9805,#9806,#9807,#9808,#9809,#9810,#9811,#9812,#9813,
#9814,#9815,#9816,#9817,#9818,#9819,#9820,#9821,#9822,#9823,#9824,#9825,
#9826,#9827,#9828,#9829,#9830,#9831,#9832,#9833,#9834,#9835,#9836,#9837,
#9838,#9839,#9840,#9841,#9842,#9843,#9844,#9845,#9846,#9847,#9848,#9849,
#9850,#9851,#9852,#9853,#9854,#9855,#9856)),.UNSPECIFIED.,.F.,.F.,.F.,(2,
2),(4,1,1,1,1,1,1,1,1,1,1,1,1,1,1,1,1,1,1,1,1,1,1,1,1,1,1,1,1,1,1,1,1,1,
1,1,1,1,1,1,1,1,1,1,1,1,1,1,1,1,1,1,1,1,1,1,1,1,1,1,1,1,1,1,1,1,1,1,1,1,
1,1,1,1,1,1,1,1,1,1,1,1,1,1,1,1,1,1,1,1,1,1,1,1,1,1,1,1,1,1,1,1,1,1,1,1,
1,1,1,1,1,1,1,1,1,1,1,1,1,1,1,1,1,1,1,1,1,1,1,1,1,1,1,1,1,1,1,1,1,1,1,1,
1,1,1,1,1,1,1,1,1,1,1,1,1,1,1,1,1,1,1,1,1,1,1,1,1,1,1,1,1,1,1,1,1,1,1,1,
1,1,1,1,1,1,1,1,1,1,1,1,1,1,1,1,1,1,1,1,1,1,1,1,1,1,1,1,1,4),(0.,1.),(0.,
0.00485167188862244,0.00970334377724488,0.0145550156658673,0.0194066875544898,
0.0242583594431122,0.0291100313317346,0.0339617032203571,0.0388133751089795,
0.043665046997602,0.0485167188862244,0.0533683907748468,0.0582200626634693,
0.0630717345520917,0.0679234064407142,0.0727750783293366,0.077626750217959,
0.0824784221065815,0.0873300939952039,0.0921817658838264,0.0970334377724488,
0.101885109661071,0.106736781549694,0.111588453438316,0.116440125326939,
0.121291797215561,0.126143469104183,0.130995140992806,0.135846812881428,
0.140698484770051,0.145550156658673,0.150401828547296,0.155253500435918,
0.160105172324541,0.164956844213163,0.169808516101785,0.174660187990408,
0.17951185987903,0.184363531767653,0.189215203656275,0.194066875544898,
0.19891854743352,0.203770219322143,0.208621891210765,0.213473563099387,
0.21832523498801,0.223176906876632,0.228028578765255,0.232880250653877,
0.2377319225425,0.242583594431122,0.247435266319744,0.252286938208367,0.257138610096989,
0.261990281985612,0.266841953874234,0.271693625762857,0.276545297651479,
0.281396969540102,0.286248641428724,0.291100313317346,0.295951985205969,
0.300803657094591,0.305655328983214,0.310507000871836,0.315358672760459,
0.320210344649081,0.325062016537704,0.329913688426326,0.334765360314948,
0.339617032203571,0.344468704092193,0.349320375980816,0.354172047869438,
0.359023719758061,0.363875391646683,0.368727063535305,0.373578735423928,
0.37843040731255,0.383282079201173,0.388133751089795,0.392985422978418,
0.39783709486704,0.402688766755663,0.407540438644285,0.412392110532907,
0.41724378242153,0.422095454310152,0.426947126198775,0.431798798087397,
0.43665046997602,0.441502141864642,0.446353813753265,0.451205485641887,
0.456057157530509,0.460908829419132,0.465760501307754,0.470612173196377,
0.475463845084999,0.480315516973622,0.485167188862244,0.490018860750866,
0.494870532639489,0.499722204528111,0.504573876416734,0.509425548305356,
0.514277220193979,0.519128892082601,0.523980563971224,0.528832235859846,
0.533683907748468,0.538535579637091,0.543387251525713,0.548238923414336,
0.553090595302958,0.557942267191581,0.562793939080203,0.567645610968826,
0.572497282857448,0.57734895474607,0.582200626634693,0.587052298523315,
0.591903970411938,0.59675564230056,0.601607314189183,0.606458986077805,
0.611310657966427,0.61616232985505,0.621014001743672,0.625865673632295,
0.630717345520917,0.63556901740954,0.640420689298162,0.645272361186785,
0.650124033075407,0.654975704964029,0.659827376852652,0.664679048741274,
0.669530720629897,0.674382392518519,0.679234064407142,0.684085736295764,
0.688937408184387,0.693789080073009,0.698640751961631,0.703492423850254,
0.708344095738876,0.713195767627499,0.718047439516121,0.722899111404744,
0.727750783293366,0.732602455181989,0.737454127070611,0.742305798959233,
0.747157470847856,0.752009142736478,0.756860814625101,0.761712486513723,
0.766564158402346,0.771415830290968,0.776267502179591,0.781119174068213,
0.785970845956835,0.790822517845458,0.79567418973408,0.800525861622703,
0.805377533511325,0.810229205399948,0.81508087728857,0.819932549177192,
0.824784221065815,0.829635892954437,0.83448756484306,0.839339236731682,
0.844190908620305,0.849042580508927,0.85389425239755,0.858745924286172,
0.863597596174794,0.868449268063417,0.873300939952039,0.878152611840662,
0.883004283729284,0.887855955617907,0.892707627506529,0.897559299395151,
0.902410971283774,0.907262643172396,0.912114315061019,0.916965986949641,
0.921817658838264,0.926669330726886,0.931521002615509,0.936372674504131,
0.941224346392753,0.946076018281376,0.950927690169998,0.955779362058621,
0.960631033947243,0.965482705835866,0.970334377724488,0.975186049613111,
0.980037721501733,0.984889393390355,0.989741065278978,0.9945927371676,0.999444409056223,
1.),.UNSPECIFIED.);
#64=B_SPLINE_SURFACE_WITH_KNOTS('',1,3,((#10562,#10563,#10564,#10565,#10566,
#10567,#10568,#10569,#10570,#10571,#10572,#10573,#10574,#10575,#10576,#10577,
#10578,#10579,#10580,#10581,#10582,#10583,#10584,#10585,#10586,#10587,#10588,
#10589,#10590,#10591,#10592,#10593,#10594,#10595,#10596,#10597,#10598,#10599,
#10600,#10601,#10602,#10603,#10604,#10605,#10606,#10607,#10608,#10609,#10610,
#10611,#10612,#10613,#10614,#10615,#10616,#10617,#10618,#10619,#10620,#10621,
#10622,#10623,#10624,#10625,#10626,#10627,#10628,#10629,#10630,#10631,#10632,
#10633,#10634,#10635,#10636,#10637,#10638,#10639,#10640,#10641,#10642,#10643,
#10644,#10645,#10646,#10647,#10648,#10649,#10650,#10651,#10652,#10653,#10654,
#10655,#10656,#10657,#10658,#10659,#10660,#10661,#10662,#10663,#10664,#10665,
#10666,#10667,#10668,#10669,#10670,#10671,#10672,#10673,#10674,#10675,#10676,
#10677,#10678,#10679,#10680,#10681,#10682,#10683,#10684,#10685,#10686,#10687,
#10688,#10689,#10690,#10691,#10692,#10693,#10694,#10695,#10696,#10697,#10698,
#10699,#10700,#10701,#10702,#10703,#10704,#10705,#10706,#10707,#10708,#10709,
#10710,#10711,#10712,#10713,#10714,#10715,#10716,#10717,#10718,#10719,#10720,
#10721,#10722,#10723,#10724,#10725,#10726,#10727,#10728,#10729,#10730,#10731,
#10732,#10733,#10734,#10735,#10736,#10737,#10738,#10739,#10740,#10741,#10742,
#10743,#10744,#10745,#10746,#10747,#10748,#10749,#10750,#10751,#10752,#10753,
#10754,#10755,#10756,#10757,#10758,#10759,#10760,#10761,#10762,#10763,#10764,
#10765,#10766,#10767,#10768,#10769,#10770,#10771),(#10772,#10773,#10774,
#10775,#10776,#10777,#10778,#10779,#10780,#10781,#10782,#10783,#10784,#10785,
#10786,#10787,#10788,#10789,#10790,#10791,#10792,#10793,#10794,#10795,#10796,
#10797,#10798,#10799,#10800,#10801,#10802,#10803,#10804,#10805,#10806,#10807,
#10808,#10809,#10810,#10811,#10812,#10813,#10814,#10815,#10816,#10817,#10818,
#10819,#10820,#10821,#10822,#10823,#10824,#10825,#10826,#10827,#10828,#10829,
#10830,#10831,#10832,#10833,#10834,#10835,#10836,#10837,#10838,#10839,#10840,
#10841,#10842,#10843,#10844,#10845,#10846,#10847,#10848,#10849,#10850,#10851,
#10852,#10853,#10854,#10855,#10856,#10857,#10858,#10859,#10860,#10861,#10862,
#10863,#10864,#10865,#10866,#10867,#10868,#10869,#10870,#10871,#10872,#10873,
#10874,#10875,#10876,#10877,#10878,#10879,#10880,#10881,#10882,#10883,#10884,
#10885,#10886,#10887,#10888,#10889,#10890,#10891,#10892,#10893,#10894,#10895,
#10896,#10897,#10898,#10899,#10900,#10901,#10902,#10903,#10904,#10905,#10906,
#10907,#10908,#10909,#10910,#10911,#10912,#10913,#10914,#10915,#10916,#10917,
#10918,#10919,#10920,#10921,#10922,#10923,#10924,#10925,#10926,#10927,#10928,
#10929,#10930,#10931,#10932,#10933,#10934,#10935,#10936,#10937,#10938,#10939,
#10940,#10941,#10942,#10943,#10944,#10945,#10946,#10947,#10948,#10949,#10950,
#10951,#10952,#10953,#10954,#10955,#10956,#10957,#10958,#10959,#10960,#10961,
#10962,#10963,#10964,#10965,#10966,#10967,#10968,#10969,#10970,#10971,#10972,
#10973,#10974,#10975,#10976,#10977,#10978,#10979,#10980,#10981)),
 .UNSPECIFIED.,.F.,.F.,.F.,(2,2),(4,1,1,1,1,1,1,1,1,1,1,1,1,1,1,1,1,1,1,
1,1,1,1,1,1,1,1,1,1,1,1,1,1,1,1,1,1,1,1,1,1,1,1,1,1,1,1,1,1,1,1,1,1,1,1,
1,1,1,1,1,1,1,1,1,1,1,1,1,1,1,1,1,1,1,1,1,1,1,1,1,1,1,1,1,1,1,1,1,1,1,1,
1,1,1,1,1,1,1,1,1,1,1,1,1,1,1,1,1,1,1,1,1,1,1,1,1,1,1,1,1,1,1,1,1,1,1,1,
1,1,1,1,1,1,1,1,1,1,1,1,1,1,1,1,1,1,1,1,1,1,1,1,1,1,1,1,1,1,1,1,1,1,1,1,
1,1,1,1,1,1,1,1,1,1,1,1,1,1,1,1,1,1,1,1,1,1,1,1,1,1,1,1,1,1,1,1,1,1,1,1,
1,1,1,1,1,1,1,1,4),(0.,1.),(0.,0.00485167188862244,0.00970334377724488,
0.0145550156658673,0.0194066875544898,0.0242583594431122,0.0291100313317346,
0.0339617032203571,0.0388133751089795,0.043665046997602,0.0485167188862244,
0.0533683907748468,0.0582200626634693,0.0630717345520917,0.0679234064407142,
0.0727750783293366,0.077626750217959,0.0824784221065815,0.0873300939952039,
0.0921817658838264,0.0970334377724488,0.101885109661071,0.106736781549694,
0.111588453438316,0.116440125326939,0.121291797215561,0.126143469104183,
0.130995140992806,0.135846812881428,0.140698484770051,0.145550156658673,
0.150401828547296,0.155253500435918,0.160105172324541,0.164956844213163,
0.169808516101785,0.174660187990408,0.17951185987903,0.184363531767653,
0.189215203656275,0.194066875544898,0.19891854743352,0.203770219322143,
0.208621891210765,0.213473563099387,0.21832523498801,0.223176906876632,
0.228028578765255,0.232880250653877,0.2377319225425,0.242583594431122,0.247435266319744,
0.252286938208367,0.257138610096989,0.261990281985612,0.266841953874234,
0.271693625762857,0.276545297651479,0.281396969540102,0.286248641428724,
0.291100313317346,0.295951985205969,0.300803657094591,0.305655328983214,
0.310507000871836,0.315358672760459,0.320210344649081,0.325062016537704,
0.329913688426326,0.334765360314948,0.339617032203571,0.344468704092193,
0.349320375980816,0.354172047869438,0.359023719758061,0.363875391646683,
0.368727063535305,0.373578735423928,0.37843040731255,0.383282079201173,
0.388133751089795,0.392985422978418,0.39783709486704,0.402688766755663,
0.407540438644285,0.412392110532907,0.41724378242153,0.422095454310152,
0.426947126198775,0.431798798087397,0.43665046997602,0.441502141864642,
0.446353813753265,0.451205485641887,0.456057157530509,0.460908829419132,
0.465760501307754,0.470612173196377,0.475463845084999,0.480315516973622,
0.485167188862244,0.490018860750866,0.494870532639489,0.499722204528111,
0.504573876416734,0.509425548305356,0.514277220193979,0.519128892082601,
0.523980563971224,0.528832235859846,0.533683907748468,0.538535579637091,
0.543387251525713,0.548238923414336,0.553090595302958,0.557942267191581,
0.562793939080203,0.567645610968826,0.572497282857448,0.57734895474607,
0.582200626634693,0.587052298523315,0.591903970411938,0.59675564230056,
0.601607314189183,0.606458986077805,0.611310657966427,0.61616232985505,
0.621014001743672,0.625865673632295,0.630717345520917,0.63556901740954,
0.640420689298162,0.645272361186785,0.650124033075407,0.654975704964029,
0.659827376852652,0.664679048741274,0.669530720629897,0.674382392518519,
0.679234064407142,0.684085736295764,0.688937408184387,0.693789080073009,
0.698640751961631,0.703492423850254,0.708344095738876,0.713195767627499,
0.718047439516121,0.722899111404744,0.727750783293366,0.732602455181989,
0.737454127070611,0.742305798959233,0.747157470847856,0.752009142736478,
0.756860814625101,0.761712486513723,0.766564158402346,0.771415830290968,
0.776267502179591,0.781119174068213,0.785970845956835,0.790822517845458,
0.79567418973408,0.800525861622703,0.805377533511325,0.810229205399948,
0.81508087728857,0.819932549177192,0.824784221065815,0.829635892954437,
0.83448756484306,0.839339236731682,0.844190908620305,0.849042580508927,
0.85389425239755,0.858745924286172,0.863597596174794,0.868449268063417,
0.873300939952039,0.878152611840662,0.883004283729284,0.887855955617907,
0.892707627506529,0.897559299395151,0.902410971283774,0.907262643172396,
0.912114315061019,0.916965986949641,0.921817658838264,0.926669330726886,
0.931521002615509,0.936372674504131,0.941224346392753,0.946076018281376,
0.950927690169998,0.955779362058621,0.960631033947243,0.965482705835866,
0.970334377724488,0.975186049613111,0.980037721501733,0.984889393390355,
0.989741065278978,0.9945927371676,0.999444409056223,1.),.UNSPECIFIED.);
#65=TOROIDAL_SURFACE('',#3752,0.5,0.4);
#66=TOROIDAL_SURFACE('',#3764,0.5,0.4);
#67=TOROIDAL_SURFACE('',#3785,2.,1.);
#68=SPHERICAL_SURFACE('',#3744,0.4);
#69=SPHERICAL_SURFACE('',#3748,0.4);
#70=SPHERICAL_SURFACE('',#3756,0.4);
#71=SPHERICAL_SURFACE('',#3760,0.4);
#72=SPHERICAL_SURFACE('',#3768,0.4);
#73=SPHERICAL_SURFACE('',#3771,0.4);
#74=B_SPLINE_CURVE_WITH_KNOTS('',3,(#5148,#5149,#5150,#5151,#5152,#5153,
#5154),.UNSPECIFIED.,.F.,.F.,(4,3,4),(0.,0.521514781139178,1.),
 .UNSPECIFIED.);
#75=B_SPLINE_CURVE_WITH_KNOTS('',3,(#5276,#5277,#5278,#5279,#5280,#5281,
#5282),.UNSPECIFIED.,.F.,.F.,(4,3,4),(0.,0.521514781139474,1.),
 .UNSPECIFIED.);
#76=B_SPLINE_CURVE_WITH_KNOTS('',3,(#5342,#5343,#5344,#5345,#5346,#5347,
#5348,#5349,#5350,#5351,#5352,#5353,#5354,#5355,#5356,#5357),
 .UNSPECIFIED.,.F.,.F.,(4,3,3,3,3,4),(0.,0.161596324698271,0.420791276686007,
0.689205684864954,0.967505020948082,1.),.UNSPECIFIED.);
#77=B_SPLINE_CURVE_WITH_KNOTS('',3,(#5362,#5363,#5364,#5365,#5366,#5367,
#5368,#5369,#5370,#5371,#5372,#5373,#5374),.UNSPECIFIED.,.F.,.F.,(4,3,3,
3,4),(0.,0.28281692044169,0.572778323411054,0.852298441553573,1.),
 .UNSPECIFIED.);
#78=B_SPLINE_CURVE_WITH_KNOTS('',3,(#5392,#5393,#5394,#5395),
 .UNSPECIFIED.,.F.,.F.,(4,4),(0.,1.),.UNSPECIFIED.);
#79=B_SPLINE_CURVE_WITH_KNOTS('',3,(#5398,#5399,#5400,#5401,#5402,#5403,
#5404),.UNSPECIFIED.,.F.,.F.,(4,3,4),(0.,0.364007916148601,1.),
 .UNSPECIFIED.);
#80=B_SPLINE_CURVE_WITH_KNOTS('',3,(#5408,#5409,#5410,#5411,#5412,#5413,
#5414,#5415,#5416,#5417,#5418,#5419,#5420),.UNSPECIFIED.,.F.,.F.,(4,3,3,
3,4),(0.,0.282204392310581,0.571655487129692,0.850924055665412,1.),
 .UNSPECIFIED.);
#81=B_SPLINE_CURVE_WITH_KNOTS('',3,(#5424,#5425,#5426,#5427,#5428,#5429,
#5430,#5431,#5432,#5433,#5434,#5435,#5436),.UNSPECIFIED.,.F.,.F.,(4,3,3,
3,4),(0.,0.24792688483015,0.53785496329939,0.818320269807213,1.),
 .UNSPECIFIED.);
#82=B_SPLINE_CURVE_WITH_KNOTS('',3,(#5472,#5473,#5474,#5475,#5476,#5477,
#5478,#5479,#5480,#5481,#5482,#5483,#5484,#5485,#5486,#5487,#5488,#5489,
#5490,#5491,#5492,#5493,#5494,#5495,#5496,#5497,#5498,#5499,#5500,#5501,
#5502,#5503,#5504,#5505,#5506,#5507,#5508,#5509,#5510,#5511,#5512,#5513,
#5514,#5515,#5516,#5517,#5518,#5519,#5520,#5521,#5522,#5523,#5524,#5525,
#5526,#5527,#5528,#5529,#5530,#5531,#5532,#5533,#5534,#5535,#5536,#5537,
#5538,#5539,#5540,#5541),.UNSPECIFIED.,.F.,.F.,(4,3,3,3,3,3,3,3,3,3,3,3,
3,3,3,3,3,3,3,3,3,3,3,4),(0.,0.037689224045454,0.0817195600122141,0.125749617268103,
0.169779908327743,0.21381046167267,0.257841149679542,0.301871892596309,
0.345902379033721,0.389932589130446,0.433962628812905,0.477992870923392,
0.522023377296749,0.566054047963131,0.610084800462268,0.654115338311374,
0.698145615721162,0.742175649578357,0.786205845777969,0.830236301686715,
0.874266949873233,0.918297705055147,0.962328296346459,1.),.UNSPECIFIED.);
#83=B_SPLINE_CURVE_WITH_KNOTS('',3,(#5545,#5546,#5547,#5548,#5549,#5550,
#5551,#5552,#5553,#5554,#5555,#5556,#5557,#5558,#5559,#5560,#5561,#5562,
#5563,#5564,#5565,#5566,#5567,#5568,#5569,#5570,#5571,#5572,#5573,#5574,
#5575,#5576,#5577,#5578,#5579,#5580,#5581,#5582,#5583,#5584,#5585,#5586,
#5587,#5588,#5589,#5590,#5591,#5592,#5593,#5594,#5595,#5596,#5597,#5598,
#5599,#5600,#5601,#5602,#5603,#5604,#5605,#5606,#5607,#5608,#5609,#5610,
#5611,#5612,#5613,#5614,#5615,#5616,#5617,#5618,#5619,#5620,#5621,#5622,
#5623,#5624,#5625,#5626,#5627,#5628,#5629,#5630,#5631,#5632,#5633,#5634,
#5635,#5636,#5637,#5638,#5639,#5640,#5641,#5642,#5643,#5644,#5645,#5646,
#5647,#5648,#5649,#5650,#5651,#5652,#5653,#5654,#5655,#5656,#5657,#5658,
#5659,#5660,#5661,#5662,#5663,#5664,#5665,#5666,#5667,#5668,#5669,#5670,
#5671,#5672,#5673,#5674,#5675,#5676,#5677,#5678,#5679,#5680,#5681,#5682,
#5683,#5684,#5685,#5686,#5687,#5688,#5689,#5690,#5691,#5692,#5693,#5694,
#5695,#5696,#5697,#5698,#5699,#5700,#5701,#5702,#5703,#5704,#5705,#5706,
#5707,#5708,#5709,#5710,#5711,#5712,#5713,#5714,#5715,#5716,#5717,#5718,
#5719,#5720,#5721,#5722,#5723,#5724,#5725,#5726,#5727,#5728,#5729,#5730,
#5731,#5732,#5733,#5734,#5735,#5736,#5737,#5738,#5739,#5740,#5741,#5742,
#5743,#5744,#5745,#5746,#5747,#5748,#5749,#5750,#5751,#5752,#5753,#5754,
#5755,#5756,#5757,#5758,#5759,#5760,#5761,#5762,#5763,#5764,#5765,#5766,
#5767,#5768,#5769,#5770,#5771,#5772,#5773,#5774,#5775,#5776,#5777,#5778,
#5779,#5780,#5781,#5782,#5783,#5784,#5785,#5786,#5787,#5788,#5789,#5790,
#5791,#5792,#5793,#5794,#5795,#5796,#5797,#5798,#5799,#5800,#5801,#5802,
#5803,#5804,#5805,#5806,#5807,#5808,#5809,#5810,#5811,#5812,#5813,#5814,
#5815,#5816,#5817,#5818,#5819,#5820,#5821,#5822,#5823,#5824,#5825,#5826,
#5827,#5828,#5829,#5830,#5831,#5832,#5833,#5834,#5835,#5836,#5837,#5838,
#5839,#5840,#5841,#5842,#5843,#5844,#5845,#5846,#5847,#5848,#5849,#5850,
#5851,#5852,#5853,#5854,#5855,#5856,#5857,#5858,#5859,#5860,#5861,#5862,
#5863,#5864,#5865,#5866,#5867,#5868,#5869,#5870,#5871,#5872,#5873,#5874,
#5875,#5876,#5877,#5878,#5879,#5880,#5881,#5882,#5883,#5884,#5885,#5886,
#5887,#5888,#5889,#5890,#5891,#5892,#5893,#5894,#5895,#5896,#5897,#5898,
#5899,#5900,#5901,#5902,#5903,#5904,#5905,#5906,#5907,#5908,#5909,#5910,
#5911,#5912,#5913,#5914,#5915,#5916,#5917,#5918,#5919,#5920,#5921,#5922,
#5923,#5924,#5925,#5926,#5927,#5928,#5929,#5930,#5931,#5932,#5933,#5934,
#5935,#5936,#5937,#5938,#5939,#5940,#5941,#5942,#5943,#5944,#5945,#5946,
#5947,#5948,#5949,#5950,#5951,#5952,#5953,#5954,#5955,#5956,#5957,#5958,
#5959,#5960,#5961,#5962,#5963,#5964,#5965,#5966,#5967,#5968,#5969,#5970,
#5971,#5972,#5973,#5974),.UNSPECIFIED.,.F.,.F.,(4,3,3,3,3,3,3,3,3,3,3,3,
3,3,3,3,3,3,3,3,3,3,3,3,3,3,3,3,3,3,3,3,3,3,3,3,3,3,3,3,3,3,3,3,3,3,3,3,
3,3,3,3,3,3,3,3,3,3,3,3,3,3,3,3,3,3,3,3,3,3,3,3,3,3,3,3,3,3,3,3,3,3,3,3,
3,3,3,3,3,3,3,3,3,3,3,3,3,3,3,3,3,3,3,3,3,3,3,3,3,3,3,3,3,3,3,3,3,3,3,3,
3,3,3,3,3,3,3,3,3,3,3,3,3,3,3,3,3,3,3,3,3,3,3,4),(0.,0.00698346239239114,
0.0140019110306723,0.0210203927465177,0.0280388843131371,0.0350573514394959,
0.0420757791144895,0.0490941723394149,0.0561125568896529,0.0631309984833645,
0.0701494754947809,0.0771679688520173,0.0841864412639216,0.0912048775904018,
0.0982232761667973,0.105241657046009,0.112260088690098,0.119278559027164,
0.126297053293932,0.133315530226676,0.140333974994703,0.147352379978734,
0.154370759381064,0.161389179539666,0.168407640859806,0.175426135075618,
0.182444615739451,0.189463068561986,0.196481480729034,0.203499860732739,
0.210518270103853,0.21753672228442,0.224555215367065,0.231573698968223,
0.238592159320565,0.245610579179544,0.252628961683108,0.259647362151892,
0.266665805598728,0.2736842962793,0.280702782026477,0.287721249279888,0.294739677090001,
0.301758063770718,0.308776457431481,0.315794892030793,0.322813378766461,
0.32983186586248,0.336850339311734,0.343868775101523,0.350887167384485,
0.357905556424143,0.364923981456951,0.371942462324073,0.378960949944956,
0.385979428832007,0.392997872422994,0.400016271461682,0.407034658060851,
0.414053072122907,0.42107154469557,0.428090031956653,0.435108515489947,
0.442126966524514,0.449145373192962,0.456163759440498,0.463182162580028,
0.470200626012718,0.477219111925037,0.484237599297477,0.491256057274103,
0.498274472174163,0.505292859992453,0.512311254075194,0.519329708825284,
0.526348192234459,0.533366682632289,0.540385146940401,0.547403570416677,
0.554421961514678,0.561440348638374,0.568458794649993,0.575477274152441,
0.582495766749533,0.589514236698312,0.596532668855311,0.60355106469427,
0.610569447069114,0.617587883687597,0.624606357527053,0.631624851467046,
0.638643326310594,0.645661767034653,0.652680168805763,0.659698548652294,
0.666716974539251,0.673735440483463,0.680753934849385,0.687772413807762,
0.694790862793417,0.701809271407394,0.708827650870204,0.715846065237916,
0.722864521756465,0.729883015531069,0.736901497810158,0.743919954594108,
0.750938370686155,0.757956751756285,0.764975156276334,0.77199360392457,
0.7790120959389,0.786030580746486,0.793049044746628,0.80006746869459,0.807085853160849,
0.814104249842053,0.821122688768058,0.828141177623838,0.835159664167407,
0.842178134712286,0.849196566653538,0.856214956066083,0.86323334706404,
0.87025177685208,0.877270260824358,0.884288748296311,0.891307224650726,
0.898325664503644,0.905344060148956,0.912362447658543,0.919380867243695,
0.926399344163781,0.933417831713854,0.940436313100329,0.947454760590161,
0.954473163477617,0.961491549642654,0.96850995784805,0.975528425612913,
0.982546912308555,0.989565397925291,0.996583852615158,1.),.UNSPECIFIED.);
#84=B_SPLINE_CURVE_WITH_KNOTS('',3,(#5975,#5976,#5977,#5978,#5979,#5980,
#5981,#5982,#5983,#5984,#5985,#5986,#5987,#5988,#5989,#5990,#5991,#5992,
#5993,#5994,#5995,#5996,#5997,#5998,#5999,#6000,#6001,#6002,#6003,#6004,
#6005,#6006,#6007,#6008,#6009,#6010,#6011,#6012,#6013,#6014,#6015,#6016,
#6017,#6018,#6019,#6020,#6021,#6022,#6023,#6024,#6025,#6026,#6027,#6028,
#6029,#6030,#6031,#6032,#6033,#6034,#6035,#6036,#6037,#6038,#6039,#6040,
#6041,#6042,#6043,#6044,#6045,#6046,#6047,#6048,#6049,#6050,#6051,#6052,
#6053,#6054,#6055,#6056,#6057,#6058,#6059,#6060,#6061,#6062,#6063,#6064,
#6065,#6066,#6067,#6068,#6069,#6070,#6071,#6072,#6073,#6074,#6075,#6076,
#6077,#6078,#6079,#6080,#6081,#6082,#6083,#6084,#6085,#6086,#6087,#6088,
#6089,#6090,#6091,#6092,#6093,#6094,#6095,#6096,#6097,#6098,#6099,#6100,
#6101,#6102,#6103,#6104,#6105,#6106,#6107,#6108,#6109,#6110,#6111,#6112,
#6113,#6114,#6115,#6116,#6117,#6118,#6119,#6120,#6121,#6122,#6123,#6124,
#6125,#6126,#6127,#6128,#6129,#6130,#6131,#6132,#6133,#6134,#6135,#6136,
#6137,#6138,#6139,#6140,#6141,#6142,#6143,#6144,#6145,#6146,#6147,#6148,
#6149,#6150,#6151,#6152,#6153,#6154,#6155,#6156,#6157,#6158,#6159,#6160,
#6161,#6162,#6163,#6164,#6165,#6166,#6167,#6168,#6169,#6170,#6171,#6172,
#6173,#6174,#6175,#6176,#6177,#6178,#6179,#6180,#6181,#6182,#6183,#6184,
#6185,#6186,#6187,#6188,#6189,#6190,#6191,#6192,#6193,#6194,#6195,#6196,
#6197,#6198,#6199,#6200,#6201,#6202,#6203,#6204,#6205,#6206,#6207,#6208,
#6209,#6210,#6211,#6212,#6213,#6214,#6215,#6216,#6217,#6218,#6219,#6220,
#6221,#6222,#6223,#6224,#6225,#6226,#6227,#6228,#6229,#6230,#6231,#6232,
#6233,#6234,#6235,#6236,#6237,#6238,#6239,#6240,#6241,#6242,#6243,#6244,
#6245,#6246,#6247,#6248,#6249,#6250,#6251,#6252,#6253,#6254,#6255,#6256,
#6257,#6258,#6259,#6260,#6261,#6262,#6263,#6264,#6265,#6266,#6267,#6268,
#6269,#6270,#6271,#6272,#6273,#6274,#6275,#6276,#6277,#6278,#6279,#6280,
#6281,#6282,#6283,#6284,#6285,#6286,#6287,#6288,#6289,#6290,#6291,#6292,
#6293,#6294,#6295,#6296,#6297,#6298,#6299,#6300,#6301,#6302,#6303,#6304,
#6305,#6306,#6307,#6308,#6309,#6310,#6311,#6312,#6313,#6314,#6315,#6316,
#6317,#6318,#6319,#6320,#6321,#6322,#6323,#6324,#6325,#6326,#6327,#6328,
#6329,#6330,#6331,#6332,#6333,#6334,#6335,#6336,#6337,#6338,#6339,#6340,
#6341,#6342,#6343,#6344,#6345,#6346,#6347,#6348,#6349,#6350,#6351,#6352,
#6353,#6354,#6355,#6356,#6357,#6358,#6359,#6360,#6361,#6362,#6363,#6364,
#6365,#6366,#6367,#6368,#6369,#6370,#6371,#6372,#6373,#6374,#6375,#6376,
#6377,#6378,#6379,#6380,#6381,#6382,#6383,#6384,#6385,#6386,#6387,#6388,
#6389,#6390,#6391,#6392,#6393,#6394,#6395,#6396,#6397,#6398,#6399,#6400,
#6401,#6402,#6403,#6404,#6405,#6406,#6407,#6408,#6409,#6410,#6411,#6412,
#6413,#6414,#6415,#6416,#6417,#6418,#6419,#6420,#6421,#6422,#6423,#6424,
#6425,#6426,#6427,#6428,#6429,#6430,#6431,#6432,#6433,#6434,#6435,#6436,
#6437,#6438,#6439,#6440,#6441,#6442,#6443,#6444,#6445,#6446,#6447,#6448,
#6449,#6450,#6451,#6452,#6453,#6454,#6455,#6456,#6457,#6458,#6459,#6460,
#6461,#6462,#6463,#6464,#6465,#6466,#6467,#6468,#6469,#6470,#6471,#6472,
#6473),.UNSPECIFIED.,.F.,.F.,(4,3,3,3,3,3,3,3,3,3,3,3,3,3,3,3,3,3,3,3,3,
3,3,3,3,3,3,3,3,3,3,3,3,3,3,3,3,3,3,3,3,3,3,3,3,3,3,3,3,3,3,3,3,3,3,3,3,
3,3,3,3,3,3,3,3,3,3,3,3,3,3,3,3,3,3,3,3,3,3,3,3,3,3,3,3,3,3,3,3,3,3,3,3,
3,3,3,3,3,3,3,3,3,3,3,3,3,3,3,3,3,3,3,3,3,3,3,3,3,3,3,3,3,3,3,3,3,3,3,3,
3,3,3,3,3,3,3,3,3,3,3,3,3,3,3,3,3,3,3,3,3,3,3,3,3,3,3,3,3,3,3,3,3,3,3,3,
3,4),(0.,0.00518177302640682,0.0112353414631461,0.0172889473583979,0.0233425800317684,
0.0293962277283462,0.035449853534323,0.0415034470333769,0.0475569967230542,
0.0536105614260197,0.0596641599931816,0.065717788806354,0.0717714359353919,
0.0778250674907957,0.0838786701519051,0.0899322228771324,0.0959857828962639,
0.102039373938649,0.108092998209931,0.114146643982683,0.120200279673022,
0.126253890183276,0.132307447885926,0.13836100437034,0.144414587871958,
0.150468206960413,0.156521850624735,0.162575489165542,0.168629106832768,
0.174682671424086,0.180736225747218,0.186789801893429,0.192843415219401,
0.19889705604017,0.204950696376622,0.211004321054933,0.217057894322438,
0.22311144805651,0.229165017250401,0.235218624318983,0.241272261568758,
0.24732590279331,0.253379534761749,0.259433118206266,0.265486673086223,
0.27154023596042,0.27759383638754,0.28364746934723,0.28970111064242,0.29575474868076,
0.301808341495626,0.307861899375709,0.313915456802597,0.319969050346526,
0.32602267831888,0.332076318930984,0.338129961267843,0.344183562066146,
0.350237124860896,0.356290677952505,0.362344264541851,0.368397886868981,
0.374451526079004,0.380505171299457,0.38655877932106,0.392612348929302,
0.398665899024888,0.404719478780785,0.410773094863335,0.416826731964671,
0.422880378906723,0.428933993943804,0.434987572157962,0.441041120801239,
0.447094694055311,0.453148303374792,0.45920193766152,0.465255585330472,
0.471309207654754,0.477362796056026,0.483416344962058,0.489469912269881,
0.495523514413742,0.501577145179197,0.507630792683556,0.513684421684929,
0.519738020121046,0.525791571136769,0.531845133290488,0.537898727983504,
0.543952354532679,0.550006001055883,0.556059634924605,0.562113241762446,
0.56816679681544,0.574220354849736,0.580273941985756,0.586327563655648,
0.592381208430947,0.598434845736649,0.604488459993303,0.610542021020361,
0.616595576202755,0.622649155867477,0.628702772046045,0.634756414331879,
0.640810053920116,0.646863675194816,0.65291724405579,0.658970797866264,
0.66502437035576,0.671077980504027,0.677131619569773,0.683185260470943,
0.689238888871373,0.695292467248793,0.701346021348758,0.707399587183477,
0.713453190860353,0.719506825982152,0.725560467339859,0.731614102690663,
0.737667691189531,0.743721247381557,0.74977480731693,0.755828404207729,
0.761882034675409,0.767935675708278,0.773989316162372,0.780042913232284,
0.786096473410332,0.792150028443445,0.79820361839141,0.80425724352587,0.810310883501575,
0.81636452748574,0.822418132072893,0.828471698153815,0.834525249516276,
0.840578832546957,0.846632451717939,0.852686089925996,0.858739736167757,
0.864793347806546,0.87084692164643,0.87690047078661,0.882954047127904,0.889007659774855,
0.895061295509815,0.90111494294316,0.907168561682394,0.913222144978515,
0.919275693533422,0.925329263631254,0.931382869287121,0.937436501842224,
0.943490149531616,0.949543775556607,0.955597369385617,0.961650919143436,
0.96770448367374,0.973758081992272,0.979811710664136,0.985865357758991,
0.991918989473458,0.997972592410313,1.),.UNSPECIFIED.);
#85=B_SPLINE_CURVE_WITH_KNOTS('',3,(#6475,#6476,#6477,#6478,#6479,#6480,
#6481,#6482,#6483,#6484,#6485,#6486,#6487,#6488,#6489,#6490,#6491,#6492,
#6493,#6494,#6495,#6496,#6497,#6498,#6499,#6500,#6501,#6502,#6503,#6504,
#6505,#6506,#6507,#6508,#6509,#6510,#6511,#6512,#6513,#6514,#6515,#6516,
#6517,#6518,#6519,#6520,#6521,#6522,#6523,#6524,#6525,#6526,#6527,#6528,
#6529,#6530,#6531,#6532,#6533,#6534,#6535,#6536,#6537,#6538,#6539,#6540,
#6541,#6542,#6543,#6544,#6545,#6546,#6547,#6548,#6549,#6550,#6551,#6552,
#6553,#6554,#6555,#6556,#6557,#6558,#6559,#6560,#6561,#6562,#6563,#6564,
#6565,#6566,#6567,#6568,#6569,#6570,#6571,#6572,#6573,#6574,#6575,#6576,
#6577,#6578,#6579,#6580,#6581,#6582,#6583,#6584,#6585,#6586,#6587,#6588,
#6589,#6590,#6591,#6592,#6593,#6594,#6595,#6596,#6597,#6598,#6599,#6600,
#6601,#6602,#6603,#6604,#6605,#6606,#6607,#6608,#6609,#6610,#6611,#6612,
#6613,#6614,#6615,#6616,#6617,#6618,#6619,#6620,#6621,#6622,#6623,#6624,
#6625,#6626,#6627,#6628,#6629,#6630,#6631,#6632,#6633,#6634,#6635,#6636,
#6637,#6638,#6639,#6640,#6641,#6642,#6643,#6644,#6645,#6646,#6647,#6648,
#6649,#6650,#6651,#6652,#6653,#6654,#6655,#6656,#6657,#6658,#6659,#6660,
#6661,#6662,#6663,#6664,#6665,#6666,#6667,#6668,#6669,#6670,#6671,#6672,
#6673,#6674,#6675,#6676,#6677,#6678,#6679,#6680,#6681,#6682,#6683,#6684,
#6685,#6686,#6687,#6688,#6689,#6690,#6691,#6692,#6693,#6694,#6695,#6696,
#6697,#6698,#6699,#6700,#6701,#6702,#6703,#6704,#6705,#6706,#6707,#6708,
#6709,#6710,#6711,#6712,#6713,#6714,#6715,#6716,#6717,#6718,#6719,#6720,
#6721,#6722,#6723,#6724,#6725,#6726,#6727,#6728,#6729,#6730,#6731,#6732,
#6733,#6734,#6735,#6736,#6737,#6738,#6739,#6740,#6741,#6742,#6743,#6744,
#6745,#6746,#6747,#6748,#6749,#6750,#6751,#6752,#6753,#6754,#6755,#6756,
#6757,#6758,#6759,#6760,#6761,#6762,#6763,#6764,#6765,#6766,#6767,#6768,
#6769,#6770,#6771,#6772,#6773,#6774,#6775,#6776,#6777,#6778,#6779,#6780,
#6781,#6782,#6783,#6784,#6785,#6786,#6787,#6788,#6789,#6790,#6791,#6792,
#6793,#6794,#6795,#6796,#6797,#6798,#6799,#6800,#6801,#6802,#6803,#6804,
#6805,#6806,#6807,#6808,#6809,#6810,#6811,#6812,#6813,#6814,#6815,#6816,
#6817,#6818,#6819,#6820,#6821,#6822,#6823,#6824,#6825,#6826,#6827,#6828,
#6829,#6830,#6831,#6832,#6833,#6834,#6835,#6836,#6837,#6838,#6839,#6840,
#6841,#6842,#6843,#6844,#6845,#6846,#6847,#6848,#6849,#6850,#6851,#6852,
#6853,#6854,#6855,#6856,#6857,#6858,#6859,#6860,#6861,#6862,#6863,#6864,
#6865,#6866,#6867,#6868,#6869,#6870,#6871,#6872,#6873,#6874,#6875,#6876,
#6877,#6878,#6879,#6880,#6881,#6882,#6883,#6884,#6885,#6886,#6887,#6888,
#6889,#6890,#6891,#6892,#6893,#6894,#6895,#6896,#6897,#6898,#6899,#6900,
#6901,#6902,#6903,#6904,#6905,#6906,#6907,#6908,#6909,#6910,#6911,#6912,
#6913,#6914,#6915,#6916,#6917,#6918,#6919,#6920,#6921,#6922,#6923,#6924,
#6925,#6926,#6927,#6928,#6929,#6930,#6931,#6932,#6933,#6934,#6935,#6936,
#6937,#6938,#6939,#6940,#6941,#6942,#6943,#6944,#6945,#6946,#6947,#6948,
#6949,#6950,#6951,#6952,#6953,#6954,#6955,#6956,#6957,#6958,#6959,#6960,
#6961,#6962,#6963,#6964,#6965,#6966,#6967,#6968,#6969,#6970,#6971,#6972,
#6973,#6974,#6975,#6976),.UNSPECIFIED.,.F.,.F.,(4,3,3,3,3,3,3,3,3,3,3,3,
3,3,3,3,3,3,3,3,3,3,3,3,3,3,3,3,3,3,3,3,3,3,3,3,3,3,3,3,3,3,3,3,3,3,3,3,
3,3,3,3,3,3,3,3,3,3,3,3,3,3,3,3,3,3,3,3,3,3,3,3,3,3,3,3,3,3,3,3,3,3,3,3,
3,3,3,3,3,3,3,3,3,3,3,3,3,3,3,3,3,3,3,3,3,3,3,3,3,3,3,3,3,3,3,3,3,3,3,3,
3,3,3,3,3,3,3,3,3,3,3,3,3,3,3,3,3,3,3,3,3,3,3,3,3,3,3,3,3,3,3,3,3,3,3,3,
3,3,3,3,3,3,3,3,3,3,3,4),(0.,0.000713378465312251,0.00676390678530503,0.012814466100452,
0.0188650487535403,0.0249156435680059,0.0309662196786217,0.0370167661807299,
0.0430672747063408,0.0491177984387719,0.0551683520741945,0.0612189319378918,
0.0672695263068736,0.0733201071083075,0.0793706606151258,0.085421171286519,
0.0914716910349416,0.0975222387988299,0.10357281539358,0.109623408818748,
0.115673993042986,0.121724552810404,0.127775067012641,0.13382558354192,
0.139876125352642,0.145926698211172,0.151977290216207,0.158027876861022,
0.164078442507887,0.170128961604789,0.176179475834313,0.182230011734375,
0.188280580413306,0.194331170528028,0.200381758791159,0.206432330253099,
0.212482855530438,0.218533368521491,0.224583898689329,0.230634462782786,
0.236685050533332,0.242735639756198,0.248786217239172,0.254836749839312,
0.260887262776659,0.266937787536159,0.272988346691227,0.279038931596187,
0.285089521217185,0.291140104584951,0.297190644940389,0.303241159108472,
0.309291678937279,0.315342232872275,0.321392814445781,0.327443403964319,
0.333493991716762,0.339544538890905,0.345595055638277,0.351645571174813,
0.357696119700251,0.363746697461946,0.369797286413409,0.375847877273086,
0.381898430621896,0.387948951316546,0.393999463358471,0.400050006393317,
0.406100579877867,0.412151167812116,0.418201760759464,0.424252319988483,
0.430302845968288,0.436353355465051,0.442403893050759,0.448454461819337,
0.454505048285299,0.460555642494552,0.466606207612576,0.472656740127006,
0.478707248166734,0.484757780479172,0.490808344132996,0.496858928669474,
0.502909523454087,0.508960094726792,0.515010634870069,0.521061142660858,
0.527111670020012,0.533162228215782,0.539212810348394,0.545263405116007,
0.551313982286317,0.557364530274429,0.563415039121277,0.569465562000982,
0.575516114470417,0.581566693716853,0.587617287936189,0.593667869517909,
0.59971842433001,0.605768935600006,0.611819454636466,0.617870001208658,
0.623920577090997,0.629971170269714,0.636021755053929,0.642072316022451,
0.648122831100529,0.654173347090368,0.660223887707557,0.666274459762326,
0.672325051426413,0.678375638456027,0.684426205267146,0.690476725506293,
0.69652723939859,0.702577774129702,0.708628341919897,0.714678931599032,
0.720729520104837,0.726780092752183,0.732830619414889,0.738881132297385,
0.744931661349369,0.750982224478453,0.757032811697378,0.763083401043708,
0.769133979781953,0.775184513973176,0.781235027052698,0.787285550779588,
0.793336108907296,0.799386693183137,0.805437282823073,0.811487867189377,
0.817538408984804,0.823588923562155,0.829639442473593,0.835689995335226,
0.841740576182439,0.847791165624513,0.85384175409491,0.859892302549474,
0.865942819980692,0.871993334747398,0.87804388217402,0.884094459114447,
0.890145047898488,0.89619563925291,0.90224619379645,0.908296715447733,0.914347226898625,
0.920397768832735,0.926448341405374,0.932498929082093,0.938549522344725,
0.944600082747403,0.950650609943834,0.956701119057437,0.962751655566593,
0.968802223339509,0.974852809456336,0.980903403833439,0.986953970159335,
0.993004504124846,0.999055012015055,1.),.UNSPECIFIED.);
#86=B_SPLINE_CURVE_WITH_KNOTS('',3,(#6977,#6978,#6979,#6980,#6981,#6982,
#6983,#6984,#6985,#6986,#6987,#6988,#6989,#6990,#6991,#6992,#6993,#6994,
#6995,#6996,#6997,#6998,#6999,#7000,#7001,#7002,#7003,#7004,#7005,#7006,
#7007,#7008,#7009,#7010,#7011,#7012,#7013,#7014,#7015,#7016,#7017,#7018,
#7019,#7020,#7021,#7022,#7023,#7024,#7025,#7026,#7027,#7028,#7029,#7030,
#7031,#7032,#7033,#7034,#7035,#7036,#7037,#7038,#7039,#7040,#7041,#7042,
#7043,#7044,#7045,#7046,#7047,#7048,#7049,#7050,#7051,#7052,#7053,#7054,
#7055,#7056,#7057,#7058,#7059,#7060,#7061,#7062,#7063,#7064,#7065,#7066,
#7067,#7068,#7069,#7070,#7071,#7072,#7073,#7074,#7075,#7076,#7077,#7078,
#7079,#7080,#7081,#7082,#7083,#7084,#7085,#7086,#7087,#7088,#7089,#7090,
#7091,#7092,#7093,#7094,#7095,#7096,#7097,#7098,#7099,#7100,#7101,#7102,
#7103,#7104,#7105,#7106,#7107,#7108,#7109,#7110,#7111,#7112,#7113,#7114,
#7115,#7116,#7117,#7118,#7119,#7120,#7121,#7122,#7123,#7124,#7125,#7126,
#7127,#7128,#7129,#7130,#7131,#7132,#7133,#7134,#7135,#7136,#7137,#7138,
#7139,#7140,#7141,#7142,#7143,#7144,#7145,#7146,#7147,#7148,#7149,#7150,
#7151,#7152,#7153,#7154,#7155,#7156,#7157,#7158,#7159,#7160,#7161,#7162,
#7163,#7164,#7165,#7166,#7167,#7168,#7169,#7170,#7171,#7172,#7173,#7174,
#7175,#7176,#7177,#7178,#7179,#7180,#7181,#7182,#7183,#7184,#7185,#7186,
#7187,#7188,#7189,#7190,#7191,#7192,#7193,#7194,#7195,#7196,#7197,#7198,
#7199,#7200,#7201,#7202,#7203,#7204,#7205,#7206,#7207,#7208,#7209,#7210,
#7211,#7212,#7213,#7214,#7215,#7216,#7217,#7218,#7219,#7220,#7221,#7222,
#7223,#7224,#7225,#7226,#7227,#7228,#7229,#7230,#7231,#7232,#7233,#7234,
#7235,#7236,#7237,#7238,#7239,#7240,#7241,#7242,#7243,#7244,#7245,#7246,
#7247,#7248,#7249,#7250,#7251,#7252,#7253,#7254,#7255,#7256,#7257,#7258,
#7259,#7260,#7261,#7262,#7263,#7264,#7265,#7266,#7267,#7268,#7269,#7270,
#7271,#7272,#7273,#7274,#7275,#7276,#7277,#7278,#7279,#7280,#7281,#7282,
#7283,#7284,#7285,#7286,#7287,#7288,#7289,#7290,#7291,#7292,#7293,#7294,
#7295,#7296,#7297,#7298,#7299,#7300,#7301,#7302,#7303,#7304,#7305,#7306,
#7307,#7308,#7309,#7310,#7311,#7312,#7313,#7314,#7315,#7316,#7317,#7318,
#7319,#7320,#7321,#7322,#7323,#7324,#7325,#7326,#7327,#7328,#7329,#7330,
#7331,#7332,#7333,#7334,#7335,#7336,#7337,#7338,#7339,#7340,#7341,#7342,
#7343,#7344,#7345,#7346,#7347,#7348,#7349,#7350,#7351,#7352,#7353,#7354,
#7355,#7356,#7357,#7358,#7359,#7360,#7361,#7362,#7363,#7364,#7365,#7366,
#7367,#7368,#7369,#7370,#7371,#7372,#7373,#7374,#7375,#7376,#7377,#7378,
#7379,#7380,#7381,#7382,#7383,#7384,#7385,#7386,#7387,#7388,#7389,#7390,
#7391,#7392,#7393,#7394,#7395,#7396,#7397,#7398,#7399,#7400,#7401,#7402,
#7403,#7404,#7405,#7406,#7407,#7408,#7409,#7410,#7411,#7412,#7413,#7414,
#7415,#7416,#7417,#7418,#7419,#7420,#7421,#7422,#7423,#7424,#7425,#7426,
#7427,#7428,#7429,#7430,#7431,#7432,#7433,#7434,#7435,#7436,#7437,#7438,
#7439,#7440,#7441,#7442,#7443,#7444,#7445,#7446,#7447,#7448,#7449,#7450,
#7451,#7452,#7453,#7454,#7455,#7456,#7457,#7458,#7459,#7460,#7461,#7462,
#7463,#7464,#7465,#7466,#7467,#7468,#7469,#7470,#7471,#7472,#7473,#7474,
#7475),.UNSPECIFIED.,.F.,.F.,(4,3,3,3,3,3,3,3,3,3,3,3,3,3,3,3,3,3,3,3,3,
3,3,3,3,3,3,3,3,3,3,3,3,3,3,3,3,3,3,3,3,3,3,3,3,3,3,3,3,3,3,3,3,3,3,3,3,
3,3,3,3,3,3,3,3,3,3,3,3,3,3,3,3,3,3,3,3,3,3,3,3,3,3,3,3,3,3,3,3,3,3,3,3,
3,3,3,3,3,3,3,3,3,3,3,3,3,3,3,3,3,3,3,3,3,3,3,3,3,3,3,3,3,3,3,3,3,3,3,3,
3,3,3,3,3,3,3,3,3,3,3,3,3,3,3,3,3,3,3,3,3,3,3,3,3,3,3,3,3,3,3,3,3,3,3,3,
3,4),(0.,0.00576854203860593,0.0118190994776267,0.0178696887335481,0.0239202980730658,
0.0299709035114148,0.0360214895641226,0.0420720290754232,0.0481225607122161,
0.0541731122962041,0.060223697201923,0.0662743044590121,0.0723249112330967,
0.0783755031547362,0.0844260493328324,0.0904765801997969,0.096527126165382,
0.102577706334618,0.108628311032475,0.114678918528291,0.120729516608331,
0.126780070504389,0.13283060182999,0.138881142562491,0.144931717668736,
0.15098231932314,0.157032927007407,0.163083530380915,0.169134091661239,
0.175184624761397,0.181235160803628,0.187285730600542,0.193336328726767,
0.199386936116435,0.205437543318975,0.211488111110711,0.217538647347326,
0.223589179403072,0.229639743743494,0.235690337866046,0.241740944504656,
0.2477915543721,0.253842128179072,0.259892668914355,0.265943197844291,0.271993756695474,
0.278044346358304,0.28409495179684,0.290145563395713,0.296196143052527,
0.302246689595897,0.30829721640783,0.314347769864631,0.320398354643469,
0.326448958427494,0.33249957099475,0.338550156620348,0.344600710166616,
0.350651236000088,0.356701784296003,0.362752363812686,0.368802965475662,
0.374853578367996,0.380904170269471,0.386954731782188,0.393005257887644,
0.399055801403741,0.405106375342543,0.411156974405384,0.417207587058227,
0.423258184236361,0.429308753154521,0.435359280867594,0.441409820143596,
0.44746038827377,0.453510984254809,0.459561596155539,0.465612197218075,
0.471662772642852,0.477713303343343,0.483763839081349,0.489814401276279,
0.495864993702155,0.50191560436805,0.507966208216905,0.514016789630281,
0.520067324696633,0.526117857756625,0.532168414008613,0.538219002425062,
0.544269611385035,0.550320217146772,0.556370804365699,0.562421345121616,
0.568471876511117,0.574522426944035,0.58057301092873,0.58662361771115,0.592674224676941,
0.598724817806895,0.604775365459301,0.610825896317221,0.616876441196935,
0.622927020374242,0.628977624500741,0.635028232075914,0.641078831354017,
0.647129386823082,0.653179918397966,0.659230458140666,0.665281032198362,
0.671331633183757,0.677382240847123,0.683432845096896,0.689483407742578,
0.69553394136319,0.701584476544063,0.707635045254405,0.713685642615111,
0.719736249890801,0.725786857714142,0.731837426742846,0.73788796377498,
0.743938495129823,0.749989058367464,0.756039651631003,0.762090258065384,
0.768140868349765,0.774191443335446,0.780241985135258,0.786292513555253,
0.792343071312075,0.798393660027723,0.804444265171524,0.810494877022216,
0.816545457860299,0.82259600571943,0.82864653224025,0.834697084638135,0.840747668389667,
0.846798271786361,0.85284888446812,0.858899471329049,0.864950026411099,
0.871000552196385,0.877051099497797,0.883101677918202,0.889152279098554,
0.895202891986849,0.901253485076956,0.907304048169241,0.913354574488987,
0.919405117105903,0.925455689894522,0.931506288377806,0.9375569009202,0.943607498980155,
0.949658069264693,0.95570859746694,0.961759135971764,0.967809702917472,
0.973860298222928,0.979910909914561,0.985961511617203,0.992012088275251,
0.998062619743384,1.),.UNSPECIFIED.);
#87=B_SPLINE_CURVE_WITH_KNOTS('',3,(#7805,#7806,#7807,#7808,#7809,#7810,
#7811,#7812,#7813,#7814,#7815,#7816,#7817,#7818,#7819,#7820,#7821,#7822,
#7823,#7824,#7825,#7826,#7827,#7828,#7829,#7830,#7831,#7832,#7833,#7834,
#7835,#7836,#7837,#7838,#7839,#7840,#7841,#7842,#7843,#7844,#7845,#7846,
#7847,#7848,#7849,#7850,#7851,#7852,#7853,#7854,#7855,#7856,#7857,#7858,
#7859,#7860,#7861,#7862,#7863,#7864,#7865,#7866,#7867,#7868,#7869,#7870,
#7871,#7872,#7873,#7874,#7875,#7876,#7877,#7878,#7879,#7880,#7881,#7882,
#7883,#7884,#7885,#7886,#7887,#7888,#7889,#7890,#7891,#7892,#7893,#7894,
#7895,#7896,#7897,#7898,#7899,#7900,#7901,#7902,#7903,#7904,#7905,#7906,
#7907,#7908,#7909,#7910,#7911,#7912,#7913,#7914,#7915,#7916,#7917,#7918,
#7919,#7920,#7921,#7922,#7923,#7924,#7925,#7926,#7927,#7928,#7929,#7930,
#7931),.UNSPECIFIED.,.F.,.F.,(4,1,1,1,1,1,1,1,1,1,1,1,1,1,1,1,1,1,1,1,1,
1,1,1,1,1,1,1,1,1,1,1,1,1,1,1,1,1,1,1,1,1,1,1,1,1,1,1,1,1,1,1,1,1,1,1,1,
1,1,1,1,1,1,1,1,1,1,1,1,1,1,1,1,1,1,1,1,1,1,1,1,1,1,1,1,1,1,1,1,1,1,1,1,
1,1,1,1,1,1,1,1,1,1,1,1,1,1,1,1,1,1,1,1,1,1,1,1,1,1,1,1,1,1,1,4),(0.,0.00267057313697432,
0.010822747050014,0.0189749209630536,0.0271270948760932,0.0352792687891328,
0.0434314427021724,0.0515836166152121,0.0597357905282517,0.0678879644412913,
0.0760401383543309,0.0841923122673706,0.0923444861804102,0.10049666009345,
0.108648834006489,0.116801007919529,0.124953181832569,0.133105355745608,
0.141257529658648,0.149409703571688,0.157561877484727,0.165714051397767,
0.173866225310806,0.182018399223846,0.190170573136886,0.198322747049925,
0.206474920962965,0.214627094876005,0.222779268789044,0.230931442702084,
0.239083616615123,0.247235790528163,0.255387964441203,0.263540138354242,
0.271692312267282,0.279844486180322,0.287996660093361,0.296148834006401,
0.30430100791944,0.31245318183248,0.32060535574552,0.328757529658559,0.336909703571599,
0.345061877484638,0.353214051397678,0.361366225310718,0.369518399223757,
0.377670573136797,0.385822747049837,0.393974920962876,0.402127094875916,
0.410279268788955,0.418431442701995,0.426583616615035,0.434735790528074,
0.442887964441114,0.451040138354154,0.459192312267193,0.467344486180233,
0.475496660093272,0.483648834006312,0.491801007919352,0.499953181832391,
0.508105355745431,0.51625752965847,0.52440970357151,0.53256187748455,0.540714051397589,
0.548866225310629,0.557018399223669,0.565170573136708,0.573322747049748,
0.581474920962788,0.589627094875827,0.597779268788867,0.605931442701906,
0.614083616614946,0.622235790527986,0.630387964441025,0.638540138354065,
0.646692312267105,0.654844486180144,0.662996660093184,0.671148834006223,
0.679301007919263,0.687453181832303,0.695605355745342,0.703757529658382,
0.711909703571421,0.720061877484461,0.728214051397501,0.73636622531054,
0.74451839922358,0.75267057313662,0.760822747049659,0.768974920962699,0.777127094875739,
0.785279268788778,0.793431442701818,0.801583616614857,0.809735790527897,
0.817887964440937,0.826040138353976,0.834192312267016,0.842344486180056,
0.850496660093095,0.858648834006135,0.866801007919174,0.874953181832214,
0.883105355745254,0.891257529658293,0.899409703571333,0.907561877484372,
0.915714051397412,0.923866225310452,0.932018399223491,0.940170573136531,
0.948322747049571,0.95647492096261,0.96462709487565,0.972779268788689,0.980931442701729,
0.989083616614769,0.997235790527808,1.),.UNSPECIFIED.);
#88=B_SPLINE_CURVE_WITH_KNOTS('',3,(#7933,#7934,#7935,#7936,#7937,#7938,
#7939,#7940,#7941,#7942,#7943,#7944,#7945),.UNSPECIFIED.,.F.,.F.,(4,3,3,
3,4),(0.,0.245407813484644,0.550221382085815,0.844494583228283,1.),
 .UNSPECIFIED.);
#89=B_SPLINE_CURVE_WITH_KNOTS('',3,(#8274,#8275,#8276,#8277,#8278,#8279,
#8280,#8281,#8282,#8283,#8284,#8285,#8286,#8287,#8288,#8289,#8290,#8291,
#8292,#8293,#8294,#8295,#8296,#8297,#8298,#8299,#8300,#8301,#8302,#8303,
#8304,#8305,#8306,#8307,#8308,#8309,#8310,#8311,#8312,#8313,#8314,#8315,
#8316,#8317,#8318,#8319,#8320,#8321,#8322,#8323,#8324,#8325,#8326,#8327,
#8328,#8329,#8330,#8331,#8332,#8333,#8334,#8335,#8336,#8337,#8338,#8339,
#8340,#8341,#8342,#8343,#8344,#8345,#8346,#8347,#8348,#8349,#8350,#8351,
#8352,#8353,#8354,#8355,#8356,#8357,#8358,#8359,#8360,#8361,#8362,#8363,
#8364,#8365,#8366,#8367,#8368,#8369,#8370,#8371,#8372,#8373,#8374,#8375,
#8376,#8377,#8378,#8379,#8380,#8381,#8382,#8383,#8384,#8385,#8386,#8387,
#8388,#8389,#8390,#8391,#8392,#8393,#8394,#8395,#8396,#8397,#8398,#8399,
#8400,#8401,#8402,#8403,#8404,#8405,#8406,#8407,#8408,#8409,#8410,#8411,
#8412,#8413,#8414,#8415,#8416,#8417,#8418,#8419,#8420,#8421,#8422,#8423,
#8424,#8425,#8426,#8427,#8428,#8429,#8430,#8431,#8432,#8433,#8434,#8435,
#8436,#8437,#8438,#8439,#8440,#8441,#8442,#8443,#8444,#8445,#8446,#8447,
#8448,#8449,#8450,#8451,#8452,#8453,#8454,#8455,#8456,#8457,#8458,#8459,
#8460,#8461,#8462,#8463,#8464,#8465,#8466,#8467,#8468,#8469,#8470,#8471,
#8472,#8473,#8474,#8475,#8476,#8477,#8478,#8479,#8480,#8481,#8482,#8483,
#8484,#8485,#8486,#8487,#8488,#8489,#8490,#8491,#8492,#8493,#8494,#8495,
#8496,#8497,#8498,#8499,#8500,#8501,#8502,#8503,#8504,#8505),
 .UNSPECIFIED.,.F.,.F.,(4,3,3,3,3,3,3,3,3,3,3,3,3,3,3,3,3,3,3,3,3,3,3,3,
3,3,3,3,3,3,3,3,3,3,3,3,3,3,3,3,3,3,3,3,3,3,3,3,3,3,3,3,3,3,3,3,3,3,3,3,
3,3,3,3,3,3,3,3,3,3,3,3,3,3,3,3,3,4),(0.,0.0113914070336437,0.0244740642847694,
0.0375567750055985,0.0506395497104447,0.0637223647607282,0.0768051534745017,
0.0898878916743952,0.102970562867833,0.116053189643759,0.129135883139692,
0.142218644655098,0.155301459507137,0.16838425321876,0.181467003088157,
0.194549685150243,0.207632312985997,0.220714990409266,0.233797738766127,
0.246880552106446,0.259963349795595,0.273046110566289,0.286128804127419,
0.299211435588887,0.312294099382273,0.325376835055696,0.338459645349994,
0.351542446024595,0.364625216815153,0.377707922197773,0.390790559582701,
0.403873212495398,0.416955935385794,0.430038740777598,0.44312154346467,
0.456204323313052,0.46928704055358,0.482369685853445,0.495452330800042,
0.50853504013274,0.521617838321413,0.53470064204463,0.547783429936617,0.560866158812123,
0.573948813686142,0.587031453624198,0.600114147849509,0.613196935947761,
0.626279739691504,0.639362534584654,0.652445274644066,0.665527940405451,
0.678610578231684,0.691693255535827,0.704776030543791,0.717858833204797,
0.730941634048827,0.744024384649668,0.757107062265462,0.770189700720266,
0.783272362635702,0.796355124751438,0.809437925081856,0.822520730839042,
0.835603491193371,0.848686181301888,0.861768822899201,0.874851471967623,
0.887934221531544,0.901017018055959,0.914099827704281,0.927182596916385,
0.940265299845014,0.953347946823142,0.966430585867667,0.979513322616338,
0.992596113526816,1.),.UNSPECIFIED.);
#90=B_SPLINE_CURVE_WITH_KNOTS('',3,(#8509,#8510,#8511,#8512,#8513,#8514,
#8515,#8516,#8517,#8518,#8519,#8520,#8521,#8522,#8523,#8524,#8525,#8526,
#8527,#8528,#8529,#8530,#8531,#8532,#8533,#8534,#8535,#8536,#8537,#8538,
#8539,#8540,#8541,#8542,#8543,#8544,#8545,#8546,#8547,#8548,#8549,#8550,
#8551,#8552,#8553,#8554,#8555,#8556,#8557,#8558,#8559,#8560,#8561,#8562,
#8563,#8564,#8565,#8566,#8567,#8568,#8569,#8570,#8571,#8572,#8573,#8574,
#8575,#8576,#8577,#8578,#8579,#8580,#8581,#8582,#8583,#8584,#8585,#8586,
#8587,#8588,#8589,#8590,#8591,#8592,#8593,#8594,#8595,#8596,#8597,#8598,
#8599,#8600,#8601,#8602,#8603,#8604,#8605,#8606,#8607,#8608,#8609,#8610,
#8611,#8612,#8613,#8614,#8615,#8616,#8617,#8618,#8619,#8620,#8621,#8622,
#8623,#8624,#8625,#8626,#8627,#8628,#8629,#8630,#8631,#8632,#8633,#8634,
#8635,#8636,#8637,#8638,#8639,#8640,#8641,#8642,#8643,#8644,#8645,#8646,
#8647,#8648,#8649,#8650,#8651,#8652,#8653,#8654,#8655,#8656,#8657,#8658,
#8659,#8660,#8661,#8662,#8663,#8664,#8665,#8666,#8667,#8668,#8669,#8670,
#8671,#8672,#8673,#8674,#8675,#8676,#8677,#8678,#8679,#8680,#8681,#8682,
#8683,#8684,#8685,#8686,#8687,#8688,#8689,#8690,#8691,#8692,#8693,#8694,
#8695,#8696,#8697,#8698,#8699,#8700,#8701,#8702,#8703,#8704,#8705,#8706,
#8707,#8708,#8709,#8710,#8711,#8712,#8713,#8714,#8715,#8716,#8717,#8718,
#8719,#8720,#8721,#8722,#8723,#8724,#8725,#8726,#8727,#8728,#8729,#8730,
#8731,#8732,#8733,#8734,#8735,#8736,#8737,#8738,#8739,#8740,#8741,#8742,
#8743),.UNSPECIFIED.,.F.,.F.,(4,3,3,3,3,3,3,3,3,3,3,3,3,3,3,3,3,3,3,3,3,
3,3,3,3,3,3,3,3,3,3,3,3,3,3,3,3,3,3,3,3,3,3,3,3,3,3,3,3,3,3,3,3,3,3,3,3,
3,3,3,3,3,3,3,3,3,3,3,3,3,3,3,3,3,3,3,3,3,4),(0.,0.00420443568366253,0.0172871955062686,
0.0303699418186023,0.0434526537951032,0.0565352990961588,0.0696178798971269,
0.0827004867653403,0.0957831651896943,0.108865921326497,0.121948670264838,
0.135031391914852,0.148114049082703,0.161196636577342,0.174279233625309,
0.187361899065403,0.200444649511737,0.2135274001052,0.226610130444409,0.239692799416671,
0.252775395476536,0.265857985647879,0.278940637055335,0.292023379312303,
0.305106130575006,0.31818886857627,0.331271549042184,0.34435415520008,0.357436741441137,
0.370519376956256,0.383602107880763,0.396684858770868,0.409767603386446,
0.422850294819689,0.435932912260464,0.449015497421246,0.462098116200886,
0.475180833800677,0.488263583169447,0.501346333351962,0.514429035051342,
0.527511664618728,0.54059425136252,0.553676855646798,0.566759560543588,
0.579842307070327,0.592925061788288,0.606007772922163,0.619090415137842,
0.632173005882261,0.645255598333618,0.658338290657236,0.671421032757455,
0.684503790992581,0.697586510634004,0.710669165716093,0.723751762587903,
0.736834346097356,0.749917025336818,0.762999761049655,0.776082521781313,
0.789165248939264,0.802247916825682,0.815330521627969,0.828413099184085,
0.841495764087264,0.854578490942184,0.867661253118841,0.880743986765274,
0.893826667141887,0.906909281333829,0.919991855910528,0.933074504385436,
0.946157219248465,0.959239981745973,0.972322720838349,0.985405413171702,
0.998488037861004,1.),.UNSPECIFIED.);
#91=B_SPLINE_CURVE_WITH_KNOTS('',3,(#8745,#8746,#8747,#8748,#8749,#8750,
#8751,#8752,#8753,#8754),.UNSPECIFIED.,.F.,.F.,(4,3,3,4),(0.,0.0773420577183332,
0.657709392166888,1.),.UNSPECIFIED.);
#92=B_SPLINE_CURVE_WITH_KNOTS('',3,(#8756,#8757,#8758,#8759,#8760,#8761,
#8762,#8763,#8764,#8765,#8766,#8767,#8768,#8769,#8770,#8771,#8772,#8773,
#8774,#8775,#8776,#8777,#8778,#8779,#8780,#8781,#8782,#8783,#8784,#8785,
#8786,#8787,#8788,#8789,#8790,#8791,#8792,#8793,#8794,#8795,#8796,#8797,
#8798,#8799,#8800,#8801,#8802,#8803,#8804,#8805,#8806,#8807,#8808,#8809,
#8810,#8811,#8812,#8813,#8814,#8815,#8816,#8817,#8818,#8819,#8820,#8821,
#8822,#8823,#8824,#8825,#8826,#8827,#8828,#8829,#8830,#8831,#8832,#8833,
#8834,#8835,#8836,#8837,#8838,#8839,#8840,#8841,#8842,#8843,#8844,#8845,
#8846,#8847,#8848,#8849,#8850,#8851,#8852,#8853,#8854,#8855,#8856,#8857,
#8858,#8859,#8860,#8861,#8862,#8863,#8864,#8865,#8866,#8867,#8868,#8869,
#8870,#8871,#8872,#8873,#8874,#8875,#8876,#8877,#8878,#8879,#8880,#8881,
#8882,#8883,#8884,#8885,#8886,#8887,#8888,#8889,#8890,#8891,#8892,#8893,
#8894,#8895,#8896,#8897,#8898,#8899,#8900,#8901,#8902,#8903,#8904,#8905,
#8906,#8907,#8908,#8909,#8910,#8911,#8912,#8913,#8914,#8915,#8916,#8917,
#8918,#8919,#8920,#8921,#8922,#8923,#8924,#8925,#8926,#8927,#8928,#8929,
#8930,#8931,#8932,#8933,#8934,#8935,#8936,#8937,#8938,#8939,#8940,#8941,
#8942,#8943,#8944,#8945,#8946,#8947,#8948,#8949,#8950,#8951,#8952,#8953,
#8954,#8955,#8956,#8957,#8958,#8959,#8960,#8961,#8962,#8963,#8964,#8965,
#8966,#8967,#8968,#8969,#8970,#8971,#8972,#8973,#8974,#8975,#8976,#8977,
#8978,#8979,#8980,#8981,#8982,#8983,#8984,#8985,#8986,#8987,#8988,#8989,
#8990,#8991,#8992,#8993,#8994,#8995,#8996,#8997,#8998,#8999,#9000,#9001,
#9002,#9003,#9004,#9005,#9006,#9007,#9008,#9009,#9010,#9011,#9012,#9013,
#9014,#9015,#9016,#9017,#9018,#9019,#9020,#9021,#9022,#9023,#9024,#9025,
#9026,#9027,#9028,#9029,#9030,#9031,#9032,#9033,#9034,#9035,#9036,#9037,
#9038,#9039,#9040,#9041,#9042,#9043,#9044,#9045,#9046,#9047,#9048,#9049,
#9050,#9051,#9052,#9053,#9054,#9055,#9056,#9057,#9058,#9059,#9060,#9061,
#9062,#9063,#9064,#9065,#9066,#9067,#9068,#9069,#9070,#9071,#9072,#9073,
#9074,#9075,#9076,#9077,#9078,#9079,#9080,#9081,#9082,#9083,#9084,#9085,
#9086,#9087,#9088,#9089,#9090,#9091,#9092,#9093,#9094,#9095,#9096,#9097,
#9098,#9099,#9100,#9101,#9102,#9103,#9104,#9105,#9106,#9107,#9108,#9109,
#9110,#9111,#9112,#9113,#9114,#9115,#9116,#9117,#9118,#9119,#9120,#9121,
#9122,#9123,#9124,#9125,#9126,#9127,#9128,#9129,#9130,#9131,#9132,#9133,
#9134,#9135,#9136,#9137,#9138,#9139,#9140,#9141,#9142,#9143,#9144,#9145,
#9146,#9147,#9148,#9149,#9150,#9151,#9152,#9153,#9154,#9155,#9156,#9157,
#9158,#9159,#9160,#9161,#9162,#9163,#9164,#9165,#9166,#9167,#9168,#9169,
#9170,#9171,#9172,#9173,#9174,#9175,#9176,#9177,#9178,#9179,#9180,#9181,
#9182,#9183,#9184,#9185,#9186,#9187,#9188,#9189,#9190,#9191,#9192,#9193,
#9194,#9195,#9196,#9197,#9198,#9199,#9200,#9201,#9202,#9203,#9204,#9205,
#9206,#9207,#9208,#9209,#9210,#9211,#9212,#9213,#9214,#9215,#9216,#9217,
#9218,#9219,#9220,#9221,#9222,#9223,#9224,#9225,#9226,#9227,#9228,#9229,
#9230,#9231,#9232,#9233,#9234,#9235,#9236,#9237,#9238,#9239,#9240,#9241,
#9242,#9243,#9244,#9245,#9246,#9247,#9248,#9249,#9250,#9251,#9252,#9253,
#9254,#9255,#9256,#9257,#9258,#9259,#9260,#9261,#9262,#9263,#9264,#9265,
#9266,#9267,#9268,#9269,#9270,#9271,#9272,#9273,#9274,#9275,#9276,#9277,
#9278,#9279,#9280,#9281,#9282,#9283,#9284,#9285,#9286,#9287,#9288,#9289,
#9290,#9291,#9292,#9293,#9294,#9295,#9296,#9297,#9298,#9299,#9300,#9301,
#9302,#9303,#9304,#9305,#9306,#9307,#9308,#9309,#9310,#9311,#9312,#9313,
#9314,#9315,#9316,#9317,#9318,#9319,#9320,#9321,#9322,#9323,#9324,#9325,
#9326,#9327,#9328,#9329,#9330,#9331,#9332,#9333,#9334,#9335,#9336,#9337,
#9338,#9339,#9340,#9341,#9342,#9343,#9344,#9345,#9346,#9347,#9348,#9349,
#9350,#9351,#9352,#9353,#9354,#9355,#9356,#9357,#9358,#9359,#9360,#9361,
#9362,#9363,#9364,#9365,#9366,#9367,#9368,#9369,#9370,#9371,#9372,#9373,
#9374,#9375,#9376,#9377,#9378,#9379,#9380,#9381,#9382,#9383,#9384,#9385,
#9386,#9387,#9388,#9389,#9390,#9391,#9392,#9393,#9394,#9395,#9396,#9397,
#9398,#9399,#9400,#9401,#9402,#9403,#9404,#9405,#9406,#9407,#9408,#9409,
#9410,#9411,#9412,#9413,#9414,#9415,#9416),.UNSPECIFIED.,.F.,.F.,(4,3,3,
3,3,3,3,3,3,3,3,3,3,3,3,3,3,3,3,3,3,3,3,3,3,3,3,3,3,3,3,3,3,3,3,3,3,3,3,
3,3,3,3,3,3,3,3,3,3,3,3,3,3,3,3,3,3,3,3,3,3,3,3,3,3,3,3,3,3,3,3,3,3,3,3,
3,3,3,3,3,3,3,3,3,3,3,3,3,3,3,3,3,3,3,3,3,3,3,3,3,3,3,3,3,3,3,3,3,3,3,3,
3,3,3,3,3,3,3,3,3,3,3,3,3,3,3,3,3,3,3,3,3,3,3,3,3,3,3,3,3,3,3,3,3,3,3,3,
3,3,3,3,3,3,3,3,3,3,3,3,3,3,3,3,3,3,3,3,3,3,3,3,3,3,3,3,3,3,3,3,3,3,3,3,
3,3,3,3,3,3,3,3,3,3,3,3,3,3,3,3,3,3,3,3,3,3,3,3,3,3,3,3,3,3,3,3,3,3,3,3,
3,4),(0.,0.00251112504396742,0.00708124956443788,0.0116513964061525,0.0162215538162047,
0.0207916948891906,0.0253618102296457,0.0299318994310036,0.0345019790698081,
0.039072096182701,0.0436422385631269,0.0482123967967782,0.0527825415535955,
0.0573526633280667,0.0619227570314702,0.0664928350990318,0.0710629433280661,
0.0756330795876546,0.0802032378447394,0.0847733856417618,0.0893435135971576,
0.0939136125028852,0.0984836906718089,0.103053790428632,0.107623920376776,
0.112194077775699,0.1167642279526,0.121334361704974,0.125904466287219,0.130474546091512,
0.135044638918639,0.139614762711655,0.144184918254169,0.1487550701425,0.15332520920614,
0.157895319724922,0.162465402521337,0.167035490119997,0.171605607408825,
0.176175759909106,0.180745912828063,0.185316056639854,0.189886173155875,
0.194456260094141,0.199026344224522,0.203596454080944,0.208166602073575,
0.212736755314646,0.217306903255406,0.221877025649693,0.226447117653834,
0.231017200050609,0.235587301128461,0.240157442953437,0.244727595754025,
0.249297747166617,0.253867875164864,0.258437972925918,0.263008055229902,
0.267578148286844,0.272148283893469,0.276718435411154,0.281288589617177,
0.285858722820745,0.290428826803243,0.294998910512035,0.299568997152998,
0.304139126584252,0.308709275855311,0.313279432160602,0.317849570074346,
0.322419680527026,0.326989766955832,0.331559848924483,0.336129971698096,
0.34070011756232,0.345270275251124,0.349840417307817,0.354410534278557,
0.358980624531473,0.363550703613401,0.368120818647504,0.372690959652614,
0.37726111797087,0.381831263552645,0.386401386908194,0.390971481860892,
0.39554155980208,0.400111665773801,0.404681800410675,0.409251958539525,
0.413822106996751,0.418392236447882,0.42296233674264,0.427532415184714,
0.432102513050332,0.436672641458532,0.441242798492049,0.445812949162169,
0.450383084296966,0.454953190353117,0.459523270789014,0.46409336214106,
0.468663484356895,0.473233639257359,0.477803791469649,0.482373931780796,
0.486944043806756,0.491514127543645,0.496084214106927,0.500654329643024,
0.50522448116386,0.509794634232454,0.514364779140893,0.518934897150257,
0.523504985282553,0.528075068818187,0.532645176589248,0.537215323178162,
0.541785476383829,0.546355625259251,0.550925749091564,0.555495842485028,
0.560065924709873,0.564636023636627,0.569206163871893,0.573776316434118,
0.578346468612703,0.582916597959453,0.587486697247296,0.592056779770268,
0.596626871059922,0.601197005132988,0.605767156184448,0.610337310983811,
0.614907445419707,0.619477551011189,0.624047635287444,0.628617720589656,
0.633187848418586,0.637757996954177,0.642328153675704,0.646898292685325,
0.651468404777186,0.65603849207121,0.660608573148673,0.665178694107791,
0.669748838903763,0.674318996824094,0.678889139825621,0.683459258418255,
0.688029349778009,0.692599428413427,0.697169541258617,0.701739680772111,
0.706309839123627,0.710879985489444,0.715450110407777,0.720020206650236,
0.724590284568704,0.729160388368797,0.733730521414142,0.738300679358085,
0.742870828433897,0.747440959354818,0.752011061065073,0.7565811398746,0.761151235949936,
0.765721362820942,0.770291519424214,0.774861670545473,0.779431807030753,
0.784001914573973,0.788571995724026,0.79314208571017,0.797712206318615,
0.802282360499133,0.806852512992405,0.811422654514617,0.81599276804863,
0.820562852795094,0.82513293843439,0.829703052149905,0.834273202594244,
0.838843355767453,0.843413501732891,0.847983621225492,0.85255371060647,
0.857123793655884,0.861693899231357,0.866264044293034,0.87083419741435,
0.875404347182633,0.879974472433463,0.884544567256145,0.889114649410651,
0.893684746276937,0.898254884947406,0.902825037217024,0.907395190118703,
0.911965320787128,0.916535421627552,0.921105504461389,0.925675594088224,
0.930245726623003,0.934815877145428,0.939386032494263,0.943956168129995,
0.948526275342847,0.953096360266382,0.957666444341355,0.962236570529008,
0.966806718252651,0.971376875345042,0.975947015413882,0.980517129144923,
0.985087217370295,0.989657297669267,0.994227416736002,0.998797560367244,
1.),.UNSPECIFIED.);
#93=B_SPLINE_CURVE_WITH_KNOTS('',3,(#9418,#9419,#9420,#9421,#9422,#9423,
#9424,#9425,#9426,#9427,#9428,#9429,#9430,#9431,#9432,#9433,#9434,#9435,
#9436),.UNSPECIFIED.,.F.,.F.,(4,3,3,3,3,3,4),(0.,0.160074474681607,0.328067414493559,
0.502610048937689,0.683812066200182,0.87199273537623,1.),.UNSPECIFIED.);
#94=B_SPLINE_CURVE_WITH_KNOTS('',3,(#9859,#9860,#9861,#9862,#9863,#9864,
#9865,#9866,#9867,#9868,#9869,#9870,#9871,#9872,#9873,#9874,#9875,#9876,
#9877),.UNSPECIFIED.,.F.,.F.,(4,3,3,3,3,3,4),(0.,0.167501208472432,0.341953196402771,
0.523424350743378,0.711284045257295,0.905785307110185,1.),.UNSPECIFIED.);
#95=B_SPLINE_CURVE_WITH_KNOTS('',3,(#9881,#9882,#9883,#9884,#9885,#9886,
#9887,#9888,#9889,#9890,#9891,#9892,#9893,#9894,#9895,#9896,#9897,#9898,
#9899),.UNSPECIFIED.,.F.,.F.,(4,3,3,3,3,3,4),(0.,0.129250868576115,0.330250677473167,
0.525047434775352,0.712945064739046,0.893881374778723,1.),.UNSPECIFIED.);
#96=B_SPLINE_CURVE_WITH_KNOTS('',3,(#9901,#9902,#9903,#9904,#9905,#9906,
#9907,#9908,#9909,#9910,#9911,#9912,#9913,#9914,#9915,#9916,#9917,#9918,
#9919,#9920,#9921,#9922,#9923,#9924,#9925,#9926,#9927,#9928,#9929,#9930,
#9931,#9932,#9933,#9934,#9935,#9936,#9937,#9938,#9939,#9940,#9941,#9942,
#9943,#9944,#9945,#9946,#9947,#9948,#9949,#9950,#9951,#9952,#9953,#9954,
#9955,#9956,#9957,#9958,#9959,#9960,#9961,#9962,#9963,#9964,#9965,#9966,
#9967,#9968,#9969,#9970,#9971,#9972,#9973,#9974,#9975,#9976,#9977,#9978,
#9979,#9980,#9981,#9982,#9983,#9984,#9985,#9986,#9987,#9988,#9989,#9990,
#9991,#9992,#9993,#9994,#9995,#9996,#9997,#9998,#9999,#10000,#10001,#10002,
#10003,#10004,#10005,#10006,#10007,#10008,#10009,#10010,#10011,#10012,#10013,
#10014,#10015,#10016,#10017,#10018,#10019,#10020,#10021,#10022,#10023,#10024,
#10025,#10026,#10027,#10028,#10029,#10030,#10031,#10032,#10033,#10034,#10035,
#10036,#10037,#10038,#10039,#10040,#10041,#10042,#10043,#10044,#10045,#10046,
#10047,#10048,#10049,#10050,#10051,#10052,#10053,#10054,#10055,#10056,#10057,
#10058,#10059,#10060,#10061,#10062,#10063,#10064,#10065,#10066,#10067,#10068,
#10069,#10070,#10071,#10072,#10073,#10074,#10075,#10076,#10077,#10078,#10079,
#10080,#10081,#10082,#10083,#10084,#10085,#10086,#10087,#10088,#10089,#10090,
#10091,#10092,#10093,#10094,#10095,#10096,#10097,#10098,#10099,#10100,#10101,
#10102,#10103,#10104,#10105,#10106,#10107,#10108,#10109,#10110,#10111,#10112,
#10113,#10114,#10115,#10116,#10117,#10118,#10119,#10120,#10121,#10122,#10123,
#10124,#10125,#10126,#10127,#10128,#10129,#10130,#10131,#10132,#10133,#10134,
#10135,#10136,#10137,#10138,#10139,#10140,#10141,#10142,#10143,#10144,#10145,
#10146,#10147,#10148,#10149,#10150,#10151,#10152,#10153,#10154,#10155,#10156,
#10157,#10158,#10159,#10160,#10161,#10162,#10163,#10164,#10165,#10166,#10167,
#10168,#10169,#10170,#10171,#10172,#10173,#10174,#10175,#10176,#10177,#10178,
#10179,#10180,#10181,#10182,#10183,#10184,#10185,#10186,#10187,#10188,#10189,
#10190,#10191,#10192,#10193,#10194,#10195,#10196,#10197,#10198,#10199,#10200,
#10201,#10202,#10203,#10204,#10205,#10206,#10207,#10208,#10209,#10210,#10211,
#10212,#10213,#10214,#10215,#10216,#10217,#10218,#10219,#10220,#10221,#10222,
#10223,#10224,#10225,#10226,#10227,#10228,#10229,#10230,#10231,#10232,#10233,
#10234,#10235,#10236,#10237,#10238,#10239,#10240,#10241,#10242,#10243,#10244,
#10245,#10246,#10247,#10248,#10249,#10250,#10251,#10252,#10253,#10254,#10255,
#10256,#10257,#10258,#10259,#10260,#10261,#10262,#10263,#10264,#10265,#10266,
#10267,#10268,#10269,#10270,#10271,#10272,#10273,#10274,#10275,#10276,#10277,
#10278,#10279,#10280,#10281,#10282,#10283,#10284,#10285,#10286,#10287,#10288,
#10289,#10290,#10291,#10292,#10293,#10294,#10295,#10296,#10297,#10298,#10299,
#10300,#10301,#10302,#10303,#10304,#10305,#10306,#10307,#10308,#10309,#10310,
#10311,#10312,#10313,#10314,#10315,#10316,#10317,#10318,#10319,#10320,#10321,
#10322,#10323,#10324,#10325,#10326,#10327,#10328,#10329,#10330,#10331,#10332,
#10333,#10334,#10335,#10336,#10337,#10338,#10339,#10340,#10341,#10342,#10343,
#10344,#10345,#10346,#10347,#10348,#10349,#10350,#10351,#10352,#10353,#10354,
#10355,#10356,#10357,#10358,#10359,#10360,#10361,#10362,#10363,#10364,#10365,
#10366,#10367,#10368,#10369,#10370,#10371,#10372,#10373,#10374,#10375,#10376,
#10377,#10378,#10379,#10380,#10381,#10382,#10383,#10384,#10385,#10386,#10387,
#10388,#10389,#10390,#10391,#10392,#10393,#10394,#10395,#10396,#10397,#10398,
#10399,#10400,#10401,#10402,#10403,#10404,#10405,#10406,#10407,#10408,#10409,
#10410,#10411,#10412,#10413,#10414,#10415,#10416,#10417,#10418,#10419,#10420,
#10421,#10422,#10423,#10424,#10425,#10426,#10427,#10428,#10429,#10430,#10431,
#10432,#10433,#10434,#10435,#10436,#10437,#10438,#10439,#10440,#10441,#10442,
#10443,#10444,#10445,#10446,#10447,#10448,#10449,#10450,#10451,#10452,#10453,
#10454,#10455,#10456,#10457,#10458,#10459,#10460,#10461,#10462,#10463,#10464,
#10465,#10466,#10467,#10468,#10469,#10470,#10471,#10472,#10473,#10474,#10475,
#10476,#10477,#10478,#10479,#10480,#10481,#10482,#10483,#10484,#10485,#10486,
#10487,#10488,#10489,#10490,#10491,#10492,#10493,#10494,#10495,#10496,#10497,
#10498,#10499,#10500,#10501,#10502,#10503,#10504,#10505,#10506,#10507,#10508,
#10509,#10510,#10511,#10512,#10513,#10514,#10515,#10516,#10517,#10518,#10519,
#10520,#10521,#10522,#10523,#10524,#10525,#10526,#10527,#10528,#10529,#10530,
#10531,#10532,#10533,#10534,#10535,#10536,#10537,#10538,#10539,#10540,#10541,
#10542,#10543,#10544,#10545,#10546,#10547,#10548,#10549,#10550,#10551,#10552,
#10553,#10554,#10555,#10556,#10557,#10558,#10559,#10560,#10561),
 .UNSPECIFIED.,.F.,.F.,(4,3,3,3,3,3,3,3,3,3,3,3,3,3,3,3,3,3,3,3,3,3,3,3,
3,3,3,3,3,3,3,3,3,3,3,3,3,3,3,3,3,3,3,3,3,3,3,3,3,3,3,3,3,3,3,3,3,3,3,3,
3,3,3,3,3,3,3,3,3,3,3,3,3,3,3,3,3,3,3,3,3,3,3,3,3,3,3,3,3,3,3,3,3,3,3,3,
3,3,3,3,3,3,3,3,3,3,3,3,3,3,3,3,3,3,3,3,3,3,3,3,3,3,3,3,3,3,3,3,3,3,3,3,
3,3,3,3,3,3,3,3,3,3,3,3,3,3,3,3,3,3,3,3,3,3,3,3,3,3,3,3,3,3,3,3,3,3,3,3,
3,3,3,3,3,3,3,3,3,3,3,3,3,3,3,3,3,3,3,3,3,3,3,3,3,3,3,3,3,3,3,3,3,3,3,3,
3,3,3,3,3,3,3,3,3,3,3,3,3,3,3,3,4),(0.,0.00223331044573382,0.0068033962367641,
0.0113734571743319,0.0159435309514773,0.0205136356908037,0.0250837722624076,
0.0296539052621299,0.0342240255168429,0.0387941172477566,0.0433641812046792,
0.0479342497912981,0.0525043480127323,0.0570744815136414,0.0616446155289755,
0.0662147405189015,0.0707848382462763,0.075354906367536,0.079924971524096,
0.084495062286022,0.0890651912435883,0.0936353255651673,0.098205454670122,
0.102775558271335,0.107345631475927,0.111915694935722,0.116485776905882,
0.121055899673879,0.125626033537616,0.130196166099842,0.134766275297546,
0.139336354271483,0.143906417672673,0.14847649165457,0.153046608210242,
0.157616740771679,0.162186876112424,0.16675699050561,0.17132707570861,0.175897140545216,
0.180467208147917,0.185037318523618,0.189607448815648,0.194177586240384,
0.198747705332096,0.20331779700836,0.207887864591262,0.212457927560311,
0.217028031261551,0.221598158118715,0.226168296911077,0.230738420132773,
0.235308518326022,0.239878589754495,0.244448649875423,0.249018745806487,
0.253588867768967,0.258159007173795,0.262729133906725,0.267299238480028,
0.271869314624674,0.27643937364181,0.28100946050406,0.285579576083849,0.290149715280612,
0.294719844874691,0.299289955535801,0.303860037033915,0.308430096586071,
0.313000175374669,0.317570284731649,0.322140422812197,0.326710554604693,
0.331280670939354,0.335850758205553,0.340420819781991,0.344990892093455,
0.349560995253343,0.354131131176318,0.358701264496295,0.363271385995396,
0.367841479233675,0.372411544137186,0.376981611698073,0.381551708161311,
0.386121840674604,0.390691974835708,0.395262100918876,0.399832200138816,
0.404402269458977,0.408972334030231,0.413542422697711,0.418112550241182,
0.422682684523174,0.427252814559188,0.43182291959682,0.436392994194328,
0.440963057491067,0.445533137317808,0.450103258498531,0.45467339211928,
0.459243525443799,0.463813635987749,0.468383716490841,0.47295378011908,
0.477523852342635,0.482093967364664,0.486664099454555,0.491234235384858,
0.49580435100761,0.500374437820793,0.504944503231897,0.509514569505463,
0.514084678275842,0.518654807825958,0.523224945663028,0.527795065847479,
0.53236515916304,0.536935227617023,0.541505289704654,0.546075391585081,
0.550645517365886,0.555215656385652,0.559785780548786,0.564355880363072,
0.568925952902989,0.573496012586899,0.578066106319001,0.582636226779458,
0.587206366213041,0.591776493726453,0.596346599860845,0.600916677298576,
0.60548673630186,0.610056821000119,0.614626934990766,0.619197073997642,
0.623767204206693,0.628337316335258,0.632907399250987,0.637477459178621,
0.642047536185803,0.646617644005466,0.65118778165003,0.65575791389001,0.660328031572321,
0.664898120326564,0.669468182624141,0.674038253579208,0.678608355128675,
0.683178490324771,0.687748623921988,0.692318746628948,0.696888841375207,
0.701458907294097,0.706028973940625,0.710599068576938,0.715169200005067,
0.719739334266851,0.724309461403547,0.728879562105719,0.733449632679106,
0.738019696773466,0.742589783235295,0.747159909240478,0.751730043433817,
0.756300174359049,0.760870280813399,0.765440356843393,0.770010420078475,
0.77458049785279,0.779150617470545,0.783720750793909,0.788290884837788,
0.792860996701001,0.797431078758727,0.802001142705639,0.806571213275529,
0.811141326758481,0.815711458313765,0.82028159478972,0.824851711609427,
0.829421800044882,0.833991866110007,0.838561931166022,0.843132038291318,
0.847702167022664,0.852272305226636,0.856842426467083,0.86141252142167,
0.865982590812541,0.870552652131407,0.87512275211222,0.879692876719663,
0.884263015918637,0.888833140983625,0.893403242407641,0.897973316110197,
0.902543375465942,0.907113466877283,0.911683585711639,0.91625372512106,
0.920823853373591,0.925393961048324,0.929964039815542,0.934534098906164,
0.939104181530835,0.943674293956024,0.948244432714339,0.952814563496431,
0.957384677064518,0.961954761420421,0.966524821814645,0.971094897144057,
0.97566500342044,0.980235140560965,0.984805273205987,0.989375392202443,
0.993945482454233,0.998515545551779,1.),.UNSPECIFIED.);
#97=CYLINDRICAL_SURFACE('',#3696,0.8);
#98=CYLINDRICAL_SURFACE('',#3700,0.8);
#99=CYLINDRICAL_SURFACE('',#3706,0.4);
#100=CYLINDRICAL_SURFACE('',#3710,0.4);
#101=CYLINDRICAL_SURFACE('',#3714,0.1);
#102=CYLINDRICAL_SURFACE('',#3718,0.4);
#103=CYLINDRICAL_SURFACE('',#3722,0.4);
#104=CYLINDRICAL_SURFACE('',#3726,0.1);
#105=CYLINDRICAL_SURFACE('',#3730,0.4);
#106=CYLINDRICAL_SURFACE('',#3734,0.4);
#107=CYLINDRICAL_SURFACE('',#3742,0.4);
#108=CYLINDRICAL_SURFACE('',#3746,0.4);
#109=CYLINDRICAL_SURFACE('',#3750,0.4);
#110=CYLINDRICAL_SURFACE('',#3754,0.4);
#111=CYLINDRICAL_SURFACE('',#3758,0.4);
#112=CYLINDRICAL_SURFACE('',#3762,0.4);
#113=CYLINDRICAL_SURFACE('',#3766,0.4);
#114=CYLINDRICAL_SURFACE('',#3770,0.4);
#115=CYLINDRICAL_SURFACE('',#3783,3.);
#116=CYLINDRICAL_SURFACE('',#3794,1.1);
#117=CYLINDRICAL_SURFACE('',#3795,1.25);
#118=CYLINDRICAL_SURFACE('',#3797,1.25);
#119=CYLINDRICAL_SURFACE('',#3814,0.95);
#120=CYLINDRICAL_SURFACE('',#3815,1.025);
#121=CYLINDRICAL_SURFACE('',#3818,0.401);
#122=CYLINDRICAL_SURFACE('',#3821,0.401);
#123=CYLINDRICAL_SURFACE('',#3824,0.401);
#124=CYLINDRICAL_SURFACE('',#3827,0.401);
#125=CYLINDRICAL_SURFACE('',#3881,1.1);
#126=CYLINDRICAL_SURFACE('',#3888,0.1);
#127=CYLINDRICAL_SURFACE('',#3889,0.1);
#128=CYLINDRICAL_SURFACE('',#3892,0.5);
#129=CYLINDRICAL_SURFACE('',#3899,1.1);
#130=CYLINDRICAL_SURFACE('',#3903,0.2);
#131=CYLINDRICAL_SURFACE('',#3904,0.2);
#132=CYLINDRICAL_SURFACE('',#3909,2.1);
#133=CYLINDRICAL_SURFACE('',#3914,0.1);
#134=CYLINDRICAL_SURFACE('',#3915,0.4);
#135=CYLINDRICAL_SURFACE('',#3917,0.1);
#136=CYLINDRICAL_SURFACE('',#3930,0.4);
#137=CYLINDRICAL_SURFACE('',#3932,0.1);
#138=CYLINDRICAL_SURFACE('',#3934,0.1);
#139=CYLINDRICAL_SURFACE('',#3937,0.5);
#140=CYLINDRICAL_SURFACE('',#3939,0.5);
#141=CYLINDRICAL_SURFACE('',#3940,0.1);
#142=CYLINDRICAL_SURFACE('',#3941,0.1);
#143=CYLINDRICAL_SURFACE('',#3943,0.4);
#144=CYLINDRICAL_SURFACE('',#3945,0.1);
#145=CYLINDRICAL_SURFACE('',#3949,0.4);
#146=CYLINDRICAL_SURFACE('',#3955,0.1);
#147=CYLINDRICAL_SURFACE('',#3958,0.5);
#148=CYLINDRICAL_SURFACE('',#3960,0.5);
#149=CYLINDRICAL_SURFACE('',#3986,2.1);
#150=CYLINDRICAL_SURFACE('',#3988,2.5);
#151=CYLINDRICAL_SURFACE('',#3994,1.75);
#152=FACE_BOUND('',#819,.T.);
#153=FACE_BOUND('',#820,.T.);
#154=FACE_BOUND('',#830,.T.);
#155=FACE_BOUND('',#831,.T.);
#156=FACE_BOUND('',#832,.T.);
#157=FACE_BOUND('',#868,.T.);
#158=FACE_BOUND('',#869,.T.);
#159=FACE_BOUND('',#870,.T.);
#160=FACE_BOUND('',#871,.T.);
#161=FACE_BOUND('',#872,.T.);
#162=FACE_BOUND('',#873,.T.);
#163=FACE_BOUND('',#874,.T.);
#164=FACE_BOUND('',#875,.T.);
#165=FACE_BOUND('',#876,.T.);
#166=FACE_BOUND('',#877,.T.);
#167=FACE_BOUND('',#890,.T.);
#168=FACE_BOUND('',#891,.T.);
#169=FACE_BOUND('',#893,.T.);
#170=FACE_BOUND('',#894,.T.);
#171=FACE_BOUND('',#903,.T.);
#172=FACE_BOUND('',#904,.T.);
#173=FACE_BOUND('',#905,.T.);
#174=FACE_BOUND('',#906,.T.);
#175=FACE_BOUND('',#916,.T.);
#176=FACE_BOUND('',#917,.T.);
#177=FACE_BOUND('',#939,.T.);
#178=FACE_BOUND('',#940,.T.);
#179=FACE_BOUND('',#941,.T.);
#180=FACE_BOUND('',#942,.T.);
#181=FACE_BOUND('',#943,.T.);
#182=FACE_BOUND('',#944,.T.);
#183=FACE_BOUND('',#945,.T.);
#184=FACE_BOUND('',#946,.T.);
#185=FACE_BOUND('',#956,.T.);
#186=FACE_BOUND('',#957,.T.);
#187=FACE_BOUND('',#964,.T.);
#188=FACE_BOUND('',#965,.T.);
#189=FACE_BOUND('',#968,.T.);
#190=FACE_BOUND('',#969,.T.);
#191=FACE_BOUND('',#974,.T.);
#192=FACE_BOUND('',#975,.T.);
#193=FACE_BOUND('',#976,.T.);
#194=FACE_BOUND('',#977,.T.);
#195=FACE_BOUND('',#987,.T.);
#196=FACE_BOUND('',#988,.T.);
#197=FACE_BOUND('',#989,.T.);
#198=FACE_BOUND('',#1036,.F.);
#199=FACE_BOUND('',#1037,.F.);
#200=FACE_BOUND('',#1038,.F.);
#201=FACE_BOUND('',#1039,.F.);
#202=FACE_BOUND('',#1040,.F.);
#203=FACE_BOUND('',#1041,.F.);
#204=FACE_BOUND('',#1042,.F.);
#205=FACE_BOUND('',#1043,.F.);
#206=FACE_BOUND('',#1046,.T.);
#207=FACE_BOUND('',#1047,.T.);
#208=CIRCLE('',#3680,0.1);
#209=CIRCLE('',#3681,0.4);
#210=CIRCLE('',#3682,0.1);
#211=CIRCLE('',#3683,0.1);
#212=CIRCLE('',#3684,0.1);
#213=CIRCLE('',#3685,0.1);
#214=CIRCLE('',#3686,0.4);
#215=CIRCLE('',#3687,0.1);
#216=CIRCLE('',#3688,0.8);
#217=CIRCLE('',#3689,0.8);
#218=CIRCLE('',#3691,0.8);
#219=CIRCLE('',#3692,0.8);
#220=CIRCLE('',#3702,3.);
#221=CIRCLE('',#3704,0.4);
#222=CIRCLE('',#3705,0.4);
#223=CIRCLE('',#3708,0.4);
#224=CIRCLE('',#3709,0.4);
#225=CIRCLE('',#3712,0.1);
#226=CIRCLE('',#3713,0.1);
#227=CIRCLE('',#3716,0.4);
#228=CIRCLE('',#3717,0.4);
#229=CIRCLE('',#3720,0.4);
#230=CIRCLE('',#3721,0.4);
#231=CIRCLE('',#3724,0.1);
#232=CIRCLE('',#3725,0.1);
#233=CIRCLE('',#3728,0.4);
#234=CIRCLE('',#3729,0.4);
#235=CIRCLE('',#3732,0.4);
#236=CIRCLE('',#3733,0.4);
#237=CIRCLE('',#3737,0.5);
#238=CIRCLE('',#3738,0.5);
#239=CIRCLE('',#3740,0.4);
#240=CIRCLE('',#3741,0.4);
#241=CIRCLE('',#3743,0.4);
#242=CIRCLE('',#3745,0.4);
#243=CIRCLE('',#3747,0.4);
#244=CIRCLE('',#3749,0.4);
#245=CIRCLE('',#3751,0.4);
#246=CIRCLE('',#3753,0.4);
#247=CIRCLE('',#3755,0.4);
#248=CIRCLE('',#3757,0.4);
#249=CIRCLE('',#3759,0.4);
#250=CIRCLE('',#3761,0.4);
#251=CIRCLE('',#3763,0.4);
#252=CIRCLE('',#3765,0.4);
#253=CIRCLE('',#3767,0.4);
#254=CIRCLE('',#3769,0.4);
#255=CIRCLE('',#3773,1.1);
#256=CIRCLE('',#3774,1.25);
#257=CIRCLE('',#3775,2.1);
#258=CIRCLE('',#3777,1.25);
#259=CIRCLE('',#3778,1.1);
#260=CIRCLE('',#3779,1.25);
#261=CIRCLE('',#3781,3.);
#262=CIRCLE('',#3782,3.);
#263=CIRCLE('',#3784,2.);
#264=CIRCLE('',#3793,1.1);
#265=CIRCLE('',#3796,1.25);
#266=CIRCLE('',#3798,0.95);
#267=CIRCLE('',#3799,1.025);
#268=CIRCLE('',#3801,1.025);
#269=CIRCLE('',#3810,0.750000000000001);
#270=CIRCLE('',#3812,0.95);
#271=CIRCLE('',#3851,0.1);
#272=CIRCLE('',#3852,0.1);
#273=CIRCLE('',#3855,0.2);
#274=CIRCLE('',#3856,0.1);
#275=CIRCLE('',#3857,0.4);
#276=CIRCLE('',#3858,0.1);
#277=CIRCLE('',#3859,0.1);
#278=CIRCLE('',#3860,0.4);
#279=CIRCLE('',#3861,0.1);
#280=CIRCLE('',#3862,0.2);
#281=CIRCLE('',#3864,0.2);
#282=CIRCLE('',#3865,0.1);
#283=CIRCLE('',#3866,0.1);
#284=CIRCLE('',#3867,0.1);
#285=CIRCLE('',#3868,0.1);
#286=CIRCLE('',#3869,0.1);
#287=CIRCLE('',#3870,0.4);
#288=CIRCLE('',#3871,0.4);
#289=CIRCLE('',#3872,0.2);
#290=CIRCLE('',#3873,0.1);
#291=CIRCLE('',#3874,0.5);
#292=CIRCLE('',#3875,1.1);
#293=CIRCLE('',#3877,1.1);
#294=CIRCLE('',#3878,1.1);
#295=CIRCLE('',#3890,0.5);
#296=CIRCLE('',#3907,2.1);
#297=CIRCLE('',#3919,0.5);
#298=CIRCLE('',#3920,0.5);
#299=CIRCLE('',#3921,0.5);
#300=CIRCLE('',#3922,0.5);
#301=CIRCLE('',#3927,0.4);
#302=CIRCLE('',#3928,0.1);
#303=CIRCLE('',#3936,0.5);
#304=CIRCLE('',#3938,0.5);
#305=CIRCLE('',#3946,0.4);
#306=CIRCLE('',#3947,0.1);
#307=CIRCLE('',#3957,0.5);
#308=CIRCLE('',#3959,0.5);
#309=CIRCLE('',#3969,0.466545902826905);
#310=CIRCLE('',#3970,0.466545902826905);
#311=CIRCLE('',#3971,0.466545902826905);
#312=CIRCLE('',#3972,0.466545902826905);
#313=CIRCLE('',#3982,2.1);
#314=CIRCLE('',#3983,2.5);
#315=CIRCLE('',#3985,2.1);
#316=CIRCLE('',#3987,2.5);
#317=CIRCLE('',#3990,1.75);
#318=CIRCLE('',#3992,1.75);
#319=ADVANCED_FACE('',(#644),#518,.F.);
#320=ADVANCED_FACE('',(#152,#153),#519,.F.);
#321=ADVANCED_FACE('',(#645),#520,.T.);
#322=ADVANCED_FACE('',(#646),#521,.F.);
#323=ADVANCED_FACE('',(#647),#522,.F.);
#324=ADVANCED_FACE('',(#648),#97,.F.);
#325=ADVANCED_FACE('',(#649),#523,.F.);
#326=ADVANCED_FACE('',(#650),#524,.F.);
#327=ADVANCED_FACE('',(#651),#525,.F.);
#328=ADVANCED_FACE('',(#652),#98,.F.);
#329=ADVANCED_FACE('',(#653),#526,.F.);
#330=ADVANCED_FACE('',(#154,#155,#156),#527,.F.);
#331=ADVANCED_FACE('',(#654),#99,.T.);
#332=ADVANCED_FACE('',(#655),#528,.F.);
#333=ADVANCED_FACE('',(#656),#100,.T.);
#334=ADVANCED_FACE('',(#657),#529,.F.);
#335=ADVANCED_FACE('',(#658),#101,.F.);
#336=ADVANCED_FACE('',(#659),#530,.F.);
#337=ADVANCED_FACE('',(#660),#102,.T.);
#338=ADVANCED_FACE('',(#661),#531,.F.);
#339=ADVANCED_FACE('',(#662),#103,.T.);
#340=ADVANCED_FACE('',(#663),#532,.F.);
#341=ADVANCED_FACE('',(#664),#104,.F.);
#342=ADVANCED_FACE('',(#665),#533,.F.);
#343=ADVANCED_FACE('',(#666),#105,.T.);
#344=ADVANCED_FACE('',(#667),#534,.F.);
#345=ADVANCED_FACE('',(#668),#106,.T.);
#346=ADVANCED_FACE('',(#669),#535,.T.);
#347=ADVANCED_FACE('',(#670),#536,.T.);
#348=ADVANCED_FACE('',(#671),#537,.T.);
#349=ADVANCED_FACE('',(#672),#107,.T.);
#350=ADVANCED_FACE('',(#673),#68,.T.);
#351=ADVANCED_FACE('',(#674),#108,.T.);
#352=ADVANCED_FACE('',(#675),#69,.T.);
#353=ADVANCED_FACE('',(#676),#109,.T.);
#354=ADVANCED_FACE('',(#677),#65,.T.);
#355=ADVANCED_FACE('',(#678),#110,.T.);
#356=ADVANCED_FACE('',(#679),#70,.T.);
#357=ADVANCED_FACE('',(#680),#111,.T.);
#358=ADVANCED_FACE('',(#681),#71,.T.);
#359=ADVANCED_FACE('',(#682),#112,.T.);
#360=ADVANCED_FACE('',(#683),#66,.T.);
#361=ADVANCED_FACE('',(#684),#113,.T.);
#362=ADVANCED_FACE('',(#685),#72,.T.);
#363=ADVANCED_FACE('',(#686),#114,.T.);
#364=ADVANCED_FACE('',(#687),#73,.T.);
#365=ADVANCED_FACE('',(#688),#538,.T.);
#366=ADVANCED_FACE('',(#157,#158),#539,.T.);
#367=ADVANCED_FACE('',(#159,#160),#540,.F.);
#368=ADVANCED_FACE('',(#161,#162),#115,.T.);
#369=ADVANCED_FACE('',(#163,#164),#67,.T.);
#370=ADVANCED_FACE('',(#165,#166),#541,.T.);
#371=ADVANCED_FACE('',(#689),#542,.F.);
#372=ADVANCED_FACE('',(#690),#543,.F.);
#373=ADVANCED_FACE('',(#691),#544,.F.);
#374=ADVANCED_FACE('',(#692),#545,.F.);
#375=ADVANCED_FACE('',(#693),#546,.F.);
#376=ADVANCED_FACE('',(#694),#547,.F.);
#377=ADVANCED_FACE('',(#695),#116,.F.);
#378=ADVANCED_FACE('',(#696),#117,.F.);
#379=ADVANCED_FACE('',(#697),#61,.F.);
#380=ADVANCED_FACE('',(#698),#62,.F.);
#381=ADVANCED_FACE('',(#699),#118,.T.);
#382=ADVANCED_FACE('',(#700),#63,.F.);
#383=ADVANCED_FACE('',(#167,#168),#548,.T.);
#384=ADVANCED_FACE('',(#701),#64,.F.);
#385=ADVANCED_FACE('',(#169,#170),#549,.T.);
#386=ADVANCED_FACE('',(#702),#550,.F.);
#387=ADVANCED_FACE('',(#703),#551,.F.);
#388=ADVANCED_FACE('',(#704),#552,.F.);
#389=ADVANCED_FACE('',(#705),#553,.F.);
#390=ADVANCED_FACE('',(#706),#554,.F.);
#391=ADVANCED_FACE('',(#707),#555,.F.);
#392=ADVANCED_FACE('',(#708),#556,.T.);
#393=ADVANCED_FACE('',(#709),#557,.T.);
#394=ADVANCED_FACE('',(#171,#172),#56,.T.);
#395=ADVANCED_FACE('',(#173,#174),#119,.T.);
#396=ADVANCED_FACE('',(#710),#120,.T.);
#397=ADVANCED_FACE('',(#711),#121,.F.);
#398=ADVANCED_FACE('',(#712),#122,.F.);
#399=ADVANCED_FACE('',(#713),#123,.F.);
#400=ADVANCED_FACE('',(#714),#124,.F.);
#401=ADVANCED_FACE('',(#715),#558,.T.);
#402=ADVANCED_FACE('',(#716),#559,.T.);
#403=ADVANCED_FACE('',(#717),#560,.T.);
#404=ADVANCED_FACE('',(#718),#561,.T.);
#405=ADVANCED_FACE('',(#175,#176),#562,.T.);
#406=ADVANCED_FACE('',(#719),#563,.F.);
#407=ADVANCED_FACE('',(#720),#564,.T.);
#408=ADVANCED_FACE('',(#721),#565,.F.);
#409=ADVANCED_FACE('',(#722),#566,.F.);
#410=ADVANCED_FACE('',(#723),#567,.F.);
#411=ADVANCED_FACE('',(#724),#568,.F.);
#412=ADVANCED_FACE('',(#725),#569,.F.);
#413=ADVANCED_FACE('',(#726),#570,.F.);
#414=ADVANCED_FACE('',(#727),#571,.F.);
#415=ADVANCED_FACE('',(#728),#572,.F.);
#416=ADVANCED_FACE('',(#729),#573,.T.);
#417=ADVANCED_FACE('',(#730),#574,.F.);
#418=ADVANCED_FACE('',(#731),#575,.T.);
#419=ADVANCED_FACE('',(#732),#576,.T.);
#420=ADVANCED_FACE('',(#733),#577,.F.);
#421=ADVANCED_FACE('',(#734),#578,.F.);
#422=ADVANCED_FACE('',(#735),#579,.T.);
#423=ADVANCED_FACE('',(#736),#580,.F.);
#424=ADVANCED_FACE('',(#737),#581,.F.);
#425=ADVANCED_FACE('',(#738),#582,.F.);
#426=ADVANCED_FACE('',(#739),#583,.F.);
#427=ADVANCED_FACE('',(#177,#178,#179,#180,#181),#584,.T.);
#428=ADVANCED_FACE('',(#182,#183,#184),#125,.F.);
#429=ADVANCED_FACE('',(#740),#585,.T.);
#430=ADVANCED_FACE('',(#741),#586,.F.);
#431=ADVANCED_FACE('',(#742),#587,.T.);
#432=ADVANCED_FACE('',(#743),#588,.F.);
#433=ADVANCED_FACE('',(#744),#589,.F.);
#434=ADVANCED_FACE('',(#745),#590,.F.);
#435=ADVANCED_FACE('',(#746),#126,.F.);
#436=ADVANCED_FACE('',(#747),#127,.F.);
#437=ADVANCED_FACE('',(#748),#591,.T.);
#438=ADVANCED_FACE('',(#185,#186),#128,.T.);
#439=ADVANCED_FACE('',(#749),#592,.T.);
#440=ADVANCED_FACE('',(#750),#593,.T.);
#441=ADVANCED_FACE('',(#751),#594,.T.);
#442=ADVANCED_FACE('',(#752),#595,.T.);
#443=ADVANCED_FACE('',(#753),#596,.T.);
#444=ADVANCED_FACE('',(#754),#597,.T.);
#445=ADVANCED_FACE('',(#187,#188),#129,.F.);
#446=ADVANCED_FACE('',(#755),#598,.T.);
#447=ADVANCED_FACE('',(#756),#599,.T.);
#448=ADVANCED_FACE('',(#189,#190),#600,.T.);
#449=ADVANCED_FACE('',(#757),#130,.T.);
#450=ADVANCED_FACE('',(#758),#131,.T.);
#451=ADVANCED_FACE('',(#759),#601,.F.);
#452=ADVANCED_FACE('',(#760),#602,.F.);
#453=ADVANCED_FACE('',(#191,#192),#603,.F.);
#454=ADVANCED_FACE('',(#193,#194),#132,.F.);
#455=ADVANCED_FACE('',(#761),#604,.T.);
#456=ADVANCED_FACE('',(#762),#605,.T.);
#457=ADVANCED_FACE('',(#763),#606,.T.);
#458=ADVANCED_FACE('',(#764),#607,.T.);
#459=ADVANCED_FACE('',(#765),#133,.F.);
#460=ADVANCED_FACE('',(#766),#134,.T.);
#461=ADVANCED_FACE('',(#767),#608,.T.);
#462=ADVANCED_FACE('',(#768),#135,.F.);
#463=ADVANCED_FACE('',(#769),#609,.T.);
#464=ADVANCED_FACE('',(#195,#196,#197),#610,.T.);
#465=ADVANCED_FACE('',(#770),#611,.T.);
#466=ADVANCED_FACE('',(#771),#612,.F.);
#467=ADVANCED_FACE('',(#772),#613,.T.);
#468=ADVANCED_FACE('',(#773),#614,.F.);
#469=ADVANCED_FACE('',(#774),#136,.T.);
#470=ADVANCED_FACE('',(#775),#615,.F.);
#471=ADVANCED_FACE('',(#776),#137,.F.);
#472=ADVANCED_FACE('',(#777),#616,.T.);
#473=ADVANCED_FACE('',(#778),#138,.F.);
#474=ADVANCED_FACE('',(#779),#617,.F.);
#475=ADVANCED_FACE('',(#780),#139,.F.);
#476=ADVANCED_FACE('',(#781),#140,.F.);
#477=ADVANCED_FACE('',(#782),#141,.F.);
#478=ADVANCED_FACE('',(#783),#142,.F.);
#479=ADVANCED_FACE('',(#784),#618,.T.);
#480=ADVANCED_FACE('',(#785),#143,.T.);
#481=ADVANCED_FACE('',(#786),#619,.T.);
#482=ADVANCED_FACE('',(#787),#144,.F.);
#483=ADVANCED_FACE('',(#788),#620,.F.);
#484=ADVANCED_FACE('',(#789),#145,.T.);
#485=ADVANCED_FACE('',(#790),#621,.F.);
#486=ADVANCED_FACE('',(#791),#622,.T.);
#487=ADVANCED_FACE('',(#792),#623,.T.);
#488=ADVANCED_FACE('',(#793),#624,.T.);
#489=ADVANCED_FACE('',(#794),#625,.F.);
#490=ADVANCED_FACE('',(#795),#146,.F.);
#491=ADVANCED_FACE('',(#796),#626,.F.);
#492=ADVANCED_FACE('',(#797),#147,.F.);
#493=ADVANCED_FACE('',(#798),#148,.F.);
#494=ADVANCED_FACE('',(#799),#627,.F.);
#495=ADVANCED_FACE('',(#800),#628,.F.);
#496=ADVANCED_FACE('',(#801),#629,.F.);
#497=ADVANCED_FACE('',(#802),#630,.F.);
#498=ADVANCED_FACE('',(#803),#631,.F.);
#499=ADVANCED_FACE('',(#804),#632,.F.);
#500=ADVANCED_FACE('',(#805),#633,.F.);
#501=ADVANCED_FACE('',(#806),#634,.T.);
#502=ADVANCED_FACE('',(#807),#635,.F.);
#503=ADVANCED_FACE('',(#808),#636,.T.);
#504=ADVANCED_FACE('',(#809),#57,.T.);
#505=ADVANCED_FACE('',(#810),#637,.T.);
#506=ADVANCED_FACE('',(#811),#58,.T.);
#507=ADVANCED_FACE('',(#812),#638,.T.);
#508=ADVANCED_FACE('',(#813),#59,.T.);
#509=ADVANCED_FACE('',(#814),#639,.T.);
#510=ADVANCED_FACE('',(#815),#60,.T.);
#511=ADVANCED_FACE('',(#198,#199),#640,.F.);
#512=ADVANCED_FACE('',(#200,#201),#149,.F.);
#513=ADVANCED_FACE('',(#202,#203),#150,.T.);
#514=ADVANCED_FACE('',(#204,#205),#641,.T.);
#515=ADVANCED_FACE('',(#816),#642,.T.);
#516=ADVANCED_FACE('',(#817),#643,.F.);
#517=ADVANCED_FACE('',(#206,#207),#151,.T.);
#518=PLANE('',#3679);
#519=PLANE('',#3690);
#520=PLANE('',#3693);
#521=PLANE('',#3694);
#522=PLANE('',#3695);
#523=PLANE('',#3697);
#524=PLANE('',#3698);
#525=PLANE('',#3699);
#526=PLANE('',#3701);
#527=PLANE('',#3703);
#528=PLANE('',#3707);
#529=PLANE('',#3711);
#530=PLANE('',#3715);
#531=PLANE('',#3719);
#532=PLANE('',#3723);
#533=PLANE('',#3727);
#534=PLANE('',#3731);
#535=PLANE('',#3735);
#536=PLANE('',#3736);
#537=PLANE('',#3739);
#538=PLANE('',#3772);
#539=PLANE('',#3776);
#540=PLANE('',#3780);
#541=PLANE('',#3786);
#542=PLANE('',#3787);
#543=PLANE('',#3788);
#544=PLANE('',#3789);
#545=PLANE('',#3790);
#546=PLANE('',#3791);
#547=PLANE('',#3792);
#548=PLANE('',#3800);
#549=PLANE('',#3802);
#550=PLANE('',#3803);
#551=PLANE('',#3804);
#552=PLANE('',#3805);
#553=PLANE('',#3806);
#554=PLANE('',#3807);
#555=PLANE('',#3808);
#556=PLANE('',#3809);
#557=PLANE('',#3811);
#558=PLANE('',#3828);
#559=PLANE('',#3829);
#560=PLANE('',#3830);
#561=PLANE('',#3831);
#562=PLANE('',#3832);
#563=PLANE('',#3833);
#564=PLANE('',#3834);
#565=PLANE('',#3835);
#566=PLANE('',#3836);
#567=PLANE('',#3837);
#568=PLANE('',#3838);
#569=PLANE('',#3839);
#570=PLANE('',#3840);
#571=PLANE('',#3841);
#572=PLANE('',#3842);
#573=PLANE('',#3843);
#574=PLANE('',#3844);
#575=PLANE('',#3845);
#576=PLANE('',#3846);
#577=PLANE('',#3847);
#578=PLANE('',#3848);
#579=PLANE('',#3849);
#580=PLANE('',#3850);
#581=PLANE('',#3853);
#582=PLANE('',#3854);
#583=PLANE('',#3863);
#584=PLANE('',#3876);
#585=PLANE('',#3882);
#586=PLANE('',#3883);
#587=PLANE('',#3884);
#588=PLANE('',#3885);
#589=PLANE('',#3886);
#590=PLANE('',#3887);
#591=PLANE('',#3891);
#592=PLANE('',#3893);
#593=PLANE('',#3894);
#594=PLANE('',#3895);
#595=PLANE('',#3896);
#596=PLANE('',#3897);
#597=PLANE('',#3898);
#598=PLANE('',#3900);
#599=PLANE('',#3901);
#600=PLANE('',#3902);
#601=PLANE('',#3905);
#602=PLANE('',#3906);
#603=PLANE('',#3908);
#604=PLANE('',#3910);
#605=PLANE('',#3911);
#606=PLANE('',#3912);
#607=PLANE('',#3913);
#608=PLANE('',#3916);
#609=PLANE('',#3918);
#610=PLANE('',#3923);
#611=PLANE('',#3924);
#612=PLANE('',#3925);
#613=PLANE('',#3926);
#614=PLANE('',#3929);
#615=PLANE('',#3931);
#616=PLANE('',#3933);
#617=PLANE('',#3935);
#618=PLANE('',#3942);
#619=PLANE('',#3944);
#620=PLANE('',#3948);
#621=PLANE('',#3950);
#622=PLANE('',#3951);
#623=PLANE('',#3952);
#624=PLANE('',#3953);
#625=PLANE('',#3954);
#626=PLANE('',#3956);
#627=PLANE('',#3961);
#628=PLANE('',#3962);
#629=PLANE('',#3963);
#630=PLANE('',#3964);
#631=PLANE('',#3965);
#632=PLANE('',#3966);
#633=PLANE('',#3967);
#634=PLANE('',#3968);
#635=PLANE('',#3973);
#636=PLANE('',#3974);
#637=PLANE('',#3976);
#638=PLANE('',#3978);
#639=PLANE('',#3980);
#640=PLANE('',#3984);
#641=PLANE('',#3989);
#642=PLANE('',#3991);
#643=PLANE('',#3993);
#644=FACE_OUTER_BOUND('',#818,.T.);
#645=FACE_OUTER_BOUND('',#821,.T.);
#646=FACE_OUTER_BOUND('',#822,.T.);
#647=FACE_OUTER_BOUND('',#823,.T.);
#648=FACE_OUTER_BOUND('',#824,.T.);
#649=FACE_OUTER_BOUND('',#825,.T.);
#650=FACE_OUTER_BOUND('',#826,.T.);
#651=FACE_OUTER_BOUND('',#827,.T.);
#652=FACE_OUTER_BOUND('',#828,.T.);
#653=FACE_OUTER_BOUND('',#829,.T.);
#654=FACE_OUTER_BOUND('',#833,.T.);
#655=FACE_OUTER_BOUND('',#834,.T.);
#656=FACE_OUTER_BOUND('',#835,.T.);
#657=FACE_OUTER_BOUND('',#836,.T.);
#658=FACE_OUTER_BOUND('',#837,.T.);
#659=FACE_OUTER_BOUND('',#838,.T.);
#660=FACE_OUTER_BOUND('',#839,.T.);
#661=FACE_OUTER_BOUND('',#840,.T.);
#662=FACE_OUTER_BOUND('',#841,.T.);
#663=FACE_OUTER_BOUND('',#842,.T.);
#664=FACE_OUTER_BOUND('',#843,.T.);
#665=FACE_OUTER_BOUND('',#844,.T.);
#666=FACE_OUTER_BOUND('',#845,.T.);
#667=FACE_OUTER_BOUND('',#846,.T.);
#668=FACE_OUTER_BOUND('',#847,.T.);
#669=FACE_OUTER_BOUND('',#848,.T.);
#670=FACE_OUTER_BOUND('',#849,.T.);
#671=FACE_OUTER_BOUND('',#850,.T.);
#672=FACE_OUTER_BOUND('',#851,.T.);
#673=FACE_OUTER_BOUND('',#852,.T.);
#674=FACE_OUTER_BOUND('',#853,.T.);
#675=FACE_OUTER_BOUND('',#854,.T.);
#676=FACE_OUTER_BOUND('',#855,.T.);
#677=FACE_OUTER_BOUND('',#856,.T.);
#678=FACE_OUTER_BOUND('',#857,.T.);
#679=FACE_OUTER_BOUND('',#858,.T.);
#680=FACE_OUTER_BOUND('',#859,.T.);
#681=FACE_OUTER_BOUND('',#860,.T.);
#682=FACE_OUTER_BOUND('',#861,.T.);
#683=FACE_OUTER_BOUND('',#862,.T.);
#684=FACE_OUTER_BOUND('',#863,.T.);
#685=FACE_OUTER_BOUND('',#864,.T.);
#686=FACE_OUTER_BOUND('',#865,.T.);
#687=FACE_OUTER_BOUND('',#866,.T.);
#688=FACE_OUTER_BOUND('',#867,.T.);
#689=FACE_OUTER_BOUND('',#878,.T.);
#690=FACE_OUTER_BOUND('',#879,.T.);
#691=FACE_OUTER_BOUND('',#880,.T.);
#692=FACE_OUTER_BOUND('',#881,.T.);
#693=FACE_OUTER_BOUND('',#882,.T.);
#694=FACE_OUTER_BOUND('',#883,.T.);
#695=FACE_OUTER_BOUND('',#884,.T.);
#696=FACE_OUTER_BOUND('',#885,.T.);
#697=FACE_OUTER_BOUND('',#886,.T.);
#698=FACE_OUTER_BOUND('',#887,.T.);
#699=FACE_OUTER_BOUND('',#888,.T.);
#700=FACE_OUTER_BOUND('',#889,.T.);
#701=FACE_OUTER_BOUND('',#892,.T.);
#702=FACE_OUTER_BOUND('',#895,.T.);
#703=FACE_OUTER_BOUND('',#896,.T.);
#704=FACE_OUTER_BOUND('',#897,.T.);
#705=FACE_OUTER_BOUND('',#898,.T.);
#706=FACE_OUTER_BOUND('',#899,.T.);
#707=FACE_OUTER_BOUND('',#900,.T.);
#708=FACE_OUTER_BOUND('',#901,.T.);
#709=FACE_OUTER_BOUND('',#902,.T.);
#710=FACE_OUTER_BOUND('',#907,.T.);
#711=FACE_OUTER_BOUND('',#908,.T.);
#712=FACE_OUTER_BOUND('',#909,.T.);
#713=FACE_OUTER_BOUND('',#910,.T.);
#714=FACE_OUTER_BOUND('',#911,.T.);
#715=FACE_OUTER_BOUND('',#912,.T.);
#716=FACE_OUTER_BOUND('',#913,.T.);
#717=FACE_OUTER_BOUND('',#914,.T.);
#718=FACE_OUTER_BOUND('',#915,.T.);
#719=FACE_OUTER_BOUND('',#918,.T.);
#720=FACE_OUTER_BOUND('',#919,.T.);
#721=FACE_OUTER_BOUND('',#920,.T.);
#722=FACE_OUTER_BOUND('',#921,.T.);
#723=FACE_OUTER_BOUND('',#922,.T.);
#724=FACE_OUTER_BOUND('',#923,.T.);
#725=FACE_OUTER_BOUND('',#924,.T.);
#726=FACE_OUTER_BOUND('',#925,.T.);
#727=FACE_OUTER_BOUND('',#926,.T.);
#728=FACE_OUTER_BOUND('',#927,.T.);
#729=FACE_OUTER_BOUND('',#928,.T.);
#730=FACE_OUTER_BOUND('',#929,.T.);
#731=FACE_OUTER_BOUND('',#930,.T.);
#732=FACE_OUTER_BOUND('',#931,.T.);
#733=FACE_OUTER_BOUND('',#932,.T.);
#734=FACE_OUTER_BOUND('',#933,.T.);
#735=FACE_OUTER_BOUND('',#934,.T.);
#736=FACE_OUTER_BOUND('',#935,.T.);
#737=FACE_OUTER_BOUND('',#936,.T.);
#738=FACE_OUTER_BOUND('',#937,.T.);
#739=FACE_OUTER_BOUND('',#938,.T.);
#740=FACE_OUTER_BOUND('',#947,.T.);
#741=FACE_OUTER_BOUND('',#948,.T.);
#742=FACE_OUTER_BOUND('',#949,.T.);
#743=FACE_OUTER_BOUND('',#950,.T.);
#744=FACE_OUTER_BOUND('',#951,.T.);
#745=FACE_OUTER_BOUND('',#952,.T.);
#746=FACE_OUTER_BOUND('',#953,.T.);
#747=FACE_OUTER_BOUND('',#954,.T.);
#748=FACE_OUTER_BOUND('',#955,.T.);
#749=FACE_OUTER_BOUND('',#958,.T.);
#750=FACE_OUTER_BOUND('',#959,.T.);
#751=FACE_OUTER_BOUND('',#960,.T.);
#752=FACE_OUTER_BOUND('',#961,.T.);
#753=FACE_OUTER_BOUND('',#962,.T.);
#754=FACE_OUTER_BOUND('',#963,.T.);
#755=FACE_OUTER_BOUND('',#966,.T.);
#756=FACE_OUTER_BOUND('',#967,.T.);
#757=FACE_OUTER_BOUND('',#970,.T.);
#758=FACE_OUTER_BOUND('',#971,.T.);
#759=FACE_OUTER_BOUND('',#972,.T.);
#760=FACE_OUTER_BOUND('',#973,.T.);
#761=FACE_OUTER_BOUND('',#978,.T.);
#762=FACE_OUTER_BOUND('',#979,.T.);
#763=FACE_OUTER_BOUND('',#980,.T.);
#764=FACE_OUTER_BOUND('',#981,.T.);
#765=FACE_OUTER_BOUND('',#982,.T.);
#766=FACE_OUTER_BOUND('',#983,.T.);
#767=FACE_OUTER_BOUND('',#984,.T.);
#768=FACE_OUTER_BOUND('',#985,.T.);
#769=FACE_OUTER_BOUND('',#986,.T.);
#770=FACE_OUTER_BOUND('',#990,.T.);
#771=FACE_OUTER_BOUND('',#991,.T.);
#772=FACE_OUTER_BOUND('',#992,.T.);
#773=FACE_OUTER_BOUND('',#993,.T.);
#774=FACE_OUTER_BOUND('',#994,.T.);
#775=FACE_OUTER_BOUND('',#995,.T.);
#776=FACE_OUTER_BOUND('',#996,.T.);
#777=FACE_OUTER_BOUND('',#997,.T.);
#778=FACE_OUTER_BOUND('',#998,.T.);
#779=FACE_OUTER_BOUND('',#999,.T.);
#780=FACE_OUTER_BOUND('',#1000,.T.);
#781=FACE_OUTER_BOUND('',#1001,.T.);
#782=FACE_OUTER_BOUND('',#1002,.T.);
#783=FACE_OUTER_BOUND('',#1003,.T.);
#784=FACE_OUTER_BOUND('',#1004,.T.);
#785=FACE_OUTER_BOUND('',#1005,.T.);
#786=FACE_OUTER_BOUND('',#1006,.T.);
#787=FACE_OUTER_BOUND('',#1007,.T.);
#788=FACE_OUTER_BOUND('',#1008,.T.);
#789=FACE_OUTER_BOUND('',#1009,.T.);
#790=FACE_OUTER_BOUND('',#1010,.T.);
#791=FACE_OUTER_BOUND('',#1011,.T.);
#792=FACE_OUTER_BOUND('',#1012,.T.);
#793=FACE_OUTER_BOUND('',#1013,.T.);
#794=FACE_OUTER_BOUND('',#1014,.T.);
#795=FACE_OUTER_BOUND('',#1015,.T.);
#796=FACE_OUTER_BOUND('',#1016,.T.);
#797=FACE_OUTER_BOUND('',#1017,.T.);
#798=FACE_OUTER_BOUND('',#1018,.T.);
#799=FACE_OUTER_BOUND('',#1019,.T.);
#800=FACE_OUTER_BOUND('',#1020,.T.);
#801=FACE_OUTER_BOUND('',#1021,.T.);
#802=FACE_OUTER_BOUND('',#1022,.T.);
#803=FACE_OUTER_BOUND('',#1023,.T.);
#804=FACE_OUTER_BOUND('',#1024,.T.);
#805=FACE_OUTER_BOUND('',#1025,.T.);
#806=FACE_OUTER_BOUND('',#1026,.T.);
#807=FACE_OUTER_BOUND('',#1027,.T.);
#808=FACE_OUTER_BOUND('',#1028,.T.);
#809=FACE_OUTER_BOUND('',#1029,.T.);
#810=FACE_OUTER_BOUND('',#1030,.T.);
#811=FACE_OUTER_BOUND('',#1031,.T.);
#812=FACE_OUTER_BOUND('',#1032,.T.);
#813=FACE_OUTER_BOUND('',#1033,.T.);
#814=FACE_OUTER_BOUND('',#1034,.T.);
#815=FACE_OUTER_BOUND('',#1035,.T.);
#816=FACE_OUTER_BOUND('',#1044,.T.);
#817=FACE_OUTER_BOUND('',#1045,.T.);
#818=EDGE_LOOP('',(#1048,#1049,#1050,#1051,#1052,#1053));
#819=EDGE_LOOP('',(#1054,#1055,#1056,#1057,#1058,#1059,#1060,#1061,#1062,
#1063,#1064,#1065,#1066,#1067,#1068,#1069,#1070,#1071,#1072,#1073));
#820=EDGE_LOOP('',(#1074,#1075,#1076,#1077,#1078,#1079,#1080,#1081,#1082,
#1083));
#821=EDGE_LOOP('',(#1084,#1085,#1086,#1087,#1088,#1089,#1090,#1091,#1092,
#1093));
#822=EDGE_LOOP('',(#1094,#1095,#1096,#1097,#1098,#1099));
#823=EDGE_LOOP('',(#1100,#1101,#1102,#1103));
#824=EDGE_LOOP('',(#1104,#1105,#1106,#1107));
#825=EDGE_LOOP('',(#1108,#1109,#1110,#1111));
#826=EDGE_LOOP('',(#1112,#1113,#1114,#1115));
#827=EDGE_LOOP('',(#1116,#1117,#1118,#1119));
#828=EDGE_LOOP('',(#1120,#1121,#1122,#1123));
#829=EDGE_LOOP('',(#1124,#1125,#1126,#1127));
#830=EDGE_LOOP('',(#1128,#1129,#1130,#1131));
#831=EDGE_LOOP('',(#1132,#1133,#1134,#1135));
#832=EDGE_LOOP('',(#1136,#1137,#1138,#1139,#1140,#1141,#1142,#1143));
#833=EDGE_LOOP('',(#1144,#1145,#1146,#1147,#1148,#1149));
#834=EDGE_LOOP('',(#1150,#1151,#1152,#1153,#1154,#1155,#1156,#1157,#1158));
#835=EDGE_LOOP('',(#1159,#1160,#1161,#1162));
#836=EDGE_LOOP('',(#1163,#1164,#1165,#1166,#1167,#1168));
#837=EDGE_LOOP('',(#1169,#1170,#1171,#1172));
#838=EDGE_LOOP('',(#1173,#1174,#1175,#1176));
#839=EDGE_LOOP('',(#1177,#1178,#1179,#1180));
#840=EDGE_LOOP('',(#1181,#1182,#1183,#1184,#1185,#1186,#1187,#1188));
#841=EDGE_LOOP('',(#1189,#1190,#1191,#1192));
#842=EDGE_LOOP('',(#1193,#1194,#1195,#1196));
#843=EDGE_LOOP('',(#1197,#1198,#1199,#1200));
#844=EDGE_LOOP('',(#1201,#1202,#1203,#1204,#1205,#1206));
#845=EDGE_LOOP('',(#1207,#1208,#1209,#1210));
#846=EDGE_LOOP('',(#1211,#1212,#1213,#1214,#1215,#1216,#1217,#1218,#1219));
#847=EDGE_LOOP('',(#1220,#1221,#1222,#1223,#1224,#1225));
#848=EDGE_LOOP('',(#1226,#1227,#1228,#1229));
#849=EDGE_LOOP('',(#1230,#1231,#1232,#1233));
#850=EDGE_LOOP('',(#1234,#1235,#1236,#1237,#1238,#1239,#1240,#1241,#1242,
#1243));
#851=EDGE_LOOP('',(#1244,#1245,#1246,#1247));
#852=EDGE_LOOP('',(#1248,#1249,#1250));
#853=EDGE_LOOP('',(#1251,#1252,#1253,#1254));
#854=EDGE_LOOP('',(#1255,#1256,#1257));
#855=EDGE_LOOP('',(#1258,#1259,#1260,#1261));
#856=EDGE_LOOP('',(#1262,#1263,#1264,#1265));
#857=EDGE_LOOP('',(#1266,#1267,#1268,#1269));
#858=EDGE_LOOP('',(#1270,#1271,#1272));
#859=EDGE_LOOP('',(#1273,#1274,#1275,#1276));
#860=EDGE_LOOP('',(#1277,#1278,#1279));
#861=EDGE_LOOP('',(#1280,#1281,#1282,#1283));
#862=EDGE_LOOP('',(#1284,#1285,#1286,#1287));
#863=EDGE_LOOP('',(#1288,#1289,#1290,#1291));
#864=EDGE_LOOP('',(#1292,#1293,#1294));
#865=EDGE_LOOP('',(#1295,#1296,#1297,#1298));
#866=EDGE_LOOP('',(#1299,#1300,#1301));
#867=EDGE_LOOP('',(#1302,#1303,#1304,#1305));
#868=EDGE_LOOP('',(#1306,#1307,#1308,#1309));
#869=EDGE_LOOP('',(#1310));
#870=EDGE_LOOP('',(#1311,#1312,#1313,#1314,#1315,#1316));
#871=EDGE_LOOP('',(#1317,#1318,#1319,#1320,#1321,#1322,#1323));
#872=EDGE_LOOP('',(#1324,#1325,#1326,#1327));
#873=EDGE_LOOP('',(#1328));
#874=EDGE_LOOP('',(#1329));
#875=EDGE_LOOP('',(#1330));
#876=EDGE_LOOP('',(#1331,#1332,#1333,#1334,#1335,#1336));
#877=EDGE_LOOP('',(#1337));
#878=EDGE_LOOP('',(#1338,#1339,#1340,#1341));
#879=EDGE_LOOP('',(#1342,#1343,#1344,#1345));
#880=EDGE_LOOP('',(#1346,#1347,#1348,#1349));
#881=EDGE_LOOP('',(#1350,#1351,#1352,#1353));
#882=EDGE_LOOP('',(#1354,#1355,#1356,#1357));
#883=EDGE_LOOP('',(#1358,#1359,#1360,#1361));
#884=EDGE_LOOP('',(#1362,#1363,#1364,#1365,#1366,#1367));
#885=EDGE_LOOP('',(#1368,#1369,#1370,#1371));
#886=EDGE_LOOP('',(#1372,#1373,#1374,#1375));
#887=EDGE_LOOP('',(#1376,#1377,#1378,#1379,#1380,#1381));
#888=EDGE_LOOP('',(#1382,#1383,#1384,#1385));
#889=EDGE_LOOP('',(#1386,#1387,#1388,#1389,#1390,#1391));
#890=EDGE_LOOP('',(#1392));
#891=EDGE_LOOP('',(#1393,#1394,#1395,#1396,#1397));
#892=EDGE_LOOP('',(#1398,#1399,#1400,#1401,#1402,#1403));
#893=EDGE_LOOP('',(#1404,#1405,#1406,#1407));
#894=EDGE_LOOP('',(#1408,#1409,#1410,#1411,#1412,#1413));
#895=EDGE_LOOP('',(#1414,#1415,#1416,#1417));
#896=EDGE_LOOP('',(#1418,#1419,#1420,#1421));
#897=EDGE_LOOP('',(#1422,#1423,#1424,#1425));
#898=EDGE_LOOP('',(#1426,#1427,#1428,#1429));
#899=EDGE_LOOP('',(#1430,#1431,#1432,#1433));
#900=EDGE_LOOP('',(#1434,#1435,#1436,#1437));
#901=EDGE_LOOP('',(#1438,#1439,#1440,#1441,#1442,#1443));
#902=EDGE_LOOP('',(#1444));
#903=EDGE_LOOP('',(#1445));
#904=EDGE_LOOP('',(#1446));
#905=EDGE_LOOP('',(#1447));
#906=EDGE_LOOP('',(#1448));
#907=EDGE_LOOP('',(#1449,#1450,#1451,#1452));
#908=EDGE_LOOP('',(#1453,#1454,#1455,#1456));
#909=EDGE_LOOP('',(#1457,#1458,#1459,#1460));
#910=EDGE_LOOP('',(#1461,#1462,#1463,#1464));
#911=EDGE_LOOP('',(#1465,#1466,#1467,#1468));
#912=EDGE_LOOP('',(#1469,#1470,#1471,#1472));
#913=EDGE_LOOP('',(#1473,#1474,#1475,#1476));
#914=EDGE_LOOP('',(#1477,#1478,#1479,#1480));
#915=EDGE_LOOP('',(#1481,#1482,#1483,#1484));
#916=EDGE_LOOP('',(#1485,#1486,#1487,#1488,#1489,#1490,#1491,#1492));
#917=EDGE_LOOP('',(#1493,#1494,#1495,#1496,#1497,#1498,#1499,#1500));
#918=EDGE_LOOP('',(#1501,#1502,#1503,#1504));
#919=EDGE_LOOP('',(#1505,#1506,#1507,#1508,#1509,#1510,#1511,#1512));
#920=EDGE_LOOP('',(#1513,#1514,#1515,#1516));
#921=EDGE_LOOP('',(#1517,#1518,#1519,#1520));
#922=EDGE_LOOP('',(#1521,#1522,#1523,#1524));
#923=EDGE_LOOP('',(#1525,#1526,#1527,#1528,#1529,#1530));
#924=EDGE_LOOP('',(#1531,#1532,#1533,#1534,#1535,#1536));
#925=EDGE_LOOP('',(#1537,#1538,#1539,#1540,#1541,#1542));
#926=EDGE_LOOP('',(#1543,#1544,#1545,#1546,#1547,#1548));
#927=EDGE_LOOP('',(#1549,#1550,#1551,#1552,#1553,#1554));
#928=EDGE_LOOP('',(#1555,#1556,#1557,#1558));
#929=EDGE_LOOP('',(#1559,#1560,#1561,#1562,#1563,#1564));
#930=EDGE_LOOP('',(#1565,#1566,#1567,#1568));
#931=EDGE_LOOP('',(#1569,#1570,#1571,#1572));
#932=EDGE_LOOP('',(#1573,#1574,#1575,#1576,#1577,#1578));
#933=EDGE_LOOP('',(#1579,#1580,#1581,#1582,#1583,#1584));
#934=EDGE_LOOP('',(#1585,#1586,#1587,#1588));
#935=EDGE_LOOP('',(#1589,#1590,#1591,#1592));
#936=EDGE_LOOP('',(#1593,#1594,#1595,#1596,#1597,#1598,#1599,#1600,#1601,
#1602,#1603,#1604,#1605,#1606,#1607,#1608,#1609,#1610,#1611,#1612,#1613,
#1614,#1615,#1616,#1617,#1618));
#937=EDGE_LOOP('',(#1619,#1620,#1621,#1622));
#938=EDGE_LOOP('',(#1623,#1624,#1625,#1626,#1627,#1628,#1629,#1630,#1631,
#1632,#1633,#1634,#1635,#1636,#1637,#1638,#1639,#1640,#1641,#1642,#1643,
#1644,#1645,#1646,#1647,#1648));
#939=EDGE_LOOP('',(#1649,#1650,#1651,#1652));
#940=EDGE_LOOP('',(#1653,#1654,#1655,#1656,#1657,#1658,#1659,#1660,#1661,
#1662,#1663,#1664,#1665,#1666,#1667,#1668,#1669,#1670,#1671,#1672,#1673,
#1674,#1675,#1676,#1677,#1678,#1679,#1680,#1681,#1682,#1683,#1684,#1685,
#1686,#1687,#1688));
#941=EDGE_LOOP('',(#1689,#1690,#1691,#1692));
#942=EDGE_LOOP('',(#1693));
#943=EDGE_LOOP('',(#1694));
#944=EDGE_LOOP('',(#1695));
#945=EDGE_LOOP('',(#1696));
#946=EDGE_LOOP('',(#1697,#1698));
#947=EDGE_LOOP('',(#1699,#1700,#1701,#1702,#1703,#1704));
#948=EDGE_LOOP('',(#1705,#1706,#1707,#1708,#1709,#1710,#1711,#1712));
#949=EDGE_LOOP('',(#1713,#1714,#1715,#1716,#1717,#1718));
#950=EDGE_LOOP('',(#1719,#1720,#1721,#1722,#1723,#1724,#1725,#1726));
#951=EDGE_LOOP('',(#1727,#1728,#1729,#1730));
#952=EDGE_LOOP('',(#1731,#1732,#1733,#1734));
#953=EDGE_LOOP('',(#1735,#1736,#1737,#1738));
#954=EDGE_LOOP('',(#1739,#1740,#1741,#1742));
#955=EDGE_LOOP('',(#1743));
#956=EDGE_LOOP('',(#1744));
#957=EDGE_LOOP('',(#1745));
#958=EDGE_LOOP('',(#1746,#1747,#1748,#1749));
#959=EDGE_LOOP('',(#1750,#1751,#1752,#1753));
#960=EDGE_LOOP('',(#1754,#1755,#1756,#1757));
#961=EDGE_LOOP('',(#1758,#1759,#1760,#1761));
#962=EDGE_LOOP('',(#1762,#1763,#1764,#1765));
#963=EDGE_LOOP('',(#1766,#1767,#1768,#1769));
#964=EDGE_LOOP('',(#1770,#1771));
#965=EDGE_LOOP('',(#1772));
#966=EDGE_LOOP('',(#1773,#1774,#1775,#1776));
#967=EDGE_LOOP('',(#1777,#1778,#1779,#1780));
#968=EDGE_LOOP('',(#1781));
#969=EDGE_LOOP('',(#1782,#1783,#1784,#1785));
#970=EDGE_LOOP('',(#1786,#1787,#1788,#1789));
#971=EDGE_LOOP('',(#1790,#1791,#1792,#1793));
#972=EDGE_LOOP('',(#1794,#1795,#1796,#1797));
#973=EDGE_LOOP('',(#1798,#1799,#1800,#1801));
#974=EDGE_LOOP('',(#1802));
#975=EDGE_LOOP('',(#1803));
#976=EDGE_LOOP('',(#1804));
#977=EDGE_LOOP('',(#1805));
#978=EDGE_LOOP('',(#1806,#1807,#1808,#1809));
#979=EDGE_LOOP('',(#1810,#1811,#1812,#1813));
#980=EDGE_LOOP('',(#1814,#1815,#1816,#1817));
#981=EDGE_LOOP('',(#1818,#1819,#1820,#1821));
#982=EDGE_LOOP('',(#1822,#1823,#1824,#1825));
#983=EDGE_LOOP('',(#1826,#1827,#1828,#1829));
#984=EDGE_LOOP('',(#1830,#1831,#1832,#1833));
#985=EDGE_LOOP('',(#1834,#1835,#1836,#1837));
#986=EDGE_LOOP('',(#1838,#1839,#1840,#1841,#1842,#1843,#1844,#1845,#1846,
#1847));
#987=EDGE_LOOP('',(#1848,#1849,#1850,#1851,#1852,#1853,#1854,#1855));
#988=EDGE_LOOP('',(#1856,#1857,#1858,#1859));
#989=EDGE_LOOP('',(#1860,#1861,#1862,#1863,#1864,#1865,#1866,#1867));
#990=EDGE_LOOP('',(#1868,#1869,#1870,#1871));
#991=EDGE_LOOP('',(#1872,#1873,#1874,#1875));
#992=EDGE_LOOP('',(#1876,#1877,#1878,#1879));
#993=EDGE_LOOP('',(#1880,#1881,#1882,#1883,#1884,#1885));
#994=EDGE_LOOP('',(#1886,#1887,#1888,#1889));
#995=EDGE_LOOP('',(#1890,#1891,#1892,#1893));
#996=EDGE_LOOP('',(#1894,#1895,#1896,#1897));
#997=EDGE_LOOP('',(#1898,#1899,#1900,#1901,#1902,#1903,#1904,#1905,#1906,
#1907));
#998=EDGE_LOOP('',(#1908,#1909,#1910,#1911));
#999=EDGE_LOOP('',(#1912,#1913,#1914,#1915));
#1000=EDGE_LOOP('',(#1916,#1917,#1918,#1919));
#1001=EDGE_LOOP('',(#1920,#1921,#1922,#1923));
#1002=EDGE_LOOP('',(#1924,#1925,#1926,#1927));
#1003=EDGE_LOOP('',(#1928,#1929,#1930,#1931));
#1004=EDGE_LOOP('',(#1932,#1933,#1934,#1935));
#1005=EDGE_LOOP('',(#1936,#1937,#1938,#1939));
#1006=EDGE_LOOP('',(#1940,#1941,#1942,#1943));
#1007=EDGE_LOOP('',(#1944,#1945,#1946,#1947));
#1008=EDGE_LOOP('',(#1948,#1949,#1950,#1951,#1952,#1953));
#1009=EDGE_LOOP('',(#1954,#1955,#1956,#1957));
#1010=EDGE_LOOP('',(#1958,#1959,#1960,#1961));
#1011=EDGE_LOOP('',(#1962,#1963,#1964,#1965));
#1012=EDGE_LOOP('',(#1966,#1967,#1968,#1969));
#1013=EDGE_LOOP('',(#1970,#1971,#1972,#1973));
#1014=EDGE_LOOP('',(#1974,#1975,#1976,#1977));
#1015=EDGE_LOOP('',(#1978,#1979,#1980,#1981));
#1016=EDGE_LOOP('',(#1982,#1983,#1984,#1985));
#1017=EDGE_LOOP('',(#1986,#1987,#1988,#1989));
#1018=EDGE_LOOP('',(#1990,#1991,#1992,#1993));
#1019=EDGE_LOOP('',(#1994,#1995,#1996,#1997));
#1020=EDGE_LOOP('',(#1998,#1999,#2000,#2001));
#1021=EDGE_LOOP('',(#2002,#2003,#2004,#2005));
#1022=EDGE_LOOP('',(#2006,#2007,#2008,#2009));
#1023=EDGE_LOOP('',(#2010,#2011,#2012,#2013));
#1024=EDGE_LOOP('',(#2014,#2015,#2016,#2017));
#1025=EDGE_LOOP('',(#2018,#2019,#2020,#2021,#2022));
#1026=EDGE_LOOP('',(#2023,#2024,#2025,#2026,#2027));
#1027=EDGE_LOOP('',(#2028,#2029,#2030,#2031,#2032,#2033,#2034,#2035));
#1028=EDGE_LOOP('',(#2036,#2037,#2038,#2039));
#1029=EDGE_LOOP('',(#2040,#2041,#2042,#2043));
#1030=EDGE_LOOP('',(#2044,#2045,#2046,#2047));
#1031=EDGE_LOOP('',(#2048,#2049,#2050,#2051));
#1032=EDGE_LOOP('',(#2052,#2053,#2054,#2055));
#1033=EDGE_LOOP('',(#2056,#2057,#2058,#2059));
#1034=EDGE_LOOP('',(#2060,#2061,#2062,#2063));
#1035=EDGE_LOOP('',(#2064,#2065,#2066,#2067));
#1036=EDGE_LOOP('',(#2068));
#1037=EDGE_LOOP('',(#2069));
#1038=EDGE_LOOP('',(#2070));
#1039=EDGE_LOOP('',(#2071));
#1040=EDGE_LOOP('',(#2072));
#1041=EDGE_LOOP('',(#2073));
#1042=EDGE_LOOP('',(#2074));
#1043=EDGE_LOOP('',(#2075));
#1044=EDGE_LOOP('',(#2076));
#1045=EDGE_LOOP('',(#2077));
#1046=EDGE_LOOP('',(#2078));
#1047=EDGE_LOOP('',(#2079));
#1048=ORIENTED_EDGE('',*,*,#2418,.F.);
#1049=ORIENTED_EDGE('',*,*,#2419,.T.);
#1050=ORIENTED_EDGE('',*,*,#2420,.F.);
#1051=ORIENTED_EDGE('',*,*,#2421,.F.);
#1052=ORIENTED_EDGE('',*,*,#2422,.T.);
#1053=ORIENTED_EDGE('',*,*,#2423,.T.);
#1054=ORIENTED_EDGE('',*,*,#2424,.F.);
#1055=ORIENTED_EDGE('',*,*,#2425,.T.);
#1056=ORIENTED_EDGE('',*,*,#2426,.F.);
#1057=ORIENTED_EDGE('',*,*,#2427,.T.);
#1058=ORIENTED_EDGE('',*,*,#2428,.T.);
#1059=ORIENTED_EDGE('',*,*,#2429,.F.);
#1060=ORIENTED_EDGE('',*,*,#2430,.F.);
#1061=ORIENTED_EDGE('',*,*,#2431,.T.);
#1062=ORIENTED_EDGE('',*,*,#2432,.F.);
#1063=ORIENTED_EDGE('',*,*,#2433,.F.);
#1064=ORIENTED_EDGE('',*,*,#2434,.T.);
#1065=ORIENTED_EDGE('',*,*,#2435,.T.);
#1066=ORIENTED_EDGE('',*,*,#2436,.T.);
#1067=ORIENTED_EDGE('',*,*,#2437,.F.);
#1068=ORIENTED_EDGE('',*,*,#2438,.T.);
#1069=ORIENTED_EDGE('',*,*,#2439,.T.);
#1070=ORIENTED_EDGE('',*,*,#2440,.F.);
#1071=ORIENTED_EDGE('',*,*,#2441,.F.);
#1072=ORIENTED_EDGE('',*,*,#2442,.F.);
#1073=ORIENTED_EDGE('',*,*,#2443,.T.);
#1074=ORIENTED_EDGE('',*,*,#2444,.F.);
#1075=ORIENTED_EDGE('',*,*,#2445,.F.);
#1076=ORIENTED_EDGE('',*,*,#2423,.F.);
#1077=ORIENTED_EDGE('',*,*,#2446,.F.);
#1078=ORIENTED_EDGE('',*,*,#2447,.F.);
#1079=ORIENTED_EDGE('',*,*,#2448,.F.);
#1080=ORIENTED_EDGE('',*,*,#2449,.F.);
#1081=ORIENTED_EDGE('',*,*,#2450,.F.);
#1082=ORIENTED_EDGE('',*,*,#2451,.F.);
#1083=ORIENTED_EDGE('',*,*,#2452,.F.);
#1084=ORIENTED_EDGE('',*,*,#2421,.T.);
#1085=ORIENTED_EDGE('',*,*,#2453,.T.);
#1086=ORIENTED_EDGE('',*,*,#2454,.T.);
#1087=ORIENTED_EDGE('',*,*,#2455,.T.);
#1088=ORIENTED_EDGE('',*,*,#2456,.T.);
#1089=ORIENTED_EDGE('',*,*,#2457,.T.);
#1090=ORIENTED_EDGE('',*,*,#2458,.T.);
#1091=ORIENTED_EDGE('',*,*,#2459,.T.);
#1092=ORIENTED_EDGE('',*,*,#2460,.T.);
#1093=ORIENTED_EDGE('',*,*,#2461,.T.);
#1094=ORIENTED_EDGE('',*,*,#2462,.T.);
#1095=ORIENTED_EDGE('',*,*,#2463,.T.);
#1096=ORIENTED_EDGE('',*,*,#2444,.T.);
#1097=ORIENTED_EDGE('',*,*,#2464,.F.);
#1098=ORIENTED_EDGE('',*,*,#2454,.F.);
#1099=ORIENTED_EDGE('',*,*,#2465,.T.);
#1100=ORIENTED_EDGE('',*,*,#2455,.F.);
#1101=ORIENTED_EDGE('',*,*,#2464,.T.);
#1102=ORIENTED_EDGE('',*,*,#2452,.T.);
#1103=ORIENTED_EDGE('',*,*,#2466,.F.);
#1104=ORIENTED_EDGE('',*,*,#2456,.F.);
#1105=ORIENTED_EDGE('',*,*,#2466,.T.);
#1106=ORIENTED_EDGE('',*,*,#2451,.T.);
#1107=ORIENTED_EDGE('',*,*,#2467,.F.);
#1108=ORIENTED_EDGE('',*,*,#2457,.F.);
#1109=ORIENTED_EDGE('',*,*,#2467,.T.);
#1110=ORIENTED_EDGE('',*,*,#2450,.T.);
#1111=ORIENTED_EDGE('',*,*,#2468,.F.);
#1112=ORIENTED_EDGE('',*,*,#2458,.F.);
#1113=ORIENTED_EDGE('',*,*,#2468,.T.);
#1114=ORIENTED_EDGE('',*,*,#2449,.T.);
#1115=ORIENTED_EDGE('',*,*,#2469,.F.);
#1116=ORIENTED_EDGE('',*,*,#2459,.F.);
#1117=ORIENTED_EDGE('',*,*,#2469,.T.);
#1118=ORIENTED_EDGE('',*,*,#2448,.T.);
#1119=ORIENTED_EDGE('',*,*,#2470,.F.);
#1120=ORIENTED_EDGE('',*,*,#2460,.F.);
#1121=ORIENTED_EDGE('',*,*,#2470,.T.);
#1122=ORIENTED_EDGE('',*,*,#2447,.T.);
#1123=ORIENTED_EDGE('',*,*,#2471,.F.);
#1124=ORIENTED_EDGE('',*,*,#2461,.F.);
#1125=ORIENTED_EDGE('',*,*,#2471,.T.);
#1126=ORIENTED_EDGE('',*,*,#2446,.T.);
#1127=ORIENTED_EDGE('',*,*,#2422,.F.);
#1128=ORIENTED_EDGE('',*,*,#2472,.F.);
#1129=ORIENTED_EDGE('',*,*,#2473,.F.);
#1130=ORIENTED_EDGE('',*,*,#2474,.T.);
#1131=ORIENTED_EDGE('',*,*,#2475,.T.);
#1132=ORIENTED_EDGE('',*,*,#2476,.T.);
#1133=ORIENTED_EDGE('',*,*,#2477,.F.);
#1134=ORIENTED_EDGE('',*,*,#2478,.F.);
#1135=ORIENTED_EDGE('',*,*,#2479,.F.);
#1136=ORIENTED_EDGE('',*,*,#2480,.F.);
#1137=ORIENTED_EDGE('',*,*,#2481,.T.);
#1138=ORIENTED_EDGE('',*,*,#2482,.F.);
#1139=ORIENTED_EDGE('',*,*,#2483,.T.);
#1140=ORIENTED_EDGE('',*,*,#2484,.F.);
#1141=ORIENTED_EDGE('',*,*,#2485,.T.);
#1142=ORIENTED_EDGE('',*,*,#2486,.F.);
#1143=ORIENTED_EDGE('',*,*,#2487,.T.);
#1144=ORIENTED_EDGE('',*,*,#2488,.F.);
#1145=ORIENTED_EDGE('',*,*,#2489,.T.);
#1146=ORIENTED_EDGE('',*,*,#2474,.F.);
#1147=ORIENTED_EDGE('',*,*,#2490,.T.);
#1148=ORIENTED_EDGE('',*,*,#2491,.F.);
#1149=ORIENTED_EDGE('',*,*,#2492,.F.);
#1150=ORIENTED_EDGE('',*,*,#2493,.T.);
#1151=ORIENTED_EDGE('',*,*,#2494,.T.);
#1152=ORIENTED_EDGE('',*,*,#2488,.T.);
#1153=ORIENTED_EDGE('',*,*,#2495,.T.);
#1154=ORIENTED_EDGE('',*,*,#2496,.T.);
#1155=ORIENTED_EDGE('',*,*,#2497,.F.);
#1156=ORIENTED_EDGE('',*,*,#2498,.F.);
#1157=ORIENTED_EDGE('',*,*,#2499,.T.);
#1158=ORIENTED_EDGE('',*,*,#2500,.T.);
#1159=ORIENTED_EDGE('',*,*,#2501,.F.);
#1160=ORIENTED_EDGE('',*,*,#2502,.T.);
#1161=ORIENTED_EDGE('',*,*,#2493,.F.);
#1162=ORIENTED_EDGE('',*,*,#2503,.F.);
#1163=ORIENTED_EDGE('',*,*,#2504,.F.);
#1164=ORIENTED_EDGE('',*,*,#2505,.T.);
#1165=ORIENTED_EDGE('',*,*,#2501,.T.);
#1166=ORIENTED_EDGE('',*,*,#2506,.F.);
#1167=ORIENTED_EDGE('',*,*,#2507,.T.);
#1168=ORIENTED_EDGE('',*,*,#2508,.T.);
#1169=ORIENTED_EDGE('',*,*,#2509,.F.);
#1170=ORIENTED_EDGE('',*,*,#2510,.T.);
#1171=ORIENTED_EDGE('',*,*,#2504,.T.);
#1172=ORIENTED_EDGE('',*,*,#2511,.F.);
#1173=ORIENTED_EDGE('',*,*,#2512,.T.);
#1174=ORIENTED_EDGE('',*,*,#2513,.T.);
#1175=ORIENTED_EDGE('',*,*,#2509,.T.);
#1176=ORIENTED_EDGE('',*,*,#2514,.T.);
#1177=ORIENTED_EDGE('',*,*,#2515,.F.);
#1178=ORIENTED_EDGE('',*,*,#2516,.T.);
#1179=ORIENTED_EDGE('',*,*,#2512,.F.);
#1180=ORIENTED_EDGE('',*,*,#2517,.F.);
#1181=ORIENTED_EDGE('',*,*,#2518,.F.);
#1182=ORIENTED_EDGE('',*,*,#2519,.T.);
#1183=ORIENTED_EDGE('',*,*,#2515,.T.);
#1184=ORIENTED_EDGE('',*,*,#2520,.F.);
#1185=ORIENTED_EDGE('',*,*,#2521,.T.);
#1186=ORIENTED_EDGE('',*,*,#2424,.T.);
#1187=ORIENTED_EDGE('',*,*,#2522,.T.);
#1188=ORIENTED_EDGE('',*,*,#2523,.F.);
#1189=ORIENTED_EDGE('',*,*,#2524,.F.);
#1190=ORIENTED_EDGE('',*,*,#2525,.T.);
#1191=ORIENTED_EDGE('',*,*,#2518,.T.);
#1192=ORIENTED_EDGE('',*,*,#2526,.T.);
#1193=ORIENTED_EDGE('',*,*,#2527,.T.);
#1194=ORIENTED_EDGE('',*,*,#2528,.T.);
#1195=ORIENTED_EDGE('',*,*,#2524,.T.);
#1196=ORIENTED_EDGE('',*,*,#2529,.F.);
#1197=ORIENTED_EDGE('',*,*,#2530,.F.);
#1198=ORIENTED_EDGE('',*,*,#2531,.T.);
#1199=ORIENTED_EDGE('',*,*,#2527,.F.);
#1200=ORIENTED_EDGE('',*,*,#2532,.T.);
#1201=ORIENTED_EDGE('',*,*,#2533,.T.);
#1202=ORIENTED_EDGE('',*,*,#2534,.T.);
#1203=ORIENTED_EDGE('',*,*,#2530,.T.);
#1204=ORIENTED_EDGE('',*,*,#2535,.F.);
#1205=ORIENTED_EDGE('',*,*,#2536,.T.);
#1206=ORIENTED_EDGE('',*,*,#2537,.T.);
#1207=ORIENTED_EDGE('',*,*,#2538,.F.);
#1208=ORIENTED_EDGE('',*,*,#2539,.T.);
#1209=ORIENTED_EDGE('',*,*,#2533,.F.);
#1210=ORIENTED_EDGE('',*,*,#2540,.F.);
#1211=ORIENTED_EDGE('',*,*,#2541,.F.);
#1212=ORIENTED_EDGE('',*,*,#2542,.T.);
#1213=ORIENTED_EDGE('',*,*,#2538,.T.);
#1214=ORIENTED_EDGE('',*,*,#2543,.F.);
#1215=ORIENTED_EDGE('',*,*,#2544,.F.);
#1216=ORIENTED_EDGE('',*,*,#2545,.T.);
#1217=ORIENTED_EDGE('',*,*,#2546,.T.);
#1218=ORIENTED_EDGE('',*,*,#2547,.F.);
#1219=ORIENTED_EDGE('',*,*,#2548,.F.);
#1220=ORIENTED_EDGE('',*,*,#2472,.T.);
#1221=ORIENTED_EDGE('',*,*,#2549,.T.);
#1222=ORIENTED_EDGE('',*,*,#2541,.T.);
#1223=ORIENTED_EDGE('',*,*,#2550,.T.);
#1224=ORIENTED_EDGE('',*,*,#2551,.T.);
#1225=ORIENTED_EDGE('',*,*,#2552,.T.);
#1226=ORIENTED_EDGE('',*,*,#2553,.F.);
#1227=ORIENTED_EDGE('',*,*,#2462,.F.);
#1228=ORIENTED_EDGE('',*,*,#2554,.T.);
#1229=ORIENTED_EDGE('',*,*,#2419,.F.);
#1230=ORIENTED_EDGE('',*,*,#2465,.F.);
#1231=ORIENTED_EDGE('',*,*,#2453,.F.);
#1232=ORIENTED_EDGE('',*,*,#2420,.T.);
#1233=ORIENTED_EDGE('',*,*,#2554,.F.);
#1234=ORIENTED_EDGE('',*,*,#2555,.T.);
#1235=ORIENTED_EDGE('',*,*,#2556,.T.);
#1236=ORIENTED_EDGE('',*,*,#2557,.T.);
#1237=ORIENTED_EDGE('',*,*,#2558,.T.);
#1238=ORIENTED_EDGE('',*,*,#2559,.T.);
#1239=ORIENTED_EDGE('',*,*,#2560,.T.);
#1240=ORIENTED_EDGE('',*,*,#2561,.T.);
#1241=ORIENTED_EDGE('',*,*,#2562,.T.);
#1242=ORIENTED_EDGE('',*,*,#2563,.T.);
#1243=ORIENTED_EDGE('',*,*,#2564,.T.);
#1244=ORIENTED_EDGE('',*,*,#2565,.F.);
#1245=ORIENTED_EDGE('',*,*,#2475,.F.);
#1246=ORIENTED_EDGE('',*,*,#2566,.T.);
#1247=ORIENTED_EDGE('',*,*,#2555,.F.);
#1248=ORIENTED_EDGE('',*,*,#2549,.F.);
#1249=ORIENTED_EDGE('',*,*,#2565,.T.);
#1250=ORIENTED_EDGE('',*,*,#2567,.F.);
#1251=ORIENTED_EDGE('',*,*,#2568,.F.);
#1252=ORIENTED_EDGE('',*,*,#2542,.F.);
#1253=ORIENTED_EDGE('',*,*,#2567,.T.);
#1254=ORIENTED_EDGE('',*,*,#2564,.F.);
#1255=ORIENTED_EDGE('',*,*,#2539,.F.);
#1256=ORIENTED_EDGE('',*,*,#2568,.T.);
#1257=ORIENTED_EDGE('',*,*,#2569,.F.);
#1258=ORIENTED_EDGE('',*,*,#2569,.T.);
#1259=ORIENTED_EDGE('',*,*,#2563,.F.);
#1260=ORIENTED_EDGE('',*,*,#2570,.F.);
#1261=ORIENTED_EDGE('',*,*,#2534,.F.);
#1262=ORIENTED_EDGE('',*,*,#2570,.T.);
#1263=ORIENTED_EDGE('',*,*,#2562,.F.);
#1264=ORIENTED_EDGE('',*,*,#2571,.F.);
#1265=ORIENTED_EDGE('',*,*,#2531,.F.);
#1266=ORIENTED_EDGE('',*,*,#2572,.F.);
#1267=ORIENTED_EDGE('',*,*,#2528,.F.);
#1268=ORIENTED_EDGE('',*,*,#2571,.T.);
#1269=ORIENTED_EDGE('',*,*,#2561,.F.);
#1270=ORIENTED_EDGE('',*,*,#2525,.F.);
#1271=ORIENTED_EDGE('',*,*,#2572,.T.);
#1272=ORIENTED_EDGE('',*,*,#2573,.F.);
#1273=ORIENTED_EDGE('',*,*,#2574,.F.);
#1274=ORIENTED_EDGE('',*,*,#2519,.F.);
#1275=ORIENTED_EDGE('',*,*,#2573,.T.);
#1276=ORIENTED_EDGE('',*,*,#2560,.F.);
#1277=ORIENTED_EDGE('',*,*,#2516,.F.);
#1278=ORIENTED_EDGE('',*,*,#2574,.T.);
#1279=ORIENTED_EDGE('',*,*,#2575,.F.);
#1280=ORIENTED_EDGE('',*,*,#2575,.T.);
#1281=ORIENTED_EDGE('',*,*,#2559,.F.);
#1282=ORIENTED_EDGE('',*,*,#2576,.F.);
#1283=ORIENTED_EDGE('',*,*,#2513,.F.);
#1284=ORIENTED_EDGE('',*,*,#2576,.T.);
#1285=ORIENTED_EDGE('',*,*,#2558,.F.);
#1286=ORIENTED_EDGE('',*,*,#2577,.F.);
#1287=ORIENTED_EDGE('',*,*,#2510,.F.);
#1288=ORIENTED_EDGE('',*,*,#2578,.F.);
#1289=ORIENTED_EDGE('',*,*,#2505,.F.);
#1290=ORIENTED_EDGE('',*,*,#2577,.T.);
#1291=ORIENTED_EDGE('',*,*,#2557,.F.);
#1292=ORIENTED_EDGE('',*,*,#2502,.F.);
#1293=ORIENTED_EDGE('',*,*,#2578,.T.);
#1294=ORIENTED_EDGE('',*,*,#2579,.F.);
#1295=ORIENTED_EDGE('',*,*,#2580,.F.);
#1296=ORIENTED_EDGE('',*,*,#2494,.F.);
#1297=ORIENTED_EDGE('',*,*,#2579,.T.);
#1298=ORIENTED_EDGE('',*,*,#2556,.F.);
#1299=ORIENTED_EDGE('',*,*,#2489,.F.);
#1300=ORIENTED_EDGE('',*,*,#2580,.T.);
#1301=ORIENTED_EDGE('',*,*,#2566,.F.);
#1302=ORIENTED_EDGE('',*,*,#2553,.T.);
#1303=ORIENTED_EDGE('',*,*,#2418,.T.);
#1304=ORIENTED_EDGE('',*,*,#2445,.T.);
#1305=ORIENTED_EDGE('',*,*,#2463,.F.);
#1306=ORIENTED_EDGE('',*,*,#2581,.F.);
#1307=ORIENTED_EDGE('',*,*,#2582,.F.);
#1308=ORIENTED_EDGE('',*,*,#2583,.F.);
#1309=ORIENTED_EDGE('',*,*,#2584,.F.);
#1310=ORIENTED_EDGE('',*,*,#2585,.T.);
#1311=ORIENTED_EDGE('',*,*,#2586,.F.);
#1312=ORIENTED_EDGE('',*,*,#2587,.F.);
#1313=ORIENTED_EDGE('',*,*,#2588,.F.);
#1314=ORIENTED_EDGE('',*,*,#2589,.F.);
#1315=ORIENTED_EDGE('',*,*,#2590,.F.);
#1316=ORIENTED_EDGE('',*,*,#2591,.F.);
#1317=ORIENTED_EDGE('',*,*,#2592,.F.);
#1318=ORIENTED_EDGE('',*,*,#2593,.T.);
#1319=ORIENTED_EDGE('',*,*,#2594,.T.);
#1320=ORIENTED_EDGE('',*,*,#2595,.T.);
#1321=ORIENTED_EDGE('',*,*,#2596,.T.);
#1322=ORIENTED_EDGE('',*,*,#2597,.F.);
#1323=ORIENTED_EDGE('',*,*,#2598,.T.);
#1324=ORIENTED_EDGE('',*,*,#2490,.F.);
#1325=ORIENTED_EDGE('',*,*,#2473,.T.);
#1326=ORIENTED_EDGE('',*,*,#2552,.F.);
#1327=ORIENTED_EDGE('',*,*,#2599,.T.);
#1328=ORIENTED_EDGE('',*,*,#2600,.T.);
#1329=ORIENTED_EDGE('',*,*,#2601,.F.);
#1330=ORIENTED_EDGE('',*,*,#2600,.F.);
#1331=ORIENTED_EDGE('',*,*,#2602,.F.);
#1332=ORIENTED_EDGE('',*,*,#2603,.F.);
#1333=ORIENTED_EDGE('',*,*,#2604,.F.);
#1334=ORIENTED_EDGE('',*,*,#2605,.F.);
#1335=ORIENTED_EDGE('',*,*,#2606,.F.);
#1336=ORIENTED_EDGE('',*,*,#2607,.F.);
#1337=ORIENTED_EDGE('',*,*,#2601,.T.);
#1338=ORIENTED_EDGE('',*,*,#2603,.T.);
#1339=ORIENTED_EDGE('',*,*,#2608,.T.);
#1340=ORIENTED_EDGE('',*,*,#2587,.T.);
#1341=ORIENTED_EDGE('',*,*,#2609,.F.);
#1342=ORIENTED_EDGE('',*,*,#2604,.T.);
#1343=ORIENTED_EDGE('',*,*,#2609,.T.);
#1344=ORIENTED_EDGE('',*,*,#2586,.T.);
#1345=ORIENTED_EDGE('',*,*,#2610,.F.);
#1346=ORIENTED_EDGE('',*,*,#2605,.T.);
#1347=ORIENTED_EDGE('',*,*,#2610,.T.);
#1348=ORIENTED_EDGE('',*,*,#2591,.T.);
#1349=ORIENTED_EDGE('',*,*,#2611,.F.);
#1350=ORIENTED_EDGE('',*,*,#2606,.T.);
#1351=ORIENTED_EDGE('',*,*,#2611,.T.);
#1352=ORIENTED_EDGE('',*,*,#2590,.T.);
#1353=ORIENTED_EDGE('',*,*,#2612,.F.);
#1354=ORIENTED_EDGE('',*,*,#2607,.T.);
#1355=ORIENTED_EDGE('',*,*,#2612,.T.);
#1356=ORIENTED_EDGE('',*,*,#2589,.T.);
#1357=ORIENTED_EDGE('',*,*,#2613,.F.);
#1358=ORIENTED_EDGE('',*,*,#2602,.T.);
#1359=ORIENTED_EDGE('',*,*,#2613,.T.);
#1360=ORIENTED_EDGE('',*,*,#2588,.T.);
#1361=ORIENTED_EDGE('',*,*,#2608,.F.);
#1362=ORIENTED_EDGE('',*,*,#2614,.T.);
#1363=ORIENTED_EDGE('',*,*,#2615,.T.);
#1364=ORIENTED_EDGE('',*,*,#2616,.F.);
#1365=ORIENTED_EDGE('',*,*,#2596,.F.);
#1366=ORIENTED_EDGE('',*,*,#2617,.T.);
#1367=ORIENTED_EDGE('',*,*,#2582,.T.);
#1368=ORIENTED_EDGE('',*,*,#2584,.T.);
#1369=ORIENTED_EDGE('',*,*,#2618,.F.);
#1370=ORIENTED_EDGE('',*,*,#2594,.F.);
#1371=ORIENTED_EDGE('',*,*,#2619,.F.);
#1372=ORIENTED_EDGE('',*,*,#2583,.T.);
#1373=ORIENTED_EDGE('',*,*,#2617,.F.);
#1374=ORIENTED_EDGE('',*,*,#2595,.F.);
#1375=ORIENTED_EDGE('',*,*,#2618,.T.);
#1376=ORIENTED_EDGE('',*,*,#2620,.F.);
#1377=ORIENTED_EDGE('',*,*,#2621,.T.);
#1378=ORIENTED_EDGE('',*,*,#2614,.F.);
#1379=ORIENTED_EDGE('',*,*,#2581,.T.);
#1380=ORIENTED_EDGE('',*,*,#2619,.T.);
#1381=ORIENTED_EDGE('',*,*,#2593,.F.);
#1382=ORIENTED_EDGE('',*,*,#2598,.F.);
#1383=ORIENTED_EDGE('',*,*,#2622,.F.);
#1384=ORIENTED_EDGE('',*,*,#2623,.T.);
#1385=ORIENTED_EDGE('',*,*,#2624,.F.);
#1386=ORIENTED_EDGE('',*,*,#2622,.T.);
#1387=ORIENTED_EDGE('',*,*,#2597,.T.);
#1388=ORIENTED_EDGE('',*,*,#2616,.T.);
#1389=ORIENTED_EDGE('',*,*,#2625,.T.);
#1390=ORIENTED_EDGE('',*,*,#2626,.F.);
#1391=ORIENTED_EDGE('',*,*,#2627,.T.);
#1392=ORIENTED_EDGE('',*,*,#2628,.T.);
#1393=ORIENTED_EDGE('',*,*,#2615,.F.);
#1394=ORIENTED_EDGE('',*,*,#2621,.F.);
#1395=ORIENTED_EDGE('',*,*,#2629,.F.);
#1396=ORIENTED_EDGE('',*,*,#2630,.T.);
#1397=ORIENTED_EDGE('',*,*,#2625,.F.);
#1398=ORIENTED_EDGE('',*,*,#2620,.T.);
#1399=ORIENTED_EDGE('',*,*,#2592,.T.);
#1400=ORIENTED_EDGE('',*,*,#2624,.T.);
#1401=ORIENTED_EDGE('',*,*,#2631,.T.);
#1402=ORIENTED_EDGE('',*,*,#2632,.F.);
#1403=ORIENTED_EDGE('',*,*,#2629,.T.);
#1404=ORIENTED_EDGE('',*,*,#2631,.F.);
#1405=ORIENTED_EDGE('',*,*,#2623,.F.);
#1406=ORIENTED_EDGE('',*,*,#2627,.F.);
#1407=ORIENTED_EDGE('',*,*,#2633,.T.);
#1408=ORIENTED_EDGE('',*,*,#2634,.F.);
#1409=ORIENTED_EDGE('',*,*,#2635,.F.);
#1410=ORIENTED_EDGE('',*,*,#2636,.F.);
#1411=ORIENTED_EDGE('',*,*,#2637,.F.);
#1412=ORIENTED_EDGE('',*,*,#2638,.F.);
#1413=ORIENTED_EDGE('',*,*,#2639,.F.);
#1414=ORIENTED_EDGE('',*,*,#2634,.T.);
#1415=ORIENTED_EDGE('',*,*,#2640,.T.);
#1416=ORIENTED_EDGE('',*,*,#2641,.T.);
#1417=ORIENTED_EDGE('',*,*,#2642,.F.);
#1418=ORIENTED_EDGE('',*,*,#2639,.T.);
#1419=ORIENTED_EDGE('',*,*,#2643,.T.);
#1420=ORIENTED_EDGE('',*,*,#2644,.T.);
#1421=ORIENTED_EDGE('',*,*,#2640,.F.);
#1422=ORIENTED_EDGE('',*,*,#2638,.T.);
#1423=ORIENTED_EDGE('',*,*,#2645,.T.);
#1424=ORIENTED_EDGE('',*,*,#2646,.T.);
#1425=ORIENTED_EDGE('',*,*,#2643,.F.);
#1426=ORIENTED_EDGE('',*,*,#2637,.T.);
#1427=ORIENTED_EDGE('',*,*,#2647,.T.);
#1428=ORIENTED_EDGE('',*,*,#2648,.T.);
#1429=ORIENTED_EDGE('',*,*,#2645,.F.);
#1430=ORIENTED_EDGE('',*,*,#2636,.T.);
#1431=ORIENTED_EDGE('',*,*,#2649,.T.);
#1432=ORIENTED_EDGE('',*,*,#2650,.T.);
#1433=ORIENTED_EDGE('',*,*,#2647,.F.);
#1434=ORIENTED_EDGE('',*,*,#2635,.T.);
#1435=ORIENTED_EDGE('',*,*,#2642,.T.);
#1436=ORIENTED_EDGE('',*,*,#2651,.T.);
#1437=ORIENTED_EDGE('',*,*,#2649,.F.);
#1438=ORIENTED_EDGE('',*,*,#2641,.F.);
#1439=ORIENTED_EDGE('',*,*,#2644,.F.);
#1440=ORIENTED_EDGE('',*,*,#2646,.F.);
#1441=ORIENTED_EDGE('',*,*,#2648,.F.);
#1442=ORIENTED_EDGE('',*,*,#2650,.F.);
#1443=ORIENTED_EDGE('',*,*,#2651,.F.);
#1444=ORIENTED_EDGE('',*,*,#2652,.T.);
#1445=ORIENTED_EDGE('',*,*,#2652,.F.);
#1446=ORIENTED_EDGE('',*,*,#2653,.F.);
#1447=ORIENTED_EDGE('',*,*,#2628,.F.);
#1448=ORIENTED_EDGE('',*,*,#2653,.T.);
#1449=ORIENTED_EDGE('',*,*,#2632,.T.);
#1450=ORIENTED_EDGE('',*,*,#2633,.F.);
#1451=ORIENTED_EDGE('',*,*,#2626,.T.);
#1452=ORIENTED_EDGE('',*,*,#2630,.F.);
#1453=ORIENTED_EDGE('',*,*,#2654,.T.);
#1454=ORIENTED_EDGE('',*,*,#2655,.T.);
#1455=ORIENTED_EDGE('',*,*,#2656,.T.);
#1456=ORIENTED_EDGE('',*,*,#2657,.T.);
#1457=ORIENTED_EDGE('',*,*,#2658,.T.);
#1458=ORIENTED_EDGE('',*,*,#2659,.T.);
#1459=ORIENTED_EDGE('',*,*,#2660,.T.);
#1460=ORIENTED_EDGE('',*,*,#2661,.T.);
#1461=ORIENTED_EDGE('',*,*,#2662,.T.);
#1462=ORIENTED_EDGE('',*,*,#2663,.T.);
#1463=ORIENTED_EDGE('',*,*,#2664,.T.);
#1464=ORIENTED_EDGE('',*,*,#2665,.T.);
#1465=ORIENTED_EDGE('',*,*,#2666,.T.);
#1466=ORIENTED_EDGE('',*,*,#2667,.T.);
#1467=ORIENTED_EDGE('',*,*,#2668,.T.);
#1468=ORIENTED_EDGE('',*,*,#2669,.T.);
#1469=ORIENTED_EDGE('',*,*,#2670,.T.);
#1470=ORIENTED_EDGE('',*,*,#2671,.T.);
#1471=ORIENTED_EDGE('',*,*,#2672,.T.);
#1472=ORIENTED_EDGE('',*,*,#2484,.T.);
#1473=ORIENTED_EDGE('',*,*,#2673,.T.);
#1474=ORIENTED_EDGE('',*,*,#2674,.T.);
#1475=ORIENTED_EDGE('',*,*,#2675,.T.);
#1476=ORIENTED_EDGE('',*,*,#2486,.T.);
#1477=ORIENTED_EDGE('',*,*,#2676,.T.);
#1478=ORIENTED_EDGE('',*,*,#2677,.T.);
#1479=ORIENTED_EDGE('',*,*,#2678,.T.);
#1480=ORIENTED_EDGE('',*,*,#2480,.T.);
#1481=ORIENTED_EDGE('',*,*,#2679,.T.);
#1482=ORIENTED_EDGE('',*,*,#2680,.T.);
#1483=ORIENTED_EDGE('',*,*,#2681,.T.);
#1484=ORIENTED_EDGE('',*,*,#2482,.T.);
#1485=ORIENTED_EDGE('',*,*,#2682,.T.);
#1486=ORIENTED_EDGE('',*,*,#2683,.T.);
#1487=ORIENTED_EDGE('',*,*,#2684,.T.);
#1488=ORIENTED_EDGE('',*,*,#2685,.T.);
#1489=ORIENTED_EDGE('',*,*,#2686,.T.);
#1490=ORIENTED_EDGE('',*,*,#2687,.T.);
#1491=ORIENTED_EDGE('',*,*,#2688,.T.);
#1492=ORIENTED_EDGE('',*,*,#2689,.T.);
#1493=ORIENTED_EDGE('',*,*,#2669,.F.);
#1494=ORIENTED_EDGE('',*,*,#2690,.T.);
#1495=ORIENTED_EDGE('',*,*,#2656,.F.);
#1496=ORIENTED_EDGE('',*,*,#2691,.T.);
#1497=ORIENTED_EDGE('',*,*,#2661,.F.);
#1498=ORIENTED_EDGE('',*,*,#2692,.T.);
#1499=ORIENTED_EDGE('',*,*,#2664,.F.);
#1500=ORIENTED_EDGE('',*,*,#2693,.T.);
#1501=ORIENTED_EDGE('',*,*,#2663,.F.);
#1502=ORIENTED_EDGE('',*,*,#2694,.T.);
#1503=ORIENTED_EDGE('',*,*,#2666,.F.);
#1504=ORIENTED_EDGE('',*,*,#2693,.F.);
#1505=ORIENTED_EDGE('',*,*,#2659,.F.);
#1506=ORIENTED_EDGE('',*,*,#2695,.F.);
#1507=ORIENTED_EDGE('',*,*,#2654,.F.);
#1508=ORIENTED_EDGE('',*,*,#2696,.F.);
#1509=ORIENTED_EDGE('',*,*,#2667,.F.);
#1510=ORIENTED_EDGE('',*,*,#2694,.F.);
#1511=ORIENTED_EDGE('',*,*,#2662,.F.);
#1512=ORIENTED_EDGE('',*,*,#2697,.F.);
#1513=ORIENTED_EDGE('',*,*,#2691,.F.);
#1514=ORIENTED_EDGE('',*,*,#2655,.F.);
#1515=ORIENTED_EDGE('',*,*,#2695,.T.);
#1516=ORIENTED_EDGE('',*,*,#2658,.F.);
#1517=ORIENTED_EDGE('',*,*,#2696,.T.);
#1518=ORIENTED_EDGE('',*,*,#2657,.F.);
#1519=ORIENTED_EDGE('',*,*,#2690,.F.);
#1520=ORIENTED_EDGE('',*,*,#2668,.F.);
#1521=ORIENTED_EDGE('',*,*,#2697,.T.);
#1522=ORIENTED_EDGE('',*,*,#2665,.F.);
#1523=ORIENTED_EDGE('',*,*,#2692,.F.);
#1524=ORIENTED_EDGE('',*,*,#2660,.F.);
#1525=ORIENTED_EDGE('',*,*,#2698,.T.);
#1526=ORIENTED_EDGE('',*,*,#2699,.T.);
#1527=ORIENTED_EDGE('',*,*,#2676,.F.);
#1528=ORIENTED_EDGE('',*,*,#2487,.F.);
#1529=ORIENTED_EDGE('',*,*,#2675,.F.);
#1530=ORIENTED_EDGE('',*,*,#2700,.T.);
#1531=ORIENTED_EDGE('',*,*,#2701,.T.);
#1532=ORIENTED_EDGE('',*,*,#2702,.T.);
#1533=ORIENTED_EDGE('',*,*,#2673,.F.);
#1534=ORIENTED_EDGE('',*,*,#2485,.F.);
#1535=ORIENTED_EDGE('',*,*,#2672,.F.);
#1536=ORIENTED_EDGE('',*,*,#2703,.T.);
#1537=ORIENTED_EDGE('',*,*,#2678,.F.);
#1538=ORIENTED_EDGE('',*,*,#2704,.T.);
#1539=ORIENTED_EDGE('',*,*,#2705,.T.);
#1540=ORIENTED_EDGE('',*,*,#2706,.T.);
#1541=ORIENTED_EDGE('',*,*,#2679,.F.);
#1542=ORIENTED_EDGE('',*,*,#2481,.F.);
#1543=ORIENTED_EDGE('',*,*,#2707,.T.);
#1544=ORIENTED_EDGE('',*,*,#2708,.T.);
#1545=ORIENTED_EDGE('',*,*,#2709,.T.);
#1546=ORIENTED_EDGE('',*,*,#2670,.F.);
#1547=ORIENTED_EDGE('',*,*,#2483,.F.);
#1548=ORIENTED_EDGE('',*,*,#2681,.F.);
#1549=ORIENTED_EDGE('',*,*,#2684,.F.);
#1550=ORIENTED_EDGE('',*,*,#2710,.T.);
#1551=ORIENTED_EDGE('',*,*,#2703,.F.);
#1552=ORIENTED_EDGE('',*,*,#2671,.F.);
#1553=ORIENTED_EDGE('',*,*,#2709,.F.);
#1554=ORIENTED_EDGE('',*,*,#2711,.T.);
#1555=ORIENTED_EDGE('',*,*,#2710,.F.);
#1556=ORIENTED_EDGE('',*,*,#2683,.F.);
#1557=ORIENTED_EDGE('',*,*,#2712,.F.);
#1558=ORIENTED_EDGE('',*,*,#2701,.F.);
#1559=ORIENTED_EDGE('',*,*,#2712,.T.);
#1560=ORIENTED_EDGE('',*,*,#2682,.F.);
#1561=ORIENTED_EDGE('',*,*,#2713,.F.);
#1562=ORIENTED_EDGE('',*,*,#2700,.F.);
#1563=ORIENTED_EDGE('',*,*,#2674,.F.);
#1564=ORIENTED_EDGE('',*,*,#2702,.F.);
#1565=ORIENTED_EDGE('',*,*,#2711,.F.);
#1566=ORIENTED_EDGE('',*,*,#2708,.F.);
#1567=ORIENTED_EDGE('',*,*,#2714,.F.);
#1568=ORIENTED_EDGE('',*,*,#2685,.F.);
#1569=ORIENTED_EDGE('',*,*,#2713,.T.);
#1570=ORIENTED_EDGE('',*,*,#2689,.F.);
#1571=ORIENTED_EDGE('',*,*,#2715,.F.);
#1572=ORIENTED_EDGE('',*,*,#2698,.F.);
#1573=ORIENTED_EDGE('',*,*,#2680,.F.);
#1574=ORIENTED_EDGE('',*,*,#2706,.F.);
#1575=ORIENTED_EDGE('',*,*,#2716,.F.);
#1576=ORIENTED_EDGE('',*,*,#2686,.F.);
#1577=ORIENTED_EDGE('',*,*,#2714,.T.);
#1578=ORIENTED_EDGE('',*,*,#2707,.F.);
#1579=ORIENTED_EDGE('',*,*,#2715,.T.);
#1580=ORIENTED_EDGE('',*,*,#2688,.F.);
#1581=ORIENTED_EDGE('',*,*,#2717,.F.);
#1582=ORIENTED_EDGE('',*,*,#2704,.F.);
#1583=ORIENTED_EDGE('',*,*,#2677,.F.);
#1584=ORIENTED_EDGE('',*,*,#2699,.F.);
#1585=ORIENTED_EDGE('',*,*,#2716,.T.);
#1586=ORIENTED_EDGE('',*,*,#2705,.F.);
#1587=ORIENTED_EDGE('',*,*,#2717,.T.);
#1588=ORIENTED_EDGE('',*,*,#2687,.F.);
#1589=ORIENTED_EDGE('',*,*,#2599,.F.);
#1590=ORIENTED_EDGE('',*,*,#2551,.F.);
#1591=ORIENTED_EDGE('',*,*,#2718,.T.);
#1592=ORIENTED_EDGE('',*,*,#2491,.T.);
#1593=ORIENTED_EDGE('',*,*,#2719,.T.);
#1594=ORIENTED_EDGE('',*,*,#2720,.T.);
#1595=ORIENTED_EDGE('',*,*,#2520,.T.);
#1596=ORIENTED_EDGE('',*,*,#2517,.T.);
#1597=ORIENTED_EDGE('',*,*,#2514,.F.);
#1598=ORIENTED_EDGE('',*,*,#2511,.T.);
#1599=ORIENTED_EDGE('',*,*,#2508,.F.);
#1600=ORIENTED_EDGE('',*,*,#2721,.T.);
#1601=ORIENTED_EDGE('',*,*,#2722,.F.);
#1602=ORIENTED_EDGE('',*,*,#2723,.F.);
#1603=ORIENTED_EDGE('',*,*,#2724,.F.);
#1604=ORIENTED_EDGE('',*,*,#2725,.F.);
#1605=ORIENTED_EDGE('',*,*,#2726,.F.);
#1606=ORIENTED_EDGE('',*,*,#2727,.T.);
#1607=ORIENTED_EDGE('',*,*,#2728,.T.);
#1608=ORIENTED_EDGE('',*,*,#2729,.F.);
#1609=ORIENTED_EDGE('',*,*,#2730,.T.);
#1610=ORIENTED_EDGE('',*,*,#2731,.F.);
#1611=ORIENTED_EDGE('',*,*,#2732,.T.);
#1612=ORIENTED_EDGE('',*,*,#2733,.T.);
#1613=ORIENTED_EDGE('',*,*,#2535,.T.);
#1614=ORIENTED_EDGE('',*,*,#2532,.F.);
#1615=ORIENTED_EDGE('',*,*,#2529,.T.);
#1616=ORIENTED_EDGE('',*,*,#2526,.F.);
#1617=ORIENTED_EDGE('',*,*,#2523,.T.);
#1618=ORIENTED_EDGE('',*,*,#2734,.T.);
#1619=ORIENTED_EDGE('',*,*,#2735,.F.);
#1620=ORIENTED_EDGE('',*,*,#2719,.F.);
#1621=ORIENTED_EDGE('',*,*,#2736,.F.);
#1622=ORIENTED_EDGE('',*,*,#2737,.F.);
#1623=ORIENTED_EDGE('',*,*,#2738,.F.);
#1624=ORIENTED_EDGE('',*,*,#2739,.T.);
#1625=ORIENTED_EDGE('',*,*,#2740,.T.);
#1626=ORIENTED_EDGE('',*,*,#2741,.F.);
#1627=ORIENTED_EDGE('',*,*,#2742,.T.);
#1628=ORIENTED_EDGE('',*,*,#2743,.F.);
#1629=ORIENTED_EDGE('',*,*,#2744,.T.);
#1630=ORIENTED_EDGE('',*,*,#2745,.F.);
#1631=ORIENTED_EDGE('',*,*,#2746,.T.);
#1632=ORIENTED_EDGE('',*,*,#2747,.T.);
#1633=ORIENTED_EDGE('',*,*,#2748,.T.);
#1634=ORIENTED_EDGE('',*,*,#2749,.F.);
#1635=ORIENTED_EDGE('',*,*,#2750,.T.);
#1636=ORIENTED_EDGE('',*,*,#2737,.T.);
#1637=ORIENTED_EDGE('',*,*,#2751,.T.);
#1638=ORIENTED_EDGE('',*,*,#2752,.T.);
#1639=ORIENTED_EDGE('',*,*,#2753,.F.);
#1640=ORIENTED_EDGE('',*,*,#2754,.F.);
#1641=ORIENTED_EDGE('',*,*,#2755,.F.);
#1642=ORIENTED_EDGE('',*,*,#2756,.T.);
#1643=ORIENTED_EDGE('',*,*,#2757,.F.);
#1644=ORIENTED_EDGE('',*,*,#2758,.T.);
#1645=ORIENTED_EDGE('',*,*,#2759,.F.);
#1646=ORIENTED_EDGE('',*,*,#2760,.T.);
#1647=ORIENTED_EDGE('',*,*,#2761,.F.);
#1648=ORIENTED_EDGE('',*,*,#2762,.T.);
#1649=ORIENTED_EDGE('',*,*,#2763,.T.);
#1650=ORIENTED_EDGE('',*,*,#2764,.T.);
#1651=ORIENTED_EDGE('',*,*,#2765,.T.);
#1652=ORIENTED_EDGE('',*,*,#2766,.F.);
#1653=ORIENTED_EDGE('',*,*,#2767,.T.);
#1654=ORIENTED_EDGE('',*,*,#2768,.T.);
#1655=ORIENTED_EDGE('',*,*,#2769,.T.);
#1656=ORIENTED_EDGE('',*,*,#2770,.T.);
#1657=ORIENTED_EDGE('',*,*,#2543,.T.);
#1658=ORIENTED_EDGE('',*,*,#2540,.T.);
#1659=ORIENTED_EDGE('',*,*,#2537,.F.);
#1660=ORIENTED_EDGE('',*,*,#2771,.T.);
#1661=ORIENTED_EDGE('',*,*,#2772,.T.);
#1662=ORIENTED_EDGE('',*,*,#2773,.T.);
#1663=ORIENTED_EDGE('',*,*,#2774,.F.);
#1664=ORIENTED_EDGE('',*,*,#2775,.F.);
#1665=ORIENTED_EDGE('',*,*,#2776,.F.);
#1666=ORIENTED_EDGE('',*,*,#2777,.F.);
#1667=ORIENTED_EDGE('',*,*,#2778,.T.);
#1668=ORIENTED_EDGE('',*,*,#2779,.F.);
#1669=ORIENTED_EDGE('',*,*,#2780,.T.);
#1670=ORIENTED_EDGE('',*,*,#2781,.T.);
#1671=ORIENTED_EDGE('',*,*,#2782,.F.);
#1672=ORIENTED_EDGE('',*,*,#2783,.T.);
#1673=ORIENTED_EDGE('',*,*,#2506,.T.);
#1674=ORIENTED_EDGE('',*,*,#2503,.T.);
#1675=ORIENTED_EDGE('',*,*,#2500,.F.);
#1676=ORIENTED_EDGE('',*,*,#2784,.F.);
#1677=ORIENTED_EDGE('',*,*,#2785,.F.);
#1678=ORIENTED_EDGE('',*,*,#2786,.F.);
#1679=ORIENTED_EDGE('',*,*,#2787,.T.);
#1680=ORIENTED_EDGE('',*,*,#2788,.T.);
#1681=ORIENTED_EDGE('',*,*,#2789,.T.);
#1682=ORIENTED_EDGE('',*,*,#2495,.F.);
#1683=ORIENTED_EDGE('',*,*,#2492,.T.);
#1684=ORIENTED_EDGE('',*,*,#2718,.F.);
#1685=ORIENTED_EDGE('',*,*,#2550,.F.);
#1686=ORIENTED_EDGE('',*,*,#2548,.T.);
#1687=ORIENTED_EDGE('',*,*,#2790,.F.);
#1688=ORIENTED_EDGE('',*,*,#2791,.T.);
#1689=ORIENTED_EDGE('',*,*,#2792,.T.);
#1690=ORIENTED_EDGE('',*,*,#2793,.T.);
#1691=ORIENTED_EDGE('',*,*,#2794,.T.);
#1692=ORIENTED_EDGE('',*,*,#2795,.F.);
#1693=ORIENTED_EDGE('',*,*,#2796,.F.);
#1694=ORIENTED_EDGE('',*,*,#2797,.F.);
#1695=ORIENTED_EDGE('',*,*,#2798,.F.);
#1696=ORIENTED_EDGE('',*,*,#2799,.T.);
#1697=ORIENTED_EDGE('',*,*,#2800,.F.);
#1698=ORIENTED_EDGE('',*,*,#2801,.F.);
#1699=ORIENTED_EDGE('',*,*,#2802,.F.);
#1700=ORIENTED_EDGE('',*,*,#2784,.T.);
#1701=ORIENTED_EDGE('',*,*,#2499,.F.);
#1702=ORIENTED_EDGE('',*,*,#2803,.T.);
#1703=ORIENTED_EDGE('',*,*,#2804,.F.);
#1704=ORIENTED_EDGE('',*,*,#2743,.T.);
#1705=ORIENTED_EDGE('',*,*,#2805,.F.);
#1706=ORIENTED_EDGE('',*,*,#2741,.T.);
#1707=ORIENTED_EDGE('',*,*,#2806,.T.);
#1708=ORIENTED_EDGE('',*,*,#2807,.F.);
#1709=ORIENTED_EDGE('',*,*,#2497,.T.);
#1710=ORIENTED_EDGE('',*,*,#2808,.F.);
#1711=ORIENTED_EDGE('',*,*,#2809,.F.);
#1712=ORIENTED_EDGE('',*,*,#2786,.T.);
#1713=ORIENTED_EDGE('',*,*,#2810,.T.);
#1714=ORIENTED_EDGE('',*,*,#2758,.F.);
#1715=ORIENTED_EDGE('',*,*,#2811,.T.);
#1716=ORIENTED_EDGE('',*,*,#2812,.F.);
#1717=ORIENTED_EDGE('',*,*,#2544,.T.);
#1718=ORIENTED_EDGE('',*,*,#2770,.F.);
#1719=ORIENTED_EDGE('',*,*,#2813,.T.);
#1720=ORIENTED_EDGE('',*,*,#2768,.F.);
#1721=ORIENTED_EDGE('',*,*,#2814,.T.);
#1722=ORIENTED_EDGE('',*,*,#2815,.T.);
#1723=ORIENTED_EDGE('',*,*,#2546,.F.);
#1724=ORIENTED_EDGE('',*,*,#2816,.T.);
#1725=ORIENTED_EDGE('',*,*,#2817,.T.);
#1726=ORIENTED_EDGE('',*,*,#2760,.F.);
#1727=ORIENTED_EDGE('',*,*,#2732,.F.);
#1728=ORIENTED_EDGE('',*,*,#2818,.T.);
#1729=ORIENTED_EDGE('',*,*,#2772,.F.);
#1730=ORIENTED_EDGE('',*,*,#2819,.T.);
#1731=ORIENTED_EDGE('',*,*,#2782,.T.);
#1732=ORIENTED_EDGE('',*,*,#2820,.T.);
#1733=ORIENTED_EDGE('',*,*,#2722,.T.);
#1734=ORIENTED_EDGE('',*,*,#2821,.T.);
#1735=ORIENTED_EDGE('',*,*,#2783,.F.);
#1736=ORIENTED_EDGE('',*,*,#2821,.F.);
#1737=ORIENTED_EDGE('',*,*,#2721,.F.);
#1738=ORIENTED_EDGE('',*,*,#2507,.F.);
#1739=ORIENTED_EDGE('',*,*,#2733,.F.);
#1740=ORIENTED_EDGE('',*,*,#2819,.F.);
#1741=ORIENTED_EDGE('',*,*,#2771,.F.);
#1742=ORIENTED_EDGE('',*,*,#2536,.F.);
#1743=ORIENTED_EDGE('',*,*,#2822,.F.);
#1744=ORIENTED_EDGE('',*,*,#2822,.T.);
#1745=ORIENTED_EDGE('',*,*,#2796,.T.);
#1746=ORIENTED_EDGE('',*,*,#2823,.F.);
#1747=ORIENTED_EDGE('',*,*,#2724,.T.);
#1748=ORIENTED_EDGE('',*,*,#2824,.T.);
#1749=ORIENTED_EDGE('',*,*,#2780,.F.);
#1750=ORIENTED_EDGE('',*,*,#2825,.T.);
#1751=ORIENTED_EDGE('',*,*,#2774,.T.);
#1752=ORIENTED_EDGE('',*,*,#2826,.T.);
#1753=ORIENTED_EDGE('',*,*,#2730,.F.);
#1754=ORIENTED_EDGE('',*,*,#2818,.F.);
#1755=ORIENTED_EDGE('',*,*,#2731,.T.);
#1756=ORIENTED_EDGE('',*,*,#2826,.F.);
#1757=ORIENTED_EDGE('',*,*,#2773,.F.);
#1758=ORIENTED_EDGE('',*,*,#2820,.F.);
#1759=ORIENTED_EDGE('',*,*,#2781,.F.);
#1760=ORIENTED_EDGE('',*,*,#2824,.F.);
#1761=ORIENTED_EDGE('',*,*,#2723,.T.);
#1762=ORIENTED_EDGE('',*,*,#2825,.F.);
#1763=ORIENTED_EDGE('',*,*,#2729,.T.);
#1764=ORIENTED_EDGE('',*,*,#2827,.F.);
#1765=ORIENTED_EDGE('',*,*,#2775,.T.);
#1766=ORIENTED_EDGE('',*,*,#2725,.T.);
#1767=ORIENTED_EDGE('',*,*,#2823,.T.);
#1768=ORIENTED_EDGE('',*,*,#2779,.T.);
#1769=ORIENTED_EDGE('',*,*,#2828,.T.);
#1770=ORIENTED_EDGE('',*,*,#2800,.T.);
#1771=ORIENTED_EDGE('',*,*,#2801,.T.);
#1772=ORIENTED_EDGE('',*,*,#2797,.T.);
#1773=ORIENTED_EDGE('',*,*,#2776,.T.);
#1774=ORIENTED_EDGE('',*,*,#2827,.T.);
#1775=ORIENTED_EDGE('',*,*,#2728,.F.);
#1776=ORIENTED_EDGE('',*,*,#2829,.T.);
#1777=ORIENTED_EDGE('',*,*,#2726,.T.);
#1778=ORIENTED_EDGE('',*,*,#2828,.F.);
#1779=ORIENTED_EDGE('',*,*,#2778,.F.);
#1780=ORIENTED_EDGE('',*,*,#2830,.T.);
#1781=ORIENTED_EDGE('',*,*,#2799,.F.);
#1782=ORIENTED_EDGE('',*,*,#2727,.F.);
#1783=ORIENTED_EDGE('',*,*,#2830,.F.);
#1784=ORIENTED_EDGE('',*,*,#2777,.T.);
#1785=ORIENTED_EDGE('',*,*,#2829,.F.);
#1786=ORIENTED_EDGE('',*,*,#2792,.F.);
#1787=ORIENTED_EDGE('',*,*,#2831,.F.);
#1788=ORIENTED_EDGE('',*,*,#2739,.F.);
#1789=ORIENTED_EDGE('',*,*,#2832,.F.);
#1790=ORIENTED_EDGE('',*,*,#2764,.F.);
#1791=ORIENTED_EDGE('',*,*,#2833,.F.);
#1792=ORIENTED_EDGE('',*,*,#2762,.F.);
#1793=ORIENTED_EDGE('',*,*,#2834,.F.);
#1794=ORIENTED_EDGE('',*,*,#2742,.F.);
#1795=ORIENTED_EDGE('',*,*,#2805,.T.);
#1796=ORIENTED_EDGE('',*,*,#2785,.T.);
#1797=ORIENTED_EDGE('',*,*,#2802,.T.);
#1798=ORIENTED_EDGE('',*,*,#2769,.F.);
#1799=ORIENTED_EDGE('',*,*,#2813,.F.);
#1800=ORIENTED_EDGE('',*,*,#2759,.T.);
#1801=ORIENTED_EDGE('',*,*,#2810,.F.);
#1802=ORIENTED_EDGE('',*,*,#2798,.T.);
#1803=ORIENTED_EDGE('',*,*,#2835,.F.);
#1804=ORIENTED_EDGE('',*,*,#2585,.F.);
#1805=ORIENTED_EDGE('',*,*,#2835,.T.);
#1806=ORIENTED_EDGE('',*,*,#2746,.F.);
#1807=ORIENTED_EDGE('',*,*,#2836,.T.);
#1808=ORIENTED_EDGE('',*,*,#2430,.T.);
#1809=ORIENTED_EDGE('',*,*,#2837,.T.);
#1810=ORIENTED_EDGE('',*,*,#2748,.F.);
#1811=ORIENTED_EDGE('',*,*,#2838,.T.);
#1812=ORIENTED_EDGE('',*,*,#2428,.F.);
#1813=ORIENTED_EDGE('',*,*,#2839,.T.);
#1814=ORIENTED_EDGE('',*,*,#2750,.F.);
#1815=ORIENTED_EDGE('',*,*,#2840,.T.);
#1816=ORIENTED_EDGE('',*,*,#2426,.T.);
#1817=ORIENTED_EDGE('',*,*,#2841,.F.);
#1818=ORIENTED_EDGE('',*,*,#2751,.F.);
#1819=ORIENTED_EDGE('',*,*,#2842,.F.);
#1820=ORIENTED_EDGE('',*,*,#2442,.T.);
#1821=ORIENTED_EDGE('',*,*,#2843,.F.);
#1822=ORIENTED_EDGE('',*,*,#2836,.F.);
#1823=ORIENTED_EDGE('',*,*,#2745,.T.);
#1824=ORIENTED_EDGE('',*,*,#2844,.F.);
#1825=ORIENTED_EDGE('',*,*,#2431,.F.);
#1826=ORIENTED_EDGE('',*,*,#2747,.F.);
#1827=ORIENTED_EDGE('',*,*,#2837,.F.);
#1828=ORIENTED_EDGE('',*,*,#2429,.T.);
#1829=ORIENTED_EDGE('',*,*,#2838,.F.);
#1830=ORIENTED_EDGE('',*,*,#2803,.F.);
#1831=ORIENTED_EDGE('',*,*,#2498,.T.);
#1832=ORIENTED_EDGE('',*,*,#2807,.T.);
#1833=ORIENTED_EDGE('',*,*,#2845,.F.);
#1834=ORIENTED_EDGE('',*,*,#2840,.F.);
#1835=ORIENTED_EDGE('',*,*,#2749,.T.);
#1836=ORIENTED_EDGE('',*,*,#2839,.F.);
#1837=ORIENTED_EDGE('',*,*,#2427,.F.);
#1838=ORIENTED_EDGE('',*,*,#2811,.F.);
#1839=ORIENTED_EDGE('',*,*,#2757,.T.);
#1840=ORIENTED_EDGE('',*,*,#2846,.F.);
#1841=ORIENTED_EDGE('',*,*,#2436,.F.);
#1842=ORIENTED_EDGE('',*,*,#2847,.F.);
#1843=ORIENTED_EDGE('',*,*,#2765,.F.);
#1844=ORIENTED_EDGE('',*,*,#2834,.T.);
#1845=ORIENTED_EDGE('',*,*,#2761,.T.);
#1846=ORIENTED_EDGE('',*,*,#2817,.F.);
#1847=ORIENTED_EDGE('',*,*,#2848,.F.);
#1848=ORIENTED_EDGE('',*,*,#2793,.F.);
#1849=ORIENTED_EDGE('',*,*,#2832,.T.);
#1850=ORIENTED_EDGE('',*,*,#2738,.T.);
#1851=ORIENTED_EDGE('',*,*,#2833,.T.);
#1852=ORIENTED_EDGE('',*,*,#2763,.F.);
#1853=ORIENTED_EDGE('',*,*,#2849,.F.);
#1854=ORIENTED_EDGE('',*,*,#2434,.F.);
#1855=ORIENTED_EDGE('',*,*,#2850,.T.);
#1856=ORIENTED_EDGE('',*,*,#2851,.F.);
#1857=ORIENTED_EDGE('',*,*,#2852,.F.);
#1858=ORIENTED_EDGE('',*,*,#2853,.F.);
#1859=ORIENTED_EDGE('',*,*,#2854,.F.);
#1860=ORIENTED_EDGE('',*,*,#2855,.F.);
#1861=ORIENTED_EDGE('',*,*,#2856,.F.);
#1862=ORIENTED_EDGE('',*,*,#2857,.F.);
#1863=ORIENTED_EDGE('',*,*,#2858,.T.);
#1864=ORIENTED_EDGE('',*,*,#2859,.F.);
#1865=ORIENTED_EDGE('',*,*,#2860,.F.);
#1866=ORIENTED_EDGE('',*,*,#2861,.F.);
#1867=ORIENTED_EDGE('',*,*,#2862,.F.);
#1868=ORIENTED_EDGE('',*,*,#2863,.T.);
#1869=ORIENTED_EDGE('',*,*,#2864,.T.);
#1870=ORIENTED_EDGE('',*,*,#2865,.T.);
#1871=ORIENTED_EDGE('',*,*,#2866,.T.);
#1872=ORIENTED_EDGE('',*,*,#2867,.T.);
#1873=ORIENTED_EDGE('',*,*,#2868,.T.);
#1874=ORIENTED_EDGE('',*,*,#2863,.F.);
#1875=ORIENTED_EDGE('',*,*,#2869,.F.);
#1876=ORIENTED_EDGE('',*,*,#2870,.T.);
#1877=ORIENTED_EDGE('',*,*,#2871,.T.);
#1878=ORIENTED_EDGE('',*,*,#2872,.F.);
#1879=ORIENTED_EDGE('',*,*,#2865,.F.);
#1880=ORIENTED_EDGE('',*,*,#2873,.T.);
#1881=ORIENTED_EDGE('',*,*,#2869,.T.);
#1882=ORIENTED_EDGE('',*,*,#2866,.F.);
#1883=ORIENTED_EDGE('',*,*,#2872,.T.);
#1884=ORIENTED_EDGE('',*,*,#2874,.T.);
#1885=ORIENTED_EDGE('',*,*,#2808,.T.);
#1886=ORIENTED_EDGE('',*,*,#2789,.F.);
#1887=ORIENTED_EDGE('',*,*,#2867,.F.);
#1888=ORIENTED_EDGE('',*,*,#2873,.F.);
#1889=ORIENTED_EDGE('',*,*,#2496,.F.);
#1890=ORIENTED_EDGE('',*,*,#2868,.F.);
#1891=ORIENTED_EDGE('',*,*,#2788,.F.);
#1892=ORIENTED_EDGE('',*,*,#2870,.F.);
#1893=ORIENTED_EDGE('',*,*,#2864,.F.);
#1894=ORIENTED_EDGE('',*,*,#2874,.F.);
#1895=ORIENTED_EDGE('',*,*,#2871,.F.);
#1896=ORIENTED_EDGE('',*,*,#2787,.F.);
#1897=ORIENTED_EDGE('',*,*,#2809,.T.);
#1898=ORIENTED_EDGE('',*,*,#2744,.F.);
#1899=ORIENTED_EDGE('',*,*,#2804,.T.);
#1900=ORIENTED_EDGE('',*,*,#2845,.T.);
#1901=ORIENTED_EDGE('',*,*,#2806,.F.);
#1902=ORIENTED_EDGE('',*,*,#2740,.F.);
#1903=ORIENTED_EDGE('',*,*,#2831,.T.);
#1904=ORIENTED_EDGE('',*,*,#2795,.T.);
#1905=ORIENTED_EDGE('',*,*,#2875,.T.);
#1906=ORIENTED_EDGE('',*,*,#2432,.T.);
#1907=ORIENTED_EDGE('',*,*,#2844,.T.);
#1908=ORIENTED_EDGE('',*,*,#2875,.F.);
#1909=ORIENTED_EDGE('',*,*,#2794,.F.);
#1910=ORIENTED_EDGE('',*,*,#2850,.F.);
#1911=ORIENTED_EDGE('',*,*,#2433,.T.);
#1912=ORIENTED_EDGE('',*,*,#2876,.T.);
#1913=ORIENTED_EDGE('',*,*,#2858,.F.);
#1914=ORIENTED_EDGE('',*,*,#2877,.T.);
#1915=ORIENTED_EDGE('',*,*,#2878,.T.);
#1916=ORIENTED_EDGE('',*,*,#2859,.T.);
#1917=ORIENTED_EDGE('',*,*,#2876,.F.);
#1918=ORIENTED_EDGE('',*,*,#2879,.F.);
#1919=ORIENTED_EDGE('',*,*,#2880,.F.);
#1920=ORIENTED_EDGE('',*,*,#2857,.T.);
#1921=ORIENTED_EDGE('',*,*,#2881,.F.);
#1922=ORIENTED_EDGE('',*,*,#2882,.F.);
#1923=ORIENTED_EDGE('',*,*,#2877,.F.);
#1924=ORIENTED_EDGE('',*,*,#2752,.F.);
#1925=ORIENTED_EDGE('',*,*,#2843,.T.);
#1926=ORIENTED_EDGE('',*,*,#2441,.T.);
#1927=ORIENTED_EDGE('',*,*,#2883,.F.);
#1928=ORIENTED_EDGE('',*,*,#2756,.F.);
#1929=ORIENTED_EDGE('',*,*,#2884,.F.);
#1930=ORIENTED_EDGE('',*,*,#2437,.T.);
#1931=ORIENTED_EDGE('',*,*,#2846,.T.);
#1932=ORIENTED_EDGE('',*,*,#2884,.T.);
#1933=ORIENTED_EDGE('',*,*,#2755,.T.);
#1934=ORIENTED_EDGE('',*,*,#2885,.T.);
#1935=ORIENTED_EDGE('',*,*,#2438,.F.);
#1936=ORIENTED_EDGE('',*,*,#2885,.F.);
#1937=ORIENTED_EDGE('',*,*,#2754,.T.);
#1938=ORIENTED_EDGE('',*,*,#2886,.F.);
#1939=ORIENTED_EDGE('',*,*,#2439,.F.);
#1940=ORIENTED_EDGE('',*,*,#2886,.T.);
#1941=ORIENTED_EDGE('',*,*,#2753,.T.);
#1942=ORIENTED_EDGE('',*,*,#2883,.T.);
#1943=ORIENTED_EDGE('',*,*,#2440,.T.);
#1944=ORIENTED_EDGE('',*,*,#2849,.T.);
#1945=ORIENTED_EDGE('',*,*,#2766,.T.);
#1946=ORIENTED_EDGE('',*,*,#2847,.T.);
#1947=ORIENTED_EDGE('',*,*,#2435,.F.);
#1948=ORIENTED_EDGE('',*,*,#2887,.F.);
#1949=ORIENTED_EDGE('',*,*,#2815,.F.);
#1950=ORIENTED_EDGE('',*,*,#2888,.T.);
#1951=ORIENTED_EDGE('',*,*,#2889,.F.);
#1952=ORIENTED_EDGE('',*,*,#2890,.T.);
#1953=ORIENTED_EDGE('',*,*,#2891,.F.);
#1954=ORIENTED_EDGE('',*,*,#2790,.T.);
#1955=ORIENTED_EDGE('',*,*,#2547,.T.);
#1956=ORIENTED_EDGE('',*,*,#2887,.T.);
#1957=ORIENTED_EDGE('',*,*,#2892,.T.);
#1958=ORIENTED_EDGE('',*,*,#2893,.F.);
#1959=ORIENTED_EDGE('',*,*,#2894,.T.);
#1960=ORIENTED_EDGE('',*,*,#2892,.F.);
#1961=ORIENTED_EDGE('',*,*,#2891,.T.);
#1962=ORIENTED_EDGE('',*,*,#2895,.T.);
#1963=ORIENTED_EDGE('',*,*,#2896,.T.);
#1964=ORIENTED_EDGE('',*,*,#2893,.T.);
#1965=ORIENTED_EDGE('',*,*,#2890,.F.);
#1966=ORIENTED_EDGE('',*,*,#2889,.T.);
#1967=ORIENTED_EDGE('',*,*,#2897,.T.);
#1968=ORIENTED_EDGE('',*,*,#2898,.T.);
#1969=ORIENTED_EDGE('',*,*,#2895,.F.);
#1970=ORIENTED_EDGE('',*,*,#2545,.F.);
#1971=ORIENTED_EDGE('',*,*,#2812,.T.);
#1972=ORIENTED_EDGE('',*,*,#2848,.T.);
#1973=ORIENTED_EDGE('',*,*,#2816,.F.);
#1974=ORIENTED_EDGE('',*,*,#2894,.F.);
#1975=ORIENTED_EDGE('',*,*,#2896,.F.);
#1976=ORIENTED_EDGE('',*,*,#2898,.F.);
#1977=ORIENTED_EDGE('',*,*,#2791,.F.);
#1978=ORIENTED_EDGE('',*,*,#2888,.F.);
#1979=ORIENTED_EDGE('',*,*,#2814,.F.);
#1980=ORIENTED_EDGE('',*,*,#2767,.F.);
#1981=ORIENTED_EDGE('',*,*,#2897,.F.);
#1982=ORIENTED_EDGE('',*,*,#2899,.T.);
#1983=ORIENTED_EDGE('',*,*,#2862,.T.);
#1984=ORIENTED_EDGE('',*,*,#2900,.T.);
#1985=ORIENTED_EDGE('',*,*,#2901,.T.);
#1986=ORIENTED_EDGE('',*,*,#2861,.T.);
#1987=ORIENTED_EDGE('',*,*,#2902,.F.);
#1988=ORIENTED_EDGE('',*,*,#2903,.F.);
#1989=ORIENTED_EDGE('',*,*,#2900,.F.);
#1990=ORIENTED_EDGE('',*,*,#2855,.T.);
#1991=ORIENTED_EDGE('',*,*,#2899,.F.);
#1992=ORIENTED_EDGE('',*,*,#2904,.F.);
#1993=ORIENTED_EDGE('',*,*,#2905,.F.);
#1994=ORIENTED_EDGE('',*,*,#2860,.T.);
#1995=ORIENTED_EDGE('',*,*,#2880,.T.);
#1996=ORIENTED_EDGE('',*,*,#2906,.F.);
#1997=ORIENTED_EDGE('',*,*,#2902,.T.);
#1998=ORIENTED_EDGE('',*,*,#2907,.F.);
#1999=ORIENTED_EDGE('',*,*,#2881,.T.);
#2000=ORIENTED_EDGE('',*,*,#2856,.T.);
#2001=ORIENTED_EDGE('',*,*,#2905,.T.);
#2002=ORIENTED_EDGE('',*,*,#2851,.T.);
#2003=ORIENTED_EDGE('',*,*,#2908,.F.);
#2004=ORIENTED_EDGE('',*,*,#2477,.T.);
#2005=ORIENTED_EDGE('',*,*,#2909,.F.);
#2006=ORIENTED_EDGE('',*,*,#2854,.T.);
#2007=ORIENTED_EDGE('',*,*,#2910,.T.);
#2008=ORIENTED_EDGE('',*,*,#2478,.T.);
#2009=ORIENTED_EDGE('',*,*,#2908,.T.);
#2010=ORIENTED_EDGE('',*,*,#2853,.T.);
#2011=ORIENTED_EDGE('',*,*,#2911,.F.);
#2012=ORIENTED_EDGE('',*,*,#2479,.T.);
#2013=ORIENTED_EDGE('',*,*,#2910,.F.);
#2014=ORIENTED_EDGE('',*,*,#2852,.T.);
#2015=ORIENTED_EDGE('',*,*,#2909,.T.);
#2016=ORIENTED_EDGE('',*,*,#2476,.F.);
#2017=ORIENTED_EDGE('',*,*,#2911,.T.);
#2018=ORIENTED_EDGE('',*,*,#2842,.T.);
#2019=ORIENTED_EDGE('',*,*,#2736,.T.);
#2020=ORIENTED_EDGE('',*,*,#2734,.F.);
#2021=ORIENTED_EDGE('',*,*,#2522,.F.);
#2022=ORIENTED_EDGE('',*,*,#2443,.F.);
#2023=ORIENTED_EDGE('',*,*,#2735,.T.);
#2024=ORIENTED_EDGE('',*,*,#2841,.T.);
#2025=ORIENTED_EDGE('',*,*,#2425,.F.);
#2026=ORIENTED_EDGE('',*,*,#2521,.F.);
#2027=ORIENTED_EDGE('',*,*,#2720,.F.);
#2028=ORIENTED_EDGE('',*,*,#2912,.F.);
#2029=ORIENTED_EDGE('',*,*,#2913,.F.);
#2030=ORIENTED_EDGE('',*,*,#2914,.F.);
#2031=ORIENTED_EDGE('',*,*,#2915,.F.);
#2032=ORIENTED_EDGE('',*,*,#2916,.F.);
#2033=ORIENTED_EDGE('',*,*,#2917,.F.);
#2034=ORIENTED_EDGE('',*,*,#2918,.F.);
#2035=ORIENTED_EDGE('',*,*,#2919,.F.);
#2036=ORIENTED_EDGE('',*,*,#2920,.T.);
#2037=ORIENTED_EDGE('',*,*,#2912,.T.);
#2038=ORIENTED_EDGE('',*,*,#2921,.T.);
#2039=ORIENTED_EDGE('',*,*,#2906,.T.);
#2040=ORIENTED_EDGE('',*,*,#2922,.F.);
#2041=ORIENTED_EDGE('',*,*,#2913,.T.);
#2042=ORIENTED_EDGE('',*,*,#2920,.F.);
#2043=ORIENTED_EDGE('',*,*,#2879,.T.);
#2044=ORIENTED_EDGE('',*,*,#2923,.T.);
#2045=ORIENTED_EDGE('',*,*,#2914,.T.);
#2046=ORIENTED_EDGE('',*,*,#2922,.T.);
#2047=ORIENTED_EDGE('',*,*,#2878,.F.);
#2048=ORIENTED_EDGE('',*,*,#2924,.F.);
#2049=ORIENTED_EDGE('',*,*,#2915,.T.);
#2050=ORIENTED_EDGE('',*,*,#2923,.F.);
#2051=ORIENTED_EDGE('',*,*,#2882,.T.);
#2052=ORIENTED_EDGE('',*,*,#2925,.T.);
#2053=ORIENTED_EDGE('',*,*,#2916,.T.);
#2054=ORIENTED_EDGE('',*,*,#2924,.T.);
#2055=ORIENTED_EDGE('',*,*,#2907,.T.);
#2056=ORIENTED_EDGE('',*,*,#2926,.F.);
#2057=ORIENTED_EDGE('',*,*,#2917,.T.);
#2058=ORIENTED_EDGE('',*,*,#2925,.F.);
#2059=ORIENTED_EDGE('',*,*,#2904,.T.);
#2060=ORIENTED_EDGE('',*,*,#2927,.T.);
#2061=ORIENTED_EDGE('',*,*,#2918,.T.);
#2062=ORIENTED_EDGE('',*,*,#2926,.T.);
#2063=ORIENTED_EDGE('',*,*,#2901,.F.);
#2064=ORIENTED_EDGE('',*,*,#2921,.F.);
#2065=ORIENTED_EDGE('',*,*,#2919,.T.);
#2066=ORIENTED_EDGE('',*,*,#2927,.F.);
#2067=ORIENTED_EDGE('',*,*,#2903,.T.);
#2068=ORIENTED_EDGE('',*,*,#2928,.F.);
#2069=ORIENTED_EDGE('',*,*,#2929,.T.);
#2070=ORIENTED_EDGE('',*,*,#2928,.T.);
#2071=ORIENTED_EDGE('',*,*,#2930,.T.);
#2072=ORIENTED_EDGE('',*,*,#2929,.F.);
#2073=ORIENTED_EDGE('',*,*,#2931,.T.);
#2074=ORIENTED_EDGE('',*,*,#2930,.F.);
#2075=ORIENTED_EDGE('',*,*,#2931,.F.);
#2076=ORIENTED_EDGE('',*,*,#2932,.F.);
#2077=ORIENTED_EDGE('',*,*,#2933,.F.);
#2078=ORIENTED_EDGE('',*,*,#2932,.T.);
#2079=ORIENTED_EDGE('',*,*,#2933,.T.);
#2080=VERTEX_POINT('',#5003);
#2081=VERTEX_POINT('',#5004);
#2082=VERTEX_POINT('',#5006);
#2083=VERTEX_POINT('',#5008);
#2084=VERTEX_POINT('',#5010);
#2085=VERTEX_POINT('',#5012);
#2086=VERTEX_POINT('',#5016);
#2087=VERTEX_POINT('',#5017);
#2088=VERTEX_POINT('',#5019);
#2089=VERTEX_POINT('',#5021);
#2090=VERTEX_POINT('',#5023);
#2091=VERTEX_POINT('',#5025);
#2092=VERTEX_POINT('',#5027);
#2093=VERTEX_POINT('',#5029);
#2094=VERTEX_POINT('',#5031);
#2095=VERTEX_POINT('',#5033);
#2096=VERTEX_POINT('',#5035);
#2097=VERTEX_POINT('',#5037);
#2098=VERTEX_POINT('',#5039);
#2099=VERTEX_POINT('',#5041);
#2100=VERTEX_POINT('',#5043);
#2101=VERTEX_POINT('',#5045);
#2102=VERTEX_POINT('',#5047);
#2103=VERTEX_POINT('',#5049);
#2104=VERTEX_POINT('',#5051);
#2105=VERTEX_POINT('',#5053);
#2106=VERTEX_POINT('',#5056);
#2107=VERTEX_POINT('',#5057);
#2108=VERTEX_POINT('',#5060);
#2109=VERTEX_POINT('',#5062);
#2110=VERTEX_POINT('',#5064);
#2111=VERTEX_POINT('',#5066);
#2112=VERTEX_POINT('',#5068);
#2113=VERTEX_POINT('',#5070);
#2114=VERTEX_POINT('',#5074);
#2115=VERTEX_POINT('',#5076);
#2116=VERTEX_POINT('',#5078);
#2117=VERTEX_POINT('',#5080);
#2118=VERTEX_POINT('',#5082);
#2119=VERTEX_POINT('',#5084);
#2120=VERTEX_POINT('',#5086);
#2121=VERTEX_POINT('',#5088);
#2122=VERTEX_POINT('',#5092);
#2123=VERTEX_POINT('',#5093);
#2124=VERTEX_POINT('',#5112);
#2125=VERTEX_POINT('',#5113);
#2126=VERTEX_POINT('',#5115);
#2127=VERTEX_POINT('',#5117);
#2128=VERTEX_POINT('',#5120);
#2129=VERTEX_POINT('',#5121);
#2130=VERTEX_POINT('',#5123);
#2131=VERTEX_POINT('',#5125);
#2132=VERTEX_POINT('',#5128);
#2133=VERTEX_POINT('',#5129);
#2134=VERTEX_POINT('',#5131);
#2135=VERTEX_POINT('',#5133);
#2136=VERTEX_POINT('',#5135);
#2137=VERTEX_POINT('',#5137);
#2138=VERTEX_POINT('',#5139);
#2139=VERTEX_POINT('',#5141);
#2140=VERTEX_POINT('',#5145);
#2141=VERTEX_POINT('',#5146);
#2142=VERTEX_POINT('',#5155);
#2143=VERTEX_POINT('',#5157);
#2144=VERTEX_POINT('',#5161);
#2145=VERTEX_POINT('',#5162);
#2146=VERTEX_POINT('',#5165);
#2147=VERTEX_POINT('',#5167);
#2148=VERTEX_POINT('',#5169);
#2149=VERTEX_POINT('',#5171);
#2150=VERTEX_POINT('',#5173);
#2151=VERTEX_POINT('',#5177);
#2152=VERTEX_POINT('',#5178);
#2153=VERTEX_POINT('',#5183);
#2154=VERTEX_POINT('',#5184);
#2155=VERTEX_POINT('',#5187);
#2156=VERTEX_POINT('',#5189);
#2157=VERTEX_POINT('',#5193);
#2158=VERTEX_POINT('',#5194);
#2159=VERTEX_POINT('',#5199);
#2160=VERTEX_POINT('',#5200);
#2161=VERTEX_POINT('',#5205);
#2162=VERTEX_POINT('',#5206);
#2163=VERTEX_POINT('',#5211);
#2164=VERTEX_POINT('',#5212);
#2165=VERTEX_POINT('',#5215);
#2166=VERTEX_POINT('',#5218);
#2167=VERTEX_POINT('',#5222);
#2168=VERTEX_POINT('',#5223);
#2169=VERTEX_POINT('',#5228);
#2170=VERTEX_POINT('',#5229);
#2171=VERTEX_POINT('',#5234);
#2172=VERTEX_POINT('',#5235);
#2173=VERTEX_POINT('',#5240);
#2174=VERTEX_POINT('',#5241);
#2175=VERTEX_POINT('',#5244);
#2176=VERTEX_POINT('',#5246);
#2177=VERTEX_POINT('',#5250);
#2178=VERTEX_POINT('',#5251);
#2179=VERTEX_POINT('',#5256);
#2180=VERTEX_POINT('',#5257);
#2181=VERTEX_POINT('',#5260);
#2182=VERTEX_POINT('',#5262);
#2183=VERTEX_POINT('',#5264);
#2184=VERTEX_POINT('',#5266);
#2185=VERTEX_POINT('',#5268);
#2186=VERTEX_POINT('',#5273);
#2187=VERTEX_POINT('',#5275);
#2188=VERTEX_POINT('',#5289);
#2189=VERTEX_POINT('',#5290);
#2190=VERTEX_POINT('',#5292);
#2191=VERTEX_POINT('',#5294);
#2192=VERTEX_POINT('',#5296);
#2193=VERTEX_POINT('',#5298);
#2194=VERTEX_POINT('',#5300);
#2195=VERTEX_POINT('',#5302);
#2196=VERTEX_POINT('',#5304);
#2197=VERTEX_POINT('',#5306);
#2198=VERTEX_POINT('',#5358);
#2199=VERTEX_POINT('',#5359);
#2200=VERTEX_POINT('',#5361);
#2201=VERTEX_POINT('',#5375);
#2202=VERTEX_POINT('',#5378);
#2203=VERTEX_POINT('',#5381);
#2204=VERTEX_POINT('',#5382);
#2205=VERTEX_POINT('',#5384);
#2206=VERTEX_POINT('',#5386);
#2207=VERTEX_POINT('',#5388);
#2208=VERTEX_POINT('',#5390);
#2209=VERTEX_POINT('',#5396);
#2210=VERTEX_POINT('',#5397);
#2211=VERTEX_POINT('',#5405);
#2212=VERTEX_POINT('',#5407);
#2213=VERTEX_POINT('',#5421);
#2214=VERTEX_POINT('',#5423);
#2215=VERTEX_POINT('',#5437);
#2216=VERTEX_POINT('',#5442);
#2217=VERTEX_POINT('',#5445);
#2218=VERTEX_POINT('',#5448);
#2219=VERTEX_POINT('',#5449);
#2220=VERTEX_POINT('',#5451);
#2221=VERTEX_POINT('',#5453);
#2222=VERTEX_POINT('',#5455);
#2223=VERTEX_POINT('',#5457);
#2224=VERTEX_POINT('',#5542);
#2225=VERTEX_POINT('',#5544);
#2226=VERTEX_POINT('',#7932);
#2227=VERTEX_POINT('',#8506);
#2228=VERTEX_POINT('',#8508);
#2229=VERTEX_POINT('',#8755);
#2230=VERTEX_POINT('',#9417);
#2231=VERTEX_POINT('',#9858);
#2232=VERTEX_POINT('',#9878);
#2233=VERTEX_POINT('',#9900);
#2234=VERTEX_POINT('',#10984);
#2235=VERTEX_POINT('',#10985);
#2236=VERTEX_POINT('',#10987);
#2237=VERTEX_POINT('',#10989);
#2238=VERTEX_POINT('',#10991);
#2239=VERTEX_POINT('',#10993);
#2240=VERTEX_POINT('',#10997);
#2241=VERTEX_POINT('',#10999);
#2242=VERTEX_POINT('',#11003);
#2243=VERTEX_POINT('',#11007);
#2244=VERTEX_POINT('',#11011);
#2245=VERTEX_POINT('',#11015);
#2246=VERTEX_POINT('',#11022);
#2247=VERTEX_POINT('',#11025);
#2248=VERTEX_POINT('',#11030);
#2249=VERTEX_POINT('',#11031);
#2250=VERTEX_POINT('',#11033);
#2251=VERTEX_POINT('',#11035);
#2252=VERTEX_POINT('',#11039);
#2253=VERTEX_POINT('',#11040);
#2254=VERTEX_POINT('',#11042);
#2255=VERTEX_POINT('',#11044);
#2256=VERTEX_POINT('',#11048);
#2257=VERTEX_POINT('',#11049);
#2258=VERTEX_POINT('',#11051);
#2259=VERTEX_POINT('',#11053);
#2260=VERTEX_POINT('',#11057);
#2261=VERTEX_POINT('',#11058);
#2262=VERTEX_POINT('',#11060);
#2263=VERTEX_POINT('',#11062);
#2264=VERTEX_POINT('',#11066);
#2265=VERTEX_POINT('',#11068);
#2266=VERTEX_POINT('',#11072);
#2267=VERTEX_POINT('',#11074);
#2268=VERTEX_POINT('',#11078);
#2269=VERTEX_POINT('',#11080);
#2270=VERTEX_POINT('',#11084);
#2271=VERTEX_POINT('',#11086);
#2272=VERTEX_POINT('',#11090);
#2273=VERTEX_POINT('',#11091);
#2274=VERTEX_POINT('',#11093);
#2275=VERTEX_POINT('',#11095);
#2276=VERTEX_POINT('',#11097);
#2277=VERTEX_POINT('',#11099);
#2278=VERTEX_POINT('',#11101);
#2279=VERTEX_POINT('',#11103);
#2280=VERTEX_POINT('',#11120);
#2281=VERTEX_POINT('',#11121);
#2282=VERTEX_POINT('',#11126);
#2283=VERTEX_POINT('',#11127);
#2284=VERTEX_POINT('',#11132);
#2285=VERTEX_POINT('',#11134);
#2286=VERTEX_POINT('',#11138);
#2287=VERTEX_POINT('',#11140);
#2288=VERTEX_POINT('',#11162);
#2289=VERTEX_POINT('',#11163);
#2290=VERTEX_POINT('',#11166);
#2291=VERTEX_POINT('',#11168);
#2292=VERTEX_POINT('',#11170);
#2293=VERTEX_POINT('',#11172);
#2294=VERTEX_POINT('',#11174);
#2295=VERTEX_POINT('',#11176);
#2296=VERTEX_POINT('',#11178);
#2297=VERTEX_POINT('',#11180);
#2298=VERTEX_POINT('',#11182);
#2299=VERTEX_POINT('',#11184);
#2300=VERTEX_POINT('',#11186);
#2301=VERTEX_POINT('',#11188);
#2302=VERTEX_POINT('',#11193);
#2303=VERTEX_POINT('',#11195);
#2304=VERTEX_POINT('',#11199);
#2305=VERTEX_POINT('',#11200);
#2306=VERTEX_POINT('',#11202);
#2307=VERTEX_POINT('',#11204);
#2308=VERTEX_POINT('',#11206);
#2309=VERTEX_POINT('',#11208);
#2310=VERTEX_POINT('',#11210);
#2311=VERTEX_POINT('',#11212);
#2312=VERTEX_POINT('',#11214);
#2313=VERTEX_POINT('',#11216);
#2314=VERTEX_POINT('',#11218);
#2315=VERTEX_POINT('',#11220);
#2316=VERTEX_POINT('',#11222);
#2317=VERTEX_POINT('',#11225);
#2318=VERTEX_POINT('',#11227);
#2319=VERTEX_POINT('',#11229);
#2320=VERTEX_POINT('',#11231);
#2321=VERTEX_POINT('',#11233);
#2322=VERTEX_POINT('',#11235);
#2323=VERTEX_POINT('',#11237);
#2324=VERTEX_POINT('',#11239);
#2325=VERTEX_POINT('',#11241);
#2326=VERTEX_POINT('',#11243);
#2327=VERTEX_POINT('',#11245);
#2328=VERTEX_POINT('',#11249);
#2329=VERTEX_POINT('',#11250);
#2330=VERTEX_POINT('',#11252);
#2331=VERTEX_POINT('',#11254);
#2332=VERTEX_POINT('',#11257);
#2333=VERTEX_POINT('',#11258);
#2334=VERTEX_POINT('',#11260);
#2335=VERTEX_POINT('',#11262);
#2336=VERTEX_POINT('',#11265);
#2337=VERTEX_POINT('',#11267);
#2338=VERTEX_POINT('',#11269);
#2339=VERTEX_POINT('',#11271);
#2340=VERTEX_POINT('',#11273);
#2341=VERTEX_POINT('',#11275);
#2342=VERTEX_POINT('',#11277);
#2343=VERTEX_POINT('',#11279);
#2344=VERTEX_POINT('',#11281);
#2345=VERTEX_POINT('',#11283);
#2346=VERTEX_POINT('',#11285);
#2347=VERTEX_POINT('',#11287);
#2348=VERTEX_POINT('',#11290);
#2349=VERTEX_POINT('',#11292);
#2350=VERTEX_POINT('',#11294);
#2351=VERTEX_POINT('',#11296);
#2352=VERTEX_POINT('',#11298);
#2353=VERTEX_POINT('',#11301);
#2354=VERTEX_POINT('',#11304);
#2355=VERTEX_POINT('',#11305);
#2356=VERTEX_POINT('',#11307);
#2357=VERTEX_POINT('',#11309);
#2358=VERTEX_POINT('',#11312);
#2359=VERTEX_POINT('',#11314);
#2360=VERTEX_POINT('',#11317);
#2361=VERTEX_POINT('',#11319);
#2362=VERTEX_POINT('',#11321);
#2363=VERTEX_POINT('',#11322);
#2364=VERTEX_POINT('',#11327);
#2365=VERTEX_POINT('',#11332);
#2366=VERTEX_POINT('',#11335);
#2367=VERTEX_POINT('',#11340);
#2368=VERTEX_POINT('',#11345);
#2369=VERTEX_POINT('',#11348);
#2370=VERTEX_POINT('',#11360);
#2371=VERTEX_POINT('',#11390);
#2372=VERTEX_POINT('',#11418);
#2373=VERTEX_POINT('',#11419);
#2374=VERTEX_POINT('',#11421);
#2375=VERTEX_POINT('',#11423);
#2376=VERTEX_POINT('',#11426);
#2377=VERTEX_POINT('',#11427);
#2378=VERTEX_POINT('',#11429);
#2379=VERTEX_POINT('',#11431);
#2380=VERTEX_POINT('',#11433);
#2381=VERTEX_POINT('',#11435);
#2382=VERTEX_POINT('',#11437);
#2383=VERTEX_POINT('',#11439);
#2384=VERTEX_POINT('',#11443);
#2385=VERTEX_POINT('',#11444);
#2386=VERTEX_POINT('',#11446);
#2387=VERTEX_POINT('',#11448);
#2388=VERTEX_POINT('',#11452);
#2389=VERTEX_POINT('',#11458);
#2390=VERTEX_POINT('',#11471);
#2391=VERTEX_POINT('',#11473);
#2392=VERTEX_POINT('',#11477);
#2393=VERTEX_POINT('',#11481);
#2394=VERTEX_POINT('',#11495);
#2395=VERTEX_POINT('',#11497);
#2396=VERTEX_POINT('',#11499);
#2397=VERTEX_POINT('',#11501);
#2398=VERTEX_POINT('',#11507);
#2399=VERTEX_POINT('',#11511);
#2400=VERTEX_POINT('',#11521);
#2401=VERTEX_POINT('',#11523);
#2402=VERTEX_POINT('',#11527);
#2403=VERTEX_POINT('',#11531);
#2404=VERTEX_POINT('',#11549);
#2405=VERTEX_POINT('',#11550);
#2406=VERTEX_POINT('',#11552);
#2407=VERTEX_POINT('',#11554);
#2408=VERTEX_POINT('',#11556);
#2409=VERTEX_POINT('',#11558);
#2410=VERTEX_POINT('',#11560);
#2411=VERTEX_POINT('',#11562);
#2412=VERTEX_POINT('',#11582);
#2413=VERTEX_POINT('',#11584);
#2414=VERTEX_POINT('',#11587);
#2415=VERTEX_POINT('',#11590);
#2416=VERTEX_POINT('',#11594);
#2417=VERTEX_POINT('',#11597);
#2418=EDGE_CURVE('',#2080,#2081,#2934,.T.);
#2419=EDGE_CURVE('',#2080,#2082,#2935,.T.);
#2420=EDGE_CURVE('',#2083,#2082,#2936,.T.);
#2421=EDGE_CURVE('',#2084,#2083,#2937,.T.);
#2422=EDGE_CURVE('',#2084,#2085,#2938,.T.);
#2423=EDGE_CURVE('',#2085,#2081,#2939,.T.);
#2424=EDGE_CURVE('',#2086,#2087,#2940,.T.);
#2425=EDGE_CURVE('',#2086,#2088,#2941,.T.);
#2426=EDGE_CURVE('',#2089,#2088,#2942,.T.);
#2427=EDGE_CURVE('',#2089,#2090,#208,.T.);
#2428=EDGE_CURVE('',#2090,#2091,#2943,.T.);
#2429=EDGE_CURVE('',#2092,#2091,#209,.T.);
#2430=EDGE_CURVE('',#2093,#2092,#2944,.T.);
#2431=EDGE_CURVE('',#2093,#2094,#210,.T.);
#2432=EDGE_CURVE('',#2095,#2094,#2945,.T.);
#2433=EDGE_CURVE('',#2096,#2095,#211,.T.);
#2434=EDGE_CURVE('',#2096,#2097,#2946,.T.);
#2435=EDGE_CURVE('',#2097,#2098,#212,.T.);
#2436=EDGE_CURVE('',#2098,#2099,#2947,.T.);
#2437=EDGE_CURVE('',#2100,#2099,#213,.T.);
#2438=EDGE_CURVE('',#2100,#2101,#2948,.T.);
#2439=EDGE_CURVE('',#2101,#2102,#214,.T.);
#2440=EDGE_CURVE('',#2103,#2102,#2949,.T.);
#2441=EDGE_CURVE('',#2104,#2103,#215,.T.);
#2442=EDGE_CURVE('',#2105,#2104,#2950,.T.);
#2443=EDGE_CURVE('',#2105,#2087,#2951,.T.);
#2444=EDGE_CURVE('',#2106,#2107,#2952,.T.);
#2445=EDGE_CURVE('',#2081,#2106,#2953,.T.);
#2446=EDGE_CURVE('',#2108,#2085,#2954,.T.);
#2447=EDGE_CURVE('',#2109,#2108,#216,.T.);
#2448=EDGE_CURVE('',#2110,#2109,#2955,.T.);
#2449=EDGE_CURVE('',#2111,#2110,#2956,.T.);
#2450=EDGE_CURVE('',#2112,#2111,#2957,.T.);
#2451=EDGE_CURVE('',#2113,#2112,#217,.T.);
#2452=EDGE_CURVE('',#2107,#2113,#2958,.T.);
#2453=EDGE_CURVE('',#2083,#2114,#2959,.T.);
#2454=EDGE_CURVE('',#2114,#2115,#2960,.T.);
#2455=EDGE_CURVE('',#2115,#2116,#2961,.T.);
#2456=EDGE_CURVE('',#2116,#2117,#218,.T.);
#2457=EDGE_CURVE('',#2117,#2118,#2962,.T.);
#2458=EDGE_CURVE('',#2118,#2119,#2963,.T.);
#2459=EDGE_CURVE('',#2119,#2120,#2964,.T.);
#2460=EDGE_CURVE('',#2120,#2121,#219,.T.);
#2461=EDGE_CURVE('',#2121,#2084,#2965,.T.);
#2462=EDGE_CURVE('',#2122,#2123,#2966,.T.);
#2463=EDGE_CURVE('',#2123,#2106,#2967,.T.);
#2464=EDGE_CURVE('',#2115,#2107,#2968,.T.);
#2465=EDGE_CURVE('',#2114,#2122,#2969,.T.);
#2466=EDGE_CURVE('',#2116,#2113,#2970,.T.);
#2467=EDGE_CURVE('',#2117,#2112,#2971,.T.);
#2468=EDGE_CURVE('',#2118,#2111,#2972,.T.);
#2469=EDGE_CURVE('',#2119,#2110,#2973,.T.);
#2470=EDGE_CURVE('',#2120,#2109,#2974,.T.);
#2471=EDGE_CURVE('',#2121,#2108,#2975,.T.);
#2472=EDGE_CURVE('',#2124,#2125,#2976,.T.);
#2473=EDGE_CURVE('',#2126,#2124,#220,.T.);
#2474=EDGE_CURVE('',#2126,#2127,#2977,.T.);
#2475=EDGE_CURVE('',#2127,#2125,#2978,.T.);
#2476=EDGE_CURVE('',#2128,#2129,#2979,.T.);
#2477=EDGE_CURVE('',#2130,#2129,#2980,.T.);
#2478=EDGE_CURVE('',#2131,#2130,#2981,.T.);
#2479=EDGE_CURVE('',#2128,#2131,#2982,.T.);
#2480=EDGE_CURVE('',#2132,#2133,#2983,.T.);
#2481=EDGE_CURVE('',#2132,#2134,#2984,.T.);
#2482=EDGE_CURVE('',#2135,#2134,#2985,.T.);
#2483=EDGE_CURVE('',#2135,#2136,#2986,.T.);
#2484=EDGE_CURVE('',#2137,#2136,#2987,.T.);
#2485=EDGE_CURVE('',#2137,#2138,#2988,.T.);
#2486=EDGE_CURVE('',#2139,#2138,#2989,.T.);
#2487=EDGE_CURVE('',#2139,#2133,#2990,.T.);
#2488=EDGE_CURVE('',#2140,#2141,#2991,.T.);
#2489=EDGE_CURVE('',#2140,#2127,#221,.T.);
#2490=EDGE_CURVE('',#2126,#2142,#74,.T.);
#2491=EDGE_CURVE('',#2143,#2142,#2992,.T.);
#2492=EDGE_CURVE('',#2141,#2143,#222,.T.);
#2493=EDGE_CURVE('',#2144,#2145,#2993,.T.);
#2494=EDGE_CURVE('',#2145,#2140,#2994,.T.);
#2495=EDGE_CURVE('',#2141,#2146,#2995,.T.);
#2496=EDGE_CURVE('',#2146,#2147,#2996,.T.);
#2497=EDGE_CURVE('',#2148,#2147,#2997,.T.);
#2498=EDGE_CURVE('',#2149,#2148,#2998,.T.);
#2499=EDGE_CURVE('',#2149,#2150,#2999,.T.);
#2500=EDGE_CURVE('',#2150,#2144,#3000,.T.);
#2501=EDGE_CURVE('',#2151,#2152,#3001,.T.);
#2502=EDGE_CURVE('',#2151,#2145,#223,.T.);
#2503=EDGE_CURVE('',#2152,#2144,#224,.T.);
#2504=EDGE_CURVE('',#2153,#2154,#3002,.T.);
#2505=EDGE_CURVE('',#2153,#2151,#3003,.T.);
#2506=EDGE_CURVE('',#2155,#2152,#3004,.T.);
#2507=EDGE_CURVE('',#2155,#2156,#3005,.T.);
#2508=EDGE_CURVE('',#2156,#2154,#3006,.T.);
#2509=EDGE_CURVE('',#2157,#2158,#3007,.T.);
#2510=EDGE_CURVE('',#2157,#2153,#225,.T.);
#2511=EDGE_CURVE('',#2158,#2154,#226,.T.);
#2512=EDGE_CURVE('',#2159,#2160,#3008,.T.);
#2513=EDGE_CURVE('',#2160,#2157,#3009,.T.);
#2514=EDGE_CURVE('',#2158,#2159,#3010,.T.);
#2515=EDGE_CURVE('',#2161,#2162,#3011,.T.);
#2516=EDGE_CURVE('',#2161,#2160,#227,.T.);
#2517=EDGE_CURVE('',#2162,#2159,#228,.T.);
#2518=EDGE_CURVE('',#2163,#2164,#3012,.T.);
#2519=EDGE_CURVE('',#2163,#2161,#3013,.T.);
#2520=EDGE_CURVE('',#2165,#2162,#3014,.T.);
#2521=EDGE_CURVE('',#2165,#2086,#3015,.T.);
#2522=EDGE_CURVE('',#2087,#2166,#3016,.T.);
#2523=EDGE_CURVE('',#2164,#2166,#3017,.T.);
#2524=EDGE_CURVE('',#2167,#2168,#3018,.T.);
#2525=EDGE_CURVE('',#2167,#2163,#229,.T.);
#2526=EDGE_CURVE('',#2164,#2168,#230,.T.);
#2527=EDGE_CURVE('',#2169,#2170,#3019,.T.);
#2528=EDGE_CURVE('',#2170,#2167,#3020,.T.);
#2529=EDGE_CURVE('',#2169,#2168,#3021,.T.);
#2530=EDGE_CURVE('',#2171,#2172,#3022,.T.);
#2531=EDGE_CURVE('',#2171,#2170,#231,.T.);
#2532=EDGE_CURVE('',#2169,#2172,#232,.T.);
#2533=EDGE_CURVE('',#2173,#2174,#3023,.T.);
#2534=EDGE_CURVE('',#2174,#2171,#3024,.T.);
#2535=EDGE_CURVE('',#2175,#2172,#3025,.T.);
#2536=EDGE_CURVE('',#2175,#2176,#3026,.T.);
#2537=EDGE_CURVE('',#2176,#2173,#3027,.T.);
#2538=EDGE_CURVE('',#2177,#2178,#3028,.T.);
#2539=EDGE_CURVE('',#2177,#2174,#233,.T.);
#2540=EDGE_CURVE('',#2178,#2173,#234,.T.);
#2541=EDGE_CURVE('',#2179,#2180,#3029,.T.);
#2542=EDGE_CURVE('',#2179,#2177,#3030,.T.);
#2543=EDGE_CURVE('',#2181,#2178,#3031,.T.);
#2544=EDGE_CURVE('',#2182,#2181,#3032,.T.);
#2545=EDGE_CURVE('',#2182,#2183,#3033,.T.);
#2546=EDGE_CURVE('',#2183,#2184,#3034,.T.);
#2547=EDGE_CURVE('',#2185,#2184,#3035,.T.);
#2548=EDGE_CURVE('',#2180,#2185,#3036,.T.);
#2549=EDGE_CURVE('',#2125,#2179,#235,.T.);
#2550=EDGE_CURVE('',#2180,#2186,#236,.T.);
#2551=EDGE_CURVE('',#2186,#2187,#3037,.T.);
#2552=EDGE_CURVE('',#2187,#2124,#75,.T.);
#2553=EDGE_CURVE('',#2123,#2080,#3038,.T.);
#2554=EDGE_CURVE('',#2122,#2082,#3039,.T.);
#2555=EDGE_CURVE('',#2188,#2189,#3040,.T.);
#2556=EDGE_CURVE('',#2189,#2190,#3041,.T.);
#2557=EDGE_CURVE('',#2190,#2191,#3042,.T.);
#2558=EDGE_CURVE('',#2191,#2192,#237,.T.);
#2559=EDGE_CURVE('',#2192,#2193,#3043,.T.);
#2560=EDGE_CURVE('',#2193,#2194,#3044,.T.);
#2561=EDGE_CURVE('',#2194,#2195,#3045,.T.);
#2562=EDGE_CURVE('',#2195,#2196,#238,.T.);
#2563=EDGE_CURVE('',#2196,#2197,#3046,.T.);
#2564=EDGE_CURVE('',#2197,#2188,#3047,.T.);
#2565=EDGE_CURVE('',#2125,#2188,#239,.T.);
#2566=EDGE_CURVE('',#2127,#2189,#240,.T.);
#2567=EDGE_CURVE('',#2179,#2188,#241,.T.);
#2568=EDGE_CURVE('',#2177,#2197,#242,.T.);
#2569=EDGE_CURVE('',#2174,#2197,#243,.T.);
#2570=EDGE_CURVE('',#2171,#2196,#244,.T.);
#2571=EDGE_CURVE('',#2170,#2195,#245,.T.);
#2572=EDGE_CURVE('',#2167,#2194,#246,.T.);
#2573=EDGE_CURVE('',#2163,#2194,#247,.T.);
#2574=EDGE_CURVE('',#2161,#2193,#248,.T.);
#2575=EDGE_CURVE('',#2160,#2193,#249,.T.);
#2576=EDGE_CURVE('',#2157,#2192,#250,.T.);
#2577=EDGE_CURVE('',#2153,#2191,#251,.T.);
#2578=EDGE_CURVE('',#2151,#2190,#252,.T.);
#2579=EDGE_CURVE('',#2145,#2190,#253,.T.);
#2580=EDGE_CURVE('',#2140,#2189,#254,.T.);
#2581=EDGE_CURVE('',#2198,#2199,#76,.T.);
#2582=EDGE_CURVE('',#2200,#2198,#255,.T.);
#2583=EDGE_CURVE('',#2201,#2200,#77,.T.);
#2584=EDGE_CURVE('',#2199,#2201,#256,.T.);
#2585=EDGE_CURVE('',#2202,#2202,#257,.T.);
#2586=EDGE_CURVE('',#2203,#2204,#3048,.T.);
#2587=EDGE_CURVE('',#2205,#2203,#3049,.T.);
#2588=EDGE_CURVE('',#2206,#2205,#3050,.T.);
#2589=EDGE_CURVE('',#2207,#2206,#3051,.T.);
#2590=EDGE_CURVE('',#2208,#2207,#3052,.T.);
#2591=EDGE_CURVE('',#2204,#2208,#3053,.T.);
#2592=EDGE_CURVE('',#2209,#2210,#78,.T.);
#2593=EDGE_CURVE('',#2209,#2211,#79,.T.);
#2594=EDGE_CURVE('',#2211,#2212,#258,.T.);
#2595=EDGE_CURVE('',#2212,#2213,#80,.T.);
#2596=EDGE_CURVE('',#2213,#2214,#259,.T.);
#2597=EDGE_CURVE('',#2215,#2214,#81,.T.);
#2598=EDGE_CURVE('',#2215,#2210,#260,.T.);
#2599=EDGE_CURVE('',#2187,#2142,#261,.T.);
#2600=EDGE_CURVE('',#2216,#2216,#262,.T.);
#2601=EDGE_CURVE('',#2217,#2217,#263,.T.);
#2602=EDGE_CURVE('',#2218,#2219,#3054,.T.);
#2603=EDGE_CURVE('',#2220,#2218,#3055,.T.);
#2604=EDGE_CURVE('',#2221,#2220,#3056,.T.);
#2605=EDGE_CURVE('',#2222,#2221,#3057,.T.);
#2606=EDGE_CURVE('',#2223,#2222,#3058,.T.);
#2607=EDGE_CURVE('',#2219,#2223,#3059,.T.);
#2608=EDGE_CURVE('',#2218,#2205,#3060,.T.);
#2609=EDGE_CURVE('',#2220,#2203,#3061,.T.);
#2610=EDGE_CURVE('',#2221,#2204,#3062,.T.);
#2611=EDGE_CURVE('',#2222,#2208,#3063,.T.);
#2612=EDGE_CURVE('',#2223,#2207,#3064,.T.);
#2613=EDGE_CURVE('',#2219,#2206,#3065,.T.);
#2614=EDGE_CURVE('',#2198,#2224,#82,.T.);
#2615=EDGE_CURVE('',#2224,#2225,#264,.T.);
#2616=EDGE_CURVE('',#2214,#2225,#83,.T.);
#2617=EDGE_CURVE('',#2213,#2200,#84,.T.);
#2618=EDGE_CURVE('',#2212,#2201,#85,.T.);
#2619=EDGE_CURVE('',#2199,#2211,#86,.T.);
#2620=EDGE_CURVE('',#2226,#2209,#87,.T.);
#2621=EDGE_CURVE('',#2226,#2224,#88,.T.);
#2622=EDGE_CURVE('',#2227,#2215,#89,.T.);
#2623=EDGE_CURVE('',#2227,#2228,#265,.T.);
#2624=EDGE_CURVE('',#2210,#2228,#90,.T.);
#2625=EDGE_CURVE('',#2225,#2229,#91,.T.);
#2626=EDGE_CURVE('',#2230,#2229,#92,.T.);
#2627=EDGE_CURVE('',#2230,#2227,#93,.T.);
#2628=EDGE_CURVE('',#2231,#2231,#266,.T.);
#2629=EDGE_CURVE('',#2232,#2226,#94,.T.);
#2630=EDGE_CURVE('',#2232,#2229,#267,.T.);
#2631=EDGE_CURVE('',#2228,#2233,#95,.T.);
#2632=EDGE_CURVE('',#2232,#2233,#96,.T.);
#2633=EDGE_CURVE('',#2230,#2233,#268,.T.);
#2634=EDGE_CURVE('',#2234,#2235,#3066,.T.);
#2635=EDGE_CURVE('',#2236,#2234,#3067,.T.);
#2636=EDGE_CURVE('',#2237,#2236,#3068,.T.);
#2637=EDGE_CURVE('',#2238,#2237,#3069,.T.);
#2638=EDGE_CURVE('',#2239,#2238,#3070,.T.);
#2639=EDGE_CURVE('',#2235,#2239,#3071,.T.);
#2640=EDGE_CURVE('',#2235,#2240,#3072,.T.);
#2641=EDGE_CURVE('',#2240,#2241,#3073,.T.);
#2642=EDGE_CURVE('',#2234,#2241,#3074,.T.);
#2643=EDGE_CURVE('',#2239,#2242,#3075,.T.);
#2644=EDGE_CURVE('',#2242,#2240,#3076,.T.);
#2645=EDGE_CURVE('',#2238,#2243,#3077,.T.);
#2646=EDGE_CURVE('',#2243,#2242,#3078,.T.);
#2647=EDGE_CURVE('',#2237,#2244,#3079,.T.);
#2648=EDGE_CURVE('',#2244,#2243,#3080,.T.);
#2649=EDGE_CURVE('',#2236,#2245,#3081,.T.);
#2650=EDGE_CURVE('',#2245,#2244,#3082,.T.);
#2651=EDGE_CURVE('',#2241,#2245,#3083,.T.);
#2652=EDGE_CURVE('',#2246,#2246,#269,.T.);
#2653=EDGE_CURVE('',#2247,#2247,#270,.T.);
#2654=EDGE_CURVE('',#2248,#2249,#46,.T.);
#2655=EDGE_CURVE('',#2249,#2250,#3084,.T.);
#2656=EDGE_CURVE('',#2250,#2251,#47,.T.);
#2657=EDGE_CURVE('',#2251,#2248,#3085,.T.);
#2658=EDGE_CURVE('',#2252,#2253,#3086,.T.);
#2659=EDGE_CURVE('',#2253,#2254,#48,.T.);
#2660=EDGE_CURVE('',#2254,#2255,#3087,.T.);
#2661=EDGE_CURVE('',#2255,#2252,#49,.T.);
#2662=EDGE_CURVE('',#2256,#2257,#50,.T.);
#2663=EDGE_CURVE('',#2257,#2258,#3088,.T.);
#2664=EDGE_CURVE('',#2258,#2259,#51,.T.);
#2665=EDGE_CURVE('',#2259,#2256,#3089,.T.);
#2666=EDGE_CURVE('',#2260,#2261,#3090,.T.);
#2667=EDGE_CURVE('',#2261,#2262,#52,.T.);
#2668=EDGE_CURVE('',#2262,#2263,#3091,.T.);
#2669=EDGE_CURVE('',#2263,#2260,#53,.T.);
#2670=EDGE_CURVE('',#2136,#2264,#3092,.T.);
#2671=EDGE_CURVE('',#2264,#2265,#3093,.T.);
#2672=EDGE_CURVE('',#2265,#2137,#3094,.T.);
#2673=EDGE_CURVE('',#2138,#2266,#3095,.T.);
#2674=EDGE_CURVE('',#2266,#2267,#3096,.T.);
#2675=EDGE_CURVE('',#2267,#2139,#3097,.T.);
#2676=EDGE_CURVE('',#2133,#2268,#3098,.T.);
#2677=EDGE_CURVE('',#2268,#2269,#3099,.T.);
#2678=EDGE_CURVE('',#2269,#2132,#3100,.T.);
#2679=EDGE_CURVE('',#2134,#2270,#3101,.T.);
#2680=EDGE_CURVE('',#2270,#2271,#3102,.T.);
#2681=EDGE_CURVE('',#2271,#2135,#3103,.T.);
#2682=EDGE_CURVE('',#2272,#2273,#3104,.T.);
#2683=EDGE_CURVE('',#2273,#2274,#3105,.T.);
#2684=EDGE_CURVE('',#2274,#2275,#3106,.T.);
#2685=EDGE_CURVE('',#2275,#2276,#3107,.T.);
#2686=EDGE_CURVE('',#2276,#2277,#3108,.T.);
#2687=EDGE_CURVE('',#2277,#2278,#3109,.T.);
#2688=EDGE_CURVE('',#2278,#2279,#3110,.T.);
#2689=EDGE_CURVE('',#2279,#2272,#3111,.T.);
#2690=EDGE_CURVE('',#2263,#2251,#3112,.T.);
#2691=EDGE_CURVE('',#2250,#2252,#3113,.T.);
#2692=EDGE_CURVE('',#2255,#2259,#3114,.T.);
#2693=EDGE_CURVE('',#2258,#2260,#3115,.T.);
#2694=EDGE_CURVE('',#2257,#2261,#3116,.T.);
#2695=EDGE_CURVE('',#2249,#2253,#3117,.T.);
#2696=EDGE_CURVE('',#2262,#2248,#3118,.T.);
#2697=EDGE_CURVE('',#2254,#2256,#3119,.T.);
#2698=EDGE_CURVE('',#2280,#2281,#3120,.T.);
#2699=EDGE_CURVE('',#2281,#2268,#3121,.T.);
#2700=EDGE_CURVE('',#2267,#2280,#3122,.T.);
#2701=EDGE_CURVE('',#2282,#2283,#3123,.T.);
#2702=EDGE_CURVE('',#2283,#2266,#3124,.T.);
#2703=EDGE_CURVE('',#2265,#2282,#3125,.T.);
#2704=EDGE_CURVE('',#2269,#2284,#3126,.T.);
#2705=EDGE_CURVE('',#2284,#2285,#3127,.T.);
#2706=EDGE_CURVE('',#2285,#2270,#3128,.T.);
#2707=EDGE_CURVE('',#2271,#2286,#3129,.T.);
#2708=EDGE_CURVE('',#2286,#2287,#3130,.T.);
#2709=EDGE_CURVE('',#2287,#2264,#3131,.T.);
#2710=EDGE_CURVE('',#2274,#2282,#3132,.T.);
#2711=EDGE_CURVE('',#2287,#2275,#3133,.T.);
#2712=EDGE_CURVE('',#2283,#2273,#3134,.T.);
#2713=EDGE_CURVE('',#2280,#2272,#3135,.T.);
#2714=EDGE_CURVE('',#2276,#2286,#3136,.T.);
#2715=EDGE_CURVE('',#2281,#2279,#3137,.T.);
#2716=EDGE_CURVE('',#2277,#2285,#3138,.T.);
#2717=EDGE_CURVE('',#2284,#2278,#3139,.T.);
#2718=EDGE_CURVE('',#2186,#2143,#3140,.T.);
#2719=EDGE_CURVE('',#2288,#2289,#3141,.T.);
#2720=EDGE_CURVE('',#2289,#2165,#3142,.T.);
#2721=EDGE_CURVE('',#2156,#2290,#271,.T.);
#2722=EDGE_CURVE('',#2291,#2290,#3143,.T.);
#2723=EDGE_CURVE('',#2292,#2291,#3144,.T.);
#2724=EDGE_CURVE('',#2293,#2292,#3145,.T.);
#2725=EDGE_CURVE('',#2294,#2293,#3146,.T.);
#2726=EDGE_CURVE('',#2295,#2294,#3147,.T.);
#2727=EDGE_CURVE('',#2295,#2296,#3148,.T.);
#2728=EDGE_CURVE('',#2296,#2297,#3149,.T.);
#2729=EDGE_CURVE('',#2298,#2297,#3150,.T.);
#2730=EDGE_CURVE('',#2298,#2299,#3151,.T.);
#2731=EDGE_CURVE('',#2300,#2299,#3152,.T.);
#2732=EDGE_CURVE('',#2300,#2301,#3153,.T.);
#2733=EDGE_CURVE('',#2301,#2175,#272,.T.);
#2734=EDGE_CURVE('',#2166,#2288,#3154,.T.);
#2735=EDGE_CURVE('',#2289,#2302,#3155,.T.);
#2736=EDGE_CURVE('',#2303,#2288,#3156,.T.);
#2737=EDGE_CURVE('',#2302,#2303,#3157,.T.);
#2738=EDGE_CURVE('',#2304,#2305,#3158,.T.);
#2739=EDGE_CURVE('',#2304,#2306,#273,.T.);
#2740=EDGE_CURVE('',#2306,#2307,#3159,.T.);
#2741=EDGE_CURVE('',#2308,#2307,#3160,.T.);
#2742=EDGE_CURVE('',#2308,#2309,#3161,.T.);
#2743=EDGE_CURVE('',#2310,#2309,#3162,.T.);
#2744=EDGE_CURVE('',#2310,#2311,#3163,.T.);
#2745=EDGE_CURVE('',#2312,#2311,#274,.T.);
#2746=EDGE_CURVE('',#2312,#2313,#3164,.T.);
#2747=EDGE_CURVE('',#2313,#2314,#275,.T.);
#2748=EDGE_CURVE('',#2314,#2315,#3165,.T.);
#2749=EDGE_CURVE('',#2316,#2315,#276,.T.);
#2750=EDGE_CURVE('',#2316,#2302,#3166,.T.);
#2751=EDGE_CURVE('',#2303,#2317,#3167,.T.);
#2752=EDGE_CURVE('',#2317,#2318,#277,.T.);
#2753=EDGE_CURVE('',#2319,#2318,#3168,.T.);
#2754=EDGE_CURVE('',#2320,#2319,#278,.T.);
#2755=EDGE_CURVE('',#2321,#2320,#3169,.T.);
#2756=EDGE_CURVE('',#2321,#2322,#279,.T.);
#2757=EDGE_CURVE('',#2323,#2322,#3170,.T.);
#2758=EDGE_CURVE('',#2323,#2324,#3171,.T.);
#2759=EDGE_CURVE('',#2325,#2324,#3172,.T.);
#2760=EDGE_CURVE('',#2325,#2326,#3173,.T.);
#2761=EDGE_CURVE('',#2327,#2326,#3174,.T.);
#2762=EDGE_CURVE('',#2327,#2305,#280,.T.);
#2763=EDGE_CURVE('',#2328,#2329,#3175,.T.);
#2764=EDGE_CURVE('',#2329,#2330,#281,.T.);
#2765=EDGE_CURVE('',#2330,#2331,#3176,.T.);
#2766=EDGE_CURVE('',#2328,#2331,#282,.T.);
#2767=EDGE_CURVE('',#2332,#2333,#283,.T.);
#2768=EDGE_CURVE('',#2333,#2334,#3177,.T.);
#2769=EDGE_CURVE('',#2334,#2335,#3178,.T.);
#2770=EDGE_CURVE('',#2335,#2181,#3179,.T.);
#2771=EDGE_CURVE('',#2176,#2336,#284,.T.);
#2772=EDGE_CURVE('',#2336,#2337,#3180,.T.);
#2773=EDGE_CURVE('',#2337,#2338,#3181,.T.);
#2774=EDGE_CURVE('',#2339,#2338,#3182,.T.);
#2775=EDGE_CURVE('',#2340,#2339,#3183,.T.);
#2776=EDGE_CURVE('',#2341,#2340,#3184,.T.);
#2777=EDGE_CURVE('',#2342,#2341,#3185,.T.);
#2778=EDGE_CURVE('',#2342,#2343,#3186,.T.);
#2779=EDGE_CURVE('',#2344,#2343,#3187,.T.);
#2780=EDGE_CURVE('',#2344,#2345,#3188,.T.);
#2781=EDGE_CURVE('',#2345,#2346,#3189,.T.);
#2782=EDGE_CURVE('',#2347,#2346,#3190,.T.);
#2783=EDGE_CURVE('',#2347,#2155,#285,.T.);
#2784=EDGE_CURVE('',#2348,#2150,#3191,.T.);
#2785=EDGE_CURVE('',#2349,#2348,#3192,.T.);
#2786=EDGE_CURVE('',#2350,#2349,#3193,.T.);
#2787=EDGE_CURVE('',#2350,#2351,#286,.T.);
#2788=EDGE_CURVE('',#2351,#2352,#3194,.T.);
#2789=EDGE_CURVE('',#2352,#2146,#287,.T.);
#2790=EDGE_CURVE('',#2353,#2185,#288,.T.);
#2791=EDGE_CURVE('',#2353,#2332,#3195,.T.);
#2792=EDGE_CURVE('',#2354,#2355,#289,.T.);
#2793=EDGE_CURVE('',#2355,#2356,#3196,.T.);
#2794=EDGE_CURVE('',#2356,#2357,#290,.T.);
#2795=EDGE_CURVE('',#2354,#2357,#3197,.T.);
#2796=EDGE_CURVE('',#2358,#2358,#291,.T.);
#2797=EDGE_CURVE('',#2359,#2359,#292,.T.);
#2798=EDGE_CURVE('',#2360,#2360,#293,.T.);
#2799=EDGE_CURVE('',#2361,#2361,#294,.T.);
#2800=EDGE_CURVE('',#2362,#2363,#54,.T.);
#2801=EDGE_CURVE('',#2363,#2362,#55,.T.);
#2802=EDGE_CURVE('',#2348,#2309,#3198,.T.);
#2803=EDGE_CURVE('',#2149,#2364,#3199,.T.);
#2804=EDGE_CURVE('',#2310,#2364,#3200,.T.);
#2805=EDGE_CURVE('',#2308,#2349,#3201,.T.);
#2806=EDGE_CURVE('',#2307,#2365,#3202,.T.);
#2807=EDGE_CURVE('',#2148,#2365,#3203,.T.);
#2808=EDGE_CURVE('',#2366,#2147,#3204,.T.);
#2809=EDGE_CURVE('',#2350,#2366,#3205,.T.);
#2810=EDGE_CURVE('',#2335,#2324,#3206,.T.);
#2811=EDGE_CURVE('',#2323,#2367,#3207,.T.);
#2812=EDGE_CURVE('',#2182,#2367,#3208,.T.);
#2813=EDGE_CURVE('',#2325,#2334,#3209,.T.);
#2814=EDGE_CURVE('',#2333,#2368,#3210,.T.);
#2815=EDGE_CURVE('',#2368,#2184,#3211,.T.);
#2816=EDGE_CURVE('',#2183,#2369,#3212,.T.);
#2817=EDGE_CURVE('',#2369,#2326,#3213,.T.);
#2818=EDGE_CURVE('',#2300,#2337,#3214,.T.);
#2819=EDGE_CURVE('',#2336,#2301,#3215,.T.);
#2820=EDGE_CURVE('',#2346,#2291,#3216,.T.);
#2821=EDGE_CURVE('',#2290,#2347,#3217,.T.);
#2822=EDGE_CURVE('',#2370,#2370,#295,.T.);
#2823=EDGE_CURVE('',#2293,#2344,#3218,.T.);
#2824=EDGE_CURVE('',#2292,#2345,#3219,.T.);
#2825=EDGE_CURVE('',#2298,#2339,#3220,.T.);
#2826=EDGE_CURVE('',#2338,#2299,#3221,.T.);
#2827=EDGE_CURVE('',#2340,#2297,#3222,.T.);
#2828=EDGE_CURVE('',#2343,#2294,#3223,.T.);
#2829=EDGE_CURVE('',#2296,#2341,#3224,.T.);
#2830=EDGE_CURVE('',#2342,#2295,#3225,.T.);
#2831=EDGE_CURVE('',#2306,#2354,#3226,.T.);
#2832=EDGE_CURVE('',#2355,#2304,#3227,.T.);
#2833=EDGE_CURVE('',#2305,#2329,#3228,.T.);
#2834=EDGE_CURVE('',#2330,#2327,#3229,.T.);
#2835=EDGE_CURVE('',#2371,#2371,#296,.T.);
#2836=EDGE_CURVE('',#2312,#2093,#3230,.T.);
#2837=EDGE_CURVE('',#2092,#2313,#3231,.T.);
#2838=EDGE_CURVE('',#2314,#2091,#3232,.T.);
#2839=EDGE_CURVE('',#2090,#2315,#3233,.T.);
#2840=EDGE_CURVE('',#2316,#2089,#3234,.T.);
#2841=EDGE_CURVE('',#2302,#2088,#3235,.T.);
#2842=EDGE_CURVE('',#2105,#2303,#3236,.T.);
#2843=EDGE_CURVE('',#2317,#2104,#3237,.T.);
#2844=EDGE_CURVE('',#2094,#2311,#3238,.T.);
#2845=EDGE_CURVE('',#2364,#2365,#3239,.T.);
#2846=EDGE_CURVE('',#2099,#2322,#3240,.T.);
#2847=EDGE_CURVE('',#2331,#2098,#3241,.T.);
#2848=EDGE_CURVE('',#2367,#2369,#3242,.T.);
#2849=EDGE_CURVE('',#2097,#2328,#3243,.T.);
#2850=EDGE_CURVE('',#2096,#2356,#3244,.T.);
#2851=EDGE_CURVE('',#2372,#2373,#3245,.T.);
#2852=EDGE_CURVE('',#2374,#2372,#3246,.T.);
#2853=EDGE_CURVE('',#2375,#2374,#3247,.T.);
#2854=EDGE_CURVE('',#2373,#2375,#3248,.T.);
#2855=EDGE_CURVE('',#2376,#2377,#297,.T.);
#2856=EDGE_CURVE('',#2378,#2376,#3249,.T.);
#2857=EDGE_CURVE('',#2379,#2378,#298,.T.);
#2858=EDGE_CURVE('',#2379,#2380,#3250,.T.);
#2859=EDGE_CURVE('',#2381,#2380,#299,.T.);
#2860=EDGE_CURVE('',#2382,#2381,#3251,.T.);
#2861=EDGE_CURVE('',#2383,#2382,#300,.T.);
#2862=EDGE_CURVE('',#2377,#2383,#3252,.T.);
#2863=EDGE_CURVE('',#2384,#2385,#3253,.T.);
#2864=EDGE_CURVE('',#2385,#2386,#3254,.T.);
#2865=EDGE_CURVE('',#2386,#2387,#3255,.T.);
#2866=EDGE_CURVE('',#2387,#2384,#3256,.T.);
#2867=EDGE_CURVE('',#2388,#2352,#3257,.T.);
#2868=EDGE_CURVE('',#2352,#2385,#3258,.T.);
#2869=EDGE_CURVE('',#2388,#2384,#3259,.T.);
#2870=EDGE_CURVE('',#2386,#2351,#3260,.T.);
#2871=EDGE_CURVE('',#2351,#2389,#3261,.T.);
#2872=EDGE_CURVE('',#2387,#2389,#3262,.T.);
#2873=EDGE_CURVE('',#2147,#2388,#301,.T.);
#2874=EDGE_CURVE('',#2389,#2366,#302,.T.);
#2875=EDGE_CURVE('',#2357,#2095,#3263,.T.);
#2876=EDGE_CURVE('',#2390,#2380,#3264,.T.);
#2877=EDGE_CURVE('',#2379,#2391,#3265,.T.);
#2878=EDGE_CURVE('',#2391,#2390,#3266,.T.);
#2879=EDGE_CURVE('',#2392,#2390,#303,.T.);
#2880=EDGE_CURVE('',#2381,#2392,#3267,.T.);
#2881=EDGE_CURVE('',#2393,#2378,#3268,.T.);
#2882=EDGE_CURVE('',#2391,#2393,#304,.T.);
#2883=EDGE_CURVE('',#2318,#2103,#3269,.T.);
#2884=EDGE_CURVE('',#2100,#2321,#3270,.T.);
#2885=EDGE_CURVE('',#2320,#2101,#3271,.T.);
#2886=EDGE_CURVE('',#2102,#2319,#3272,.T.);
#2887=EDGE_CURVE('',#2184,#2394,#305,.T.);
#2888=EDGE_CURVE('',#2368,#2395,#306,.T.);
#2889=EDGE_CURVE('',#2396,#2395,#3273,.T.);
#2890=EDGE_CURVE('',#2396,#2397,#3274,.T.);
#2891=EDGE_CURVE('',#2394,#2397,#3275,.T.);
#2892=EDGE_CURVE('',#2394,#2353,#3276,.T.);
#2893=EDGE_CURVE('',#2398,#2397,#3277,.T.);
#2894=EDGE_CURVE('',#2398,#2353,#3278,.T.);
#2895=EDGE_CURVE('',#2396,#2399,#3279,.T.);
#2896=EDGE_CURVE('',#2399,#2398,#3280,.T.);
#2897=EDGE_CURVE('',#2395,#2332,#3281,.T.);
#2898=EDGE_CURVE('',#2332,#2399,#3282,.T.);
#2899=EDGE_CURVE('',#2400,#2377,#3283,.T.);
#2900=EDGE_CURVE('',#2383,#2401,#3284,.T.);
#2901=EDGE_CURVE('',#2401,#2400,#3285,.T.);
#2902=EDGE_CURVE('',#2402,#2382,#3286,.T.);
#2903=EDGE_CURVE('',#2401,#2402,#307,.T.);
#2904=EDGE_CURVE('',#2403,#2400,#308,.T.);
#2905=EDGE_CURVE('',#2376,#2403,#3287,.T.);
#2906=EDGE_CURVE('',#2402,#2392,#3288,.T.);
#2907=EDGE_CURVE('',#2393,#2403,#3289,.T.);
#2908=EDGE_CURVE('',#2130,#2373,#3290,.T.);
#2909=EDGE_CURVE('',#2372,#2129,#3291,.T.);
#2910=EDGE_CURVE('',#2375,#2131,#3292,.T.);
#2911=EDGE_CURVE('',#2128,#2374,#3293,.T.);
#2912=EDGE_CURVE('',#2404,#2405,#3294,.T.);
#2913=EDGE_CURVE('',#2406,#2404,#309,.T.);
#2914=EDGE_CURVE('',#2407,#2406,#3295,.T.);
#2915=EDGE_CURVE('',#2408,#2407,#310,.T.);
#2916=EDGE_CURVE('',#2409,#2408,#3296,.T.);
#2917=EDGE_CURVE('',#2410,#2409,#311,.T.);
#2918=EDGE_CURVE('',#2411,#2410,#3297,.T.);
#2919=EDGE_CURVE('',#2405,#2411,#312,.T.);
#2920=EDGE_CURVE('',#2392,#2404,#3298,.T.);
#2921=EDGE_CURVE('',#2405,#2402,#3299,.T.);
#2922=EDGE_CURVE('',#2406,#2390,#3300,.T.);
#2923=EDGE_CURVE('',#2391,#2407,#3301,.T.);
#2924=EDGE_CURVE('',#2408,#2393,#3302,.T.);
#2925=EDGE_CURVE('',#2403,#2409,#3303,.T.);
#2926=EDGE_CURVE('',#2410,#2400,#3304,.T.);
#2927=EDGE_CURVE('',#2401,#2411,#3305,.T.);
#2928=EDGE_CURVE('',#2412,#2412,#313,.T.);
#2929=EDGE_CURVE('',#2413,#2413,#314,.T.);
#2930=EDGE_CURVE('',#2414,#2414,#315,.T.);
#2931=EDGE_CURVE('',#2415,#2415,#316,.T.);
#2932=EDGE_CURVE('',#2416,#2416,#317,.T.);
#2933=EDGE_CURVE('',#2417,#2417,#318,.T.);
#2934=LINE('',#5002,#3306);
#2935=LINE('',#5005,#3307);
#2936=LINE('',#5007,#3308);
#2937=LINE('',#5009,#3309);
#2938=LINE('',#5011,#3310);
#2939=LINE('',#5013,#3311);
#2940=LINE('',#5015,#3312);
#2941=LINE('',#5018,#3313);
#2942=LINE('',#5020,#3314);
#2943=LINE('',#5024,#3315);
#2944=LINE('',#5028,#3316);
#2945=LINE('',#5032,#3317);
#2946=LINE('',#5036,#3318);
#2947=LINE('',#5040,#3319);
#2948=LINE('',#5044,#3320);
#2949=LINE('',#5048,#3321);
#2950=LINE('',#5052,#3322);
#2951=LINE('',#5054,#3323);
#2952=LINE('',#5055,#3324);
#2953=LINE('',#5058,#3325);
#2954=LINE('',#5059,#3326);
#2955=LINE('',#5063,#3327);
#2956=LINE('',#5065,#3328);
#2957=LINE('',#5067,#3329);
#2958=LINE('',#5071,#3330);
#2959=LINE('',#5073,#3331);
#2960=LINE('',#5075,#3332);
#2961=LINE('',#5077,#3333);
#2962=LINE('',#5081,#3334);
#2963=LINE('',#5083,#3335);
#2964=LINE('',#5085,#3336);
#2965=LINE('',#5089,#3337);
#2966=LINE('',#5091,#3338);
#2967=LINE('',#5094,#3339);
#2968=LINE('',#5095,#3340);
#2969=LINE('',#5096,#3341);
#2970=LINE('',#5098,#3342);
#2971=LINE('',#5100,#3343);
#2972=LINE('',#5102,#3344);
#2973=LINE('',#5104,#3345);
#2974=LINE('',#5106,#3346);
#2975=LINE('',#5108,#3347);
#2976=LINE('',#5111,#3348);
#2977=LINE('',#5116,#3349);
#2978=LINE('',#5118,#3350);
#2979=LINE('',#5119,#3351);
#2980=LINE('',#5122,#3352);
#2981=LINE('',#5124,#3353);
#2982=LINE('',#5126,#3354);
#2983=LINE('',#5127,#3355);
#2984=LINE('',#5130,#3356);
#2985=LINE('',#5132,#3357);
#2986=LINE('',#5134,#3358);
#2987=LINE('',#5136,#3359);
#2988=LINE('',#5138,#3360);
#2989=LINE('',#5140,#3361);
#2990=LINE('',#5142,#3362);
#2991=LINE('',#5144,#3363);
#2992=LINE('',#5156,#3364);
#2993=LINE('',#5160,#3365);
#2994=LINE('',#5163,#3366);
#2995=LINE('',#5164,#3367);
#2996=LINE('',#5166,#3368);
#2997=LINE('',#5168,#3369);
#2998=LINE('',#5170,#3370);
#2999=LINE('',#5172,#3371);
#3000=LINE('',#5174,#3372);
#3001=LINE('',#5176,#3373);
#3002=LINE('',#5182,#3374);
#3003=LINE('',#5185,#3375);
#3004=LINE('',#5186,#3376);
#3005=LINE('',#5188,#3377);
#3006=LINE('',#5190,#3378);
#3007=LINE('',#5192,#3379);
#3008=LINE('',#5198,#3380);
#3009=LINE('',#5201,#3381);
#3010=LINE('',#5202,#3382);
#3011=LINE('',#5204,#3383);
#3012=LINE('',#5210,#3384);
#3013=LINE('',#5213,#3385);
#3014=LINE('',#5214,#3386);
#3015=LINE('',#5216,#3387);
#3016=LINE('',#5217,#3388);
#3017=LINE('',#5219,#3389);
#3018=LINE('',#5221,#3390);
#3019=LINE('',#5227,#3391);
#3020=LINE('',#5230,#3392);
#3021=LINE('',#5231,#3393);
#3022=LINE('',#5233,#3394);
#3023=LINE('',#5239,#3395);
#3024=LINE('',#5242,#3396);
#3025=LINE('',#5243,#3397);
#3026=LINE('',#5245,#3398);
#3027=LINE('',#5247,#3399);
#3028=LINE('',#5249,#3400);
#3029=LINE('',#5255,#3401);
#3030=LINE('',#5258,#3402);
#3031=LINE('',#5259,#3403);
#3032=LINE('',#5261,#3404);
#3033=LINE('',#5263,#3405);
#3034=LINE('',#5265,#3406);
#3035=LINE('',#5267,#3407);
#3036=LINE('',#5269,#3408);
#3037=LINE('',#5274,#3409);
#3038=LINE('',#5284,#3410);
#3039=LINE('',#5285,#3411);
#3040=LINE('',#5288,#3412);
#3041=LINE('',#5291,#3413);
#3042=LINE('',#5293,#3414);
#3043=LINE('',#5297,#3415);
#3044=LINE('',#5299,#3416);
#3045=LINE('',#5301,#3417);
#3046=LINE('',#5305,#3418);
#3047=LINE('',#5307,#3419);
#3048=LINE('',#5380,#3420);
#3049=LINE('',#5383,#3421);
#3050=LINE('',#5385,#3422);
#3051=LINE('',#5387,#3423);
#3052=LINE('',#5389,#3424);
#3053=LINE('',#5391,#3425);
#3054=LINE('',#5447,#3426);
#3055=LINE('',#5450,#3427);
#3056=LINE('',#5452,#3428);
#3057=LINE('',#5454,#3429);
#3058=LINE('',#5456,#3430);
#3059=LINE('',#5458,#3431);
#3060=LINE('',#5460,#3432);
#3061=LINE('',#5461,#3433);
#3062=LINE('',#5463,#3434);
#3063=LINE('',#5465,#3435);
#3064=LINE('',#5467,#3436);
#3065=LINE('',#5469,#3437);
#3066=LINE('',#10983,#3438);
#3067=LINE('',#10986,#3439);
#3068=LINE('',#10988,#3440);
#3069=LINE('',#10990,#3441);
#3070=LINE('',#10992,#3442);
#3071=LINE('',#10994,#3443);
#3072=LINE('',#10996,#3444);
#3073=LINE('',#10998,#3445);
#3074=LINE('',#11000,#3446);
#3075=LINE('',#11002,#3447);
#3076=LINE('',#11004,#3448);
#3077=LINE('',#11006,#3449);
#3078=LINE('',#11008,#3450);
#3079=LINE('',#11010,#3451);
#3080=LINE('',#11012,#3452);
#3081=LINE('',#11014,#3453);
#3082=LINE('',#11016,#3454);
#3083=LINE('',#11018,#3455);
#3084=LINE('',#11032,#3456);
#3085=LINE('',#11036,#3457);
#3086=LINE('',#11038,#3458);
#3087=LINE('',#11043,#3459);
#3088=LINE('',#11050,#3460);
#3089=LINE('',#11054,#3461);
#3090=LINE('',#11056,#3462);
#3091=LINE('',#11061,#3463);
#3092=LINE('',#11065,#3464);
#3093=LINE('',#11067,#3465);
#3094=LINE('',#11069,#3466);
#3095=LINE('',#11071,#3467);
#3096=LINE('',#11073,#3468);
#3097=LINE('',#11075,#3469);
#3098=LINE('',#11077,#3470);
#3099=LINE('',#11079,#3471);
#3100=LINE('',#11081,#3472);
#3101=LINE('',#11083,#3473);
#3102=LINE('',#11085,#3474);
#3103=LINE('',#11087,#3475);
#3104=LINE('',#11089,#3476);
#3105=LINE('',#11092,#3477);
#3106=LINE('',#11094,#3478);
#3107=LINE('',#11096,#3479);
#3108=LINE('',#11098,#3480);
#3109=LINE('',#11100,#3481);
#3110=LINE('',#11102,#3482);
#3111=LINE('',#11104,#3483);
#3112=LINE('',#11105,#3484);
#3113=LINE('',#11106,#3485);
#3114=LINE('',#11107,#3486);
#3115=LINE('',#11108,#3487);
#3116=LINE('',#11110,#3488);
#3117=LINE('',#11112,#3489);
#3118=LINE('',#11113,#3490);
#3119=LINE('',#11114,#3491);
#3120=LINE('',#11119,#3492);
#3121=LINE('',#11122,#3493);
#3122=LINE('',#11123,#3494);
#3123=LINE('',#11125,#3495);
#3124=LINE('',#11128,#3496);
#3125=LINE('',#11129,#3497);
#3126=LINE('',#11131,#3498);
#3127=LINE('',#11133,#3499);
#3128=LINE('',#11135,#3500);
#3129=LINE('',#11137,#3501);
#3130=LINE('',#11139,#3502);
#3131=LINE('',#11141,#3503);
#3132=LINE('',#11143,#3504);
#3133=LINE('',#11144,#3505);
#3134=LINE('',#11146,#3506);
#3135=LINE('',#11148,#3507);
#3136=LINE('',#11150,#3508);
#3137=LINE('',#11152,#3509);
#3138=LINE('',#11154,#3510);
#3139=LINE('',#11156,#3511);
#3140=LINE('',#11159,#3512);
#3141=LINE('',#11161,#3513);
#3142=LINE('',#11164,#3514);
#3143=LINE('',#11167,#3515);
#3144=LINE('',#11169,#3516);
#3145=LINE('',#11171,#3517);
#3146=LINE('',#11173,#3518);
#3147=LINE('',#11175,#3519);
#3148=LINE('',#11177,#3520);
#3149=LINE('',#11179,#3521);
#3150=LINE('',#11181,#3522);
#3151=LINE('',#11183,#3523);
#3152=LINE('',#11185,#3524);
#3153=LINE('',#11187,#3525);
#3154=LINE('',#11190,#3526);
#3155=LINE('',#11192,#3527);
#3156=LINE('',#11194,#3528);
#3157=LINE('',#11196,#3529);
#3158=LINE('',#11198,#3530);
#3159=LINE('',#11203,#3531);
#3160=LINE('',#11205,#3532);
#3161=LINE('',#11207,#3533);
#3162=LINE('',#11209,#3534);
#3163=LINE('',#11211,#3535);
#3164=LINE('',#11215,#3536);
#3165=LINE('',#11219,#3537);
#3166=LINE('',#11223,#3538);
#3167=LINE('',#11224,#3539);
#3168=LINE('',#11228,#3540);
#3169=LINE('',#11232,#3541);
#3170=LINE('',#11236,#3542);
#3171=LINE('',#11238,#3543);
#3172=LINE('',#11240,#3544);
#3173=LINE('',#11242,#3545);
#3174=LINE('',#11244,#3546);
#3175=LINE('',#11248,#3547);
#3176=LINE('',#11253,#3548);
#3177=LINE('',#11259,#3549);
#3178=LINE('',#11261,#3550);
#3179=LINE('',#11263,#3551);
#3180=LINE('',#11266,#3552);
#3181=LINE('',#11268,#3553);
#3182=LINE('',#11270,#3554);
#3183=LINE('',#11272,#3555);
#3184=LINE('',#11274,#3556);
#3185=LINE('',#11276,#3557);
#3186=LINE('',#11278,#3558);
#3187=LINE('',#11280,#3559);
#3188=LINE('',#11282,#3560);
#3189=LINE('',#11284,#3561);
#3190=LINE('',#11286,#3562);
#3191=LINE('',#11289,#3563);
#3192=LINE('',#11291,#3564);
#3193=LINE('',#11293,#3565);
#3194=LINE('',#11297,#3566);
#3195=LINE('',#11302,#3567);
#3196=LINE('',#11306,#3568);
#3197=LINE('',#11310,#3569);
#3198=LINE('',#11325,#3570);
#3199=LINE('',#11326,#3571);
#3200=LINE('',#11328,#3572);
#3201=LINE('',#11330,#3573);
#3202=LINE('',#11331,#3574);
#3203=LINE('',#11333,#3575);
#3204=LINE('',#11334,#3576);
#3205=LINE('',#11336,#3577);
#3206=LINE('',#11338,#3578);
#3207=LINE('',#11339,#3579);
#3208=LINE('',#11341,#3580);
#3209=LINE('',#11343,#3581);
#3210=LINE('',#11344,#3582);
#3211=LINE('',#11346,#3583);
#3212=LINE('',#11347,#3584);
#3213=LINE('',#11349,#3585);
#3214=LINE('',#11351,#3586);
#3215=LINE('',#11352,#3587);
#3216=LINE('',#11354,#3588);
#3217=LINE('',#11355,#3589);
#3218=LINE('',#11363,#3590);
#3219=LINE('',#11364,#3591);
#3220=LINE('',#11366,#3592);
#3221=LINE('',#11367,#3593);
#3222=LINE('',#11371,#3594);
#3223=LINE('',#11373,#3595);
#3224=LINE('',#11376,#3596);
#3225=LINE('',#11378,#3597);
#3226=LINE('',#11381,#3598);
#3227=LINE('',#11382,#3599);
#3228=LINE('',#11384,#3600);
#3229=LINE('',#11385,#3601);
#3230=LINE('',#11393,#3602);
#3231=LINE('',#11394,#3603);
#3232=LINE('',#11396,#3604);
#3233=LINE('',#11397,#3605);
#3234=LINE('',#11399,#3606);
#3235=LINE('',#11400,#3607);
#3236=LINE('',#11402,#3608);
#3237=LINE('',#11403,#3609);
#3238=LINE('',#11405,#3610);
#3239=LINE('',#11408,#3611);
#3240=LINE('',#11411,#3612);
#3241=LINE('',#11412,#3613);
#3242=LINE('',#11413,#3614);
#3243=LINE('',#11415,#3615);
#3244=LINE('',#11416,#3616);
#3245=LINE('',#11417,#3617);
#3246=LINE('',#11420,#3618);
#3247=LINE('',#11422,#3619);
#3248=LINE('',#11424,#3620);
#3249=LINE('',#11428,#3621);
#3250=LINE('',#11432,#3622);
#3251=LINE('',#11436,#3623);
#3252=LINE('',#11440,#3624);
#3253=LINE('',#11442,#3625);
#3254=LINE('',#11445,#3626);
#3255=LINE('',#11447,#3627);
#3256=LINE('',#11449,#3628);
#3257=LINE('',#11451,#3629);
#3258=LINE('',#11453,#3630);
#3259=LINE('',#11454,#3631);
#3260=LINE('',#11456,#3632);
#3261=LINE('',#11457,#3633);
#3262=LINE('',#11459,#3634);
#3263=LINE('',#11467,#3635);
#3264=LINE('',#11470,#3636);
#3265=LINE('',#11472,#3637);
#3266=LINE('',#11474,#3638);
#3267=LINE('',#11478,#3639);
#3268=LINE('',#11480,#3640);
#3269=LINE('',#11484,#3641);
#3270=LINE('',#11486,#3642);
#3271=LINE('',#11488,#3643);
#3272=LINE('',#11490,#3644);
#3273=LINE('',#11498,#3645);
#3274=LINE('',#11500,#3646);
#3275=LINE('',#11502,#3647);
#3276=LINE('',#11504,#3648);
#3277=LINE('',#11506,#3649);
#3278=LINE('',#11508,#3650);
#3279=LINE('',#11510,#3651);
#3280=LINE('',#11512,#3652);
#3281=LINE('',#11514,#3653);
#3282=LINE('',#11515,#3654);
#3283=LINE('',#11520,#3655);
#3284=LINE('',#11522,#3656);
#3285=LINE('',#11524,#3657);
#3286=LINE('',#11526,#3658);
#3287=LINE('',#11532,#3659);
#3288=LINE('',#11534,#3660);
#3289=LINE('',#11536,#3661);
#3290=LINE('',#11538,#3662);
#3291=LINE('',#11539,#3663);
#3292=LINE('',#11541,#3664);
#3293=LINE('',#11543,#3665);
#3294=LINE('',#11548,#3666);
#3295=LINE('',#11553,#3667);
#3296=LINE('',#11557,#3668);
#3297=LINE('',#11561,#3669);
#3298=LINE('',#11565,#3670);
#3299=LINE('',#11566,#3671);
#3300=LINE('',#11568,#3672);
#3301=LINE('',#11570,#3673);
#3302=LINE('',#11572,#3674);
#3303=LINE('',#11574,#3675);
#3304=LINE('',#11576,#3676);
#3305=LINE('',#11578,#3677);
#3306=VECTOR('',#3997,1.);
#3307=VECTOR('',#3998,1.);
#3308=VECTOR('',#3999,1.);
#3309=VECTOR('',#4000,1.);
#3310=VECTOR('',#4001,1.);
#3311=VECTOR('',#4002,1.);
#3312=VECTOR('',#4005,1.);
#3313=VECTOR('',#4006,1.);
#3314=VECTOR('',#4007,1.);
#3315=VECTOR('',#4010,1.);
#3316=VECTOR('',#4013,1.);
#3317=VECTOR('',#4016,1.);
#3318=VECTOR('',#4019,1.);
#3319=VECTOR('',#4022,1.);
#3320=VECTOR('',#4025,1.);
#3321=VECTOR('',#4028,1.);
#3322=VECTOR('',#4031,1.);
#3323=VECTOR('',#4032,1.);
#3324=VECTOR('',#4033,1.);
#3325=VECTOR('',#4034,1.);
#3326=VECTOR('',#4035,1.);
#3327=VECTOR('',#4038,1.);
#3328=VECTOR('',#4039,1.);
#3329=VECTOR('',#4040,1.);
#3330=VECTOR('',#4043,1.);
#3331=VECTOR('',#4046,1.);
#3332=VECTOR('',#4047,1.);
#3333=VECTOR('',#4048,1.);
#3334=VECTOR('',#4051,1.);
#3335=VECTOR('',#4052,1.);
#3336=VECTOR('',#4053,1.);
#3337=VECTOR('',#4056,1.);
#3338=VECTOR('',#4059,1.);
#3339=VECTOR('',#4060,1.);
#3340=VECTOR('',#4061,1.);
#3341=VECTOR('',#4062,1.);
#3342=VECTOR('',#4065,1.);
#3343=VECTOR('',#4068,1.);
#3344=VECTOR('',#4071,1.);
#3345=VECTOR('',#4074,1.);
#3346=VECTOR('',#4077,1.);
#3347=VECTOR('',#4080,1.);
#3348=VECTOR('',#4085,1.);
#3349=VECTOR('',#4088,1.);
#3350=VECTOR('',#4089,1.);
#3351=VECTOR('',#4090,1.);
#3352=VECTOR('',#4091,1.);
#3353=VECTOR('',#4092,1.);
#3354=VECTOR('',#4093,1.);
#3355=VECTOR('',#4094,1.);
#3356=VECTOR('',#4095,1.);
#3357=VECTOR('',#4096,1.);
#3358=VECTOR('',#4097,1.);
#3359=VECTOR('',#4098,1.);
#3360=VECTOR('',#4099,1.);
#3361=VECTOR('',#4100,1.);
#3362=VECTOR('',#4101,1.);
#3363=VECTOR('',#4104,1.);
#3364=VECTOR('',#4107,1.);
#3365=VECTOR('',#4112,1.);
#3366=VECTOR('',#4113,1.);
#3367=VECTOR('',#4114,1.);
#3368=VECTOR('',#4115,1.);
#3369=VECTOR('',#4116,1.);
#3370=VECTOR('',#4117,1.);
#3371=VECTOR('',#4118,1.);
#3372=VECTOR('',#4119,1.);
#3373=VECTOR('',#4122,1.);
#3374=VECTOR('',#4129,1.);
#3375=VECTOR('',#4130,1.);
#3376=VECTOR('',#4131,1.);
#3377=VECTOR('',#4132,1.);
#3378=VECTOR('',#4133,1.);
#3379=VECTOR('',#4136,1.);
#3380=VECTOR('',#4143,1.);
#3381=VECTOR('',#4144,1.);
#3382=VECTOR('',#4145,1.);
#3383=VECTOR('',#4148,1.);
#3384=VECTOR('',#4155,1.);
#3385=VECTOR('',#4156,1.);
#3386=VECTOR('',#4157,1.);
#3387=VECTOR('',#4158,1.);
#3388=VECTOR('',#4159,1.);
#3389=VECTOR('',#4160,1.);
#3390=VECTOR('',#4163,1.);
#3391=VECTOR('',#4170,1.);
#3392=VECTOR('',#4171,1.);
#3393=VECTOR('',#4172,1.);
#3394=VECTOR('',#4175,1.);
#3395=VECTOR('',#4182,1.);
#3396=VECTOR('',#4183,1.);
#3397=VECTOR('',#4184,1.);
#3398=VECTOR('',#4185,1.);
#3399=VECTOR('',#4186,1.);
#3400=VECTOR('',#4189,1.);
#3401=VECTOR('',#4196,1.);
#3402=VECTOR('',#4197,1.);
#3403=VECTOR('',#4198,1.);
#3404=VECTOR('',#4199,1.);
#3405=VECTOR('',#4200,1.);
#3406=VECTOR('',#4201,1.);
#3407=VECTOR('',#4202,1.);
#3408=VECTOR('',#4203,1.);
#3409=VECTOR('',#4210,1.);
#3410=VECTOR('',#4213,1.);
#3411=VECTOR('',#4214,1.);
#3412=VECTOR('',#4219,1.);
#3413=VECTOR('',#4220,1.);
#3414=VECTOR('',#4221,1.);
#3415=VECTOR('',#4224,1.);
#3416=VECTOR('',#4225,1.);
#3417=VECTOR('',#4226,1.);
#3418=VECTOR('',#4229,1.);
#3419=VECTOR('',#4230,1.);
#3420=VECTOR('',#4307,1.);
#3421=VECTOR('',#4308,1.);
#3422=VECTOR('',#4309,1.);
#3423=VECTOR('',#4310,1.);
#3424=VECTOR('',#4311,1.);
#3425=VECTOR('',#4312,1.);
#3426=VECTOR('',#4331,1.);
#3427=VECTOR('',#4332,1.);
#3428=VECTOR('',#4333,1.);
#3429=VECTOR('',#4334,1.);
#3430=VECTOR('',#4335,1.);
#3431=VECTOR('',#4336,1.);
#3432=VECTOR('',#4339,1.);
#3433=VECTOR('',#4340,1.);
#3434=VECTOR('',#4343,1.);
#3435=VECTOR('',#4346,1.);
#3436=VECTOR('',#4349,1.);
#3437=VECTOR('',#4352,1.);
#3438=VECTOR('',#4375,1.);
#3439=VECTOR('',#4376,1.);
#3440=VECTOR('',#4377,1.);
#3441=VECTOR('',#4378,1.);
#3442=VECTOR('',#4379,1.);
#3443=VECTOR('',#4380,1.);
#3444=VECTOR('',#4383,1.);
#3445=VECTOR('',#4384,1.);
#3446=VECTOR('',#4385,1.);
#3447=VECTOR('',#4388,1.);
#3448=VECTOR('',#4389,1.);
#3449=VECTOR('',#4392,1.);
#3450=VECTOR('',#4393,1.);
#3451=VECTOR('',#4396,1.);
#3452=VECTOR('',#4397,1.);
#3453=VECTOR('',#4400,1.);
#3454=VECTOR('',#4401,1.);
#3455=VECTOR('',#4404,1.);
#3456=VECTOR('',#4423,1.);
#3457=VECTOR('',#4426,1.);
#3458=VECTOR('',#4429,1.);
#3459=VECTOR('',#4432,1.);
#3460=VECTOR('',#4439,1.);
#3461=VECTOR('',#4442,1.);
#3462=VECTOR('',#4445,1.);
#3463=VECTOR('',#4448,1.);
#3464=VECTOR('',#4453,1.);
#3465=VECTOR('',#4454,1.);
#3466=VECTOR('',#4455,1.);
#3467=VECTOR('',#4458,1.);
#3468=VECTOR('',#4459,1.);
#3469=VECTOR('',#4460,1.);
#3470=VECTOR('',#4463,1.);
#3471=VECTOR('',#4464,1.);
#3472=VECTOR('',#4465,1.);
#3473=VECTOR('',#4468,1.);
#3474=VECTOR('',#4469,1.);
#3475=VECTOR('',#4470,1.);
#3476=VECTOR('',#4473,1.);
#3477=VECTOR('',#4474,1.);
#3478=VECTOR('',#4475,1.);
#3479=VECTOR('',#4476,1.);
#3480=VECTOR('',#4477,1.);
#3481=VECTOR('',#4478,1.);
#3482=VECTOR('',#4479,1.);
#3483=VECTOR('',#4480,1.);
#3484=VECTOR('',#4481,1.);
#3485=VECTOR('',#4482,1.);
#3486=VECTOR('',#4483,1.);
#3487=VECTOR('',#4484,1.);
#3488=VECTOR('',#4487,1.);
#3489=VECTOR('',#4490,1.);
#3490=VECTOR('',#4491,1.);
#3491=VECTOR('',#4492,1.);
#3492=VECTOR('',#4501,1.);
#3493=VECTOR('',#4502,1.);
#3494=VECTOR('',#4503,1.);
#3495=VECTOR('',#4506,1.);
#3496=VECTOR('',#4507,1.);
#3497=VECTOR('',#4508,1.);
#3498=VECTOR('',#4511,1.);
#3499=VECTOR('',#4512,1.);
#3500=VECTOR('',#4513,1.);
#3501=VECTOR('',#4516,1.);
#3502=VECTOR('',#4517,1.);
#3503=VECTOR('',#4518,1.);
#3504=VECTOR('',#4521,1.);
#3505=VECTOR('',#4522,1.);
#3506=VECTOR('',#4525,1.);
#3507=VECTOR('',#4528,1.);
#3508=VECTOR('',#4531,1.);
#3509=VECTOR('',#4534,1.);
#3510=VECTOR('',#4537,1.);
#3511=VECTOR('',#4540,1.);
#3512=VECTOR('',#4545,1.);
#3513=VECTOR('',#4548,1.);
#3514=VECTOR('',#4549,1.);
#3515=VECTOR('',#4552,1.);
#3516=VECTOR('',#4553,1.);
#3517=VECTOR('',#4554,1.);
#3518=VECTOR('',#4555,1.);
#3519=VECTOR('',#4556,1.);
#3520=VECTOR('',#4557,1.);
#3521=VECTOR('',#4558,1.);
#3522=VECTOR('',#4559,1.);
#3523=VECTOR('',#4560,1.);
#3524=VECTOR('',#4561,1.);
#3525=VECTOR('',#4562,1.);
#3526=VECTOR('',#4565,1.);
#3527=VECTOR('',#4568,1.);
#3528=VECTOR('',#4569,1.);
#3529=VECTOR('',#4570,1.);
#3530=VECTOR('',#4573,1.);
#3531=VECTOR('',#4576,1.);
#3532=VECTOR('',#4577,1.);
#3533=VECTOR('',#4578,1.);
#3534=VECTOR('',#4579,1.);
#3535=VECTOR('',#4580,1.);
#3536=VECTOR('',#4583,1.);
#3537=VECTOR('',#4586,1.);
#3538=VECTOR('',#4589,1.);
#3539=VECTOR('',#4590,1.);
#3540=VECTOR('',#4593,1.);
#3541=VECTOR('',#4596,1.);
#3542=VECTOR('',#4599,1.);
#3543=VECTOR('',#4600,1.);
#3544=VECTOR('',#4601,1.);
#3545=VECTOR('',#4602,1.);
#3546=VECTOR('',#4603,1.);
#3547=VECTOR('',#4608,1.);
#3548=VECTOR('',#4611,1.);
#3549=VECTOR('',#4616,1.);
#3550=VECTOR('',#4617,1.);
#3551=VECTOR('',#4618,1.);
#3552=VECTOR('',#4621,1.);
#3553=VECTOR('',#4622,1.);
#3554=VECTOR('',#4623,1.);
#3555=VECTOR('',#4624,1.);
#3556=VECTOR('',#4625,1.);
#3557=VECTOR('',#4626,1.);
#3558=VECTOR('',#4627,1.);
#3559=VECTOR('',#4628,1.);
#3560=VECTOR('',#4629,1.);
#3561=VECTOR('',#4630,1.);
#3562=VECTOR('',#4631,1.);
#3563=VECTOR('',#4634,1.);
#3564=VECTOR('',#4635,1.);
#3565=VECTOR('',#4636,1.);
#3566=VECTOR('',#4639,1.);
#3567=VECTOR('',#4644,1.);
#3568=VECTOR('',#4647,1.);
#3569=VECTOR('',#4650,1.);
#3570=VECTOR('',#4667,1.);
#3571=VECTOR('',#4668,1.);
#3572=VECTOR('',#4669,1.);
#3573=VECTOR('',#4672,1.);
#3574=VECTOR('',#4673,1.);
#3575=VECTOR('',#4674,1.);
#3576=VECTOR('',#4675,1.);
#3577=VECTOR('',#4676,1.);
#3578=VECTOR('',#4679,1.);
#3579=VECTOR('',#4680,1.);
#3580=VECTOR('',#4681,1.);
#3581=VECTOR('',#4684,1.);
#3582=VECTOR('',#4685,1.);
#3583=VECTOR('',#4686,1.);
#3584=VECTOR('',#4687,1.);
#3585=VECTOR('',#4688,1.);
#3586=VECTOR('',#4691,1.);
#3587=VECTOR('',#4692,1.);
#3588=VECTOR('',#4695,1.);
#3589=VECTOR('',#4696,1.);
#3590=VECTOR('',#4709,1.);
#3591=VECTOR('',#4710,1.);
#3592=VECTOR('',#4713,1.);
#3593=VECTOR('',#4714,1.);
#3594=VECTOR('',#4721,1.);
#3595=VECTOR('',#4724,1.);
#3596=VECTOR('',#4729,1.);
#3597=VECTOR('',#4732,1.);
#3598=VECTOR('',#4737,1.);
#3599=VECTOR('',#4738,1.);
#3600=VECTOR('',#4741,1.);
#3601=VECTOR('',#4742,1.);
#3602=VECTOR('',#4755,1.);
#3603=VECTOR('',#4756,1.);
#3604=VECTOR('',#4759,1.);
#3605=VECTOR('',#4760,1.);
#3606=VECTOR('',#4763,1.);
#3607=VECTOR('',#4764,1.);
#3608=VECTOR('',#4767,1.);
#3609=VECTOR('',#4768,1.);
#3610=VECTOR('',#4771,1.);
#3611=VECTOR('',#4776,1.);
#3612=VECTOR('',#4781,1.);
#3613=VECTOR('',#4782,1.);
#3614=VECTOR('',#4783,1.);
#3615=VECTOR('',#4786,1.);
#3616=VECTOR('',#4787,1.);
#3617=VECTOR('',#4788,1.);
#3618=VECTOR('',#4789,1.);
#3619=VECTOR('',#4790,1.);
#3620=VECTOR('',#4791,1.);
#3621=VECTOR('',#4794,1.);
#3622=VECTOR('',#4797,1.);
#3623=VECTOR('',#4800,1.);
#3624=VECTOR('',#4803,1.);
#3625=VECTOR('',#4806,1.);
#3626=VECTOR('',#4807,1.);
#3627=VECTOR('',#4808,1.);
#3628=VECTOR('',#4809,1.);
#3629=VECTOR('',#4812,1.);
#3630=VECTOR('',#4813,1.);
#3631=VECTOR('',#4814,1.);
#3632=VECTOR('',#4817,1.);
#3633=VECTOR('',#4818,1.);
#3634=VECTOR('',#4819,1.);
#3635=VECTOR('',#4834,1.);
#3636=VECTOR('',#4839,1.);
#3637=VECTOR('',#4840,1.);
#3638=VECTOR('',#4841,1.);
#3639=VECTOR('',#4846,1.);
#3640=VECTOR('',#4849,1.);
#3641=VECTOR('',#4854,1.);
#3642=VECTOR('',#4857,1.);
#3643=VECTOR('',#4860,1.);
#3644=VECTOR('',#4863,1.);
#3645=VECTOR('',#4874,1.);
#3646=VECTOR('',#4875,1.);
#3647=VECTOR('',#4876,1.);
#3648=VECTOR('',#4879,1.);
#3649=VECTOR('',#4882,1.);
#3650=VECTOR('',#4883,1.);
#3651=VECTOR('',#4886,1.);
#3652=VECTOR('',#4887,1.);
#3653=VECTOR('',#4890,1.);
#3654=VECTOR('',#4891,1.);
#3655=VECTOR('',#4900,1.);
#3656=VECTOR('',#4901,1.);
#3657=VECTOR('',#4902,1.);
#3658=VECTOR('',#4905,1.);
#3659=VECTOR('',#4912,1.);
#3660=VECTOR('',#4915,1.);
#3661=VECTOR('',#4918,1.);
#3662=VECTOR('',#4921,1.);
#3663=VECTOR('',#4922,1.);
#3664=VECTOR('',#4925,1.);
#3665=VECTOR('',#4928,1.);
#3666=VECTOR('',#4937,1.);
#3667=VECTOR('',#4940,1.);
#3668=VECTOR('',#4943,1.);
#3669=VECTOR('',#4946,1.);
#3670=VECTOR('',#4951,1.);
#3671=VECTOR('',#4952,1.);
#3672=VECTOR('',#4955,1.);
#3673=VECTOR('',#4958,1.);
#3674=VECTOR('',#4961,1.);
#3675=VECTOR('',#4964,1.);
#3676=VECTOR('',#4967,1.);
#3677=VECTOR('',#4970,1.);
#3678=AXIS2_PLACEMENT_3D('',#5001,#3995,#3996);
#3679=AXIS2_PLACEMENT_3D('',#5014,#4003,#4004);
#3680=AXIS2_PLACEMENT_3D('',#5022,#4008,#4009);
#3681=AXIS2_PLACEMENT_3D('',#5026,#4011,#4012);
#3682=AXIS2_PLACEMENT_3D('',#5030,#4014,#4015);
#3683=AXIS2_PLACEMENT_3D('',#5034,#4017,#4018);
#3684=AXIS2_PLACEMENT_3D('',#5038,#4020,#4021);
#3685=AXIS2_PLACEMENT_3D('',#5042,#4023,#4024);
#3686=AXIS2_PLACEMENT_3D('',#5046,#4026,#4027);
#3687=AXIS2_PLACEMENT_3D('',#5050,#4029,#4030);
#3688=AXIS2_PLACEMENT_3D('',#5061,#4036,#4037);
#3689=AXIS2_PLACEMENT_3D('',#5069,#4041,#4042);
#3690=AXIS2_PLACEMENT_3D('',#5072,#4044,#4045);
#3691=AXIS2_PLACEMENT_3D('',#5079,#4049,#4050);
#3692=AXIS2_PLACEMENT_3D('',#5087,#4054,#4055);
#3693=AXIS2_PLACEMENT_3D('',#5090,#4057,#4058);
#3694=AXIS2_PLACEMENT_3D('',#5097,#4063,#4064);
#3695=AXIS2_PLACEMENT_3D('',#5099,#4066,#4067);
#3696=AXIS2_PLACEMENT_3D('',#5101,#4069,#4070);
#3697=AXIS2_PLACEMENT_3D('',#5103,#4072,#4073);
#3698=AXIS2_PLACEMENT_3D('',#5105,#4075,#4076);
#3699=AXIS2_PLACEMENT_3D('',#5107,#4078,#4079);
#3700=AXIS2_PLACEMENT_3D('',#5109,#4081,#4082);
#3701=AXIS2_PLACEMENT_3D('',#5110,#4083,#4084);
#3702=AXIS2_PLACEMENT_3D('',#5114,#4086,#4087);
#3703=AXIS2_PLACEMENT_3D('',#5143,#4102,#4103);
#3704=AXIS2_PLACEMENT_3D('',#5147,#4105,#4106);
#3705=AXIS2_PLACEMENT_3D('',#5158,#4108,#4109);
#3706=AXIS2_PLACEMENT_3D('',#5159,#4110,#4111);
#3707=AXIS2_PLACEMENT_3D('',#5175,#4120,#4121);
#3708=AXIS2_PLACEMENT_3D('',#5179,#4123,#4124);
#3709=AXIS2_PLACEMENT_3D('',#5180,#4125,#4126);
#3710=AXIS2_PLACEMENT_3D('',#5181,#4127,#4128);
#3711=AXIS2_PLACEMENT_3D('',#5191,#4134,#4135);
#3712=AXIS2_PLACEMENT_3D('',#5195,#4137,#4138);
#3713=AXIS2_PLACEMENT_3D('',#5196,#4139,#4140);
#3714=AXIS2_PLACEMENT_3D('',#5197,#4141,#4142);
#3715=AXIS2_PLACEMENT_3D('',#5203,#4146,#4147);
#3716=AXIS2_PLACEMENT_3D('',#5207,#4149,#4150);
#3717=AXIS2_PLACEMENT_3D('',#5208,#4151,#4152);
#3718=AXIS2_PLACEMENT_3D('',#5209,#4153,#4154);
#3719=AXIS2_PLACEMENT_3D('',#5220,#4161,#4162);
#3720=AXIS2_PLACEMENT_3D('',#5224,#4164,#4165);
#3721=AXIS2_PLACEMENT_3D('',#5225,#4166,#4167);
#3722=AXIS2_PLACEMENT_3D('',#5226,#4168,#4169);
#3723=AXIS2_PLACEMENT_3D('',#5232,#4173,#4174);
#3724=AXIS2_PLACEMENT_3D('',#5236,#4176,#4177);
#3725=AXIS2_PLACEMENT_3D('',#5237,#4178,#4179);
#3726=AXIS2_PLACEMENT_3D('',#5238,#4180,#4181);
#3727=AXIS2_PLACEMENT_3D('',#5248,#4187,#4188);
#3728=AXIS2_PLACEMENT_3D('',#5252,#4190,#4191);
#3729=AXIS2_PLACEMENT_3D('',#5253,#4192,#4193);
#3730=AXIS2_PLACEMENT_3D('',#5254,#4194,#4195);
#3731=AXIS2_PLACEMENT_3D('',#5270,#4204,#4205);
#3732=AXIS2_PLACEMENT_3D('',#5271,#4206,#4207);
#3733=AXIS2_PLACEMENT_3D('',#5272,#4208,#4209);
#3734=AXIS2_PLACEMENT_3D('',#5283,#4211,#4212);
#3735=AXIS2_PLACEMENT_3D('',#5286,#4215,#4216);
#3736=AXIS2_PLACEMENT_3D('',#5287,#4217,#4218);
#3737=AXIS2_PLACEMENT_3D('',#5295,#4222,#4223);
#3738=AXIS2_PLACEMENT_3D('',#5303,#4227,#4228);
#3739=AXIS2_PLACEMENT_3D('',#5308,#4231,#4232);
#3740=AXIS2_PLACEMENT_3D('',#5309,#4233,#4234);
#3741=AXIS2_PLACEMENT_3D('',#5310,#4235,#4236);
#3742=AXIS2_PLACEMENT_3D('',#5311,#4237,#4238);
#3743=AXIS2_PLACEMENT_3D('',#5312,#4239,#4240);
#3744=AXIS2_PLACEMENT_3D('',#5313,#4241,#4242);
#3745=AXIS2_PLACEMENT_3D('',#5314,#4243,#4244);
#3746=AXIS2_PLACEMENT_3D('',#5315,#4245,#4246);
#3747=AXIS2_PLACEMENT_3D('',#5316,#4247,#4248);
#3748=AXIS2_PLACEMENT_3D('',#5317,#4249,#4250);
#3749=AXIS2_PLACEMENT_3D('',#5318,#4251,#4252);
#3750=AXIS2_PLACEMENT_3D('',#5319,#4253,#4254);
#3751=AXIS2_PLACEMENT_3D('',#5320,#4255,#4256);
#3752=AXIS2_PLACEMENT_3D('',#5321,#4257,#4258);
#3753=AXIS2_PLACEMENT_3D('',#5322,#4259,#4260);
#3754=AXIS2_PLACEMENT_3D('',#5323,#4261,#4262);
#3755=AXIS2_PLACEMENT_3D('',#5324,#4263,#4264);
#3756=AXIS2_PLACEMENT_3D('',#5325,#4265,#4266);
#3757=AXIS2_PLACEMENT_3D('',#5326,#4267,#4268);
#3758=AXIS2_PLACEMENT_3D('',#5327,#4269,#4270);
#3759=AXIS2_PLACEMENT_3D('',#5328,#4271,#4272);
#3760=AXIS2_PLACEMENT_3D('',#5329,#4273,#4274);
#3761=AXIS2_PLACEMENT_3D('',#5330,#4275,#4276);
#3762=AXIS2_PLACEMENT_3D('',#5331,#4277,#4278);
#3763=AXIS2_PLACEMENT_3D('',#5332,#4279,#4280);
#3764=AXIS2_PLACEMENT_3D('',#5333,#4281,#4282);
#3765=AXIS2_PLACEMENT_3D('',#5334,#4283,#4284);
#3766=AXIS2_PLACEMENT_3D('',#5335,#4285,#4286);
#3767=AXIS2_PLACEMENT_3D('',#5336,#4287,#4288);
#3768=AXIS2_PLACEMENT_3D('',#5337,#4289,#4290);
#3769=AXIS2_PLACEMENT_3D('',#5338,#4291,#4292);
#3770=AXIS2_PLACEMENT_3D('',#5339,#4293,#4294);
#3771=AXIS2_PLACEMENT_3D('',#5340,#4295,#4296);
#3772=AXIS2_PLACEMENT_3D('',#5341,#4297,#4298);
#3773=AXIS2_PLACEMENT_3D('',#5360,#4299,#4300);
#3774=AXIS2_PLACEMENT_3D('',#5376,#4301,#4302);
#3775=AXIS2_PLACEMENT_3D('',#5377,#4303,#4304);
#3776=AXIS2_PLACEMENT_3D('',#5379,#4305,#4306);
#3777=AXIS2_PLACEMENT_3D('',#5406,#4313,#4314);
#3778=AXIS2_PLACEMENT_3D('',#5422,#4315,#4316);
#3779=AXIS2_PLACEMENT_3D('',#5438,#4317,#4318);
#3780=AXIS2_PLACEMENT_3D('',#5439,#4319,#4320);
#3781=AXIS2_PLACEMENT_3D('',#5440,#4321,#4322);
#3782=AXIS2_PLACEMENT_3D('',#5441,#4323,#4324);
#3783=AXIS2_PLACEMENT_3D('',#5443,#4325,#4326);
#3784=AXIS2_PLACEMENT_3D('',#5444,#4327,#4328);
#3785=AXIS2_PLACEMENT_3D('',#5446,#4329,#4330);
#3786=AXIS2_PLACEMENT_3D('',#5459,#4337,#4338);
#3787=AXIS2_PLACEMENT_3D('',#5462,#4341,#4342);
#3788=AXIS2_PLACEMENT_3D('',#5464,#4344,#4345);
#3789=AXIS2_PLACEMENT_3D('',#5466,#4347,#4348);
#3790=AXIS2_PLACEMENT_3D('',#5468,#4350,#4351);
#3791=AXIS2_PLACEMENT_3D('',#5470,#4353,#4354);
#3792=AXIS2_PLACEMENT_3D('',#5471,#4355,#4356);
#3793=AXIS2_PLACEMENT_3D('',#5543,#4357,#4358);
#3794=AXIS2_PLACEMENT_3D('',#6474,#4359,#4360);
#3795=AXIS2_PLACEMENT_3D('',#7476,#4361,#4362);
#3796=AXIS2_PLACEMENT_3D('',#8507,#4363,#4364);
#3797=AXIS2_PLACEMENT_3D('',#8744,#4365,#4366);
#3798=AXIS2_PLACEMENT_3D('',#9857,#4367,#4368);
#3799=AXIS2_PLACEMENT_3D('',#9879,#4369,#4370);
#3800=AXIS2_PLACEMENT_3D('',#9880,#4371,#4372);
#3801=AXIS2_PLACEMENT_3D('',#10982,#4373,#4374);
#3802=AXIS2_PLACEMENT_3D('',#10995,#4381,#4382);
#3803=AXIS2_PLACEMENT_3D('',#11001,#4386,#4387);
#3804=AXIS2_PLACEMENT_3D('',#11005,#4390,#4391);
#3805=AXIS2_PLACEMENT_3D('',#11009,#4394,#4395);
#3806=AXIS2_PLACEMENT_3D('',#11013,#4398,#4399);
#3807=AXIS2_PLACEMENT_3D('',#11017,#4402,#4403);
#3808=AXIS2_PLACEMENT_3D('',#11019,#4405,#4406);
#3809=AXIS2_PLACEMENT_3D('',#11020,#4407,#4408);
#3810=AXIS2_PLACEMENT_3D('',#11021,#4409,#4410);
#3811=AXIS2_PLACEMENT_3D('',#11023,#4411,#4412);
#3812=AXIS2_PLACEMENT_3D('',#11024,#4413,#4414);
#3813=AXIS2_PLACEMENT_3D('',#11026,#4415,#4416);
#3814=AXIS2_PLACEMENT_3D('',#11027,#4417,#4418);
#3815=AXIS2_PLACEMENT_3D('',#11028,#4419,#4420);
#3816=AXIS2_PLACEMENT_3D('',#11029,#4421,#4422);
#3817=AXIS2_PLACEMENT_3D('',#11034,#4424,#4425);
#3818=AXIS2_PLACEMENT_3D('',#11037,#4427,#4428);
#3819=AXIS2_PLACEMENT_3D('',#11041,#4430,#4431);
#3820=AXIS2_PLACEMENT_3D('',#11045,#4433,#4434);
#3821=AXIS2_PLACEMENT_3D('',#11046,#4435,#4436);
#3822=AXIS2_PLACEMENT_3D('',#11047,#4437,#4438);
#3823=AXIS2_PLACEMENT_3D('',#11052,#4440,#4441);
#3824=AXIS2_PLACEMENT_3D('',#11055,#4443,#4444);
#3825=AXIS2_PLACEMENT_3D('',#11059,#4446,#4447);
#3826=AXIS2_PLACEMENT_3D('',#11063,#4449,#4450);
#3827=AXIS2_PLACEMENT_3D('',#11064,#4451,#4452);
#3828=AXIS2_PLACEMENT_3D('',#11070,#4456,#4457);
#3829=AXIS2_PLACEMENT_3D('',#11076,#4461,#4462);
#3830=AXIS2_PLACEMENT_3D('',#11082,#4466,#4467);
#3831=AXIS2_PLACEMENT_3D('',#11088,#4471,#4472);
#3832=AXIS2_PLACEMENT_3D('',#11109,#4485,#4486);
#3833=AXIS2_PLACEMENT_3D('',#11111,#4488,#4489);
#3834=AXIS2_PLACEMENT_3D('',#11115,#4493,#4494);
#3835=AXIS2_PLACEMENT_3D('',#11116,#4495,#4496);
#3836=AXIS2_PLACEMENT_3D('',#11117,#4497,#4498);
#3837=AXIS2_PLACEMENT_3D('',#11118,#4499,#4500);
#3838=AXIS2_PLACEMENT_3D('',#11124,#4504,#4505);
#3839=AXIS2_PLACEMENT_3D('',#11130,#4509,#4510);
#3840=AXIS2_PLACEMENT_3D('',#11136,#4514,#4515);
#3841=AXIS2_PLACEMENT_3D('',#11142,#4519,#4520);
#3842=AXIS2_PLACEMENT_3D('',#11145,#4523,#4524);
#3843=AXIS2_PLACEMENT_3D('',#11147,#4526,#4527);
#3844=AXIS2_PLACEMENT_3D('',#11149,#4529,#4530);
#3845=AXIS2_PLACEMENT_3D('',#11151,#4532,#4533);
#3846=AXIS2_PLACEMENT_3D('',#11153,#4535,#4536);
#3847=AXIS2_PLACEMENT_3D('',#11155,#4538,#4539);
#3848=AXIS2_PLACEMENT_3D('',#11157,#4541,#4542);
#3849=AXIS2_PLACEMENT_3D('',#11158,#4543,#4544);
#3850=AXIS2_PLACEMENT_3D('',#11160,#4546,#4547);
#3851=AXIS2_PLACEMENT_3D('',#11165,#4550,#4551);
#3852=AXIS2_PLACEMENT_3D('',#11189,#4563,#4564);
#3853=AXIS2_PLACEMENT_3D('',#11191,#4566,#4567);
#3854=AXIS2_PLACEMENT_3D('',#11197,#4571,#4572);
#3855=AXIS2_PLACEMENT_3D('',#11201,#4574,#4575);
#3856=AXIS2_PLACEMENT_3D('',#11213,#4581,#4582);
#3857=AXIS2_PLACEMENT_3D('',#11217,#4584,#4585);
#3858=AXIS2_PLACEMENT_3D('',#11221,#4587,#4588);
#3859=AXIS2_PLACEMENT_3D('',#11226,#4591,#4592);
#3860=AXIS2_PLACEMENT_3D('',#11230,#4594,#4595);
#3861=AXIS2_PLACEMENT_3D('',#11234,#4597,#4598);
#3862=AXIS2_PLACEMENT_3D('',#11246,#4604,#4605);
#3863=AXIS2_PLACEMENT_3D('',#11247,#4606,#4607);
#3864=AXIS2_PLACEMENT_3D('',#11251,#4609,#4610);
#3865=AXIS2_PLACEMENT_3D('',#11255,#4612,#4613);
#3866=AXIS2_PLACEMENT_3D('',#11256,#4614,#4615);
#3867=AXIS2_PLACEMENT_3D('',#11264,#4619,#4620);
#3868=AXIS2_PLACEMENT_3D('',#11288,#4632,#4633);
#3869=AXIS2_PLACEMENT_3D('',#11295,#4637,#4638);
#3870=AXIS2_PLACEMENT_3D('',#11299,#4640,#4641);
#3871=AXIS2_PLACEMENT_3D('',#11300,#4642,#4643);
#3872=AXIS2_PLACEMENT_3D('',#11303,#4645,#4646);
#3873=AXIS2_PLACEMENT_3D('',#11308,#4648,#4649);
#3874=AXIS2_PLACEMENT_3D('',#11311,#4651,#4652);
#3875=AXIS2_PLACEMENT_3D('',#11313,#4653,#4654);
#3876=AXIS2_PLACEMENT_3D('',#11315,#4655,#4656);
#3877=AXIS2_PLACEMENT_3D('',#11316,#4657,#4658);
#3878=AXIS2_PLACEMENT_3D('',#11318,#4659,#4660);
#3879=AXIS2_PLACEMENT_3D('',#11320,#4661,#4662);
#3880=AXIS2_PLACEMENT_3D('',#11323,#4663,#4664);
#3881=AXIS2_PLACEMENT_3D('',#11324,#4665,#4666);
#3882=AXIS2_PLACEMENT_3D('',#11329,#4670,#4671);
#3883=AXIS2_PLACEMENT_3D('',#11337,#4677,#4678);
#3884=AXIS2_PLACEMENT_3D('',#11342,#4682,#4683);
#3885=AXIS2_PLACEMENT_3D('',#11350,#4689,#4690);
#3886=AXIS2_PLACEMENT_3D('',#11353,#4693,#4694);
#3887=AXIS2_PLACEMENT_3D('',#11356,#4697,#4698);
#3888=AXIS2_PLACEMENT_3D('',#11357,#4699,#4700);
#3889=AXIS2_PLACEMENT_3D('',#11358,#4701,#4702);
#3890=AXIS2_PLACEMENT_3D('',#11359,#4703,#4704);
#3891=AXIS2_PLACEMENT_3D('',#11361,#4705,#4706);
#3892=AXIS2_PLACEMENT_3D('',#11362,#4707,#4708);
#3893=AXIS2_PLACEMENT_3D('',#11365,#4711,#4712);
#3894=AXIS2_PLACEMENT_3D('',#11368,#4715,#4716);
#3895=AXIS2_PLACEMENT_3D('',#11369,#4717,#4718);
#3896=AXIS2_PLACEMENT_3D('',#11370,#4719,#4720);
#3897=AXIS2_PLACEMENT_3D('',#11372,#4722,#4723);
#3898=AXIS2_PLACEMENT_3D('',#11374,#4725,#4726);
#3899=AXIS2_PLACEMENT_3D('',#11375,#4727,#4728);
#3900=AXIS2_PLACEMENT_3D('',#11377,#4730,#4731);
#3901=AXIS2_PLACEMENT_3D('',#11379,#4733,#4734);
#3902=AXIS2_PLACEMENT_3D('',#11380,#4735,#4736);
#3903=AXIS2_PLACEMENT_3D('',#11383,#4739,#4740);
#3904=AXIS2_PLACEMENT_3D('',#11386,#4743,#4744);
#3905=AXIS2_PLACEMENT_3D('',#11387,#4745,#4746);
#3906=AXIS2_PLACEMENT_3D('',#11388,#4747,#4748);
#3907=AXIS2_PLACEMENT_3D('',#11389,#4749,#4750);
#3908=AXIS2_PLACEMENT_3D('',#11391,#4751,#4752);
#3909=AXIS2_PLACEMENT_3D('',#11392,#4753,#4754);
#3910=AXIS2_PLACEMENT_3D('',#11395,#4757,#4758);
#3911=AXIS2_PLACEMENT_3D('',#11398,#4761,#4762);
#3912=AXIS2_PLACEMENT_3D('',#11401,#4765,#4766);
#3913=AXIS2_PLACEMENT_3D('',#11404,#4769,#4770);
#3914=AXIS2_PLACEMENT_3D('',#11406,#4772,#4773);
#3915=AXIS2_PLACEMENT_3D('',#11407,#4774,#4775);
#3916=AXIS2_PLACEMENT_3D('',#11409,#4777,#4778);
#3917=AXIS2_PLACEMENT_3D('',#11410,#4779,#4780);
#3918=AXIS2_PLACEMENT_3D('',#11414,#4784,#4785);
#3919=AXIS2_PLACEMENT_3D('',#11425,#4792,#4793);
#3920=AXIS2_PLACEMENT_3D('',#11430,#4795,#4796);
#3921=AXIS2_PLACEMENT_3D('',#11434,#4798,#4799);
#3922=AXIS2_PLACEMENT_3D('',#11438,#4801,#4802);
#3923=AXIS2_PLACEMENT_3D('',#11441,#4804,#4805);
#3924=AXIS2_PLACEMENT_3D('',#11450,#4810,#4811);
#3925=AXIS2_PLACEMENT_3D('',#11455,#4815,#4816);
#3926=AXIS2_PLACEMENT_3D('',#11460,#4820,#4821);
#3927=AXIS2_PLACEMENT_3D('',#11461,#4822,#4823);
#3928=AXIS2_PLACEMENT_3D('',#11462,#4824,#4825);
#3929=AXIS2_PLACEMENT_3D('',#11463,#4826,#4827);
#3930=AXIS2_PLACEMENT_3D('',#11464,#4828,#4829);
#3931=AXIS2_PLACEMENT_3D('',#11465,#4830,#4831);
#3932=AXIS2_PLACEMENT_3D('',#11466,#4832,#4833);
#3933=AXIS2_PLACEMENT_3D('',#11468,#4835,#4836);
#3934=AXIS2_PLACEMENT_3D('',#11469,#4837,#4838);
#3935=AXIS2_PLACEMENT_3D('',#11475,#4842,#4843);
#3936=AXIS2_PLACEMENT_3D('',#11476,#4844,#4845);
#3937=AXIS2_PLACEMENT_3D('',#11479,#4847,#4848);
#3938=AXIS2_PLACEMENT_3D('',#11482,#4850,#4851);
#3939=AXIS2_PLACEMENT_3D('',#11483,#4852,#4853);
#3940=AXIS2_PLACEMENT_3D('',#11485,#4855,#4856);
#3941=AXIS2_PLACEMENT_3D('',#11487,#4858,#4859);
#3942=AXIS2_PLACEMENT_3D('',#11489,#4861,#4862);
#3943=AXIS2_PLACEMENT_3D('',#11491,#4864,#4865);
#3944=AXIS2_PLACEMENT_3D('',#11492,#4866,#4867);
#3945=AXIS2_PLACEMENT_3D('',#11493,#4868,#4869);
#3946=AXIS2_PLACEMENT_3D('',#11494,#4870,#4871);
#3947=AXIS2_PLACEMENT_3D('',#11496,#4872,#4873);
#3948=AXIS2_PLACEMENT_3D('',#11503,#4877,#4878);
#3949=AXIS2_PLACEMENT_3D('',#11505,#4880,#4881);
#3950=AXIS2_PLACEMENT_3D('',#11509,#4884,#4885);
#3951=AXIS2_PLACEMENT_3D('',#11513,#4888,#4889);
#3952=AXIS2_PLACEMENT_3D('',#11516,#4892,#4893);
#3953=AXIS2_PLACEMENT_3D('',#11517,#4894,#4895);
#3954=AXIS2_PLACEMENT_3D('',#11518,#4896,#4897);
#3955=AXIS2_PLACEMENT_3D('',#11519,#4898,#4899);
#3956=AXIS2_PLACEMENT_3D('',#11525,#4903,#4904);
#3957=AXIS2_PLACEMENT_3D('',#11528,#4906,#4907);
#3958=AXIS2_PLACEMENT_3D('',#11529,#4908,#4909);
#3959=AXIS2_PLACEMENT_3D('',#11530,#4910,#4911);
#3960=AXIS2_PLACEMENT_3D('',#11533,#4913,#4914);
#3961=AXIS2_PLACEMENT_3D('',#11535,#4916,#4917);
#3962=AXIS2_PLACEMENT_3D('',#11537,#4919,#4920);
#3963=AXIS2_PLACEMENT_3D('',#11540,#4923,#4924);
#3964=AXIS2_PLACEMENT_3D('',#11542,#4926,#4927);
#3965=AXIS2_PLACEMENT_3D('',#11544,#4929,#4930);
#3966=AXIS2_PLACEMENT_3D('',#11545,#4931,#4932);
#3967=AXIS2_PLACEMENT_3D('',#11546,#4933,#4934);
#3968=AXIS2_PLACEMENT_3D('',#11547,#4935,#4936);
#3969=AXIS2_PLACEMENT_3D('',#11551,#4938,#4939);
#3970=AXIS2_PLACEMENT_3D('',#11555,#4941,#4942);
#3971=AXIS2_PLACEMENT_3D('',#11559,#4944,#4945);
#3972=AXIS2_PLACEMENT_3D('',#11563,#4947,#4948);
#3973=AXIS2_PLACEMENT_3D('',#11564,#4949,#4950);
#3974=AXIS2_PLACEMENT_3D('',#11567,#4953,#4954);
#3975=AXIS2_PLACEMENT_3D('',#11569,#4956,#4957);
#3976=AXIS2_PLACEMENT_3D('',#11571,#4959,#4960);
#3977=AXIS2_PLACEMENT_3D('',#11573,#4962,#4963);
#3978=AXIS2_PLACEMENT_3D('',#11575,#4965,#4966);
#3979=AXIS2_PLACEMENT_3D('',#11577,#4968,#4969);
#3980=AXIS2_PLACEMENT_3D('',#11579,#4971,#4972);
#3981=AXIS2_PLACEMENT_3D('',#11580,#4973,#4974);
#3982=AXIS2_PLACEMENT_3D('',#11581,#4975,#4976);
#3983=AXIS2_PLACEMENT_3D('',#11583,#4977,#4978);
#3984=AXIS2_PLACEMENT_3D('',#11585,#4979,#4980);
#3985=AXIS2_PLACEMENT_3D('',#11586,#4981,#4982);
#3986=AXIS2_PLACEMENT_3D('',#11588,#4983,#4984);
#3987=AXIS2_PLACEMENT_3D('',#11589,#4985,#4986);
#3988=AXIS2_PLACEMENT_3D('',#11591,#4987,#4988);
#3989=AXIS2_PLACEMENT_3D('',#11592,#4989,#4990);
#3990=AXIS2_PLACEMENT_3D('',#11593,#4991,#4992);
#3991=AXIS2_PLACEMENT_3D('',#11595,#4993,#4994);
#3992=AXIS2_PLACEMENT_3D('',#11596,#4995,#4996);
#3993=AXIS2_PLACEMENT_3D('',#11598,#4997,#4998);
#3994=AXIS2_PLACEMENT_3D('',#11599,#4999,#5000);
#3995=DIRECTION('',(0.,0.,1.));
#3996=DIRECTION('',(1.,0.,0.));
#3997=DIRECTION('',(0.,-1.,0.));
#3998=DIRECTION('',(-1.,0.,0.));
#3999=DIRECTION('',(0.,-1.,0.));
#4000=DIRECTION('',(1.,0.,0.));
#4001=DIRECTION('',(0.,-1.,0.));
#4002=DIRECTION('',(1.,0.,0.));
#4003=DIRECTION('',(0.,0.,-1.));
#4004=DIRECTION('',(-1.,0.,0.));
#4005=DIRECTION('',(0.,0.,-1.));
#4006=DIRECTION('',(1.,0.,0.));
#4007=DIRECTION('',(0.,0.,-1.));
#4008=DIRECTION('',(0.,1.,0.));
#4009=DIRECTION('',(0.,0.,1.));
#4010=DIRECTION('',(1.,0.,2.67974922552551E-14));
#4011=DIRECTION('',(0.,1.,0.));
#4012=DIRECTION('',(0.,0.,1.));
#4013=DIRECTION('',(-0.707106781186559,0.,-0.707106781186536));
#4014=DIRECTION('',(0.,1.,0.));
#4015=DIRECTION('',(0.,0.,0.999999999999994));
#4016=DIRECTION('',(-1.,0.,0.));
#4017=DIRECTION('',(0.,-1.,0.));
#4018=DIRECTION('',(0.,0.,0.999999999999994));
#4019=DIRECTION('',(0.,0.,-1.));
#4020=DIRECTION('',(0.,1.,0.));
#4021=DIRECTION('',(0.,0.,0.999999999999998));
#4022=DIRECTION('',(-1.,0.,0.));
#4023=DIRECTION('',(0.,-1.,0.));
#4024=DIRECTION('',(0.,0.,0.999999999999998));
#4025=DIRECTION('',(-0.707106781186559,0.,0.707106781186536));
#4026=DIRECTION('',(0.,-1.,0.));
#4027=DIRECTION('',(0.,0.,1.));
#4028=DIRECTION('',(1.,0.,-2.67974922552551E-14));
#4029=DIRECTION('',(0.,-1.,0.));
#4030=DIRECTION('',(0.,0.,1.));
#4031=DIRECTION('',(0.,0.,-1.));
#4032=DIRECTION('',(-1.,0.,0.));
#4033=DIRECTION('',(-1.,0.,0.));
#4034=DIRECTION('',(0.,0.,-1.));
#4035=DIRECTION('',(0.707106781186556,0.,0.70710678118654));
#4036=DIRECTION('',(0.,-1.,0.));
#4037=DIRECTION('',(0.,0.,1.));
#4038=DIRECTION('',(1.,0.,2.25164545034084E-14));
#4039=DIRECTION('',(0.,0.,1.));
#4040=DIRECTION('',(-1.,0.,2.25164545034084E-14));
#4041=DIRECTION('',(0.,-1.,0.));
#4042=DIRECTION('',(0.,0.,1.));
#4043=DIRECTION('',(-0.707106781186556,0.,0.707106781186539));
#4044=DIRECTION('',(0.,-1.,0.));
#4045=DIRECTION('',(0.,0.,-1.));
#4046=DIRECTION('',(0.,0.,-1.));
#4047=DIRECTION('',(-1.,0.,0.));
#4048=DIRECTION('',(-0.707106781186555,0.,0.70710678118654));
#4049=DIRECTION('',(0.,-1.,0.));
#4050=DIRECTION('',(0.,0.,1.));
#4051=DIRECTION('',(-1.,0.,2.54827561916804E-14));
#4052=DIRECTION('',(0.,0.,1.));
#4053=DIRECTION('',(1.,0.,2.35225441769357E-14));
#4054=DIRECTION('',(0.,-1.,0.));
#4055=DIRECTION('',(0.,0.,1.));
#4056=DIRECTION('',(0.707106781186558,0.,0.707106781186537));
#4057=DIRECTION('',(0.,1.,0.));
#4058=DIRECTION('',(0.,0.,1.));
#4059=DIRECTION('',(1.,0.,0.));
#4060=DIRECTION('',(0.,-1.,0.));
#4061=DIRECTION('',(0.,-1.,0.));
#4062=DIRECTION('',(0.,-1.,0.));
#4063=DIRECTION('',(0.,0.,1.));
#4064=DIRECTION('',(1.,0.,0.));
#4065=DIRECTION('',(0.,-1.,0.));
#4066=DIRECTION('',(0.707106781186539,0.,0.707106781186556));
#4067=DIRECTION('',(0.707106781186556,0.,-0.707106781186539));
#4068=DIRECTION('',(0.,-1.,0.));
#4069=DIRECTION('',(0.,-1.,0.));
#4070=DIRECTION('',(0.,0.,-1.));
#4071=DIRECTION('',(0.,-1.,0.));
#4072=DIRECTION('',(2.25164545034084E-14,0.,1.));
#4073=DIRECTION('',(1.,0.,-2.2516710718179E-14));
#4074=DIRECTION('',(0.,-1.,0.));
#4075=DIRECTION('',(1.,0.,0.));
#4076=DIRECTION('',(0.,0.,-1.));
#4077=DIRECTION('',(0.,-1.,0.));
#4078=DIRECTION('',(2.25164545034084E-14,0.,-1.));
#4079=DIRECTION('',(-1.,0.,-2.2516710718179E-14));
#4080=DIRECTION('',(0.,-1.,0.));
#4081=DIRECTION('',(0.,-1.,0.));
#4082=DIRECTION('',(0.,0.,-1.));
#4083=DIRECTION('',(0.70710678118654,0.,-0.707106781186556));
#4084=DIRECTION('',(-0.707106781186556,0.,-0.70710678118654));
#4085=DIRECTION('',(0.,-1.,0.));
#4086=DIRECTION('',(1.,0.,0.));
#4087=DIRECTION('',(0.,0.,1.));
#4088=DIRECTION('',(0.,-1.,0.));
#4089=DIRECTION('',(0.,0.,-1.));
#4090=DIRECTION('',(0.,1.,0.));
#4091=DIRECTION('',(0.,0.,1.));
#4092=DIRECTION('',(0.,1.,0.));
#4093=DIRECTION('',(0.,0.,-1.));
#4094=DIRECTION('',(0.,0.,1.));
#4095=DIRECTION('',(0.,-0.707106781186554,-0.707106781186541));
#4096=DIRECTION('',(0.,1.,0.));
#4097=DIRECTION('',(0.,-0.707106781186554,0.707106781186541));
#4098=DIRECTION('',(0.,0.,-1.));
#4099=DIRECTION('',(0.,0.707106781186553,0.707106781186542));
#4100=DIRECTION('',(0.,-1.,0.));
#4101=DIRECTION('',(0.,0.707106781186554,-0.707106781186542));
#4102=DIRECTION('',(-1.,0.,0.));
#4103=DIRECTION('',(0.,0.,1.));
#4104=DIRECTION('',(0.,1.,0.));
#4105=DIRECTION('',(0.,1.,0.));
#4106=DIRECTION('',(0.,0.,0.999999999999998));
#4107=DIRECTION('',(0.,-1.,0.));
#4108=DIRECTION('',(0.,1.,0.));
#4109=DIRECTION('',(0.,0.,0.999999999999998));
#4110=DIRECTION('',(0.,1.,0.));
#4111=DIRECTION('',(0.,0.,0.999999999999998));
#4112=DIRECTION('',(0.,-1.,0.));
#4113=DIRECTION('',(1.,0.,0.));
#4114=DIRECTION('',(-1.,0.,0.));
#4115=DIRECTION('',(0.,-1.,0.));
#4116=DIRECTION('',(0.,1.,0.));
#4117=DIRECTION('',(1.,0.,0.));
#4118=DIRECTION('',(0.,1.,0.));
#4119=DIRECTION('',(-1.,0.,0.));
#4120=DIRECTION('',(0.,0.,-1.));
#4121=DIRECTION('',(-1.,0.,0.));
#4122=DIRECTION('',(0.,1.,0.));
#4123=DIRECTION('',(0.,1.,0.));
#4124=DIRECTION('',(0.,0.,0.999999999999998));
#4125=DIRECTION('',(0.,1.,0.));
#4126=DIRECTION('',(0.,0.,0.999999999999998));
#4127=DIRECTION('',(0.,1.,0.));
#4128=DIRECTION('',(0.,0.,0.999999999999998));
#4129=DIRECTION('',(0.,1.,0.));
#4130=DIRECTION('',(0.70710678118656,0.,0.707106781186535));
#4131=DIRECTION('',(0.707106781186559,0.,0.707106781186536));
#4132=DIRECTION('',(0.,-1.,0.));
#4133=DIRECTION('',(-0.707106781186559,0.,-0.707106781186536));
#4134=DIRECTION('',(0.707106781186535,0.,-0.70710678118656));
#4135=DIRECTION('',(-0.70710678118656,0.,-0.707106781186535));
#4136=DIRECTION('',(0.,1.,0.));
#4137=DIRECTION('',(0.,-1.,0.));
#4138=DIRECTION('',(0.,0.,-1.));
#4139=DIRECTION('',(0.,-1.,0.));
#4140=DIRECTION('',(0.,0.,1.));
#4141=DIRECTION('',(0.,1.,0.));
#4142=DIRECTION('',(0.,0.,1.));
#4143=DIRECTION('',(0.,-1.,0.));
#4144=DIRECTION('',(1.,0.,2.7442968206425E-14));
#4145=DIRECTION('',(-1.,0.,-2.67974922552551E-14));
#4146=DIRECTION('',(2.7442968206425E-14,0.,-1.));
#4147=DIRECTION('',(-1.,0.,-2.74433253899531E-14));
#4148=DIRECTION('',(0.,1.,0.));
#4149=DIRECTION('',(0.,1.,0.));
#4150=DIRECTION('',(0.,0.,1.));
#4151=DIRECTION('',(0.,1.,0.));
#4152=DIRECTION('',(0.,0.,1.));
#4153=DIRECTION('',(0.,1.,0.));
#4154=DIRECTION('',(0.,0.,1.));
#4155=DIRECTION('',(0.,1.,0.));
#4156=DIRECTION('',(0.,0.,1.));
#4157=DIRECTION('',(0.,0.,1.));
#4158=DIRECTION('',(0.,-1.,0.));
#4159=DIRECTION('',(0.,1.,0.));
#4160=DIRECTION('',(0.,0.,1.));
#4161=DIRECTION('',(1.,0.,0.));
#4162=DIRECTION('',(0.,0.,-1.));
#4163=DIRECTION('',(0.,1.,0.));
#4164=DIRECTION('',(0.,1.,0.));
#4165=DIRECTION('',(0.,0.,1.));
#4166=DIRECTION('',(0.,-1.,0.));
#4167=DIRECTION('',(0.,0.,1.));
#4168=DIRECTION('',(0.,1.,0.));
#4169=DIRECTION('',(0.,0.,1.));
#4170=DIRECTION('',(0.,-1.,0.));
#4171=DIRECTION('',(-1.,0.,2.7442968206425E-14));
#4172=DIRECTION('',(-1.,0.,2.67974922552551E-14));
#4173=DIRECTION('',(2.7442968206425E-14,0.,1.));
#4174=DIRECTION('',(1.,0.,-2.74428917090841E-14));
#4175=DIRECTION('',(0.,1.,0.));
#4176=DIRECTION('',(0.,-1.,0.));
#4177=DIRECTION('',(0.,0.,-0.999999999999998));
#4178=DIRECTION('',(0.,1.,0.));
#4179=DIRECTION('',(0.,0.,0.999999999999998));
#4180=DIRECTION('',(0.,1.,0.));
#4181=DIRECTION('',(0.,0.,0.999999999999998));
#4182=DIRECTION('',(0.,-1.,0.));
#4183=DIRECTION('',(-0.70710678118656,0.,0.707106781186535));
#4184=DIRECTION('',(-0.707106781186559,0.,0.707106781186536));
#4185=DIRECTION('',(0.,1.,0.));
#4186=DIRECTION('',(0.707106781186559,0.,-0.707106781186536));
#4187=DIRECTION('',(0.707106781186535,0.,0.70710678118656));
#4188=DIRECTION('',(0.70710678118656,0.,-0.707106781186535));
#4189=DIRECTION('',(0.,1.,0.));
#4190=DIRECTION('',(0.,1.,0.));
#4191=DIRECTION('',(0.,0.,1.));
#4192=DIRECTION('',(0.,1.,0.));
#4193=DIRECTION('',(0.,0.,1.));
#4194=DIRECTION('',(0.,1.,0.));
#4195=DIRECTION('',(0.,0.,1.));
#4196=DIRECTION('',(0.,1.,0.));
#4197=DIRECTION('',(-1.,0.,0.));
#4198=DIRECTION('',(-1.,0.,0.));
#4199=DIRECTION('',(0.,1.,0.));
#4200=DIRECTION('',(1.,0.,0.));
#4201=DIRECTION('',(0.,1.,0.));
#4202=DIRECTION('',(0.,-1.,0.));
#4203=DIRECTION('',(-1.,0.,0.));
#4204=DIRECTION('',(0.,0.,1.));
#4205=DIRECTION('',(1.,0.,0.));
#4206=DIRECTION('',(0.,1.,0.));
#4207=DIRECTION('',(0.,0.,1.));
#4208=DIRECTION('',(0.,-1.,0.));
#4209=DIRECTION('',(0.,0.,1.));
#4210=DIRECTION('',(0.,-1.,0.));
#4211=DIRECTION('',(0.,1.,0.));
#4212=DIRECTION('',(0.,0.,1.));
#4213=DIRECTION('',(0.,0.,1.));
#4214=DIRECTION('',(0.,0.,1.));
#4215=DIRECTION('',(0.,1.,0.));
#4216=DIRECTION('',(0.,0.,1.));
#4217=DIRECTION('',(1.,0.,0.));
#4218=DIRECTION('',(0.,0.,-1.));
#4219=DIRECTION('',(0.,0.,1.));
#4220=DIRECTION('',(-1.,0.,0.));
#4221=DIRECTION('',(-0.70710678118656,0.,-0.707106781186535));
#4222=DIRECTION('',(0.,1.,0.));
#4223=DIRECTION('',(0.,0.,-1.));
#4224=DIRECTION('',(-1.,0.,-2.7442968206425E-14));
#4225=DIRECTION('',(0.,0.,-1.));
#4226=DIRECTION('',(1.,0.,-2.7442968206425E-14));
#4227=DIRECTION('',(0.,1.,0.));
#4228=DIRECTION('',(0.,0.,-1.));
#4229=DIRECTION('',(0.70710678118656,0.,-0.707106781186535));
#4230=DIRECTION('',(1.,0.,0.));
#4231=DIRECTION('',(0.,-1.,0.));
#4232=DIRECTION('',(0.,0.,-1.));
#4233=DIRECTION('',(0.,0.,-1.));
#4234=DIRECTION('',(-0.999999999999998,0.,0.));
#4235=DIRECTION('',(0.,0.,-1.));
#4236=DIRECTION('',(-0.999999999999998,0.,0.));
#4237=DIRECTION('',(0.,0.,-1.));
#4238=DIRECTION('',(-0.999999999999998,0.,0.));
#4239=DIRECTION('',(-1.,0.,0.));
#4240=DIRECTION('',(0.,0.,1.));
#4241=DIRECTION('',(0.,0.,1.));
#4242=DIRECTION('',(0.999999999999998,0.,0.));
#4243=DIRECTION('',(-1.,-4.33680868994202E-15,0.));
#4244=DIRECTION('',(4.33680868994202E-15,-1.,0.));
#4245=DIRECTION('',(-1.,0.,0.));
#4246=DIRECTION('',(0.,0.,1.));
#4247=DIRECTION('',(-0.707106781186565,-3.06658683336682E-15,0.70710678118653));
#4248=DIRECTION('',(0.707106781186531,0.,0.707106781186565));
#4249=DIRECTION('',(0.,-1.,0.));
#4250=DIRECTION('',(0.,0.,-1.));
#4251=DIRECTION('',(-0.707106781186563,5.05986827505514E-14,0.707106781186532));
#4252=DIRECTION('',(0.707106781186533,0.,0.707106781186564));
#4253=DIRECTION('',(0.70710678118656,0.,-0.707106781186535));
#4254=DIRECTION('',(-0.707106781186535,0.,-0.70710678118656));
#4255=DIRECTION('',(-1.,-3.68628738645071E-14,-8.67361737988409E-15));
#4256=DIRECTION('',(3.68628738645072E-14,-1.,0.));
#4257=DIRECTION('',(0.,-1.,0.));
#4258=DIRECTION('',(0.,0.,-1.));
#4259=DIRECTION('',(-1.,9.75781955236954E-15,2.73761048552592E-14));
#4260=DIRECTION('',(2.7376104855259E-14,0.,1.));
#4261=DIRECTION('',(1.,0.,-2.7442968206425E-14));
#4262=DIRECTION('',(-2.7376104855259E-14,0.,-1.));
#4263=DIRECTION('',(0.,0.,1.));
#4264=DIRECTION('',(1.,0.,0.));
#4265=DIRECTION('',(0.,-1.,0.));
#4266=DIRECTION('',(0.,0.,-1.));
#4267=DIRECTION('',(0.,0.,1.));
#4268=DIRECTION('',(1.,0.,0.));
#4269=DIRECTION('',(0.,0.,-1.));
#4270=DIRECTION('',(-1.,0.,0.));
#4271=DIRECTION('',(1.,0.,1.68051336735254E-14));
#4272=DIRECTION('',(1.68051336735253E-14,0.,-1.));
#4273=DIRECTION('',(0.,-1.,0.));
#4274=DIRECTION('',(0.,0.,-1.));
#4275=DIRECTION('',(1.,4.98732999343332E-14,2.81892564846233E-14));
#4276=DIRECTION('',(-4.98732999343332E-14,1.,0.));
#4277=DIRECTION('',(-1.,0.,-2.7442968206425E-14));
#4278=DIRECTION('',(-2.81892564846231E-14,0.,1.));
#4279=DIRECTION('',(0.707106781186567,2.91325749169835E-14,0.707106781186528));
#4280=DIRECTION('',(0.707106781186529,0.,-0.707106781186568));
#4281=DIRECTION('',(0.,-1.,0.));
#4282=DIRECTION('',(0.,0.,-1.));
#4283=DIRECTION('',(0.707106781186563,4.9065389333868E-14,0.707106781186532));
#4284=DIRECTION('',(0.707106781186531,0.,-0.707106781186564));
#4285=DIRECTION('',(0.70710678118656,0.,0.707106781186535));
#4286=DIRECTION('',(0.707106781186535,0.,-0.707106781186561));
#4287=DIRECTION('',(1.,0.,0.));
#4288=DIRECTION('',(0.,0.,-1.));
#4289=DIRECTION('',(0.,-1.,0.));
#4290=DIRECTION('',(0.,0.,-1.));
#4291=DIRECTION('',(1.,0.,0.));
#4292=DIRECTION('',(0.,0.,-1.));
#4293=DIRECTION('',(1.,0.,0.));
#4294=DIRECTION('',(0.,0.,-1.));
#4295=DIRECTION('',(0.,0.,0.999999999999998));
#4296=DIRECTION('',(0.999999999999998,0.,0.));
#4297=DIRECTION('',(1.,0.,0.));
#4298=DIRECTION('',(0.,0.,-1.));
#4299=DIRECTION('',(-1.,0.,0.));
#4300=DIRECTION('',(0.,0.,1.));
#4301=DIRECTION('',(-1.,0.,0.));
#4302=DIRECTION('',(0.,0.,1.));
#4303=DIRECTION('',(-1.,0.,0.));
#4304=DIRECTION('',(0.,-1.,0.));
#4305=DIRECTION('',(-1.,0.,0.));
#4306=DIRECTION('',(0.,-1.,0.));
#4307=DIRECTION('',(1.92296268638356E-16,-0.866025403784438,0.500000000000001));
#4308=DIRECTION('',(1.92296268638356E-16,-0.866025403784437,-0.500000000000002));
#4309=DIRECTION('',(2.22387234366467E-31,-1.00154306582478E-15,-1.));
#4310=DIRECTION('',(-1.92296268638356E-16,0.866025403784437,-0.500000000000003));
#4311=DIRECTION('',(-1.92296268638357E-16,0.866025403784441,0.499999999999996));
#4312=DIRECTION('',(-8.548009320961E-31,3.84968115926395E-15,1.));
#4313=DIRECTION('',(-1.,-2.22044604925031E-16,0.));
#4314=DIRECTION('',(0.,-1.,0.));
#4315=DIRECTION('',(-1.,-2.22044604925031E-16,0.));
#4316=DIRECTION('',(0.,-1.,0.));
#4317=DIRECTION('',(-1.,-2.22044604925031E-16,0.));
#4318=DIRECTION('',(0.,-1.,0.));
#4319=DIRECTION('',(-1.,-2.22044604925031E-16,0.));
#4320=DIRECTION('',(2.22044604925031E-16,-1.,0.));
#4321=DIRECTION('',(1.,0.,0.));
#4322=DIRECTION('',(0.,0.,1.));
#4323=DIRECTION('',(-1.,-2.22044604925031E-16,0.));
#4324=DIRECTION('',(0.,1.,0.));
#4325=DIRECTION('',(1.,2.22044604925031E-16,0.));
#4326=DIRECTION('',(0.,0.,1.));
#4327=DIRECTION('',(1.,2.22044604925031E-16,0.));
#4328=DIRECTION('',(0.,1.,0.));
#4329=DIRECTION('',(1.,2.22044604925031E-16,0.));
#4330=DIRECTION('',(0.,1.,0.));
#4331=DIRECTION('',(-2.22387234366467E-31,1.00154306582478E-15,1.));
#4332=DIRECTION('',(-1.92296268638356E-16,0.866025403784437,0.500000000000002));
#4333=DIRECTION('',(-1.92296268638356E-16,0.866025403784438,-0.500000000000001));
#4334=DIRECTION('',(8.548009320961E-31,-3.84968115926395E-15,-1.));
#4335=DIRECTION('',(1.92296268638357E-16,-0.866025403784441,-0.499999999999996));
#4336=DIRECTION('',(1.92296268638356E-16,-0.866025403784437,0.500000000000003));
#4337=DIRECTION('',(1.,2.22044604925031E-16,0.));
#4338=DIRECTION('',(-2.22044604925031E-16,1.,0.));
#4339=DIRECTION('',(-1.,0.,0.));
#4340=DIRECTION('',(-1.,0.,0.));
#4341=DIRECTION('',(0.,0.500000000000002,-0.866025403784438));
#4342=DIRECTION('',(0.,0.866025403784437,0.500000000000002));
#4343=DIRECTION('',(-1.,0.,0.));
#4344=DIRECTION('',(0.,-0.500000000000001,-0.866025403784438));
#4345=DIRECTION('',(0.,0.866025403784438,-0.500000000000001));
#4346=DIRECTION('',(-1.,0.,0.));
#4347=DIRECTION('',(0.,-1.,3.84968115926395E-15));
#4348=DIRECTION('',(0.,-3.85108611666851E-15,-1.));
#4349=DIRECTION('',(-1.,0.,0.));
#4350=DIRECTION('',(0.,-0.499999999999996,0.866025403784441));
#4351=DIRECTION('',(0.,-0.866025403784441,-0.499999999999996));
#4352=DIRECTION('',(-1.,0.,0.));
#4353=DIRECTION('',(0.,0.500000000000003,0.866025403784437));
#4354=DIRECTION('',(0.,-0.866025403784437,0.500000000000003));
#4355=DIRECTION('',(0.,1.,-1.00154306582478E-15));
#4356=DIRECTION('',(0.,1.00267016911459E-15,1.));
#4357=DIRECTION('',(1.,0.,0.));
#4358=DIRECTION('',(0.,0.,1.));
#4359=DIRECTION('',(-1.,0.,0.));
#4360=DIRECTION('',(0.,0.,1.));
#4361=DIRECTION('',(1.,0.,0.));
#4362=DIRECTION('',(0.,0.,-1.));
#4363=DIRECTION('',(-1.,0.,0.));
#4364=DIRECTION('',(0.,0.,-1.));
#4365=DIRECTION('',(1.,0.,0.));
#4366=DIRECTION('',(0.,0.,1.));
#4367=DIRECTION('',(1.,0.,0.));
#4368=DIRECTION('',(0.,0.,1.));
#4369=DIRECTION('',(-1.,0.,0.));
#4370=DIRECTION('',(0.,0.,1.));
#4371=DIRECTION('',(-1.,0.,0.));
#4372=DIRECTION('',(0.,0.,1.));
#4373=DIRECTION('',(1.,0.,0.));
#4374=DIRECTION('',(0.,0.,-1.));
#4375=DIRECTION('',(0.,-0.866025403784442,-0.499999999999994));
#4376=DIRECTION('',(0.,-0.866025403784441,0.499999999999995));
#4377=DIRECTION('',(0.,5.77813307206598E-16,1.));
#4378=DIRECTION('',(0.,0.866025403784442,0.499999999999995));
#4379=DIRECTION('',(0.,0.866025403784434,-0.500000000000007));
#4380=DIRECTION('',(0.,-4.04469315044626E-15,-1.));
#4381=DIRECTION('',(1.,0.,0.));
#4382=DIRECTION('',(0.,1.,0.));
#4383=DIRECTION('',(-1.,0.,0.));
#4384=DIRECTION('',(0.,0.866025403784442,0.499999999999994));
#4385=DIRECTION('',(-1.,0.,0.));
#4386=DIRECTION('',(0.,-0.499999999999994,0.866025403784442));
#4387=DIRECTION('',(0.,-0.866025403784442,-0.499999999999994));
#4388=DIRECTION('',(-1.,0.,0.));
#4389=DIRECTION('',(0.,4.04469315044626E-15,1.));
#4390=DIRECTION('',(0.,-1.,4.04469315044626E-15));
#4391=DIRECTION('',(0.,-4.04537514597791E-15,-1.));
#4392=DIRECTION('',(-1.,0.,0.));
#4393=DIRECTION('',(0.,-0.866025403784434,0.500000000000007));
#4394=DIRECTION('',(0.,-0.500000000000007,-0.866025403784434));
#4395=DIRECTION('',(0.,0.866025403784434,-0.500000000000007));
#4396=DIRECTION('',(-1.,0.,0.));
#4397=DIRECTION('',(0.,-0.866025403784442,-0.499999999999995));
#4398=DIRECTION('',(0.,0.499999999999995,-0.866025403784442));
#4399=DIRECTION('',(0.,0.866025403784442,0.499999999999995));
#4400=DIRECTION('',(-1.,0.,0.));
#4401=DIRECTION('',(0.,-5.77813307206598E-16,-1.));
#4402=DIRECTION('',(0.,1.,-5.77813307206598E-16));
#4403=DIRECTION('',(0.,5.79397640976254E-16,1.));
#4404=DIRECTION('',(0.,0.866025403784441,-0.499999999999995));
#4405=DIRECTION('',(0.,0.499999999999995,0.866025403784441));
#4406=DIRECTION('',(0.,-0.866025403784441,0.499999999999995));
#4407=DIRECTION('',(1.,0.,0.));
#4408=DIRECTION('',(0.,1.,0.));
#4409=DIRECTION('',(-1.,0.,0.));
#4410=DIRECTION('',(0.,0.,1.));
#4411=DIRECTION('',(-1.,0.,0.));
#4412=DIRECTION('',(0.,-1.,0.));
#4413=DIRECTION('',(1.,0.,0.));
#4414=DIRECTION('',(0.,0.,-1.));
#4415=DIRECTION('',(1.,0.,0.));
#4416=DIRECTION('',(-4.8742792109344E-17,0.,-1.));
#4417=DIRECTION('',(1.,0.,0.));
#4418=DIRECTION('',(0.,0.,1.));
#4419=DIRECTION('',(1.,0.,0.));
#4420=DIRECTION('',(0.,0.,-1.));
#4421=DIRECTION('',(-1.,0.,0.));
#4422=DIRECTION('',(0.,0.707106781186548,0.707106781186548));
#4423=DIRECTION('',(0.671032974212234,-0.524268417664026,-0.524268417664026));
#4424=DIRECTION('',(1.,0.,0.));
#4425=DIRECTION('',(0.,0.707106781186548,0.707106781186548));
#4426=DIRECTION('',(-0.671032974212234,0.524268417664026,0.524268417664026));
#4427=DIRECTION('',(-0.671032974212234,0.524268417664026,0.524268417664026));
#4428=DIRECTION('',(-0.61566147532564,-3.67709464982615E-14,-0.788010753606734));
#4429=DIRECTION('',(-0.671032974212234,0.524268417664026,-0.524268417664026));
#4430=DIRECTION('',(-1.,0.,0.));
#4431=DIRECTION('',(0.,0.707106781186548,-0.707106781186548));
#4432=DIRECTION('',(0.671032974212234,-0.524268417664026,0.524268417664026));
#4433=DIRECTION('',(1.,0.,0.));
#4434=DIRECTION('',(0.,0.707106781186548,-0.707106781186548));
#4435=DIRECTION('',(-0.671032974212234,0.524268417664026,-0.524268417664026));
#4436=DIRECTION('',(-0.61566147532564,-0.788010753606734,3.46079496454226E-14));
#4437=DIRECTION('',(-1.,0.,0.));
#4438=DIRECTION('',(0.,-0.707106781186548,-0.707106781186548));
#4439=DIRECTION('',(0.671032974212234,0.524268417664026,0.524268417664026));
#4440=DIRECTION('',(1.,0.,0.));
#4441=DIRECTION('',(0.,-0.707106781186548,-0.707106781186548));
#4442=DIRECTION('',(-0.671032974212234,-0.524268417664026,-0.524268417664026));
#4443=DIRECTION('',(-0.671032974212234,-0.524268417664026,-0.524268417664026));
#4444=DIRECTION('',(-0.61566147532564,3.46079496454226E-14,0.788010753606736));
#4445=DIRECTION('',(-0.671032974212234,-0.524268417664026,0.524268417664026));
#4446=DIRECTION('',(-1.,0.,0.));
#4447=DIRECTION('',(0.,-0.707106781186548,0.707106781186548));
#4448=DIRECTION('',(0.671032974212234,0.524268417664026,-0.524268417664026));
#4449=DIRECTION('',(1.,0.,0.));
#4450=DIRECTION('',(0.,-0.707106781186548,0.707106781186548));
#4451=DIRECTION('',(-0.671032974212234,-0.524268417664026,0.524268417664026));
#4452=DIRECTION('',(-0.61566147532564,0.788010753606736,-3.56894480718421E-14));
#4453=DIRECTION('',(0.992432509138967,0.0868265938642476,0.0868265938642476));
#4454=DIRECTION('',(0.,0.,1.));
#4455=DIRECTION('',(-0.992432509138967,-0.0868265938642476,0.0868265938642476));
#4456=DIRECTION('',(0.0871557427476582,-0.996194698091746,0.));
#4457=DIRECTION('',(-0.996194698091746,-0.0871557427476582,0.));
#4458=DIRECTION('',(0.992432509138967,0.0868265938642476,-0.0868265938642476));
#4459=DIRECTION('',(0.,1.,0.));
#4460=DIRECTION('',(-0.992432509138967,0.0868265938642476,0.0868265938642476));
#4461=DIRECTION('',(0.0871557427476582,0.,0.996194698091746));
#4462=DIRECTION('',(-0.996194698091746,0.,0.0871557427476582));
#4463=DIRECTION('',(0.992432509138967,-0.0868265938642476,-0.0868265938642476));
#4464=DIRECTION('',(0.,0.,-1.));
#4465=DIRECTION('',(-0.992432509138967,0.0868265938642476,-0.0868265938642476));
#4466=DIRECTION('',(0.0871557427476582,0.996194698091746,0.));
#4467=DIRECTION('',(0.996194698091746,-0.0871557427476582,0.));
#4468=DIRECTION('',(0.992432509138967,-0.0868265938642476,0.0868265938642476));
#4469=DIRECTION('',(0.,-1.,0.));
#4470=DIRECTION('',(-0.992432509138967,-0.0868265938642476,-0.0868265938642476));
#4471=DIRECTION('',(0.0871557427476582,0.,-0.996194698091746));
#4472=DIRECTION('',(0.996194698091746,0.,0.0871557427476582));
#4473=DIRECTION('',(0.,-1.,0.));
#4474=DIRECTION('',(0.,-0.707106781186553,-0.707106781186542));
#4475=DIRECTION('',(0.,0.,-1.));
#4476=DIRECTION('',(0.,0.707106781186554,-0.707106781186541));
#4477=DIRECTION('',(0.,1.,0.));
#4478=DIRECTION('',(0.,0.707106781186554,0.707106781186541));
#4479=DIRECTION('',(0.,0.,1.));
#4480=DIRECTION('',(0.,-0.707106781186554,0.707106781186542));
#4481=DIRECTION('',(0.,-1.,0.));
#4482=DIRECTION('',(0.,0.,1.));
#4483=DIRECTION('',(0.,1.,0.));
#4484=DIRECTION('',(0.,0.,-1.));
#4485=DIRECTION('',(1.,0.,0.));
#4486=DIRECTION('',(0.,0.,1.));
#4487=DIRECTION('',(0.,0.,-1.));
#4488=DIRECTION('',(-0.615661475325695,0.788010753606693,0.));
#4489=DIRECTION('',(0.,0.,1.));
#4490=DIRECTION('',(0.,0.,1.));
#4491=DIRECTION('',(0.,-1.,0.));
#4492=DIRECTION('',(0.,1.,0.));
#4493=DIRECTION('',(1.,0.,0.));
#4494=DIRECTION('',(0.,0.,1.));
#4495=DIRECTION('',(-0.615661475325695,-0.788010753606693,0.));
#4496=DIRECTION('',(0.,0.,-1.));
#4497=DIRECTION('',(-0.615661475325695,0.,-0.788010753606693));
#4498=DIRECTION('',(0.,1.,0.));
#4499=DIRECTION('',(-0.615661475325695,0.,0.788010753606693));
#4500=DIRECTION('',(0.,-1.,0.));
#4501=DIRECTION('',(-6.8687990281762E-18,0.707106781186554,-0.707106781186542));
#4502=DIRECTION('',(-0.574426501100965,0.626876523890965,-0.526364910140563));
#4503=DIRECTION('',(0.574426501100951,0.526364910140582,-0.626876523890962));
#4504=DIRECTION('',(-0.12279134661748,-0.701755757082138,-0.70175575708215));
#4505=DIRECTION('',(0.992432509138967,-0.0868265938642476,-0.0868265938642476));
#4506=DIRECTION('',(6.93889390390723E-18,0.707106781186553,0.707106781186542));
#4507=DIRECTION('',(-0.574426501100951,0.526364910140582,0.626876523890962));
#4508=DIRECTION('',(0.574426501100973,0.626876523890962,0.526364910140559));
#4509=DIRECTION('',(-0.12279134661748,0.701755757082138,-0.70175575708215));
#4510=DIRECTION('',(0.992432509138967,0.0868265938642476,-0.0868265938642476));
#4511=DIRECTION('',(0.574426501100965,-0.626876523890965,-0.526364910140562));
#4512=DIRECTION('',(-6.93889390390723E-18,-0.707106781186554,-0.707106781186541));
#4513=DIRECTION('',(-0.57442650110095,-0.526364910140583,-0.626876523890962));
#4514=DIRECTION('',(-0.12279134661748,-0.701755757082137,0.701755757082151));
#4515=DIRECTION('',(0.992432509138967,-0.0868265938642476,0.0868265938642476));
#4516=DIRECTION('',(0.574426501100951,-0.526364910140583,0.626876523890962));
#4517=DIRECTION('',(0.,-0.707106781186554,0.707106781186541));
#4518=DIRECTION('',(-0.574426501100974,-0.626876523890962,0.526364910140558));
#4519=DIRECTION('',(-0.12279134661748,0.701755757082138,0.70175575708215));
#4520=DIRECTION('',(0.992432509138967,0.0868265938642476,0.0868265938642476));
#4521=DIRECTION('',(-0.638916285111024,-0.69725477341325,0.324995017765452));
#4522=DIRECTION('',(0.638916285111031,0.697254773413258,0.324995017765419));
#4523=DIRECTION('',(-0.73727733681012,0.675590207615665,0.));
#4524=DIRECTION('',(0.,0.,1.));
#4525=DIRECTION('',(0.638916285111018,0.324995017765415,-0.697254773413272));
#4526=DIRECTION('',(0.749263420506272,-0.468297088764832,0.46829708876484));
#4527=DIRECTION('',(0.,0.707106781186553,0.707106781186542));
#4528=DIRECTION('',(0.638916285111013,-0.324995017765438,-0.697254773413266));
#4529=DIRECTION('',(-0.737277336810133,0.,-0.67559020761565));
#4530=DIRECTION('',(0.,1.,0.));
#4531=DIRECTION('',(-0.638916285111026,-0.324995017765381,-0.697254773413281));
#4532=DIRECTION('',(0.74926342050626,-0.468297088764841,-0.46829708876485));
#4533=DIRECTION('',(0.,-0.707106781186554,0.707106781186541));
#4534=DIRECTION('',(0.638916285111015,-0.697254773413254,-0.324995017765459));
#4535=DIRECTION('',(0.74926342050628,0.468297088764825,0.468297088764833));
#4536=DIRECTION('',(0.,0.707106781186554,-0.707106781186542));
#4537=DIRECTION('',(-0.638916285111028,0.324995017765374,-0.697254773413282));
#4538=DIRECTION('',(-0.737277336810133,0.,0.67559020761565));
#4539=DIRECTION('',(0.,-1.,0.));
#4540=DIRECTION('',(0.63891628511103,-0.69725477341327,0.324995017765396));
#4541=DIRECTION('',(-0.737277336810127,-0.675590207615658,0.));
#4542=DIRECTION('',(0.,0.,-1.));
#4543=DIRECTION('',(0.749263420506257,0.468297088764843,-0.468297088764852));
#4544=DIRECTION('',(0.,-0.707106781186554,-0.707106781186541));
#4545=DIRECTION('',(0.,0.,1.));
#4546=DIRECTION('',(-1.,0.,0.));
#4547=DIRECTION('',(0.,-1.,0.));
#4548=DIRECTION('',(0.,0.,1.));
#4549=DIRECTION('',(-1.,0.,0.));
#4550=DIRECTION('',(0.,1.,0.));
#4551=DIRECTION('',(0.,0.,1.));
#4552=DIRECTION('',(1.,0.,2.67974922552551E-14));
#4553=DIRECTION('',(-2.22044604925031E-16,0.,-1.));
#4554=DIRECTION('',(1.,0.,-2.22044604925031E-16));
#4555=DIRECTION('',(0.,0.,-1.));
#4556=DIRECTION('',(1.,0.,-2.22044604925031E-16));
#4557=DIRECTION('',(0.,0.,-1.));
#4558=DIRECTION('',(1.,0.,-2.22044604925031E-16));
#4559=DIRECTION('',(0.,0.,-1.));
#4560=DIRECTION('',(1.,0.,-2.22044604925031E-16));
#4561=DIRECTION('',(-2.22044604925031E-16,0.,-1.));
#4562=DIRECTION('',(1.,0.,-2.67974922552551E-14));
#4563=DIRECTION('',(0.,1.,0.));
#4564=DIRECTION('',(0.,0.,0.999999999999998));
#4565=DIRECTION('',(1.,0.,0.));
#4566=DIRECTION('',(0.,1.,0.));
#4567=DIRECTION('',(0.,0.,1.));
#4568=DIRECTION('',(0.,-1.,0.));
#4569=DIRECTION('',(0.,1.,0.));
#4570=DIRECTION('',(0.,0.,-1.));
#4571=DIRECTION('',(1.,0.,0.));
#4572=DIRECTION('',(0.,1.,0.));
#4573=DIRECTION('',(0.,0.,-1.));
#4574=DIRECTION('',(0.,-1.,0.));
#4575=DIRECTION('',(0.,0.,1.));
#4576=DIRECTION('',(-1.,0.,0.));
#4577=DIRECTION('',(0.,0.,1.));
#4578=DIRECTION('',(-1.,0.,0.));
#4579=DIRECTION('',(0.,0.,-1.));
#4580=DIRECTION('',(-1.,0.,0.));
#4581=DIRECTION('',(0.,1.,0.));
#4582=DIRECTION('',(0.,0.,0.999999999999994));
#4583=DIRECTION('',(-0.707106781186559,0.,-0.707106781186536));
#4584=DIRECTION('',(0.,1.,0.));
#4585=DIRECTION('',(0.,0.,1.));
#4586=DIRECTION('',(-1.,0.,-2.67974922552551E-14));
#4587=DIRECTION('',(0.,1.,0.));
#4588=DIRECTION('',(0.,0.,1.));
#4589=DIRECTION('',(0.,0.,-1.));
#4590=DIRECTION('',(0.,0.,-1.));
#4591=DIRECTION('',(0.,-1.,0.));
#4592=DIRECTION('',(0.,0.,1.));
#4593=DIRECTION('',(-1.,0.,2.67974922552551E-14));
#4594=DIRECTION('',(0.,-1.,0.));
#4595=DIRECTION('',(0.,0.,1.));
#4596=DIRECTION('',(-0.707106781186559,0.,0.707106781186536));
#4597=DIRECTION('',(0.,-1.,0.));
#4598=DIRECTION('',(0.,0.,0.999999999999998));
#4599=DIRECTION('',(-1.,0.,0.));
#4600=DIRECTION('',(0.,0.,1.));
#4601=DIRECTION('',(-1.,0.,0.));
#4602=DIRECTION('',(0.,0.,-1.));
#4603=DIRECTION('',(-1.,0.,0.));
#4604=DIRECTION('',(0.,-1.,0.));
#4605=DIRECTION('',(0.,0.,1.));
#4606=DIRECTION('',(0.,1.,0.));
#4607=DIRECTION('',(0.,0.,1.));
#4608=DIRECTION('',(0.,0.,1.));
#4609=DIRECTION('',(0.,1.,0.));
#4610=DIRECTION('',(0.,0.,1.));
#4611=DIRECTION('',(1.,0.,0.));
#4612=DIRECTION('',(0.,1.,0.));
#4613=DIRECTION('',(0.,0.,0.999999999999998));
#4614=DIRECTION('',(0.,-1.,0.));
#4615=DIRECTION('',(0.,0.,0.999999999999998));
#4616=DIRECTION('',(0.,0.,1.));
#4617=DIRECTION('',(-1.,0.,0.));
#4618=DIRECTION('',(0.,0.,-1.));
#4619=DIRECTION('',(0.,-1.,0.));
#4620=DIRECTION('',(0.,0.,0.999999999999998));
#4621=DIRECTION('',(-1.,0.,2.67974922552551E-14));
#4622=DIRECTION('',(-2.22044604925031E-16,0.,-1.));
#4623=DIRECTION('',(1.,0.,-2.22044604925031E-16));
#4624=DIRECTION('',(0.,0.,1.));
#4625=DIRECTION('',(1.,0.,-2.22044604925031E-16));
#4626=DIRECTION('',(0.,0.,-1.));
#4627=DIRECTION('',(1.,0.,-2.22044604925031E-16));
#4628=DIRECTION('',(0.,0.,1.));
#4629=DIRECTION('',(1.,0.,-2.22044604925031E-16));
#4630=DIRECTION('',(-2.22044604925031E-16,0.,-1.));
#4631=DIRECTION('',(-1.,0.,-2.67974922552551E-14));
#4632=DIRECTION('',(0.,-1.,0.));
#4633=DIRECTION('',(0.,0.,1.));
#4634=DIRECTION('',(0.,0.,1.));
#4635=DIRECTION('',(-1.,0.,0.));
#4636=DIRECTION('',(0.,0.,-1.));
#4637=DIRECTION('',(0.,-1.,0.));
#4638=DIRECTION('',(0.,0.,0.999999999999994));
#4639=DIRECTION('',(-1.,0.,0.));
#4640=DIRECTION('',(0.,1.,0.));
#4641=DIRECTION('',(0.,0.,0.999999999999998));
#4642=DIRECTION('',(0.,-1.,0.));
#4643=DIRECTION('',(0.,0.,1.));
#4644=DIRECTION('',(1.,0.,0.));
#4645=DIRECTION('',(0.,1.,0.));
#4646=DIRECTION('',(0.,0.,1.));
#4647=DIRECTION('',(0.,0.,1.));
#4648=DIRECTION('',(0.,-1.,0.));
#4649=DIRECTION('',(0.,0.,0.999999999999994));
#4650=DIRECTION('',(1.,0.,0.));
#4651=DIRECTION('',(0.,1.,0.));
#4652=DIRECTION('',(0.,0.,1.));
#4653=DIRECTION('',(0.,1.,0.));
#4654=DIRECTION('',(0.,0.,1.));
#4655=DIRECTION('',(0.,1.,0.));
#4656=DIRECTION('',(0.,0.,1.));
#4657=DIRECTION('',(-1.,0.,0.));
#4658=DIRECTION('',(0.,-1.,0.));
#4659=DIRECTION('',(-1.,0.,0.));
#4660=DIRECTION('',(0.,0.,1.));
#4661=DIRECTION('',(0.707106781186548,-0.707106781186547,4.32978028117747E-17));
#4662=DIRECTION('',(-0.707106781186547,-0.707106781186548,-4.32978028117747E-17));
#4663=DIRECTION('',(-0.707106781186547,-0.707106781186548,-4.32978028117747E-17));
#4664=DIRECTION('',(0.707106781186548,-0.707106781186547,4.32978028117747E-17));
#4665=DIRECTION('',(1.,0.,0.));
#4666=DIRECTION('',(0.,0.,1.));
#4667=DIRECTION('',(0.,-1.,0.));
#4668=DIRECTION('',(0.,0.,-1.));
#4669=DIRECTION('',(0.,1.,0.));
#4670=DIRECTION('',(1.,0.,0.));
#4671=DIRECTION('',(0.,1.,0.));
#4672=DIRECTION('',(0.,1.,0.));
#4673=DIRECTION('',(0.,1.,0.));
#4674=DIRECTION('',(0.,0.,-1.));
#4675=DIRECTION('',(0.,0.,1.));
#4676=DIRECTION('',(0.,-1.,0.));
#4677=DIRECTION('',(1.,0.,0.));
#4678=DIRECTION('',(0.,1.,0.));
#4679=DIRECTION('',(0.,-1.,0.));
#4680=DIRECTION('',(0.,1.,0.));
#4681=DIRECTION('',(0.,0.,1.));
#4682=DIRECTION('',(1.,0.,0.));
#4683=DIRECTION('',(0.,1.,0.));
#4684=DIRECTION('',(0.,1.,0.));
#4685=DIRECTION('',(0.,-1.,0.));
#4686=DIRECTION('',(0.,0.,-1.));
#4687=DIRECTION('',(0.,0.,1.));
#4688=DIRECTION('',(0.,-1.,0.));
#4689=DIRECTION('',(1.,0.,0.));
#4690=DIRECTION('',(0.,1.,0.));
#4691=DIRECTION('',(0.,1.,0.));
#4692=DIRECTION('',(0.,-1.,0.));
#4693=DIRECTION('',(2.67974922552551E-14,0.,1.));
#4694=DIRECTION('',(-1.,0.,2.67975745760207E-14));
#4695=DIRECTION('',(0.,-1.,0.));
#4696=DIRECTION('',(0.,1.,0.));
#4697=DIRECTION('',(2.67974922552551E-14,0.,-1.));
#4698=DIRECTION('',(-1.,0.,-2.67971408951517E-14));
#4699=DIRECTION('',(0.,1.,0.));
#4700=DIRECTION('',(0.,0.,1.));
#4701=DIRECTION('',(0.,-1.,0.));
#4702=DIRECTION('',(0.,0.,-0.999999999999998));
#4703=DIRECTION('',(2.22044604925031E-16,-1.,0.));
#4704=DIRECTION('',(-1.,0.,0.));
#4705=DIRECTION('',(-2.22044604925031E-16,1.,0.));
#4706=DIRECTION('',(-1.,-2.22044604925031E-16,0.));
#4707=DIRECTION('',(-2.22044604925031E-16,1.,0.));
#4708=DIRECTION('',(0.,0.,1.));
#4709=DIRECTION('',(0.,1.,0.));
#4710=DIRECTION('',(0.,1.,0.));
#4711=DIRECTION('',(2.22044604925031E-16,0.,1.));
#4712=DIRECTION('',(-1.,0.,2.22044604925031E-16));
#4713=DIRECTION('',(0.,1.,0.));
#4714=DIRECTION('',(0.,-1.,0.));
#4715=DIRECTION('',(-2.22044604925031E-16,0.,-1.));
#4716=DIRECTION('',(1.,0.,-2.22044604925031E-16));
#4717=DIRECTION('',(1.,0.,-2.22044604925031E-16));
#4718=DIRECTION('',(2.22044604925031E-16,0.,1.));
#4719=DIRECTION('',(1.,0.,-2.22044604925031E-16));
#4720=DIRECTION('',(2.22044604925031E-16,0.,1.));
#4721=DIRECTION('',(0.,-1.,0.));
#4722=DIRECTION('',(1.,0.,0.));
#4723=DIRECTION('',(0.,0.,-1.));
#4724=DIRECTION('',(0.,-1.,0.));
#4725=DIRECTION('',(1.,0.,0.));
#4726=DIRECTION('',(0.,0.,-1.));
#4727=DIRECTION('',(2.22044604925031E-16,-1.,0.));
#4728=DIRECTION('',(0.,0.,1.));
#4729=DIRECTION('',(0.,1.,0.));
#4730=DIRECTION('',(-2.22044604925031E-16,0.,-1.));
#4731=DIRECTION('',(1.,0.,-2.22044604925031E-16));
#4732=DIRECTION('',(0.,-1.,0.));
#4733=DIRECTION('',(2.22044604925031E-16,0.,1.));
#4734=DIRECTION('',(-1.,0.,2.22044604925031E-16));
#4735=DIRECTION('',(-1.,0.,0.));
#4736=DIRECTION('',(0.,0.,1.));
#4737=DIRECTION('',(0.,1.,0.));
#4738=DIRECTION('',(0.,-1.,0.));
#4739=DIRECTION('',(0.,-1.,0.));
#4740=DIRECTION('',(0.,0.,-0.999999999999998));
#4741=DIRECTION('',(0.,1.,0.));
#4742=DIRECTION('',(0.,-1.,0.));
#4743=DIRECTION('',(0.,-1.,0.));
#4744=DIRECTION('',(0.,0.,-1.));
#4745=DIRECTION('',(0.,0.,-1.));
#4746=DIRECTION('',(0.,1.,0.));
#4747=DIRECTION('',(0.,0.,1.));
#4748=DIRECTION('',(0.,1.,0.));
#4749=DIRECTION('',(-1.,1.49975978266186E-32,1.83667601732677E-48));
#4750=DIRECTION('',(8.26058798084194E-16,0.,-1.));
#4751=DIRECTION('',(-1.,1.49975978266186E-32,1.83667601732677E-48));
#4752=DIRECTION('',(0.,-1.,0.));
#4753=DIRECTION('',(1.,-1.49975978266186E-32,-1.83667601732677E-48));
#4754=DIRECTION('',(8.26058798084194E-16,0.,-1.));
#4755=DIRECTION('',(0.,-1.,0.));
#4756=DIRECTION('',(0.,1.,0.));
#4757=DIRECTION('',(0.707106781186536,0.,-0.707106781186559));
#4758=DIRECTION('',(-0.707106781186559,0.,-0.707106781186536));
#4759=DIRECTION('',(0.,-1.,0.));
#4760=DIRECTION('',(0.,1.,0.));
#4761=DIRECTION('',(2.67974922552551E-14,0.,-1.));
#4762=DIRECTION('',(-1.,0.,-2.67971408951517E-14));
#4763=DIRECTION('',(0.,-1.,0.));
#4764=DIRECTION('',(0.,-1.,0.));
#4765=DIRECTION('',(1.,0.,0.));
#4766=DIRECTION('',(0.,1.,0.));
#4767=DIRECTION('',(0.,1.,0.));
#4768=DIRECTION('',(0.,-1.,0.));
#4769=DIRECTION('',(1.,0.,0.));
#4770=DIRECTION('',(0.,1.,0.));
#4771=DIRECTION('',(0.,1.,0.));
#4772=DIRECTION('',(0.,1.,0.));
#4773=DIRECTION('',(0.,0.,0.999999999999994));
#4774=DIRECTION('',(0.,-1.,0.));
#4775=DIRECTION('',(0.,0.,-1.));
#4776=DIRECTION('',(1.,0.,0.));
#4777=DIRECTION('',(0.,1.,0.));
#4778=DIRECTION('',(0.,0.,-1.));
#4779=DIRECTION('',(0.,1.,0.));
#4780=DIRECTION('',(0.,0.,1.));
#4781=DIRECTION('',(0.,1.,0.));
#4782=DIRECTION('',(0.,-1.,0.));
#4783=DIRECTION('',(1.,0.,0.));
#4784=DIRECTION('',(0.,0.,1.));
#4785=DIRECTION('',(0.,1.,0.));
#4786=DIRECTION('',(0.,1.,0.));
#4787=DIRECTION('',(0.,1.,0.));
#4788=DIRECTION('',(0.,0.,-1.));
#4789=DIRECTION('',(0.,1.,0.));
#4790=DIRECTION('',(0.,0.,1.));
#4791=DIRECTION('',(0.,-1.,0.));
#4792=DIRECTION('',(-1.,0.,0.));
#4793=DIRECTION('',(0.,0.,1.));
#4794=DIRECTION('',(0.,0.,-1.));
#4795=DIRECTION('',(-1.,0.,0.));
#4796=DIRECTION('',(0.,0.,1.));
#4797=DIRECTION('',(0.,-1.,0.));
#4798=DIRECTION('',(-1.,0.,0.));
#4799=DIRECTION('',(0.,0.,1.));
#4800=DIRECTION('',(0.,0.,1.));
#4801=DIRECTION('',(-1.,0.,0.));
#4802=DIRECTION('',(0.,0.,1.));
#4803=DIRECTION('',(0.,-1.,0.));
#4804=DIRECTION('',(-1.,0.,0.));
#4805=DIRECTION('',(0.,-1.,0.));
#4806=DIRECTION('',(0.,1.,0.));
#4807=DIRECTION('',(1.,0.,0.));
#4808=DIRECTION('',(0.,-1.,0.));
#4809=DIRECTION('',(-1.,0.,0.));
#4810=DIRECTION('',(0.,0.,-1.));
#4811=DIRECTION('',(0.,1.,0.));
#4812=DIRECTION('',(0.,1.,0.));
#4813=DIRECTION('',(0.,-0.707106781186548,-0.707106781186548));
#4814=DIRECTION('',(0.,0.,-1.));
#4815=DIRECTION('',(1.,0.,0.));
#4816=DIRECTION('',(0.,1.,0.));
#4817=DIRECTION('',(0.,0.707106781186548,0.707106781186548));
#4818=DIRECTION('',(0.,-1.,0.));
#4819=DIRECTION('',(0.,0.,1.));
#4820=DIRECTION('',(1.,0.,0.));
#4821=DIRECTION('',(0.,1.,0.));
#4822=DIRECTION('',(0.,-1.,0.));
#4823=DIRECTION('',(0.,0.,0.999999999999998));
#4824=DIRECTION('',(0.,1.,0.));
#4825=DIRECTION('',(0.,0.,0.999999999999994));
#4826=DIRECTION('',(0.,1.,0.));
#4827=DIRECTION('',(0.,0.,1.));
#4828=DIRECTION('',(0.,-1.,0.));
#4829=DIRECTION('',(0.,0.,-1.));
#4830=DIRECTION('',(0.,-0.707106781186547,0.707106781186547));
#4831=DIRECTION('',(0.,-0.707106781186548,-0.707106781186548));
#4832=DIRECTION('',(0.,-1.,0.));
#4833=DIRECTION('',(0.,0.,-0.999999999999994));
#4834=DIRECTION('',(0.,-1.,0.));
#4835=DIRECTION('',(0.,0.,-1.));
#4836=DIRECTION('',(0.,1.,0.));
#4837=DIRECTION('',(0.,1.,0.));
#4838=DIRECTION('',(0.,0.,0.999999999999994));
#4839=DIRECTION('',(-1.,-2.22044604925031E-16,0.));
#4840=DIRECTION('',(1.,2.22044604925031E-16,0.));
#4841=DIRECTION('',(0.,-1.,0.));
#4842=DIRECTION('',(0.,0.,1.));
#4843=DIRECTION('',(2.22044604925031E-16,-1.,0.));
#4844=DIRECTION('',(-1.,0.,0.));
#4845=DIRECTION('',(0.,0.,-0.999999999999999));
#4846=DIRECTION('',(1.,2.22044604925031E-16,0.));
#4847=DIRECTION('',(1.,2.22044604925031E-16,0.));
#4848=DIRECTION('',(0.,1.,0.));
#4849=DIRECTION('',(-1.,-2.22044604925031E-16,0.));
#4850=DIRECTION('',(-1.,0.,0.));
#4851=DIRECTION('',(0.,0.,-0.999999999999999));
#4852=DIRECTION('',(-1.,-2.22044604925031E-16,0.));
#4853=DIRECTION('',(0.,-1.,0.));
#4854=DIRECTION('',(0.,-1.,0.));
#4855=DIRECTION('',(0.,1.,0.));
#4856=DIRECTION('',(0.,0.,-1.));
#4857=DIRECTION('',(0.,1.,0.));
#4858=DIRECTION('',(0.,1.,0.));
#4859=DIRECTION('',(0.,0.,-0.999999999999998));
#4860=DIRECTION('',(0.,-1.,0.));
#4861=DIRECTION('',(0.707106781186536,0.,0.707106781186559));
#4862=DIRECTION('',(-0.707106781186559,0.,0.707106781186536));
#4863=DIRECTION('',(0.,1.,0.));
#4864=DIRECTION('',(0.,-1.,0.));
#4865=DIRECTION('',(0.,0.,1.));
#4866=DIRECTION('',(2.67974922552551E-14,0.,1.));
#4867=DIRECTION('',(-1.,0.,2.67971408951517E-14));
#4868=DIRECTION('',(0.,1.,0.));
#4869=DIRECTION('',(0.,0.,-0.999999999999998));
#4870=DIRECTION('',(0.,1.,0.));
#4871=DIRECTION('',(0.,0.,1.));
#4872=DIRECTION('',(0.,1.,0.));
#4873=DIRECTION('',(0.,0.,0.999999999999998));
#4874=DIRECTION('',(0.,0.,-1.));
#4875=DIRECTION('',(-1.,0.,0.));
#4876=DIRECTION('',(0.,0.,1.));
#4877=DIRECTION('',(0.,1.,0.));
#4878=DIRECTION('',(0.,0.,-1.));
#4879=DIRECTION('',(0.,1.,0.));
#4880=DIRECTION('',(0.,-1.,0.));
#4881=DIRECTION('',(0.,0.,1.));
#4882=DIRECTION('',(0.,-1.,0.));
#4883=DIRECTION('',(0.,0.707106781186548,-0.707106781186548));
#4884=DIRECTION('',(1.,0.,0.));
#4885=DIRECTION('',(0.,1.,0.));
#4886=DIRECTION('',(0.,1.,0.));
#4887=DIRECTION('',(-1.,0.,0.));
#4888=DIRECTION('',(0.,0.,1.));
#4889=DIRECTION('',(0.,1.,0.));
#4890=DIRECTION('',(0.,1.,0.));
#4891=DIRECTION('',(0.,-0.707106781186548,0.707106781186548));
#4892=DIRECTION('',(1.,0.,0.));
#4893=DIRECTION('',(0.,1.,0.));
#4894=DIRECTION('',(0.,1.,0.));
#4895=DIRECTION('',(0.,0.,-1.));
#4896=DIRECTION('',(0.,-0.707106781186547,-0.707106781186547));
#4897=DIRECTION('',(0.,0.707106781186548,-0.707106781186548));
#4898=DIRECTION('',(0.,-1.,0.));
#4899=DIRECTION('',(0.,0.,-0.999999999999998));
#4900=DIRECTION('',(-1.,-2.22044604925031E-16,0.));
#4901=DIRECTION('',(1.,2.22044604925031E-16,0.));
#4902=DIRECTION('',(0.,1.,0.));
#4903=DIRECTION('',(0.,0.,-1.));
#4904=DIRECTION('',(-2.22044604925031E-16,1.,0.));
#4905=DIRECTION('',(-1.,-2.22044604925031E-16,0.));
#4906=DIRECTION('',(-1.,0.,0.));
#4907=DIRECTION('',(0.,0.,-1.));
#4908=DIRECTION('',(-1.,-2.22044604925031E-16,0.));
#4909=DIRECTION('',(0.,-1.,0.));
#4910=DIRECTION('',(-1.,0.,0.));
#4911=DIRECTION('',(0.,0.,-1.));
#4912=DIRECTION('',(1.,2.22044604925031E-16,0.));
#4913=DIRECTION('',(1.,2.22044604925031E-16,0.));
#4914=DIRECTION('',(0.,1.,0.));
#4915=DIRECTION('',(0.,0.,1.));
#4916=DIRECTION('',(2.22044604925031E-16,-1.,0.));
#4917=DIRECTION('',(0.,0.,-1.));
#4918=DIRECTION('',(0.,0.,-1.));
#4919=DIRECTION('',(-2.22044604925031E-16,1.,0.));
#4920=DIRECTION('',(0.,0.,1.));
#4921=DIRECTION('',(-1.,0.,-6.12323399573677E-17));
#4922=DIRECTION('',(1.,0.,6.12323399573677E-17));
#4923=DIRECTION('',(0.,1.,0.));
#4924=DIRECTION('',(-6.07153216591882E-17,0.,1.));
#4925=DIRECTION('',(1.,0.,6.12323399573677E-17));
#4926=DIRECTION('',(6.12323399573677E-17,0.,-1.));
#4927=DIRECTION('',(0.,1.,0.));
#4928=DIRECTION('',(-1.,0.,-6.12323399573677E-17));
#4929=DIRECTION('',(0.,-1.,0.));
#4930=DIRECTION('',(6.07153216591882E-17,0.,-1.));
#4931=DIRECTION('',(-6.12323399573677E-17,0.,1.));
#4932=DIRECTION('',(0.,-1.,0.));
#4933=DIRECTION('',(0.,0.,-1.));
#4934=DIRECTION('',(0.,1.,0.));
#4935=DIRECTION('',(0.,0.,-1.));
#4936=DIRECTION('',(0.,1.,0.));
#4937=DIRECTION('',(0.,0.,-1.));
#4938=DIRECTION('',(1.,0.,0.));
#4939=DIRECTION('',(0.,0.,1.));
#4940=DIRECTION('',(0.,-1.,0.));
#4941=DIRECTION('',(1.,0.,0.));
#4942=DIRECTION('',(0.,0.,1.));
#4943=DIRECTION('',(0.,0.,1.));
#4944=DIRECTION('',(1.,0.,0.));
#4945=DIRECTION('',(0.,0.,1.));
#4946=DIRECTION('',(0.,1.,0.));
#4947=DIRECTION('',(1.,0.,0.));
#4948=DIRECTION('',(0.,0.,1.));
#4949=DIRECTION('',(1.,0.,0.));
#4950=DIRECTION('',(0.,0.,-1.));
#4951=DIRECTION('',(-0.999390827019096,0.034899496702501,0.));
#4952=DIRECTION('',(0.999390827019096,-0.034899496702501,0.));
#4953=DIRECTION('',(-0.034899496702501,-0.999390827019096,0.));
#4954=DIRECTION('',(-0.999390827019096,0.034899496702501,0.));
#4955=DIRECTION('',(0.999390827019096,0.,0.034899496702501));
#4956=DIRECTION('',(1.,0.,0.));
#4957=DIRECTION('',(1.07744459025322E-15,0.,-1.));
#4958=DIRECTION('',(-0.999390827019096,0.,-0.034899496702501));
#4959=DIRECTION('',(-0.034899496702501,0.,0.999390827019096));
#4960=DIRECTION('',(-0.999390827019096,0.,-0.034899496702501));
#4961=DIRECTION('',(0.999390827019096,0.034899496702501,0.));
#4962=DIRECTION('',(1.,0.,0.));
#4963=DIRECTION('',(1.07744459025322E-15,0.,-1.));
#4964=DIRECTION('',(-0.999390827019096,-0.034899496702501,0.));
#4965=DIRECTION('',(-0.034899496702501,0.999390827019096,0.));
#4966=DIRECTION('',(0.999390827019096,0.034899496702501,0.));
#4967=DIRECTION('',(0.999390827019096,0.,-0.034899496702501));
#4968=DIRECTION('',(1.,0.,0.));
#4969=DIRECTION('',(1.07744459025322E-15,0.,-1.));
#4970=DIRECTION('',(-0.999390827019096,0.,0.034899496702501));
#4971=DIRECTION('',(-0.034899496702501,0.,-0.999390827019096));
#4972=DIRECTION('',(0.999390827019096,0.,-0.034899496702501));
#4973=DIRECTION('',(1.,0.,0.));
#4974=DIRECTION('',(1.07744459025322E-15,0.,-1.));
#4975=DIRECTION('',(-1.,0.,0.));
#4976=DIRECTION('',(0.,1.,0.));
#4977=DIRECTION('',(-1.,-2.22044604925031E-16,0.));
#4978=DIRECTION('',(0.,-0.999999999999999,0.));
#4979=DIRECTION('',(-1.,-2.22044604925031E-16,0.));
#4980=DIRECTION('',(2.22044604925031E-16,-1.,0.));
#4981=DIRECTION('',(1.,0.,0.));
#4982=DIRECTION('',(0.,0.,1.));
#4983=DIRECTION('',(-1.,0.,0.));
#4984=DIRECTION('',(0.,0.,1.));
#4985=DIRECTION('',(-1.,0.,0.));
#4986=DIRECTION('',(0.,0.,1.));
#4987=DIRECTION('',(-1.,0.,0.));
#4988=DIRECTION('',(0.,0.,1.));
#4989=DIRECTION('',(-1.,0.,0.));
#4990=DIRECTION('',(0.,-1.,0.));
#4991=DIRECTION('',(0.,1.,0.));
#4992=DIRECTION('',(0.,0.,-1.));
#4993=DIRECTION('',(0.,-1.,0.));
#4994=DIRECTION('',(0.,0.,-1.));
#4995=DIRECTION('',(0.,-1.,0.));
#4996=DIRECTION('',(0.,0.,-1.));
#4997=DIRECTION('',(0.,-1.,0.));
#4998=DIRECTION('',(0.,0.,-1.));
#4999=DIRECTION('',(0.,-1.,0.));
#5000=DIRECTION('',(1.,0.,0.));
#5001=CARTESIAN_POINT('',(0.,0.,0.));
#5002=CARTESIAN_POINT('',(14.6505719403976,16.5948106553203,7.76407499999996));
#5003=CARTESIAN_POINT('',(14.6505719403976,7.3948106553203,7.76407499999996));
#5004=CARTESIAN_POINT('',(14.6505719403976,-2.50518934467971,7.76407499999996));
#5005=CARTESIAN_POINT('',(10.3505719403976,7.3948106553203,7.76407499999996));
#5006=CARTESIAN_POINT('',(13.7505719403976,7.3948106553203,7.76407499999996));
#5007=CARTESIAN_POINT('',(13.7505719403976,18.6448106553203,7.76407499999996));
#5008=CARTESIAN_POINT('',(13.7505719403976,17.3448106553203,7.76407499999996));
#5009=CARTESIAN_POINT('',(-0.920587578561875,17.3448106553203,7.76407499999996));
#5010=CARTESIAN_POINT('',(8.34052143405875,17.3448106553203,7.76407499999996));
#5011=CARTESIAN_POINT('',(8.34052143405875,18.6448106553203,7.76407499999996));
#5012=CARTESIAN_POINT('',(8.34052143405875,-2.50518934467971,7.76407499999996));
#5013=CARTESIAN_POINT('',(14.9505719403976,-2.50518934467971,7.76407499999996));
#5014=CARTESIAN_POINT('',(8.34052143405875,18.6448106553203,7.76407499999996));
#5015=CARTESIAN_POINT('',(-1.32058757856188,-2.50518934467971,5.11407499999995));
#5016=CARTESIAN_POINT('',(-1.32058757856188,-2.50518934467971,5.21407499999995));
#5017=CARTESIAN_POINT('',(-1.32058757856188,-2.50518934467971,5.11407499999996));
#5018=CARTESIAN_POINT('',(-1.32058757856188,-2.50518934467971,5.21407499999995));
#5019=CARTESIAN_POINT('',(-1.02058757856188,-2.50518934467971,5.21407499999995));
#5020=CARTESIAN_POINT('',(-1.02058757856188,-2.50518934467971,5.01407499999992));
#5021=CARTESIAN_POINT('',(-1.02058757856188,-2.50518934467971,6.21407499999995));
#5022=CARTESIAN_POINT('',(-0.920587578561887,-2.50518934467971,6.21407499999995));
#5023=CARTESIAN_POINT('',(-0.920587578561894,-2.50518934467971,6.31407499999994));
#5024=CARTESIAN_POINT('',(-1.22058757856185,-2.50518934467971,6.31407499999994));
#5025=CARTESIAN_POINT('',(6.15915058416043,-2.50518934467971,6.31407500000015));
#5026=CARTESIAN_POINT('',(6.15915058416042,-2.50518934467971,6.71407500000015));
#5027=CARTESIAN_POINT('',(6.44199329663504,-2.50518934467971,6.43123228752553));
#5028=CARTESIAN_POINT('',(9.98770397475366,-2.50518934467971,9.97694296564405));
#5029=CARTESIAN_POINT('',(8.14554668722817,-2.50518934467971,8.13478567811861));
#5030=CARTESIAN_POINT('',(8.21625736534681,-2.50518934467971,8.06407499999994));
#5031=CARTESIAN_POINT('',(8.21625736534681,-2.50518934467971,8.16407499999996));
#5032=CARTESIAN_POINT('',(14.9505719403976,-2.50518934467971,8.16407499999996));
#5033=CARTESIAN_POINT('',(15.0505719403976,-2.50518934467971,8.16407499999994));
#5034=CARTESIAN_POINT('',(15.0505719403976,-2.50518934467971,8.06407499999994));
#5035=CARTESIAN_POINT('',(15.1505719403976,-2.50518934467971,8.06407499999994));
#5036=CARTESIAN_POINT('',(15.1505719403976,-2.50518934467971,1.96407499999992));
#5037=CARTESIAN_POINT('',(15.1505719403976,-2.50518934467971,2.26407499999994));
#5038=CARTESIAN_POINT('',(15.0505719403976,-2.50518934467971,2.26407499999994));
#5039=CARTESIAN_POINT('',(15.0505719403976,-2.50518934467971,2.16407499999994));
#5040=CARTESIAN_POINT('',(8.09199329663491,-2.50518934467971,2.16407499999995));
#5041=CARTESIAN_POINT('',(8.21625736534681,-2.50518934467971,2.16407499999995));
#5042=CARTESIAN_POINT('',(8.21625736534681,-2.50518934467971,2.26407499999994));
#5043=CARTESIAN_POINT('',(8.14554668722817,-2.50518934467971,2.1933643218813));
#5044=CARTESIAN_POINT('',(6.44199329663485,-2.50518934467971,3.89691771247454));
#5045=CARTESIAN_POINT('',(6.44199329663504,-2.50518934467971,3.89691771247435));
#5046=CARTESIAN_POINT('',(6.15915058416042,-2.50518934467971,3.61407499999974));
#5047=CARTESIAN_POINT('',(6.15915058416043,-2.50518934467971,4.01407499999975));
#5048=CARTESIAN_POINT('',(14.9505719403976,-2.50518934467971,4.0140749999995));
#5049=CARTESIAN_POINT('',(-0.920587578561894,-2.50518934467971,4.01407499999991));
#5050=CARTESIAN_POINT('',(-0.920587578561887,-2.50518934467971,4.11407499999993));
#5051=CARTESIAN_POINT('',(-1.02058757856188,-2.50518934467971,4.11407499999993));
#5052=CARTESIAN_POINT('',(-1.02058757856188,-2.50518934467971,5.01407499999992));
#5053=CARTESIAN_POINT('',(-1.02058757856188,-2.50518934467971,5.11407499999996));
#5054=CARTESIAN_POINT('',(14.9505719403976,-2.50518934467971,5.11407499999996));
#5055=CARTESIAN_POINT('',(14.9505719403976,-2.50518934467971,2.56407499999996));
#5056=CARTESIAN_POINT('',(14.6505719403976,-2.50518934467971,2.56407499999996));
#5057=CARTESIAN_POINT('',(8.3405214340587,-2.50518934467971,2.56407499999996));
#5058=CARTESIAN_POINT('',(14.6505719403976,-2.50518934467971,5.01407499999992));
#5059=CARTESIAN_POINT('',(10.2705466872282,-2.50518934467971,9.69410025316941));
#5060=CARTESIAN_POINT('',(6.72483600910968,-2.50518934467971,6.14838957505093));
#5061=CARTESIAN_POINT('',(6.15915058416041,-2.50518934467971,6.71407500000016));
#5062=CARTESIAN_POINT('',(6.15915058416041,-2.50518934467971,5.91407500000016));
#5063=CARTESIAN_POINT('',(14.9505719403976,-2.50518934467971,5.91407500000032));
#5064=CARTESIAN_POINT('',(-0.620587578561883,-2.50518934467971,5.91407499999997));
#5065=CARTESIAN_POINT('',(-0.620587578561882,-2.50518934467971,5.01407499999992));
#5066=CARTESIAN_POINT('',(-0.620587578561883,-2.50518934467971,4.41407499999987));
#5067=CARTESIAN_POINT('',(14.9505719403976,-2.50518934467971,4.41407499999952));
#5068=CARTESIAN_POINT('',(6.15915058416042,-2.50518934467971,4.41407499999972));
#5069=CARTESIAN_POINT('',(6.15915058416042,-2.50518934467971,3.61407499999975));
#5070=CARTESIAN_POINT('',(6.72483600910966,-2.50518934467971,4.17976042494899));
#5071=CARTESIAN_POINT('',(10.4205466872283,-2.50518934467971,0.484049746830452));
#5072=CARTESIAN_POINT('',(14.5505719403976,-2.50518934467971,8.06407499999994));
#5073=CARTESIAN_POINT('',(13.7505719403976,17.3448106553203,4.11407499999992));
#5074=CARTESIAN_POINT('',(13.7505719403976,17.3448106553203,2.56407499999996));
#5075=CARTESIAN_POINT('',(-0.920587578561875,17.3448106553203,2.56407499999996));
#5076=CARTESIAN_POINT('',(8.34052143405872,17.3448106553203,2.56407499999996));
#5077=CARTESIAN_POINT('',(2.93496692774834,17.3448106553203,7.96962950631021));
#5078=CARTESIAN_POINT('',(6.72483600910965,17.3448106553203,4.17976042494899));
#5079=CARTESIAN_POINT('',(6.15915058416042,17.3448106553203,3.61407499999975));
#5080=CARTESIAN_POINT('',(6.15915058416044,17.3448106553203,4.41407499999975));
#5081=CARTESIAN_POINT('',(-0.920587578561867,17.3448106553203,4.41407499999991));
#5082=CARTESIAN_POINT('',(-0.620587578561882,17.3448106553203,4.4140749999999));
#5083=CARTESIAN_POINT('',(-0.620587578561883,17.3448106553203,4.11407499999992));
#5084=CARTESIAN_POINT('',(-0.620587578561883,17.3448106553203,5.91407499999998));
#5085=CARTESIAN_POINT('',(-0.920587578561917,17.3448106553203,5.91407499999997));
#5086=CARTESIAN_POINT('',(6.15915058416044,17.3448106553203,5.91407500000014));
#5087=CARTESIAN_POINT('',(6.15915058416041,17.3448106553203,6.71407500000016));
#5088=CARTESIAN_POINT('',(6.72483600910967,17.3448106553203,6.14838957505093));
#5089=CARTESIAN_POINT('',(1.88496692774828,17.3448106553203,1.30852049368969));
#5090=CARTESIAN_POINT('',(-0.920587578561875,17.3448106553203,4.11407499999992));
#5091=CARTESIAN_POINT('',(9.85057194039762,7.3948106553203,2.56407499999996));
#5092=CARTESIAN_POINT('',(13.7505719403976,7.3948106553203,2.56407499999996));
#5093=CARTESIAN_POINT('',(14.6505719403976,7.3948106553203,2.56407499999996));
#5094=CARTESIAN_POINT('',(14.6505719403976,16.5948106553203,2.56407499999996));
#5095=CARTESIAN_POINT('',(8.34052143405872,18.6448106553203,2.56407499999996));
#5096=CARTESIAN_POINT('',(13.7505719403976,16.5948106553203,2.56407499999996));
#5097=CARTESIAN_POINT('',(13.7505719403976,18.6448106553203,2.56407499999996));
#5098=CARTESIAN_POINT('',(6.72483600910965,18.6448106553203,4.17976042494898));
#5099=CARTESIAN_POINT('',(8.34052143405872,18.6448106553203,2.56407499999995));
#5100=CARTESIAN_POINT('',(6.15915058416042,18.6448106553203,4.41407499999975));
#5101=CARTESIAN_POINT('',(6.15915058416042,18.6448106553203,3.61407499999975));
#5102=CARTESIAN_POINT('',(-0.620587578561881,18.6448106553203,4.41407499999987));
#5103=CARTESIAN_POINT('',(6.15915058416044,18.6448106553203,4.41407499999972));
#5104=CARTESIAN_POINT('',(-0.620587578561883,18.6448106553203,5.914075));
#5105=CARTESIAN_POINT('',(-0.620587578561883,18.6448106553203,4.41407499999991));
#5106=CARTESIAN_POINT('',(6.15915058416044,18.6448106553203,5.91407500000012));
#5107=CARTESIAN_POINT('',(-0.620587578561882,18.6448106553203,5.91407499999997));
#5108=CARTESIAN_POINT('',(6.72483600910966,18.6448106553203,6.14838957505093));
#5109=CARTESIAN_POINT('',(6.15915058416041,18.6448106553203,6.71407500000016));
#5110=CARTESIAN_POINT('',(6.72483600910967,18.6448106553203,6.14838957505092));
#5111=CARTESIAN_POINT('',(15.4505719403976,-4.0051893446797,2.26407499999994));
#5112=CARTESIAN_POINT('',(15.4505719403976,22.7266960805336,2.26407499999994));
#5113=CARTESIAN_POINT('',(15.4505719403976,-3.60518934467971,2.26407499999994));
#5114=CARTESIAN_POINT('',(15.4505719403976,23.4948106553203,5.164075));
#5115=CARTESIAN_POINT('',(15.4505719403976,22.7266960805332,8.06407499999994));
#5116=CARTESIAN_POINT('',(15.4505719403976,-4.0051893446797,8.06407499999994));
#5117=CARTESIAN_POINT('',(15.4505719403976,-3.60518934467971,8.06407499999995));
#5118=CARTESIAN_POINT('',(15.4505719403976,-3.60518934467971,6.16407499999992));
#5119=CARTESIAN_POINT('',(15.4505719403976,22.8948106553203,6.76407500000002));
#5120=CARTESIAN_POINT('',(15.4505719403976,-1.50518934467971,6.76407500000002));
#5121=CARTESIAN_POINT('',(15.4505719403976,-0.505189344679707,6.76407500000002));
#5122=CARTESIAN_POINT('',(15.4505719403976,-0.505189344679707,5.66407500000001));
#5123=CARTESIAN_POINT('',(15.4505719403976,-0.505189344679707,3.56407500000001));
#5124=CARTESIAN_POINT('',(15.4505719403976,-1.00518934467971,3.56407500000001));
#5125=CARTESIAN_POINT('',(15.4505719403976,-1.50518934467971,3.56407500000001));
#5126=CARTESIAN_POINT('',(15.4505719403976,-1.50518934467971,5.66407500000001));
#5127=CARTESIAN_POINT('',(15.4505719403976,12.7040465440489,5.16407499999998));
#5128=CARTESIAN_POINT('',(15.4505719403976,12.7040465440489,3.55809424666682));
#5129=CARTESIAN_POINT('',(15.4505719403976,12.7040465440489,6.7700557533331));
#5130=CARTESIAN_POINT('',(15.4505719403976,7.70241897635109,-1.44353332103092));
#5131=CARTESIAN_POINT('',(15.4505719403976,12.4029092811364,3.25695698375431));
#5132=CARTESIAN_POINT('',(15.4505719403976,10.3948105115576,3.25695698375431));
#5133=CARTESIAN_POINT('',(15.4505719403976,8.38671174197879,3.25695698375431));
#5134=CARTESIAN_POINT('',(15.4505719403976,0.587202190526577,11.0564665352064));
#5135=CARTESIAN_POINT('',(15.4505719403976,8.08557447906627,3.55809424666682));
#5136=CARTESIAN_POINT('',(15.4505719403976,8.08557447906627,5.16407499999998));
#5137=CARTESIAN_POINT('',(15.4505719403976,8.08557447906627,6.7700557533331));
#5138=CARTESIAN_POINT('',(15.4505719403976,3.78720219052667,2.47168346479358));
#5139=CARTESIAN_POINT('',(15.4505719403976,8.38671174197879,7.07119301624562));
#5140=CARTESIAN_POINT('',(15.4505719403976,10.3948105115576,7.07119301624562));
#5141=CARTESIAN_POINT('',(15.4505719403976,12.4029092811364,7.07119301624562));
#5142=CARTESIAN_POINT('',(15.4505719403976,4.50241897635101,14.9716833210309));
#5143=CARTESIAN_POINT('',(15.4505719403976,-4.0051893446797,2.26407499999994));
#5144=CARTESIAN_POINT('',(15.0505719403976,-4.0051893446797,8.46407499999994));
#5145=CARTESIAN_POINT('',(15.0505719403976,-3.60518934467971,8.46407499999995));
#5146=CARTESIAN_POINT('',(15.0505719403976,27.4948106553203,8.46407499999995));
#5147=CARTESIAN_POINT('',(15.0505719403976,-3.60518934467971,8.06407499999994));
#5148=CARTESIAN_POINT('',(15.4505719403976,22.7266960805332,8.06407499999994));
#5149=CARTESIAN_POINT('',(15.4505719403976,22.9868715977732,8.13298693337745));
#5150=CARTESIAN_POINT('',(15.4371534804039,23.2587140624809,8.16685670534143));
#5151=CARTESIAN_POINT('',(15.4379171880374,23.527843749261,8.16389313027135));
#5152=CARTESIAN_POINT('',(15.4386189381048,23.7751396614059,8.16116998215293));
#5153=CARTESIAN_POINT('',(15.4505719403976,24.0238570595782,8.1273962917762));
#5154=CARTESIAN_POINT('',(15.4505719403976,24.2629252301074,8.06407499999994));
#5155=CARTESIAN_POINT('',(15.4505719403976,24.2629252301074,8.06407499999994));
#5156=CARTESIAN_POINT('',(15.4505719403976,22.8948106553203,8.06407499999994));
#5157=CARTESIAN_POINT('',(15.4505719403976,27.4948106553203,8.06407499999994));
#5158=CARTESIAN_POINT('',(15.0505719403976,27.4948106553203,8.06407499999994));
#5159=CARTESIAN_POINT('',(15.0505719403976,-4.0051893446797,8.06407499999994));
#5160=CARTESIAN_POINT('',(8.21625736534682,-4.0051893446797,8.46407499999995));
#5161=CARTESIAN_POINT('',(8.21625736534683,27.4948106553203,8.46407499999992));
#5162=CARTESIAN_POINT('',(8.21625736534682,-3.60518934467971,8.46407499999995));
#5163=CARTESIAN_POINT('',(14.5505719403976,-3.60518934467971,8.46407499999995));
#5164=CARTESIAN_POINT('',(8.09199329663491,27.4948106553203,8.46407499999995));
#5165=CARTESIAN_POINT('',(10.3505719403976,27.4948106553203,8.46407499999995));
#5166=CARTESIAN_POINT('',(10.3505719403976,22.8948106553203,8.46407499999995));
#5167=CARTESIAN_POINT('',(10.3505719403976,20.4948106553203,8.46407499999995));
#5168=CARTESIAN_POINT('',(10.3505719403976,27.8948106553203,8.46407499999995));
#5169=CARTESIAN_POINT('',(10.3505719403976,19.8948106553203,8.46407499999995));
#5170=CARTESIAN_POINT('',(8.09199329663491,19.8948106553203,8.46407499999995));
#5171=CARTESIAN_POINT('',(9.85057194039762,19.8948106553203,8.46407499999995));
#5172=CARTESIAN_POINT('',(9.85057194039762,27.8948106553203,8.46407499999992));
#5173=CARTESIAN_POINT('',(9.85057194039762,27.4948106553203,8.46407499999992));
#5174=CARTESIAN_POINT('',(7.91625736534676,27.4948106553203,8.46407499999992));
#5175=CARTESIAN_POINT('',(14.5505719403976,-4.0051893446797,8.46407499999995));
#5176=CARTESIAN_POINT('',(7.9334146528722,-4.0051893446797,8.34691771247455));
#5177=CARTESIAN_POINT('',(7.9334146528722,-3.60518934467971,8.34691771247455));
#5178=CARTESIAN_POINT('',(7.93341465287221,27.4948106553203,8.34691771247455));
#5179=CARTESIAN_POINT('',(8.21625736534682,-3.60518934467971,8.06407499999994));
#5180=CARTESIAN_POINT('',(8.21625736534683,27.4948106553203,8.06407499999994));
#5181=CARTESIAN_POINT('',(8.21625736534682,-4.0051893446797,8.06407499999994));
#5182=CARTESIAN_POINT('',(6.22986126227908,-4.0051893446797,6.6433643218815));
#5183=CARTESIAN_POINT('',(6.22986126227908,-3.60518934467971,6.6433643218815));
#5184=CARTESIAN_POINT('',(6.22986126227908,19.8948106553203,6.64336432188149));
#5185=CARTESIAN_POINT('',(7.93341465287219,-3.60518934467971,8.34691771247455));
#5186=CARTESIAN_POINT('',(6.22986126227889,27.4948106553203,6.6433643218813));
#5187=CARTESIAN_POINT('',(6.37986126227909,27.4948106553203,6.79336432188146));
#5188=CARTESIAN_POINT('',(6.37986126227909,20.8948106553203,6.79336432188146));
#5189=CARTESIAN_POINT('',(6.37986126227907,19.8948106553203,6.79336432188149));
#5190=CARTESIAN_POINT('',(6.22986126227888,19.8948106553203,6.6433643218813));
#5191=CARTESIAN_POINT('',(7.93341465287219,-4.0051893446797,8.34691771247455));
#5192=CARTESIAN_POINT('',(6.15915058416044,-4.0051893446797,6.61407500000014));
#5193=CARTESIAN_POINT('',(6.15915058416044,-3.60518934467971,6.61407500000014));
#5194=CARTESIAN_POINT('',(6.15915058416043,19.8948106553203,6.61407500000016));
#5195=CARTESIAN_POINT('',(6.15915058416043,-3.60518934467971,6.71407500000015));
#5196=CARTESIAN_POINT('',(6.15915058416042,19.8948106553203,6.71407500000015));
#5197=CARTESIAN_POINT('',(6.15915058416043,-4.0051893446797,6.71407500000015));
#5198=CARTESIAN_POINT('',(-0.920587578561893,-4.0051893446797,6.61407499999998));
#5199=CARTESIAN_POINT('',(-0.920587578561894,19.8948106553203,6.61407499999996));
#5200=CARTESIAN_POINT('',(-0.920587578561893,-3.60518934467971,6.61407499999998));
#5201=CARTESIAN_POINT('',(6.15915058416044,-3.60518934467971,6.61407500000017));
#5202=CARTESIAN_POINT('',(14.2005969403977,19.8948106553203,6.61407500000035));
#5203=CARTESIAN_POINT('',(6.15915058416043,-4.0051893446797,6.61407500000017));
#5204=CARTESIAN_POINT('',(-1.32058757856189,-4.0051893446797,6.21407499999995));
#5205=CARTESIAN_POINT('',(-1.32058757856189,-3.60518934467971,6.21407499999995));
#5206=CARTESIAN_POINT('',(-1.32058757856188,19.8948106553203,6.21407499999995));
#5207=CARTESIAN_POINT('',(-0.920587578561887,-3.60518934467971,6.21407499999995));
#5208=CARTESIAN_POINT('',(-0.920587578561887,19.8948106553203,6.21407499999995));
#5209=CARTESIAN_POINT('',(-0.920587578561887,-4.0051893446797,6.21407499999995));
#5210=CARTESIAN_POINT('',(-1.32058757856188,-4.0051893446797,4.11407499999992));
#5211=CARTESIAN_POINT('',(-1.32058757856188,-3.60518934467971,4.11407499999992));
#5212=CARTESIAN_POINT('',(-1.32058757856188,19.8948106553203,4.11407499999993));
#5213=CARTESIAN_POINT('',(-1.32058757856188,-3.60518934467971,6.21407499999995));
#5214=CARTESIAN_POINT('',(-1.32058757856188,19.8948106553203,6.51407499999992));
#5215=CARTESIAN_POINT('',(-1.32058757856188,19.8948106553203,5.21407499999995));
#5216=CARTESIAN_POINT('',(-1.32058757856188,-2.50518934467971,5.21407499999995));
#5217=CARTESIAN_POINT('',(-1.32058757856188,22.8948106553203,5.11407499999996));
#5218=CARTESIAN_POINT('',(-1.32058757856188,19.8948106553203,5.11407499999996));
#5219=CARTESIAN_POINT('',(-1.32058757856188,19.8948106553203,6.51407499999992));
#5220=CARTESIAN_POINT('',(-1.32058757856188,-4.0051893446797,5.11407499999995));
#5221=CARTESIAN_POINT('',(-0.920587578561894,-4.0051893446797,3.71407499999992));
#5222=CARTESIAN_POINT('',(-0.920587578561894,-3.60518934467971,3.71407499999992));
#5223=CARTESIAN_POINT('',(-0.920587578561894,19.8948106553203,3.71407499999992));
#5224=CARTESIAN_POINT('',(-0.920587578561887,-3.60518934467971,4.11407499999992));
#5225=CARTESIAN_POINT('',(-0.920587578561887,19.8948106553203,4.11407499999993));
#5226=CARTESIAN_POINT('',(-0.920587578561887,-4.0051893446797,4.11407499999992));
#5227=CARTESIAN_POINT('',(6.15915058416043,-4.0051893446797,3.71407499999974));
#5228=CARTESIAN_POINT('',(6.15915058416042,19.8948106553203,3.71407499999974));
#5229=CARTESIAN_POINT('',(6.15915058416043,-3.60518934467971,3.71407499999974));
#5230=CARTESIAN_POINT('',(-0.920587578561894,-3.60518934467971,3.71407499999994));
#5231=CARTESIAN_POINT('',(-1.22058757856186,19.8948106553203,3.71407499999995));
#5232=CARTESIAN_POINT('',(-0.920587578561895,-4.0051893446797,3.71407499999994));
#5233=CARTESIAN_POINT('',(6.22986126227908,-4.0051893446797,3.6847856781184));
#5234=CARTESIAN_POINT('',(6.22986126227908,-3.60518934467971,3.6847856781184));
#5235=CARTESIAN_POINT('',(6.22986126227908,19.8948106553203,3.68478567811838));
#5236=CARTESIAN_POINT('',(6.15915058416043,-3.60518934467971,3.61407499999974));
#5237=CARTESIAN_POINT('',(6.15915058416042,19.8948106553203,3.61407499999974));
#5238=CARTESIAN_POINT('',(6.15915058416043,-4.0051893446797,3.61407499999974));
#5239=CARTESIAN_POINT('',(7.9334146528722,-4.0051893446797,1.98123228752532));
#5240=CARTESIAN_POINT('',(7.93341465287221,27.4948106553203,1.98123228752529));
#5241=CARTESIAN_POINT('',(7.9334146528722,-3.60518934467971,1.98123228752532));
#5242=CARTESIAN_POINT('',(6.22986126227907,-3.60518934467971,3.68478567811838));
#5243=CARTESIAN_POINT('',(8.0755906903977,19.8948106553203,1.83905624999983));
#5244=CARTESIAN_POINT('',(6.37986126227909,19.8948106553203,3.53478567811839));
#5245=CARTESIAN_POINT('',(6.37986126227909,26.4948106553203,3.53478567811838));
#5246=CARTESIAN_POINT('',(6.37986126227909,27.4948106553203,3.53478567811838));
#5247=CARTESIAN_POINT('',(7.63341465287217,27.4948106553203,2.28123228752536));
#5248=CARTESIAN_POINT('',(6.22986126227908,-4.0051893446797,3.68478567811838));
#5249=CARTESIAN_POINT('',(8.21625736534682,-4.0051893446797,1.86407499999994));
#5250=CARTESIAN_POINT('',(8.21625736534682,-3.60518934467971,1.86407499999994));
#5251=CARTESIAN_POINT('',(8.21625736534683,27.4948106553203,1.86407499999992));
#5252=CARTESIAN_POINT('',(8.21625736534682,-3.60518934467971,2.26407499999994));
#5253=CARTESIAN_POINT('',(8.21625736534683,27.4948106553203,2.26407499999993));
#5254=CARTESIAN_POINT('',(8.21625736534682,-4.0051893446797,2.26407499999994));
#5255=CARTESIAN_POINT('',(15.0505719403976,-4.0051893446797,1.86407499999992));
#5256=CARTESIAN_POINT('',(15.0505719403976,-3.60518934467971,1.86407499999992));
#5257=CARTESIAN_POINT('',(15.0505719403976,27.4948106553203,1.86407499999993));
#5258=CARTESIAN_POINT('',(8.21625736534682,-3.60518934467971,1.86407499999992));
#5259=CARTESIAN_POINT('',(8.09199329663491,27.4948106553203,1.86407499999992));
#5260=CARTESIAN_POINT('',(9.85057194039762,27.4948106553203,1.86407499999992));
#5261=CARTESIAN_POINT('',(9.85057194039762,46.8948106553203,1.86407499999992));
#5262=CARTESIAN_POINT('',(9.85057194039762,19.8948106553203,1.86407499999993));
#5263=CARTESIAN_POINT('',(14.2005969403976,19.8948106553203,1.86407499999993));
#5264=CARTESIAN_POINT('',(10.3505719403976,19.8948106553203,1.86407499999993));
#5265=CARTESIAN_POINT('',(10.3505719403976,22.8948106553203,1.86407499999993));
#5266=CARTESIAN_POINT('',(10.3505719403976,20.4948106553203,1.86407499999993));
#5267=CARTESIAN_POINT('',(10.3505719403976,22.8948106553203,1.86407499999993));
#5268=CARTESIAN_POINT('',(10.3505719403976,27.4948106553203,1.86407499999993));
#5269=CARTESIAN_POINT('',(7.79199329663488,27.4948106553203,1.86407499999993));
#5270=CARTESIAN_POINT('',(8.21625736534682,-4.0051893446797,1.86407499999992));
#5271=CARTESIAN_POINT('',(15.0505719403976,-3.60518934467971,2.26407499999994));
#5272=CARTESIAN_POINT('',(15.0505719403976,27.4948106553203,2.26407499999994));
#5273=CARTESIAN_POINT('',(15.4505719403976,27.4948106553203,2.26407499999994));
#5274=CARTESIAN_POINT('',(15.4505719403976,22.8948106553203,2.26407499999994));
#5275=CARTESIAN_POINT('',(15.4505719403976,24.2629252301069,2.26407499999994));
#5276=CARTESIAN_POINT('',(15.4505719403976,24.2629252301069,2.26407499999994));
#5277=CARTESIAN_POINT('',(15.4505719403976,24.002749712867,2.19516306662247));
#5278=CARTESIAN_POINT('',(15.4371534804039,23.7309072481593,2.16129329465853));
#5279=CARTESIAN_POINT('',(15.4379171880374,23.4617775613791,2.16425686972865));
#5280=CARTESIAN_POINT('',(15.4386189381048,23.2144816492346,2.1669800178471));
#5281=CARTESIAN_POINT('',(15.4505719403976,22.9657642510626,2.20075370822379));
#5282=CARTESIAN_POINT('',(15.4505719403976,22.7266960805336,2.26407499999994));
#5283=CARTESIAN_POINT('',(15.0505719403976,-4.0051893446797,2.26407499999994));
#5284=CARTESIAN_POINT('',(14.6505719403976,7.3948106553203,8.16407499999996));
#5285=CARTESIAN_POINT('',(13.7505719403976,7.3948106553203,8.16407499999996));
#5286=CARTESIAN_POINT('',(14.6005719403976,7.3948106553203,7.96407499999995));
#5287=CARTESIAN_POINT('',(13.7505719403976,16.5948106553203,8.16407499999996));
#5288=CARTESIAN_POINT('',(15.0505719403976,-4.0051893446797,4.16407499999994));
#5289=CARTESIAN_POINT('',(15.0505719403976,-4.0051893446797,2.26407499999994));
#5290=CARTESIAN_POINT('',(15.0505719403976,-4.0051893446797,8.06407499999995));
#5291=CARTESIAN_POINT('',(8.21625736534682,-4.0051893446797,8.06407499999995));
#5292=CARTESIAN_POINT('',(8.21625736534682,-4.0051893446797,8.06407499999994));
#5293=CARTESIAN_POINT('',(6.51270397475369,-4.0051893446797,6.36052160940687));
#5294=CARTESIAN_POINT('',(6.5127039747537,-4.0051893446797,6.36052160940687));
#5295=CARTESIAN_POINT('',(6.15915058416043,-4.0051893446797,6.71407500000015));
#5296=CARTESIAN_POINT('',(6.15915058416047,-4.0051893446797,6.21407500000017));
#5297=CARTESIAN_POINT('',(-0.920587578561882,-4.0051893446797,6.21407499999998));
#5298=CARTESIAN_POINT('',(-0.920587578561884,-4.0051893446797,6.21407499999995));
#5299=CARTESIAN_POINT('',(-0.920587578561884,-4.0051893446797,4.11407499999992));
#5300=CARTESIAN_POINT('',(-0.920587578561887,-4.0051893446797,4.11407499999993));
#5301=CARTESIAN_POINT('',(6.15915058416044,-4.0051893446797,4.11407499999974));
#5302=CARTESIAN_POINT('',(6.15915058416044,-4.0051893446797,4.11407499999974));
#5303=CARTESIAN_POINT('',(6.15915058416043,-4.0051893446797,3.61407499999974));
#5304=CARTESIAN_POINT('',(6.51270397475367,-4.0051893446797,3.96762839059302));
#5305=CARTESIAN_POINT('',(8.21625736534682,-4.0051893446797,2.26407499999994));
#5306=CARTESIAN_POINT('',(8.21625736534682,-4.0051893446797,2.26407499999991));
#5307=CARTESIAN_POINT('',(14.5505719403976,-4.0051893446797,2.26407499999991));
#5308=CARTESIAN_POINT('',(14.5505719403976,-4.0051893446797,8.06407499999994));
#5309=CARTESIAN_POINT('',(15.0505719403976,-3.60518934467971,2.26407499999994));
#5310=CARTESIAN_POINT('',(15.0505719403976,-3.60518934467971,8.06407499999995));
#5311=CARTESIAN_POINT('',(15.0505719403976,-3.60518934467971,8.06407499999994));
#5312=CARTESIAN_POINT('',(15.0505719403976,-3.60518934467971,2.26407499999991));
#5313=CARTESIAN_POINT('',(15.0505719403976,-3.60518934467971,2.26407499999994));
#5314=CARTESIAN_POINT('',(8.21625736534682,-3.60518934467971,2.26407499999991));
#5315=CARTESIAN_POINT('',(14.5505719403976,-3.60518934467971,2.26407499999991));
#5316=CARTESIAN_POINT('',(8.21625736534682,-3.60518934467971,2.26407499999994));
#5317=CARTESIAN_POINT('',(8.21625736534682,-3.60518934467971,2.26407499999994));
#5318=CARTESIAN_POINT('',(6.51270397475369,-3.60518934467971,3.96762839059301));
#5319=CARTESIAN_POINT('',(6.51270397475369,-3.60518934467971,3.96762839059301));
#5320=CARTESIAN_POINT('',(6.15915058416043,-3.60518934467971,4.11407499999974));
#5321=CARTESIAN_POINT('',(6.15915058416043,-3.60518934467971,3.61407499999974));
#5322=CARTESIAN_POINT('',(-0.920587578561883,-3.60518934467971,4.11407499999993));
#5323=CARTESIAN_POINT('',(-0.920587578561884,-3.60518934467971,4.11407499999993));
#5324=CARTESIAN_POINT('',(-0.920587578561887,-3.60518934467971,4.11407499999992));
#5325=CARTESIAN_POINT('',(-0.920587578561887,-3.60518934467971,4.11407499999992));
#5326=CARTESIAN_POINT('',(-0.920587578561884,-3.60518934467971,6.21407499999995));
#5327=CARTESIAN_POINT('',(-0.920587578561884,-3.60518934467971,5.11407499999995));
#5328=CARTESIAN_POINT('',(-0.920587578561887,-3.60518934467971,6.21407499999995));
#5329=CARTESIAN_POINT('',(-0.920587578561887,-3.60518934467971,6.21407499999995));
#5330=CARTESIAN_POINT('',(6.15915058416045,-3.60518934467971,6.21407500000017));
#5331=CARTESIAN_POINT('',(6.15915058416044,-3.60518934467971,6.21407500000017));
#5332=CARTESIAN_POINT('',(6.51270397475369,-3.60518934467971,6.36052160940686));
#5333=CARTESIAN_POINT('',(6.15915058416043,-3.60518934467971,6.71407500000015));
#5334=CARTESIAN_POINT('',(8.21625736534681,-3.60518934467971,8.06407499999993));
#5335=CARTESIAN_POINT('',(11.3834146528723,-3.60518934467971,11.2312322875253));
#5336=CARTESIAN_POINT('',(8.21625736534682,-3.60518934467971,8.06407499999994));
#5337=CARTESIAN_POINT('',(8.21625736534682,-3.60518934467971,8.06407499999994));
#5338=CARTESIAN_POINT('',(15.0505719403976,-3.60518934467971,8.06407499999995));
#5339=CARTESIAN_POINT('',(14.5505719403976,-3.60518934467971,8.06407499999995));
#5340=CARTESIAN_POINT('',(15.0505719403976,-3.60518934467971,8.06407499999995));
#5341=CARTESIAN_POINT('',(14.6505719403976,16.5948106553203,8.16407499999996));
#5342=CARTESIAN_POINT('',(11.4005719403977,24.256812796784,5.95739255079864));
#5343=CARTESIAN_POINT('',(11.4005719403977,24.317890045451,5.91069788707975));
#5344=CARTESIAN_POINT('',(11.4005719403976,24.3742444426332,5.85717206612857));
#5345=CARTESIAN_POINT('',(11.4005719403976,24.4242899359909,5.79880880269057));
#5346=CARTESIAN_POINT('',(11.4005719403976,24.5042610525573,5.70554615244092));
#5347=CARTESIAN_POINT('',(11.4005719403976,24.5695575377328,5.59766934073546));
#5348=CARTESIAN_POINT('',(11.4005719403976,24.6155203896925,5.48373638827576));
#5349=CARTESIAN_POINT('',(11.4005719403976,24.6631114238414,5.36576748948018));
#5350=CARTESIAN_POINT('',(11.4005719403976,24.691574850403,5.23834861364243));
#5351=CARTESIAN_POINT('',(11.4005719403976,24.6990010569081,5.11135877518537));
#5352=CARTESIAN_POINT('',(11.4005719403976,24.7066990777063,4.97972084982723));
#5353=CARTESIAN_POINT('',(11.4005719403976,24.6922925216418,4.84514779133961));
#5354=CARTESIAN_POINT('',(11.4005719403976,24.6575271922909,4.71795040617808));
#5355=CARTESIAN_POINT('',(11.4005719403976,24.6534152933685,4.7029060271734));
#5356=CARTESIAN_POINT('',(11.4005719403967,24.6490161001042,4.687937239041));
#5357=CARTESIAN_POINT('',(11.4005719403967,24.6443343018063,4.67306035035142));
#5358=CARTESIAN_POINT('',(11.4005719403977,24.256812796784,5.95739255079864));
#5359=CARTESIAN_POINT('',(11.4005719403967,24.6443343018063,4.67306035035142));
#5360=CARTESIAN_POINT('',(11.4005719403976,23.4948106553203,5.164075));
#5361=CARTESIAN_POINT('',(11.4005719403965,22.7328085165263,5.9573925533654));
#5362=CARTESIAN_POINT('',(11.4005719403988,22.345287008836,4.67306035034734));
#5363=CARTESIAN_POINT('',(11.4005719403988,22.3050557373982,4.80089929361907));
#5364=CARTESIAN_POINT('',(11.4005719403976,22.2856240369325,4.9371745563795));
#5365=CARTESIAN_POINT('',(11.4005719403976,22.2889473914151,5.07115330817738));
#5366=CARTESIAN_POINT('',(11.4005719403976,22.2923517957011,5.20839952709197));
#5367=CARTESIAN_POINT('',(11.4005719403976,22.3202448037931,5.34711552428966));
#5368=CARTESIAN_POINT('',(11.4005719403976,22.3705591454881,5.47485189966757));
#5369=CARTESIAN_POINT('',(11.4005719403976,22.4190712126323,5.59801272042599));
#5370=CARTESIAN_POINT('',(11.4005719403976,22.4901990199428,5.71443867977952));
#5371=CARTESIAN_POINT('',(11.4005719403976,22.5780842834962,5.81342448117872));
#5372=CARTESIAN_POINT('',(11.4005719403976,22.6248570770082,5.86610501329834));
#5373=CARTESIAN_POINT('',(11.4005719403965,22.6768424605899,5.91460548452156));
#5374=CARTESIAN_POINT('',(11.4005719403965,22.7328085165263,5.9573925533654));
#5375=CARTESIAN_POINT('',(11.4005719403988,22.345287008836,4.67306035034734));
#5376=CARTESIAN_POINT('',(11.4005719403976,23.4948106553203,5.164075));
#5377=CARTESIAN_POINT('',(11.4005719403976,23.4948106553203,5.16407499999997));
#5378=CARTESIAN_POINT('',(11.4005719403976,21.3948106553203,5.16407499999997));
#5379=CARTESIAN_POINT('',(11.4005719403976,23.4948106553203,5.164075));
#5380=CARTESIAN_POINT('',(15.4005719403976,21.9948106553203,4.29804959621555));
#5381=CARTESIAN_POINT('',(15.4005719403976,23.4948106553203,3.43202419243111));
#5382=CARTESIAN_POINT('',(15.4005719403976,21.9948106553203,4.29804959621555));
#5383=CARTESIAN_POINT('',(15.4005719403976,24.2448106553203,3.86503689432333));
#5384=CARTESIAN_POINT('',(15.4005719403976,24.9948106553203,4.29804959621555));
#5385=CARTESIAN_POINT('',(15.4005719403976,24.9948106553203,4.29804959621555));
#5386=CARTESIAN_POINT('',(15.4005719403976,24.9948106553203,6.03010040378441));
#5387=CARTESIAN_POINT('',(15.4005719403976,24.9948106553203,6.03010040378441));
#5388=CARTESIAN_POINT('',(15.4005719403976,23.4948106553203,6.89612580756886));
#5389=CARTESIAN_POINT('',(15.4005719403976,23.4948106553203,6.89612580756886));
#5390=CARTESIAN_POINT('',(15.4005719403976,21.9948106553203,6.03010040378444));
#5391=CARTESIAN_POINT('',(15.4005719403976,21.9948106553203,6.03010040378444));
#5392=CARTESIAN_POINT('',(15.4005719403976,24.1186716279457,4.08910808387855));
#5393=CARTESIAN_POINT('',(15.4005719403976,24.1405255953679,4.09904485170323));
#5394=CARTESIAN_POINT('',(15.4005719403976,24.1621003953997,4.10961954585947));
#5395=CARTESIAN_POINT('',(15.4005719403976,24.1833445658428,4.12080080111435));
#5396=CARTESIAN_POINT('',(15.4005719403976,24.1186716279457,4.08910808387855));
#5397=CARTESIAN_POINT('',(15.4005719403976,24.1833445658428,4.12080080111435));
#5398=CARTESIAN_POINT('',(15.4005719403976,24.1186716279457,4.08910808387855));
#5399=CARTESIAN_POINT('',(15.4005719403976,24.1116410656089,4.08402838973457));
#5400=CARTESIAN_POINT('',(15.4005719403976,24.1045569344198,4.07902202709206));
#5401=CARTESIAN_POINT('',(15.4005719403976,24.0974215916298,4.07409059903934));
#5402=CARTESIAN_POINT('',(15.4005719403976,24.0849372217578,4.06546231394921));
#5403=CARTESIAN_POINT('',(15.4005719403976,24.0722927667885,4.05706118619593));
#5404=CARTESIAN_POINT('',(15.4005719403976,24.0595009188805,4.04889568426424));
#5405=CARTESIAN_POINT('',(15.4005719403976,24.0595009188805,4.04889568426424));
#5406=CARTESIAN_POINT('',(15.4005719403976,23.4948106553203,5.164075));
#5407=CARTESIAN_POINT('',(15.4005719403976,22.2984805484767,5.5264205194418));
#5408=CARTESIAN_POINT('',(15.4005719403976,22.2984805484767,5.5264205194418));
#5409=CARTESIAN_POINT('',(15.4005719403976,22.3496379888374,5.64998421305729));
#5410=CARTESIAN_POINT('',(15.4005719403976,22.4221236273593,5.76666061602451));
#5411=CARTESIAN_POINT('',(15.4005719403976,22.5105211602687,5.86701472037349));
#5412=CARTESIAN_POINT('',(15.4005719403976,22.6011175460868,5.96986509251381));
#5413=CARTESIAN_POINT('',(15.4005719403976,22.7112567879107,6.05830099633963));
#5414=CARTESIAN_POINT('',(15.4005719403976,22.8316307894218,6.12384490477438));
#5415=CARTESIAN_POINT('',(15.4005719403976,22.9478131343196,6.18710644696891));
#5416=CARTESIAN_POINT('',(15.4005719403976,23.0769195979248,6.23093849610053));
#5417=CARTESIAN_POINT('',(15.4005719403976,23.2077618142058,6.25044937576961));
#5418=CARTESIAN_POINT('',(15.4005719403976,23.2781100404023,6.2609395357139));
#5419=CARTESIAN_POINT('',(15.4005719403976,23.3497936165648,6.26475139785161));
#5420=CARTESIAN_POINT('',(15.4005719403976,23.4208491908801,6.26158568413023));
#5421=CARTESIAN_POINT('',(15.4005719403976,23.4208491908801,6.26158568413023));
#5422=CARTESIAN_POINT('',(15.4005719403976,23.4948106553203,5.164075));
#5423=CARTESIAN_POINT('',(15.4005719403976,23.944104450854,6.1681343036743));
#5424=CARTESIAN_POINT('',(15.4005719403976,24.7426168549467,5.09005008414907));
#5425=CARTESIAN_POINT('',(15.4005719403976,24.7379987392061,5.2078099036398));
#5426=CARTESIAN_POINT('',(15.4005719403976,24.7160583277943,5.32610980932734));
#5427=CARTESIAN_POINT('',(15.4005719403976,24.6780021743884,5.43764649059152));
#5428=CARTESIAN_POINT('',(15.4005719403976,24.6336639175066,5.56759504248227));
#5429=CARTESIAN_POINT('',(15.4005719403976,24.5657738555097,5.69172060441159));
#5430=CARTESIAN_POINT('',(15.4005719403976,24.4796558463622,5.79866075431928));
#5431=CARTESIAN_POINT('',(15.4005719403976,24.3963245776826,5.90214036854629));
#5432=CARTESIAN_POINT('',(15.4005719403976,24.2935139198296,5.99258961834169));
#5433=CARTESIAN_POINT('',(15.4005719403976,24.179710069367,6.06115210458745));
#5434=CARTESIAN_POINT('',(15.4005719403976,24.105829661806,6.10566223677225));
#5435=CARTESIAN_POINT('',(15.4005719403976,24.0262786946653,6.14192628691366));
#5436=CARTESIAN_POINT('',(15.4005719403976,23.944104450854,6.1681343036743));
#5437=CARTESIAN_POINT('',(15.4005719403976,24.7426168549467,5.09005008414907));
#5438=CARTESIAN_POINT('',(15.4005719403976,23.4948106553203,5.16407500000005));
#5439=CARTESIAN_POINT('',(15.4005719403976,23.4948106553203,5.16407499999997));
#5440=CARTESIAN_POINT('',(15.4505719403976,23.4948106553203,5.164075));
#5441=CARTESIAN_POINT('',(15.9005719403976,23.4948106553203,5.164075));
#5442=CARTESIAN_POINT('',(15.9005719403976,26.4948106553203,5.164075));
#5443=CARTESIAN_POINT('',(15.4005719403976,23.4948106553203,5.164075));
#5444=CARTESIAN_POINT('',(16.9005719403976,23.4948106553203,5.164075));
#5445=CARTESIAN_POINT('',(16.9005719403976,25.4948106553203,5.164075));
#5446=CARTESIAN_POINT('',(15.9005719403976,23.4948106553203,5.164075));
#5447=CARTESIAN_POINT('',(16.9005719403976,24.9948106553203,5.164075));
#5448=CARTESIAN_POINT('',(16.9005719403976,24.9948106553203,4.29804959621555));
#5449=CARTESIAN_POINT('',(16.9005719403976,24.9948106553203,6.03010040378441));
#5450=CARTESIAN_POINT('',(16.9005719403976,24.2448106553203,3.86503689432333));
#5451=CARTESIAN_POINT('',(16.9005719403976,23.4948106553203,3.43202419243111));
#5452=CARTESIAN_POINT('',(16.9005719403976,22.7448106553203,3.86503689432333));
#5453=CARTESIAN_POINT('',(16.9005719403976,21.9948106553203,4.29804959621555));
#5454=CARTESIAN_POINT('',(16.9005719403976,21.9948106553203,5.164075));
#5455=CARTESIAN_POINT('',(16.9005719403976,21.9948106553203,6.03010040378444));
#5456=CARTESIAN_POINT('',(16.9005719403976,22.7448106553203,6.46311310567666));
#5457=CARTESIAN_POINT('',(16.9005719403976,23.4948106553203,6.89612580756886));
#5458=CARTESIAN_POINT('',(16.9005719403976,24.2448106553203,6.46311310567663));
#5459=CARTESIAN_POINT('',(16.9005719403976,23.4948106553203,5.164075));
#5460=CARTESIAN_POINT('',(18.2005719403976,24.9948106553203,4.29804959621555));
#5461=CARTESIAN_POINT('',(18.2005719403976,23.4948106553203,3.43202419243111));
#5462=CARTESIAN_POINT('',(18.2005719403976,23.4948106553203,3.43202419243111));
#5463=CARTESIAN_POINT('',(18.2005719403976,21.9948106553203,4.29804959621555));
#5464=CARTESIAN_POINT('',(18.2005719403976,21.9948106553203,4.29804959621555));
#5465=CARTESIAN_POINT('',(18.2005719403976,21.9948106553203,6.03010040378444));
#5466=CARTESIAN_POINT('',(18.2005719403976,21.9948106553203,6.03010040378444));
#5467=CARTESIAN_POINT('',(18.2005719403976,23.4948106553203,6.89612580756886));
#5468=CARTESIAN_POINT('',(18.2005719403976,23.4948106553203,6.89612580756886));
#5469=CARTESIAN_POINT('',(18.2005719403976,24.9948106553203,6.03010040378441));
#5470=CARTESIAN_POINT('',(18.2005719403976,24.9948106553203,6.03010040378441));
#5471=CARTESIAN_POINT('',(18.2005719403976,24.9948106553203,4.29804959621555));
#5472=CARTESIAN_POINT('',(11.4005719403977,24.256812796784,5.95739255079864));
#5473=CARTESIAN_POINT('',(11.4074889994069,24.1803595357275,6.03082789656685));
#5474=CARTESIAN_POINT('',(11.4144964259211,24.0922866211206,6.0937313566908));
#5475=CARTESIAN_POINT('',(11.4213685140266,23.9980179174879,6.14222757056441));
#5476=CARTESIAN_POINT('',(11.4293665137288,23.8883043847125,6.19866932424586));
#5477=CARTESIAN_POINT('',(11.4375906744183,23.7673192205915,6.23690382406775));
#5478=CARTESIAN_POINT('',(11.4455966056704,23.6450962271854,6.25376038894911));
#5479=CARTESIAN_POINT('',(11.4536024873732,23.5228739902248,6.27061684950419));
#5480=CARTESIAN_POINT('',(11.4617875149605,23.3960542633333,6.26655819340409));
#5481=CARTESIAN_POINT('',(11.469818263069,23.2751614341839,6.24192202980254));
#5482=CARTESIAN_POINT('',(11.4778490519602,23.1542679911014,6.21728574109055));
#5483=CARTESIAN_POINT('',(11.4859739287435,23.0359692659902,6.17139142672889));
#5484=CARTESIAN_POINT('',(11.4940275460585,22.9300921968816,6.10805225751134));
#5485=CARTESIAN_POINT('',(11.502081209344,22.8242145234205,6.04471272675013));
#5486=CARTESIAN_POINT('',(11.5101563166618,22.7278319564097,5.96217612199135));
#5487=CARTESIAN_POINT('',(11.5182256338817,22.6489574565948,5.86730495258011));
#5488=CARTESIAN_POINT('',(11.5262949751604,22.5700827216148,5.77243350030949));
#5489=CARTESIAN_POINT('',(11.5343658003132,22.5065320141151,5.66260013135731));
#5490=CARTESIAN_POINT('',(11.5424250363541,22.463589719602,5.5469370923208));
#5491=CARTESIAN_POINT('',(11.5504842826444,22.420647370477,5.43127390618982));
#5492=CARTESIAN_POINT('',(11.558612939284,22.3971248390436,5.30658290003679));
#5493=CARTESIAN_POINT('',(11.5666327021924,22.3949772986475,5.18322147617079));
#5494=CARTESIAN_POINT('',(11.5746524207823,22.392829770119,5.05986073402188));
#5495=CARTESIAN_POINT('',(11.5828628806156,22.4119962237954,4.93443238986093));
#5496=CARTESIAN_POINT('',(11.5908615654193,22.4508873769193,4.81734140080251));
#5497=CARTESIAN_POINT('',(11.5988602014313,22.4897782928083,4.7002511259953));
#5498=CARTESIAN_POINT('',(11.6070874086854,22.5494614560592,4.58828210187458));
#5499=CARTESIAN_POINT('',(11.6150901517084,22.6249872974866,4.49071972515099));
#5500=CARTESIAN_POINT('',(11.6230928644132,22.700512852786,4.39315771804043));
#5501=CARTESIAN_POINT('',(11.631288197527,22.7939566982838,4.30732193462426));
#5502=CARTESIAN_POINT('',(11.6393140321159,22.8975650225381,4.24033388143777));
#5503=CARTESIAN_POINT('',(11.6473399019126,23.0011738013029,4.17334553438718));
#5504=CARTESIAN_POINT('',(11.655476120976,23.1178021133491,4.12336062997317));
#5505=CARTESIAN_POINT('',(11.6635254416982,23.2377630837743,4.09452998179726));
#5506=CARTESIAN_POINT('',(11.671574808696,23.3577247438572,4.06569916787346));
#5507=CARTESIAN_POINT('',(11.6796570169907,23.484334241572,4.05722724228772));
#5508=CARTESIAN_POINT('',(11.6877251042914,23.6070664288782,4.06981788153884));
#5509=CARTESIAN_POINT('',(11.6957932207849,23.7297990602669,4.08240856634673));
#5510=CARTESIAN_POINT('',(11.7038605887889,23.8520526719628,4.11641091033807));
#5511=CARTESIAN_POINT('',(11.711923803616,23.9636615185206,4.16899768236265));
#5512=CARTESIAN_POINT('',(11.7199870333293,24.0752705711283,4.22158455147182));
#5513=CARTESIAN_POINT('',(11.7281000472616,24.1793232412926,4.2942100409259));
#5514=CARTESIAN_POINT('',(11.736127981035,24.2671733602019,4.38084077442765));
#5515=CARTESIAN_POINT('',(11.7441558779545,24.3550230758176,4.46747111023356));
#5516=CARTESIAN_POINT('',(11.7523542805394,24.4290928932323,4.570493051766));
#5517=CARTESIAN_POINT('',(11.7603546178712,24.4832364143053,4.68135922547533));
#5518=CARTESIAN_POINT('',(11.768354909323,24.5373796248777,4.79222476339276));
#5519=CARTESIAN_POINT('',(11.776583253272,24.5730847869288,4.91397991066752));
#5520=CARTESIAN_POINT('',(11.7845834287548,24.5873909575765,5.03652782001635));
#5521=CARTESIAN_POINT('',(11.7925835611038,24.6016970510908,5.15907506863454));
#5522=CARTESIAN_POINT('',(11.8007882920455,24.5949968758147,5.28578135704602));
#5523=CARTESIAN_POINT('',(11.8088093556853,24.5678469445569,5.40613516190452));
#5524=CARTESIAN_POINT('',(11.8168304474343,24.5406969181542,5.52648938853433));
#5525=CARTESIAN_POINT('',(11.8249782037976,24.4923483473682,5.64380454570473));
#5526=CARTESIAN_POINT('',(11.8330229310037,24.4268167441348,5.74833919573054));
#5527=CARTESIAN_POINT('',(11.8410677036431,24.3612847708056,5.85287443612555));
#5528=CARTESIAN_POINT('',(11.849158332499,24.2767587541816,5.94751541454305));
#5529=CARTESIAN_POINT('',(11.8572244299118,24.180264895838,6.02439615175454));
#5530=CARTESIAN_POINT('',(11.8652905613672,24.0837706302469,6.10127721343737));
#5531=CARTESIAN_POINT('',(11.8733568821949,23.9726368481172,6.16252578619873));
#5532=CARTESIAN_POINT('',(11.8814228868093,23.8561047589493,6.20304880654321));
#5533=CARTESIAN_POINT('',(11.8894889106326,23.7395723922651,6.24357192339157));
#5534=CARTESIAN_POINT('',(11.8975867133902,23.6144163496571,6.26449167327777));
#5535=CARTESIAN_POINT('',(11.9056240810526,23.4910380780859,6.26406853073598));
#5536=CARTESIAN_POINT('',(11.9136614208687,23.3676602339702,6.2636453896602));
#5537=CARTESIAN_POINT('',(11.9218448215933,23.2426564096407,6.24186953416976));
#5538=CARTESIAN_POINT('',(11.9298478708788,23.1264011750868,6.20054711968005));
#5539=CARTESIAN_POINT('',(11.9366971787976,23.0269056115557,6.16518185692957));
#5540=CARTESIAN_POINT('',(11.9437145190321,22.9316028400725,6.11483622901954));
#5541=CARTESIAN_POINT('',(11.9505719403994,22.8463113192244,6.05258420708969));
#5542=CARTESIAN_POINT('',(11.9505719403994,22.8463113192244,6.05258420708969));
#5543=CARTESIAN_POINT('',(11.9505719403976,23.4948106553203,5.164075));
#5544=CARTESIAN_POINT('',(11.9505719403964,22.4005907234326,5.05145732527855));
#5545=CARTESIAN_POINT('',(15.4005719403976,23.944104450854,6.1681343036743));
#5546=CARTESIAN_POINT('',(15.3925975951295,24.056177523915,6.117984142037));
#5547=CARTESIAN_POINT('',(15.384491309797,24.1611470136296,6.04785698604612));
#5548=CARTESIAN_POINT('',(15.3764749929689,24.2503793149171,5.96352230948014));
#5549=CARTESIAN_POINT('',(15.3684196456828,24.3400460772746,5.87877701777491));
#5550=CARTESIAN_POINT('',(15.3603468378591,24.4162896616558,5.77734339500234));
#5551=CARTESIAN_POINT('',(15.352278508913,24.4727712982164,5.66765516337636));
#5552=CARTESIAN_POINT('',(15.3442101428343,24.5292531947213,5.55796642693458));
#5553=CARTESIAN_POINT('',(15.336137831942,24.567537004061,5.43698552988516));
#5554=CARTESIAN_POINT('',(15.328078957248,24.5844393027529,5.31477141898237));
#5555=CARTESIAN_POINT('',(15.3200200711345,24.6013416253957,5.19255713489987));
#5556=CARTESIAN_POINT('',(15.3119052933901,24.5973307515216,5.06572933341504));
#5557=CARTESIAN_POINT('',(15.3038720670009,24.5727391098399,4.9448257196432));
#5558=CARTESIAN_POINT('',(15.2958388671518,24.5481475494041,4.82392250531235));
#5559=CARTESIAN_POINT('',(15.2876640359885,24.5022983448512,4.70560881182984));
#5560=CARTESIAN_POINT('',(15.2796531603556,24.4389964468726,4.59970527098293));
#5561=CARTESIAN_POINT('',(15.2716423279373,24.3756948903758,4.49380230143236));
#5562=CARTESIAN_POINT('',(15.2634200488159,24.2932009014961,4.39739660313377));
#5563=CARTESIAN_POINT('',(15.2554231718876,24.1983559595345,4.31848407944911));
#5564=CARTESIAN_POINT('',(15.2474263332167,24.1035114713142,4.23957193328447));
#5565=CARTESIAN_POINT('',(15.2392042725402,23.9937117728452,4.17598588909406));
#5566=CARTESIAN_POINT('',(15.2311957128466,23.8780633491155,4.13299916733845));
#5567=CARTESIAN_POINT('',(15.2231871631952,23.7624150704006,4.09001249948507));
#5568=CARTESIAN_POINT('',(15.2150257134402,23.6377369503729,4.06644400205602));
#5569=CARTESIAN_POINT('',(15.2069770250112,23.5143800866971,4.06424908770497));
#5570=CARTESIAN_POINT('',(15.1989282741884,23.3910222667511,4.0620541563388));
#5571=CARTESIAN_POINT('',(15.1908470909666,23.2655785728701,4.0811741221389));
#5572=CARTESIAN_POINT('',(15.1827790702327,23.1484771595383,4.12001891448569));
#5573=CARTESIAN_POINT('',(15.1747110098866,23.0313751712663,4.15886389755123));
#5574=CARTESIAN_POINT('',(15.1666425582795,22.9193732037544,4.218509750841));
#5575=CARTESIAN_POINT('',(15.1585802457916,22.8217844130975,4.29399702804611));
#5576=CARTESIAN_POINT('',(15.1505179147186,22.7241953974805,4.36948447926314));
#5577=CARTESIAN_POINT('',(15.1424138419696,22.6383187904388,4.46290166509934));
#5578=CARTESIAN_POINT('',(15.134375666876,22.5712916190318,4.56648601950187));
#5579=CARTESIAN_POINT('',(15.1263375144262,22.5042646364429,4.67007008210336));
#5580=CARTESIAN_POINT('',(15.1181738376552,22.4542363174125,4.78667906239743));
#5581=CARTESIAN_POINT('',(15.1101588589523,22.4253606156816,4.90663255455484));
#5582=CARTESIAN_POINT('',(15.1021439197085,22.396485056111,5.02658545615962));
#5583=CARTESIAN_POINT('',(15.0939280415311,22.3879664330146,5.1531828315389));
#5584=CARTESIAN_POINT('',(15.0859302912401,22.400511879342,5.27592395570572));
#5585=CARTESIAN_POINT('',(15.0779325827596,22.4130572600847,5.39866443820992));
#5586=CARTESIAN_POINT('',(15.0697062520401,22.4470107750767,5.52091938954578));
#5587=CARTESIAN_POINT('',(15.061701967223,22.4995564651514,5.63255028958437));
#5588=CARTESIAN_POINT('',(15.0536977023054,22.5521020245911,5.74418091209496));
#5589=CARTESIAN_POINT('',(15.0455203818844,22.6246849668503,5.84825562959374));
#5590=CARTESIAN_POINT('',(15.0374797159255,22.7112800422543,5.93613703014299));
#5591=CARTESIAN_POINT('',(15.0294389946738,22.797875713143,6.02401903502241));
#5592=CARTESIAN_POINT('',(15.0213464142113,22.900874690424,6.09813158707082));
#5593=CARTESIAN_POINT('',(15.0132796956196,23.0117157495641,6.1523155132519));
#5594=CARTESIAN_POINT('',(15.0052129339108,23.122557401155,6.20649972904869));
#5595=CARTESIAN_POINT('',(14.997146429781,23.2443098571975,6.24225456594448));
#5596=CARTESIAN_POINT('',(14.9890812370997,23.3668489882401,6.25660683558103));
#5597=CARTESIAN_POINT('',(14.9810160174624,23.4893885288393,6.27095915318647));
#5598=CARTESIAN_POINT('',(14.9729218414322,23.6161066110065,6.26430660134568));
#5599=CARTESIAN_POINT('',(14.9648788113326,23.7364710299501,6.23720139671837));
#5600=CARTESIAN_POINT('',(14.956835799858,23.8568351701709,6.21009625485745));
#5601=CARTESIAN_POINT('',(14.948683584929,23.9741694155092,6.16179127876384));
#5602=CARTESIAN_POINT('',(14.9406641635216,24.0787306920417,6.09629674975447));
#5603=CARTESIAN_POINT('',(14.9326447772089,24.1832915109932,6.03080250736219));
#5604=CARTESIAN_POINT('',(14.9244366967456,24.2779583780322,5.94631692244154));
#5605=CARTESIAN_POINT('',(14.9164372974404,24.3548775881553,5.8498481921297));
#5606=CARTESIAN_POINT('',(14.9084379421088,24.4317963754452,5.75337999211679));
#5607=CARTESIAN_POINT('',(14.9002097348905,24.4930807281028,5.64227939793695));
#5608=CARTESIAN_POINT('',(14.8922085650885,24.5336485477196,5.52575971534663));
#5609=CARTESIAN_POINT('',(14.8842074237826,24.574216222855,5.40924044773861));
#5610=CARTESIAN_POINT('',(14.8760144802279,24.5951814527282,5.28410041900533));
#5611=CARTESIAN_POINT('',(14.8679832127991,24.5948055497566,5.16072355045841));
#5612=CARTESIAN_POINT('',(14.8599519012514,24.5944296447201,5.03734600415333));
#5613=CARTESIAN_POINT('',(14.8518448286149,24.5727002967034,4.91232999088712));
#5614=CARTESIAN_POINT('',(14.8437804881137,24.5314241338745,4.79606345659443));
#5615=CARTESIAN_POINT('',(14.8357161019105,24.4901477371267,4.67979626340001));
#5616=CARTESIAN_POINT('',(14.8276494240341,24.4281812788495,4.56906152856417));
#5617=CARTESIAN_POINT('',(14.8195819951224,24.3506775449329,4.47306713661146));
#5618=CARTESIAN_POINT('',(14.8115145293516,24.273173456911,4.37707230607176));
#5619=CARTESIAN_POINT('',(14.8034292269026,24.1779863801481,4.29315988438923));
#5620=CARTESIAN_POINT('',(14.7953815215673,24.0730285281818,4.22830574879349));
#5621=CARTESIAN_POINT('',(14.7873338306555,23.9680708643267,4.16345172943291));
#5622=CARTESIAN_POINT('',(14.7791931749533,23.8504433313085,4.11586322100404));
#5623=CARTESIAN_POINT('',(14.7711690549551,23.7299146848716,4.08949317655019));
#5624=CARTESIAN_POINT('',(14.7631449652456,23.6093864933934,4.06312323163516));
#5625=CARTESIAN_POINT('',(14.7549458761172,23.4826377224355,4.05724412008393));
#5626=CARTESIAN_POINT('',(14.7469441312631,23.3601846278567,4.07234434057462));
#5627=CARTESIAN_POINT('',(14.7389424312694,23.2377322197903,4.0874444764085));
#5628=CARTESIAN_POINT('',(14.7307145546997,23.1162111185004,4.12393797153403));
#5629=CARTESIAN_POINT('',(14.7227154122478,23.0056988484642,4.17879857158307));
#5630=CARTESIAN_POINT('',(14.7147163054562,22.8951870710927,4.23365892706311));
#5631=CARTESIAN_POINT('',(14.706510137117,22.7926487880945,4.30839348920827));
#5632=CARTESIAN_POINT('',(14.6984875718305,22.7065900132446,4.39680176352825));
#5633=CARTESIAN_POINT('',(14.6904649750432,22.6205309004829,4.48521038498551));
#5634=CARTESIAN_POINT('',(14.6823423605232,22.5485819736281,4.58972935263801));
#5635=CARTESIAN_POINT('',(14.6742815543636,22.4967192176696,4.70167530051003));
#5636=CARTESIAN_POINT('',(14.6662207008454,22.4448561570085,4.81362190608382));
#5637=CARTESIAN_POINT('',(14.6581515169177,22.4116460183979,4.93609241627974));
#5638=CARTESIAN_POINT('',(14.6500825788817,22.3998499536375,5.05890341747758));
#5639=CARTESIAN_POINT('',(14.6420135951682,22.3880538221005,5.18171511389839));
#5640=CARTESIAN_POINT('',(14.6339359286532,22.3973451770506,5.30826812553799));
#5641=CARTESIAN_POINT('',(14.6258838140774,22.4269520964868,5.42804109313719));
#5642=CARTESIAN_POINT('',(14.6178317094109,22.4565589794874,5.54781391333837));
#5643=CARTESIAN_POINT('',(14.6097024994504,22.5072987646468,5.66411773163827));
#5644=CARTESIAN_POINT('',(14.6016735092476,22.5749573492346,5.76729129228929));
#5645=CARTESIAN_POINT('',(14.5936445442339,22.6426157215596,5.87046452925769));
#5646=CARTESIAN_POINT('',(14.5854554348894,22.7290564100362,5.96335167109066));
#5647=CARTESIAN_POINT('',(14.5774507280887,22.8271068349427,6.03824409591516));
#5648=CARTESIAN_POINT('',(14.5694460659003,22.9251567133901,6.1131361033458));
#5649=CARTESIAN_POINT('',(14.5612205374183,23.0375104958041,6.17209248997567));
#5650=CARTESIAN_POINT('',(14.5532224084544,23.1548506178665,6.21022373365807));
#5651=CARTESIAN_POINT('',(14.5452243207896,23.2721901340333,6.24835478044661));
#5652=CARTESIAN_POINT('',(14.5370079295243,23.3977383848165,6.26670786645774));
#5653=CARTESIAN_POINT('',(14.5289926755559,23.5210817320106,6.26376124185698));
#5654=CARTESIAN_POINT('',(14.5209774026493,23.6444253706368,6.26081461029402));
#5655=CARTESIAN_POINT('',(14.5128390344616,23.7689591302273,6.23648550649231));
#5656=CARTESIAN_POINT('',(14.5047829995841,23.8843406154214,6.19279576395084));
#5657=CARTESIAN_POINT('',(14.4967269173365,23.9997227790665,6.14910576451071));
#5658=CARTESIAN_POINT('',(14.4886526873697,24.1091416403264,6.08484591724598));
#5659=CARTESIAN_POINT('',(14.4805830519964,24.2035000991388,6.00535929928309));
#5660=CARTESIAN_POINT('',(14.4725133640134,24.2978591731171,5.92587216311057));
#5661=CARTESIAN_POINT('',(14.4644418816857,24.3797706853249,5.82895679620072));
#5662=CARTESIAN_POINT('',(14.4563857102501,24.4424236833597,5.72267105180312));
#5663=CARTESIAN_POINT('',(14.4483295436864,24.5050766435057,5.61638537168075));
#5664=CARTESIAN_POINT('',(14.4402114543762,24.5502046169726,5.4977904213296));
#5665=CARTESIAN_POINT('',(14.4321775071275,24.5740576132515,5.3767390632457));
#5666=CARTESIAN_POINT('',(14.424143579793,24.5979105504047,5.25568800521849));
#5667=CARTESIAN_POINT('',(14.4159652316434,24.6011475910984,5.12884265052784));
#5668=CARTESIAN_POINT('',(14.4079570275631,24.5834992456976,5.0067309401116));
#5669=CARTESIAN_POINT('',(14.3999488668715,24.5658509959161,4.88461989129988));
#5670=CARTESIAN_POINT('',(14.391727511222,24.5268332250453,4.76388486230484));
#5671=CARTESIAN_POINT('',(14.3837294571084,24.469681660088,4.65453940353662));
#5672=CARTESIAN_POINT('',(14.3757314483765,24.4125304194132,4.54519456520341));
#5673=CARTESIAN_POINT('',(14.3675076600082,24.3356762272848,4.44423649891218));
#5674=CARTESIAN_POINT('',(14.3594983928231,24.2454932322205,4.36003789343184));
#5675=CARTESIAN_POINT('',(14.3514891187524,24.1553101596258,4.27583921556597));
#5676=CARTESIAN_POINT('',(14.3433348825317,24.0493166675584,4.20608500361542));
#5677=CARTESIAN_POINT('',(14.3352849367582,23.9363140150005,4.15656580232926));
#5678=CARTESIAN_POINT('',(14.3272349460408,23.8233107315323,4.10704632457023));
#5679=CARTESIAN_POINT('',(14.3191529252221,23.7001759580055,4.07639549768029));
#5680=CARTESIAN_POINT('',(14.3110834897252,23.5771461777335,4.0671607546057));
#5681=CARTESIAN_POINT('',(14.3030139963003,23.4541155142682,4.0579259452377));
#5682=CARTESIAN_POINT('',(14.294947032879,23.3277829911536,4.06985210598848));
#5683=CARTESIAN_POINT('',(14.2868872434912,23.2086534611805,4.10194786060377));
#5684=CARTESIAN_POINT('',(14.2788274531163,23.089523916615,4.13404361915051));
#5685=CARTESIAN_POINT('',(14.2707199471217,22.9743011760744,4.18719619260711));
#5686=CARTESIAN_POINT('',(14.2626810412376,22.8725601637171,4.25698937796668));
#5687=CARTESIAN_POINT('',(14.2546421498963,22.770819335414,4.32678243706709));
#5688=CARTESIAN_POINT('',(14.2464751355544,22.6797521711877,4.41514084813082));
#5689=CARTESIAN_POINT('',(14.2384629808024,22.606919127862,4.51473022604104));
#5690=CARTESIAN_POINT('',(14.2304508674096,22.5340864605045,4.61431908986554));
#5691=CARTESIAN_POINT('',(14.2222353138344,22.4774834285667,4.72787772188372));
#5692=CARTESIAN_POINT('',(14.214236472476,22.4418053856007,4.84598711600767));
#5693=CARTESIAN_POINT('',(14.2062376790494,22.4061275564301,4.96409580237839));
#5694=CARTESIAN_POINT('',(14.1980091394512,22.390394445125,5.08999860676068));
#5695=CARTESIAN_POINT('',(14.1900046026531,22.3959105856721,5.21325463935518));
#5696=CARTESIAN_POINT('',(14.182000070151,22.4014267232587,5.33651060579974));
#5697=CARTESIAN_POINT('',(14.1738299495915,22.4283448952771,5.46050818823885));
#5698=CARTESIAN_POINT('',(14.1657874907134,22.4744295154957,5.57495494534947));
#5699=CARTESIAN_POINT('',(14.1577449925095,22.5205143610578,5.68940226207895));
#5700=CARTESIAN_POINT('',(14.1496522332444,22.5870393709839,5.79745709770673));
#5701=CARTESIAN_POINT('',(14.1415839798248,22.6684745503204,5.89013879993326));
#5702=CARTESIAN_POINT('',(14.1335156645223,22.7499103542584,5.98282121302126));
#5703=CARTESIAN_POINT('',(14.1254513420282,22.8485115726223,6.06269583395111));
#5704=CARTESIAN_POINT('',(14.1173884601966,22.9560790708825,6.12312050461861));
#5705=CARTESIAN_POINT('',(14.1093255703021,23.0636466767107,6.18354523571107));
#5706=CARTESIAN_POINT('',(14.101227897625,23.1831574035489,6.22619292961104));
#5707=CARTESIAN_POINT('',(14.093184117187,23.3046788591315,6.24751853802033));
#5708=CARTESIAN_POINT('',(14.0851403458532,23.4262001771715,6.26884412229249));
#5709=CARTESIAN_POINT('',(14.0769850275489,23.5530871431435,6.26943761046708));
#5710=CARTESIAN_POINT('',(14.0689685514898,23.6748042895566,6.24924885318409));
#5711=CARTESIAN_POINT('',(14.0609521141242,23.7965208484735,6.22906019334686));
#5712=CARTESIAN_POINT('',(14.0527437937061,23.9164177725581,6.18753491521718));
#5713=CARTESIAN_POINT('',(14.0447433807992,24.0245487420595,6.12811730169527));
#5714=CARTESIAN_POINT('',(14.0367430169128,24.1326790490145,6.06870005224037));
#5715=CARTESIAN_POINT('',(14.0285121882418,24.2320136847047,5.98975911406323));
#5716=CARTESIAN_POINT('',(14.0205111953433,24.3143153443114,5.89784067425961));
#5717=CARTESIAN_POINT('',(14.0125102167761,24.3966168565,5.80592239909952));
#5718=CARTESIAN_POINT('',(14.0043242980802,24.46414626931,5.69850034952697));
#5719=CARTESIAN_POINT('',(13.996290798894,24.5113005052294,5.58448953951034));
#5720=CARTESIAN_POINT('',(13.9882572699226,24.5584549159791,5.47047830678433));
#5721=CARTESIAN_POINT('',(13.9801506281014,24.5865328920552,5.3467335191411));
#5722=CARTESIAN_POINT('',(13.9720846233751,24.5932022669362,5.2235381611318));
#5723=CARTESIAN_POINT('',(13.9640185539696,24.5998716952972,5.10034181524958));
#5724=CARTESIAN_POINT('',(13.9559547828637,24.5853158999409,4.97428526430047));
#5725=CARTESIAN_POINT('',(13.9478894206852,24.5507452613234,4.85585088049427));
#5726=CARTESIAN_POINT('',(13.9398240416589,24.5161745504909,4.7374162492891));
#5727=CARTESIAN_POINT('',(13.9317352394607,24.460632308496,4.62332487063995));
#5728=CARTESIAN_POINT('',(13.9236867545733,24.3887348778723,4.52306058180425));
#5729=CARTESIAN_POINT('',(13.915638273255,24.3168374791314,4.42279633743067));
#5730=CARTESIAN_POINT('',(13.9074948014432,24.2265996340399,4.33358870539594));
#5731=CARTESIAN_POINT('',(13.899473716951,24.1255146904451,4.26284671589143));
#5732=CARTESIAN_POINT('',(13.8914526680107,24.0244301948904,4.19210503993748));
#5733=CARTESIAN_POINT('',(13.8832528111761,23.9097156846539,4.13787980863808));
#5734=CARTESIAN_POINT('',(13.8752501213909,23.7908885169037,4.10467049751749));
#5735=CARTESIAN_POINT('',(13.8672474803631,23.6720620731237,4.07146138872903));
#5736=CARTESIAN_POINT('',(13.8590166374375,23.5458586663806,4.05835499274049));
#5737=CARTESIAN_POINT('',(13.8510180735559,23.4227437028474,4.06643828671036));
#5738=CARTESIAN_POINT('',(13.8430195327017,23.2996290937535,4.07452155740901));
#5739=CARTESIAN_POINT('',(13.8348196026469,23.1762212150162,4.10401703153928));
#5740=CARTESIAN_POINT('',(13.8267949579212,23.0627585301173,4.15247677881358));
#5741=CARTESIAN_POINT('',(13.8187702951352,22.9492955898584,4.20093663515174));
#5742=CARTESIAN_POINT('',(13.8106481362375,22.8426523382015,4.2696974983465));
#5743=CARTESIAN_POINT('',(13.8025855280927,22.7516874848239,4.35304605263048));
#5744=CARTESIAN_POINT('',(13.7945228534829,22.6607218815668,4.43639529400801));
#5745=CARTESIAN_POINT('',(13.7864573315497,22.5829192799594,4.5366390395813));
#5746=CARTESIAN_POINT('',(13.778390185096,22.5247491139277,4.64544159776777));
#5747=CARTESIAN_POINT('',(13.7703230131829,22.4665787643145,4.75424449932845));
#5748=CARTESIAN_POINT('',(13.7622419060275,22.4264300032864,4.87461883258574));
#5749=CARTESIAN_POINT('',(13.7541889730075,22.4076409719592,4.99655759917121));
#5750=CARTESIAN_POINT('',(13.7461360378267,22.3888519355902,5.11849639847714));
#5751=CARTESIAN_POINT('',(13.7380043502474,22.390902290597,5.2453698689459));
#5752=CARTESIAN_POINT('',(13.7299784542923,22.4136225926422,5.36663949126727));
#5753=CARTESIAN_POINT('',(13.721952590414,22.4363428038821,5.48790862891556));
#5754=CARTESIAN_POINT('',(13.713762224805,22.4803576593943,5.60691566636848));
#5755=CARTESIAN_POINT('',(13.7057566328368,22.5420153645057,5.71378504520714));
#5756=CARTESIAN_POINT('',(13.6977510881515,22.6036727054529,5.82065379285105));
#5757=CARTESIAN_POINT('',(13.6895223150347,22.6846664972452,5.91832239573043));
#5758=CARTESIAN_POINT('',(13.6815251385355,22.7782802919543,5.99869122220908));
#5759=CARTESIAN_POINT('',(13.6735279923076,22.8718937323115,6.0790597444714));
#5760=CARTESIAN_POINT('',(13.6653170650545,22.9806981280079,6.14433545716914));
#5761=CARTESIAN_POINT('',(13.6572998769593,23.0956677379423,6.18910423446454));
#5762=CARTESIAN_POINT('',(13.6492826825214,23.2106374388331,6.23387304717807));
#5763=CARTESIAN_POINT('',(13.6411447838097,23.3349380741274,6.25936600279537));
#5764=CARTESIAN_POINT('',(13.6330868002169,23.4582458351667,6.26346711109009));
#5765=CARTESIAN_POINT('',(13.6250287499414,23.5815546166212,6.26756825332293));
#5766=CARTESIAN_POINT('',(13.61695896404,23.7072798051774,6.25038921440976));
#5767=CARTESIAN_POINT('',(13.608890813325,23.8249677540963,6.21335870335567));
#5768=CARTESIAN_POINT('',(13.6008226303551,23.9426561735097,6.17632804426052));
#5769=CARTESIAN_POINT('',(13.5927478306266,24.0555663049141,6.11842038555644));
#5770=CARTESIAN_POINT('',(13.5846907921379,24.1543103828271,6.04444998227655));
#5771=CARTESIAN_POINT('',(13.5766337453872,24.2530545619967,5.97047950314408));
#5772=CARTESIAN_POINT('',(13.5685135663489,24.3403638567555,5.87840143104126));
#5773=CARTESIAN_POINT('',(13.5604827404958,24.4089840860404,5.77586494644034));
#5774=CARTESIAN_POINT('',(13.552451943024,24.4776040728174,5.67332882420926));
#5775=CARTESIAN_POINT('',(13.5442718916465,24.5294280522533,5.55750803105003));
#5776=CARTESIAN_POINT('',(13.5362628531416,24.5601542311989,5.43801489365237));
#5777=CARTESIAN_POINT('',(13.5282538593959,24.5908802384288,5.31852242405099));
#5778=CARTESIAN_POINT('',(13.5200290463202,24.6013543129167,5.19207263416364));
#5779=CARTESIAN_POINT('',(13.5120322902965,24.5907074137861,5.06915242742548));
#5780=CARTESIAN_POINT('',(13.5040355702893,24.580060562608,4.94623277430691));
#5781=CARTESIAN_POINT('',(13.4958164866068,24.5480004762414,4.82346735465471));
#5782=CARTESIAN_POINT('',(13.487805423367,24.4971866475561,4.71103816905871));
#5783=CARTESIAN_POINT('',(13.4797943650234,24.4463728499274,4.59860905217757));
#5784=CARTESIAN_POINT('',(13.4716406010759,24.3754061510552,4.49342362798274));
#5785=CARTESIAN_POINT('',(13.463588550984,24.2901800883056,4.40421483847507));
#5786=CARTESIAN_POINT('',(13.4555364363706,24.2049533426362,4.3150053341339));
#5787=CARTESIAN_POINT('',(13.44745966613,24.1031110930872,4.23930894822743));
#5788=CARTESIAN_POINT('',(13.4393913767481,23.9931205251119,4.18341844764934));
#5789=CARTESIAN_POINT('',(13.4313230498391,23.8831294455511,4.12752768711467));
#5790=CARTESIAN_POINT('',(13.4232529582446,23.7619441697788,4.08989548850054));
#5791=CARTESIAN_POINT('',(13.4151922434467,23.6396410256242,4.07365115404026));
#5792=CARTESIAN_POINT('',(13.4071315136507,23.5173376539071,4.05740678935506));
#5793=CARTESIAN_POINT('',(13.3990223533369,23.3905328924548,4.06210016192622));
#5794=CARTESIAN_POINT('',(13.3909865642479,23.2697635201489,4.08734207724193));
#5795=CARTESIAN_POINT('',(13.3829507997004,23.1489945166765,4.11258391546802));
#5796=CARTESIAN_POINT('',(13.3747816791384,23.0309288920204,4.15906933909167));
#5797=CARTESIAN_POINT('',(13.3667687315755,22.9253676401983,4.22294023147384));
#5798=CARTESIAN_POINT('',(13.3587558253743,22.8198069332676,4.28681079416401));
#5799=CARTESIAN_POINT('',(13.3505366658691,22.7238463838633,4.36982261265776));
#5800=CARTESIAN_POINT('',(13.3425394394875,22.6454454335738,4.46509093717206));
#5801=CARTESIAN_POINT('',(13.3345422533778,22.5670448780914,4.56035878193937));
#5802=CARTESIAN_POINT('',(13.3263176767291,22.504050743203,4.67049900625725));
#5803=CARTESIAN_POINT('',(13.3183114744835,22.4616870178693,4.78637730376665));
#5804=CARTESIAN_POINT('',(13.3103052875158,22.4193233733764,4.90225538015046));
#5805=CARTESIAN_POINT('',(13.3021356308739,22.3964263309686,5.02705797781632));
#5806=CARTESIAN_POINT('',(13.2940909033223,22.3948953495056,5.15042509031098));
#5807=CARTESIAN_POINT('',(13.2860461165595,22.3933643567741,5.27379311082028));
#5808=CARTESIAN_POINT('',(13.2779594363616,22.4131591296593,5.39913163969113));
#5809=CARTESIAN_POINT('',(13.2698919590866,22.4526335466513,5.51602226048999));
#5810=CARTESIAN_POINT('',(13.2618244402621,22.4921081669459,5.63291348330325));
#5811=CARTESIAN_POINT('',(13.2537572465963,22.552355938951,5.74459284639696));
#5812=CARTESIAN_POINT('',(13.2456933712268,22.6283672051373,5.84177386205817));
#5813=CARTESIAN_POINT('',(13.2376294731287,22.7043786855672,5.93895515163155));
#5814=CARTESIAN_POINT('',(13.2295306271158,22.7982569365081,6.02432800848253));
#5815=CARTESIAN_POINT('',(13.2214899269947,22.9022003759583,6.09079667169791));
#5816=CARTESIAN_POINT('',(13.2134492474591,23.0061435492984,6.15726516474386));
#5817=CARTESIAN_POINT('',(13.2052914662598,23.1230204703717,6.20666536954797));
#5818=CARTESIAN_POINT('',(13.1972742297708,23.243127526093,6.23489506073024));
#5819=CARTESIAN_POINT('',(13.1892570305516,23.3632340234725,6.26312462068115));
#5820=CARTESIAN_POINT('',(13.1810450187242,23.4898757415175,6.27096181657661));
#5821=CARTESIAN_POINT('',(13.1730465085012,23.6125475927743,6.2577559468757));
#5822=CARTESIAN_POINT('',(13.1650480413731,23.7352187830913,6.24455014832631));
#5823=CARTESIAN_POINT('',(13.1568204541487,23.8572892077687,6.20993916324841));
#5824=CARTESIAN_POINT('',(13.1488179187287,23.9686358307648,6.1567933402733));
#5825=CARTESIAN_POINT('',(13.1408154078191,24.0799821127251,6.10364768007488));
#5826=CARTESIAN_POINT('',(13.1326299295701,24.1836642442973,6.03050598545482));
#5827=CARTESIAN_POINT('',(13.124593992634,24.2710785180823,5.94343897481726));
#5828=CARTESIAN_POINT('',(13.1165580056927,24.3584933358192,5.85637142238864));
#5829=CARTESIAN_POINT('',(13.1084582869911,24.4320501234007,5.75297551046098));
#5830=CARTESIAN_POINT('',(13.1003926572528,24.4856367380988,5.64184447755775));
#5831=CARTESIAN_POINT('',(13.0923269829605,24.5392236488064,5.53071283077282));
#5832=CARTESIAN_POINT('',(13.0842606671673,24.5743226991889,5.40876977887657));
#5833=CARTESIAN_POINT('',(13.0761942335477,24.5880152978164,5.28615534086218));
#5834=CARTESIAN_POINT('',(13.0681277680109,24.6017079506226,5.16354041768798));
#5835=CARTESIAN_POINT('',(13.0600383170245,24.5943735252992,5.03685966554811));
#5836=CARTESIAN_POINT('',(13.0519928439963,24.5666209984708,4.91664301274769));
#5837=CARTESIAN_POINT('',(13.0439473874521,24.538868528503,4.79642660625226));
#5838=CARTESIAN_POINT('',(13.0358011446979,24.4899326366483,4.67935363054877));
#5839=CARTESIAN_POINT('',(13.0277793228264,24.4238764001044,4.57514644587078));
#5840=CARTESIAN_POINT('',(13.0197575336122,24.3578204324784,4.47093968542491));
#5841=CARTESIAN_POINT('',(13.0115539615858,24.2728263497491,4.37672859615842));
#5842=CARTESIAN_POINT('',(13.0035534325977,24.17594503901,4.30032969532064));
#5843=CARTESIAN_POINT('',(12.9955529481923,24.0790642681386,4.22393122021299));
#5844=CARTESIAN_POINT('',(12.9873246480851,23.967635403704,4.16324565592171));
#5845=CARTESIAN_POINT('',(12.979324656718,23.8508989348102,4.12330550716793));
#5846=CARTESIAN_POINT('',(12.9713246977339,23.7341629384524,4.08336552008734));
#5847=CARTESIAN_POINT('',(12.9631245372425,23.6089123487798,4.06307414982468));
#5848=CARTESIAN_POINT('',(12.9550979426787,23.4855389841814,4.06411407518753));
#5849=CARTESIAN_POINT('',(12.9470713104892,23.3621650412531,4.06515400542518));
#5850=CARTESIAN_POINT('',(12.9389562419621,23.237268403473,4.0875557851079));
#5851=CARTESIAN_POINT('',(12.9308935777389,23.1212256785519,4.12945706804012));
#5852=CARTESIAN_POINT('',(12.9228308668033,23.0051822813191,4.17135859373396));
#5853=CARTESIAN_POINT('',(12.9147631988336,22.8947827759593,4.23392003352621));
#5854=CARTESIAN_POINT('',(12.9066948942941,22.799206966842,4.31193914899065));
#5855=CARTESIAN_POINT('',(12.8986265480876,22.7036306641435,4.3899586673685));
#5856=CARTESIAN_POINT('',(12.8905453581211,22.6202315489913,4.48559614475071));
#5857=CARTESIAN_POINT('',(12.8824953364847,22.5559432676153,4.59090135414383));
#5858=CARTESIAN_POINT('',(12.8744453269903,22.4916550832068,4.69620640470273));
#5859=CARTESIAN_POINT('',(12.8663106112158,22.4447001351458,4.81408872058864));
#5860=CARTESIAN_POINT('',(12.8582839915515,22.4189791444158,4.93475740332467));
#5861=CARTESIAN_POINT('',(12.8502573995699,22.3932582423941,5.05542566989031));
#5862=CARTESIAN_POINT('',(12.8420633552083,22.3880613222274,5.18220464355783));
#5863=CARTESIAN_POINT('',(12.8340601521992,22.4038203515846,5.30457466958919));
#5864=CARTESIAN_POINT('',(12.8260569940542,22.4195792926002,5.42694400964148));
#5865=CARTESIAN_POINT('',(12.8178300906061,22.4567263040339,5.54826707931232));
#5866=CARTESIAN_POINT('',(12.8098315935593,22.5121809468434,5.65848258086687));
#5867=CARTESIAN_POINT('',(12.8018331352793,22.5676353208777,5.76869754823352));
#5868=CARTESIAN_POINT('',(12.7936213223776,22.6429204386205,5.87083186229854));
#5869=CARTESIAN_POINT('',(12.7856027033516,22.731790807216,5.95641376050513));
#5870=CARTESIAN_POINT('',(12.7775840593521,22.8206614525937,6.04199592525226));
#5871=CARTESIAN_POINT('',(12.7694533274201,22.9255656323732,6.11338093677412));
#5872=CARTESIAN_POINT('',(12.7613948263436,23.0377891344821,6.1646405048475));
#5873=CARTESIAN_POINT('',(12.7533362776462,23.1500132997666,6.21590037583509));
#5874=CARTESIAN_POINT('',(12.7452648172569,23.2726605453699,6.24845085329363));
#5875=CARTESIAN_POINT('',(12.7371954122408,23.3955331415234,6.25958582845141));
#5876=CARTESIAN_POINT('',(12.7291259577482,23.5184064910536,6.27072087188179));
#5877=CARTESIAN_POINT('',(12.7210516805042,23.6449078658612,6.26074857112413));
#5878=CARTESIAN_POINT('',(12.7129974208564,23.7645196150982,6.2304975602525));
#5879=CARTESIAN_POINT('',(12.7049431685979,23.8841312546005,6.20024657713389));
#5880=CARTESIAN_POINT('',(12.6968197571025,24.0001606900858,6.14888146520289));
#5881=CARTESIAN_POINT('',(12.6887882117582,24.1029685212505,6.08066869957863));
#5882=CARTESIAN_POINT('',(12.6807566888941,24.2057760646579,6.01245612488066));
#5883=CARTESIAN_POINT('',(12.6725730539289,24.2981969719267,5.92551651102314));
#5884=CARTESIAN_POINT('',(12.6645666022626,24.3725605864549,5.82706448588433));
#5885=CARTESIAN_POINT('',(12.6565601946876,24.4469237914642,5.7286130029189));
#5886=CARTESIAN_POINT('',(12.6483366061595,24.5052747495442,5.6159433768017));
#5887=CARTESIAN_POINT('',(12.64033862826,24.5427739307302,5.49839965268387));
#5888=CARTESIAN_POINT('',(12.6323406939624,24.580272907485,5.38085656936935));
#5889=CARTESIAN_POINT('',(12.6241201400741,24.5979500146099,5.25521159244834));
#5890=CARTESIAN_POINT('',(12.6161081397681,24.5943395751075,5.13188564536716));
#5891=CARTESIAN_POINT('',(12.6080961268384,24.5907291299165,5.00855950397343));
#5892=CARTESIAN_POINT('',(12.5999495699562,24.5657302545082,4.88415907488873));
#5893=CARTESIAN_POINT('',(12.5918965108513,24.5214201328408,4.76901426964943));
#5894=CARTESIAN_POINT('',(12.583843405277,24.4771097554856,4.65386879997694));
#5895=CARTESIAN_POINT('',(12.5757655064403,24.4122621137535,4.54479764419567));
#5896=CARTESIAN_POINT('',(12.5676958569105,24.332268899117,4.45086837503298));
#5897=CARTESIAN_POINT('',(12.5596261518387,24.2522751339029,4.35693845937355));
#5898=CARTESIAN_POINT('',(12.5515572251801,24.1549202444439,4.27554962105421));
#5899=CARTESIAN_POINT('',(12.5434991245846,24.04829900624,4.21346959006578));
#5900=CARTESIAN_POINT('',(12.5354410259595,23.9416777941085,4.15138957425793));
#5901=CARTESIAN_POINT('',(12.5273284840817,23.8228413494468,4.10690035863368));
#5902=CARTESIAN_POINT('',(12.5192919701977,23.7016635278465,4.08369919078931));
#5903=CARTESIAN_POINT('',(12.5112554734622,23.5804859648174,4.06049807245197));
#5904=CARTESIAN_POINT('',(12.5030829216565,23.4536245912483,4.0579437130901));
#5905=CARTESIAN_POINT('',(12.4950727282218,23.3316097030271,4.07624898028426));
#5906=CARTESIAN_POINT('',(12.4870625772172,23.2095954611208,4.09455415051511));
#5907=CARTESIAN_POINT('',(12.4788440277059,23.089071922987,4.13422121214563));
#5908=CARTESIAN_POINT('',(12.4708456696947,22.9800355977275,4.19196047995601));
#5909=CARTESIAN_POINT('',(12.4628473585702,22.8709999116454,4.24969940929537));
#5910=CARTESIAN_POINT('',(12.4546207970427,22.7704570292027,4.32709575573593));
#5911=CARTESIAN_POINT('',(12.4466141258938,22.6867448788284,4.41773077588993));
#5912=CARTESIAN_POINT('',(12.4386074537633,22.6030327181913,4.50836580715534));
#5913=CARTESIAN_POINT('',(12.4304450081433,22.5338502867896,4.61473269380357));
#5914=CARTESIAN_POINT('',(12.4223987502652,22.4849398995752,4.72800040008521));
#5915=CARTESIAN_POINT('',(12.4143524499,22.4360292540964,4.84126870446096));
#5916=CARTESIAN_POINT('',(12.4062652627785,22.4060416930861,4.96456624870849));
#5917=CARTESIAN_POINT('',(12.398196309912,22.397469192374,5.08764389573695));
#5918=CARTESIAN_POINT('',(12.3901272969187,22.3888966277827,5.21072245989573));
#5919=CARTESIAN_POINT('',(12.38206194557,22.4015025172661,5.3369890218454));
#5920=CARTESIAN_POINT('',(12.3740004876644,22.4342388681165,5.45594395036534));
#5921=CARTESIAN_POINT('',(12.3659390252973,22.466975237084,5.57489894471794));
#5922=CARTESIAN_POINT('',(12.3578367058868,22.5207472765384,5.68983427673416));
#5923=CARTESIAN_POINT('',(12.3497952660795,22.5910868931413,5.79119808335213));
#5924=CARTESIAN_POINT('',(12.3417538380145,22.6614264070336,5.89256174195772));
#5925=CARTESIAN_POINT('',(12.3335928334919,22.7502739448734,5.98315238347596));
#5926=CARTESIAN_POINT('',(12.3255784875476,22.8502537809935,6.05544834252156));
#5927=CARTESIAN_POINT('',(12.3175641816544,22.9502331174714,6.12774394027323));
#5928=CARTESIAN_POINT('',(12.3093521983625,23.0640950071849,6.18373513345815));
#5929=CARTESIAN_POINT('',(12.3013526381766,23.1823947343581,6.21877699218988));
#5930=CARTESIAN_POINT('',(12.2933531266613,23.3006937417761,6.25381863772113));
#5931=CARTESIAN_POINT('',(12.2851231089283,23.4266793649872,6.26887391859705));
#5932=CARTESIAN_POINT('',(12.2771205464361,23.5499041088923,6.26269445703392));
#5933=CARTESIAN_POINT('',(12.269117993581,23.6731287044044,6.25651500291238));
#5934=CARTESIAN_POINT('',(12.2609396938003,23.7969790766523,6.22892999616685));
#5935=CARTESIAN_POINT('',(12.2529016758366,23.9111763913578,6.18222998518348));
#5936=CARTESIAN_POINT('',(12.2448636229416,24.0253742023382,6.13552977125272));
#5937=CARTESIAN_POINT('',(12.2367640961025,24.1330689666033,6.06842443920007));
#5938=CARTESIAN_POINT('',(12.228696865788,24.225311046713,5.98649166944141));
#5939=CARTESIAN_POINT('',(12.2206295720122,24.3175538524515,5.90455825515284));
#5940=CARTESIAN_POINT('',(12.2125658085502,24.3968966378282,5.80552862180917));
#5941=CARTESIAN_POINT('',(12.2045015635803,24.4567414784658,5.69763764063607));
#5942=CARTESIAN_POINT('',(12.1964373062564,24.5165864107818,5.58974649418104));
#5943=CARTESIAN_POINT('',(12.1883443493753,24.5585904215023,5.47000769648941));
#5944=CARTESIAN_POINT('',(12.180298112123,24.5792617153717,5.34837339487464));
#5945=CARTESIAN_POINT('',(12.1722518811324,24.5999329931548,5.22673918791533));
#5946=CARTESIAN_POINT('',(12.1641026768886,24.5998436078538,5.09985042444639));
#5947=CARTESIAN_POINT('',(12.1560838508472,24.5790001063296,4.97824380154249));
#5948=CARTESIAN_POINT('',(12.1480650619263,24.5581567012936,4.85663774157668));
#5949=CARTESIAN_POINT('',(12.1398609725867,24.5159866497568,4.73696570881349));
#5950=CARTESIAN_POINT('',(12.1318594665739,24.4559879365674,4.62915609585245));
#5951=CARTESIAN_POINT('',(12.1238580096063,24.39598959114,4.52134714371014));
#5952=CARTESIAN_POINT('',(12.1156269014964,24.316515154089,4.42243875629558));
#5953=CARTESIAN_POINT('',(12.1076272979544,24.2241549649325,4.34063290851072));
#5954=CARTESIAN_POINT('',(12.0996277134118,24.131794995135,4.2588272550179));
#5955=CARTESIAN_POINT('',(12.0914341700903,24.0240114920969,4.19187721359162));
#5956=CARTESIAN_POINT('',(12.0834054233124,23.9097482642949,4.14533716293964));
#5957=CARTESIAN_POINT('',(12.075376652774,23.7954846983387,4.09879697455555));
#5958=CARTESIAN_POINT('',(12.0672620292344,23.6715911917794,4.07138555637819));
#5959=CARTESIAN_POINT('',(12.0591976307505,23.5483617191438,4.06537928072038));
#5960=CARTESIAN_POINT('',(12.0511331665212,23.4251312418737,4.0593729560961));
#5961=CARTESIAN_POINT('',(12.043068791942,23.2991549808545,4.07460694049794));
#5962=CARTESIAN_POINT('',(12.0350024159786,23.180908496139,4.10981438968521));
#5963=CARTESIAN_POINT('',(12.026936018474,23.062661695647,4.14502193289376));
#5964=CARTESIAN_POINT('',(12.0188513514028,22.9488706459433,4.20117747993268));
#5965=CARTESIAN_POINT('',(12.0108005313343,22.8489948574315,4.2736133471495));
#5966=CARTESIAN_POINT('',(12.0027497119086,22.7491190768931,4.34604920858351));
#5967=CARTESIAN_POINT('',(11.9946123485956,22.6603980585289,4.43676613698763));
#5968=CARTESIAN_POINT('',(11.9865887987144,22.5902011721996,4.53823022447801));
#5969=CARTESIAN_POINT('',(11.9785652826237,22.5200045814989,4.63969388466067));
#5970=CARTESIAN_POINT('',(11.970370213142,22.4663973363617,4.75469889907263));
#5971=CARTESIAN_POINT('',(11.9623660971921,22.4338280313584,4.8737030460323));
#5972=CARTESIAN_POINT('',(11.9584555467107,22.4179157292181,4.93184459809158));
#5973=CARTESIAN_POINT('',(11.9545137205288,22.4067619323663,4.99149640141958));
#5974=CARTESIAN_POINT('',(11.9505719403964,22.4005907234326,5.05145732527855));
#5975=CARTESIAN_POINT('',(15.4005719403976,23.4208491908801,6.26158568413023));
#5976=CARTESIAN_POINT('',(15.3936996039008,23.5266209677558,6.2687136653211));
#5977=CARTESIAN_POINT('',(15.386656810318,23.6345213018185,6.26030451395527));
#5978=CARTESIAN_POINT('',(15.3797652287362,23.7379105042568,6.23687622270953));
#5979=CARTESIAN_POINT('',(15.3717445735814,23.8582383462251,6.20960958692825));
#5980=CARTESIAN_POINT('',(15.3635957443315,23.9755064886038,6.16114741222574));
#5981=CARTESIAN_POINT('',(15.3555514587238,24.079977580959,6.09551456816241));
#5982=CARTESIAN_POINT('',(15.3475071254229,24.1844492927071,6.02988133497214));
#5983=CARTESIAN_POINT('',(15.3394156540371,24.2790082800618,5.94526370840182));
#5984=CARTESIAN_POINT('',(15.3313497772622,24.3557954953985,5.84869540953763));
#5985=CARTESIAN_POINT('',(15.3232838660131,24.4325830389295,5.75212669793337));
#5986=CARTESIAN_POINT('',(15.3152175274503,24.4937239056458,5.64093363362514));
#5987=CARTESIAN_POINT('',(15.307151320909,24.53413400224,5.52436235829545));
#5988=CARTESIAN_POINT('',(15.299085094768,24.5745441970249,5.40779079971462));
#5989=CARTESIAN_POINT('',(15.2909886005436,24.5953426895894,5.28261446404674));
#5990=CARTESIAN_POINT('',(15.2829503714099,24.5948000148218,5.15923671689125));
#5991=CARTESIAN_POINT('',(15.2749121692959,24.5942573418783,5.03585938445767));
#5992=CARTESIAN_POINT('',(15.2667302355531,24.5723603731052,4.91087660879081));
#5993=CARTESIAN_POINT('',(15.258726877731,24.5309253428793,4.79466147260222));
#5994=CARTESIAN_POINT('',(15.2507235611706,24.489490526273,4.6784469355643));
#5995=CARTESIAN_POINT('',(15.242496423464,24.4273799130334,4.56780549289593));
#5996=CARTESIAN_POINT('',(15.2344982869001,24.3497441592154,4.47191266071997));
#5997=CARTESIAN_POINT('',(15.22650020661,24.2721089516321,4.37602050323294));
#5998=CARTESIAN_POINT('',(15.2182864848258,24.1768165391684,4.29224346985305));
#5999=CARTESIAN_POINT('',(15.210270372889,24.0717715912933,4.22753024487018));
#6000=CARTESIAN_POINT('',(15.2022542422306,23.9667263980872,4.16281686875049));
#6001=CARTESIAN_POINT('',(15.1940939012619,23.8490375833823,4.11538761932248));
#6002=CARTESIAN_POINT('',(15.1860544324544,23.7284761034122,4.08917944304202));
#6003=CARTESIAN_POINT('',(15.1780149206139,23.6079139781102,4.06297112647652));
#6004=CARTESIAN_POINT('',(15.1699138315633,23.4811513961683,4.05726194177887));
#6005=CARTESIAN_POINT('',(15.1618506773555,23.3587228770954,4.07252558901677));
#6006=CARTESIAN_POINT('',(15.1537874843057,23.2362937682559,4.08778930978322));
#6007=CARTESIAN_POINT('',(15.1457197966989,23.1148107842165,4.12444915785666));
#6008=CARTESIAN_POINT('',(15.1376520055561,23.0043754236987,4.17945665587662));
#6009=CARTESIAN_POINT('',(15.129584190696,22.8939397385274,4.23446431560542));
#6010=CARTESIAN_POINT('',(15.1215000063969,22.7914938727972,4.30934245272821));
#6011=CARTESIAN_POINT('',(15.1134533375003,22.7055543441158,4.39786714620064));
#6012=CARTESIAN_POINT('',(15.1054066875214,22.619615017478,4.48639163155168));
#6013=CARTESIAN_POINT('',(15.097240595704,22.5478076485206,4.591005991002));
#6014=CARTESIAN_POINT('',(15.089233287553,22.4960944694759,4.70302621718801));
#6015=CARTESIAN_POINT('',(15.0812260161605,22.4443815278273,4.81504592913062));
#6016=CARTESIAN_POINT('',(15.0730024284623,22.4113394472685,4.93755138308541));
#6017=CARTESIAN_POINT('',(15.0650053730344,22.3997088741217,5.06038272055908));
#6018=CARTESIAN_POINT('',(15.0570083816345,22.3880783940944,5.18321307459048));
#6019=CARTESIAN_POINT('',(15.0487878259339,22.3975397732507,5.30974221121824));
#6020=CARTESIAN_POINT('',(15.0407759131256,22.4273078255439,5.4294760331919));
#6021=CARTESIAN_POINT('',(15.0327639914949,22.4570759106167,5.54920998701308));
#6022=CARTESIAN_POINT('',(15.0245923867936,22.5079703668485,5.66544137381774));
#6023=CARTESIAN_POINT('',(15.0165578532947,22.5757660115905,5.76852263448256));
#6024=CARTESIAN_POINT('',(15.008523280434,22.6435619884681,5.87160440014965));
#6025=CARTESIAN_POINT('',(15.0004117031575,22.7301303789193,5.96437857548525));
#6026=CARTESIAN_POINT('',(14.9923518518102,22.8282776755469,6.03913716172017));
#6027=CARTESIAN_POINT('',(14.9842919578716,22.9264254908225,6.11389614300819));
#6028=CARTESIAN_POINT('',(14.9762209479496,23.0388679001044,6.17270672979318));
#6029=CARTESIAN_POINT('',(14.9681525876822,23.156255512603,6.21067923051872));
#6030=CARTESIAN_POINT('',(14.9600841997071,23.2736435282241,6.24865186164613));
#6031=CARTESIAN_POINT('',(14.9520092436214,23.3992273799456,6.26683786748822));
#6032=CARTESIAN_POINT('',(14.9439555880236,23.5225659916453,6.26372478120558));
#6033=CARTESIAN_POINT('',(14.9359019443514,23.645904420708,6.26061169953273));
#6034=CARTESIAN_POINT('',(14.9277517475875,23.7704060681808,6.23611505958138));
#6035=CARTESIAN_POINT('',(14.9197392822655,23.8857322694268,6.19226773077782));
#6036=CARTESIAN_POINT('',(14.9117268488142,24.0010580119474,6.14842057638287));
#6037=CARTESIAN_POINT('',(14.9035093387699,24.1103821859961,6.08401768336152));
#6038=CARTESIAN_POINT('',(14.8955125345724,24.204636837996,6.00440040743932));
#6039=CARTESIAN_POINT('',(14.8875157979761,24.2988906932103,5.92478380456506));
#6040=CARTESIAN_POINT('',(14.8792899463393,24.38066359418,5.82776693249747));
#6041=CARTESIAN_POINT('',(14.8712818302274,24.4431742789453,5.72139576704976));
#6042=CARTESIAN_POINT('',(14.8632737161921,24.505684947501,5.61502462918495));
#6043=CARTESIAN_POINT('',(14.855091302231,24.5506510963793,5.49637459615297));
#6044=CARTESIAN_POINT('',(14.8470617340409,24.5743416047047,5.37529272965632));
#6045=CARTESIAN_POINT('',(14.8390321316466,24.5980322139465,5.25421034737754));
#6046=CARTESIAN_POINT('',(14.8309094102419,24.601098876494,5.12735804945899));
#6047=CARTESIAN_POINT('',(14.8228533557249,24.5832876788986,5.00527396366154));
#6048=CARTESIAN_POINT('',(14.8147972556665,24.5654763806149,4.88318918771228));
#6049=CARTESIAN_POINT('',(14.806721160689,24.5262935454992,4.76249712425213));
#6050=CARTESIAN_POINT('',(14.7986531627121,24.4689971938707,4.65323198291239));
#6051=CARTESIAN_POINT('',(14.7905851331697,24.4117006180749,4.5439664140816));
#6052=CARTESIAN_POINT('',(14.7825165276201,24.3347036324448,4.44310219163697));
#6053=CARTESIAN_POINT('',(14.7744572591262,24.2444082857518,4.35902631050881));
#6054=CARTESIAN_POINT('',(14.7663979962882,24.1541130024267,4.27495048838384));
#6055=CARTESIAN_POINT('',(14.758263648699,24.0480234050752,4.20533713981806));
#6056=CARTESIAN_POINT('',(14.7502447499851,23.9349505941903,4.15596943300242));
#6057=CARTESIAN_POINT('',(14.742225877505,23.8218781532212,4.10660188769243));
#6058=CARTESIAN_POINT('',(14.7340171523267,23.6987096152378,4.07611907785814));
#6059=CARTESIAN_POINT('',(14.7260196918837,23.5756623349391,4.06705038500596));
#6060=CARTESIAN_POINT('',(14.718022299272,23.4526160982773,4.05798176907073));
#6061=CARTESIAN_POINT('',(14.7097928887451,23.326311881943,4.07007744016728));
#6062=CARTESIAN_POINT('',(14.7017880845244,23.2072236589241,4.10233410905542));
#6063=CARTESIAN_POINT('',(14.6937832939526,23.0881356389602,4.1345907229433));
#6064=CARTESIAN_POINT('',(14.6855907327054,22.9729912861914,4.18789536839179));
#6065=CARTESIAN_POINT('',(14.6775660740994,22.8713445889049,4.25782444743271));
#6066=CARTESIAN_POINT('',(14.6695413879605,22.7696975428644,4.32775376640318));
#6067=CARTESIAN_POINT('',(14.6614070808335,22.6787485379043,4.41623516725821));
#6068=CARTESIAN_POINT('',(14.6533552306548,22.6060509811737,4.51591896815975));
#6069=CARTESIAN_POINT('',(14.6453033329635,22.5333529954665,4.6156033572795));
#6070=CARTESIAN_POINT('',(14.6372206015675,22.4768984201277,4.72924581977227));
#6071=CARTESIAN_POINT('',(14.6291538126061,22.4413799252164,4.84739898753171));
#6072=CARTESIAN_POINT('',(14.6210869884114,22.4058612751713,4.96555267134777));
#6073=CARTESIAN_POINT('',(14.6130220619799,22.3902957614923,5.09148871332131));
#6074=CARTESIAN_POINT('',(14.6049584739943,22.3959778336785,5.21473494554521));
#6075=CARTESIAN_POINT('',(14.5968948858294,22.401659905991,5.3379811805098));
#6076=CARTESIAN_POINT('',(14.5887762431625,22.4287456998883,5.46194749807305));
#6077=CARTESIAN_POINT('',(14.5807495673662,22.4749860373655,5.57633432204533));
#6078=CARTESIAN_POINT('',(14.57272291102,22.5212262627936,5.69072086883689));
#6079=CARTESIAN_POINT('',(14.5645258537318,22.5878937593152,5.79868088232483));
#6080=CARTESIAN_POINT('',(14.5565267534191,22.6694577430938,5.8912562499503));
#6081=CARTESIAN_POINT('',(14.5485277186831,22.7510210582119,5.983830858644));
#6082=CARTESIAN_POINT('',(14.5402966827462,22.8497206776019,6.06356458015715));
#6083=CARTESIAN_POINT('',(14.5322946242285,22.9573718943593,6.1238455862427));
#6084=CARTESIAN_POINT('',(14.5242925911926,23.0650227683112,6.18412640036893));
#6085=CARTESIAN_POINT('',(14.5160907505348,23.1845827425446,6.22661010212428));
#6086=CARTESIAN_POINT('',(14.5080708605364,23.3061325198802,6.24777263366302));
#6087=CARTESIAN_POINT('',(14.5000509511638,23.4276825908527,6.26893521632567));
#6088=CARTESIAN_POINT('',(14.4919048304658,23.5545694278109,6.269358096441));
#6089=CARTESIAN_POINT('',(14.4838575056345,23.6762561912979,6.24900703357344));
#6090=CARTESIAN_POINT('',(14.4758101324688,23.7979436856678,6.22865584847202));
#6091=CARTESIAN_POINT('',(14.4677194252395,23.9177920149646,6.18696722566858));
#6092=CARTESIAN_POINT('',(14.4596546068182,24.0258396616536,6.12740681948519));
#6093=CARTESIAN_POINT('',(14.4515897497855,24.1338878256347,6.06784612814864));
#6094=CARTESIAN_POINT('',(14.4435260391815,24.2331260241591,5.98876419489198));
#6095=CARTESIAN_POINT('',(14.4354593437028,24.3153020000629,5.89673723677936));
#6096=CARTESIAN_POINT('',(14.4273926424483,24.3974780348053,5.80471021277467));
#6097=CARTESIAN_POINT('',(14.4192894139369,24.4648669435996,5.6971914683081));
#6098=CARTESIAN_POINT('',(14.4112536009178,24.5118676706304,5.58311560377063));
#6099=CARTESIAN_POINT('',(14.4032177990712,24.5588683323146,5.46903989783668));
#6100=CARTESIAN_POINT('',(14.3950354153187,24.5867788281132,5.34526104754203));
#6101=CARTESIAN_POINT('',(14.3870336169079,24.5932817393774,5.22205152533826));
#6102=CARTESIAN_POINT('',(14.379031880245,24.5997846004603,5.09884295391224));
#6103=CARTESIAN_POINT('',(14.3708013461168,24.5850598786765,4.97281784670114));
#6104=CARTESIAN_POINT('',(14.3628013868758,24.5503285779591,4.85442694980723));
#6105=CARTESIAN_POINT('',(14.3548014646358,24.5155974378791,4.73603660048859));
#6106=CARTESIAN_POINT('',(14.3465914165946,24.4599056447989,4.62202893078289));
#6107=CARTESIAN_POINT('',(14.3385760695323,24.3878733912189,4.52186090038116));
#6108=CARTESIAN_POINT('',(14.3305607126544,24.3158410494283,4.42169274731358));
#6109=CARTESIAN_POINT('',(14.3224027635376,24.2254851051484,4.33260838695016));
#6110=CARTESIAN_POINT('',(14.3143601986166,24.1243079481455,4.26200340731696));
#6111=CARTESIAN_POINT('',(14.3063175858405,24.0231301891139,4.19139800756695));
#6112=CARTESIAN_POINT('',(14.2982177756507,23.9083373724411,4.1373241048812));
#6113=CARTESIAN_POINT('',(14.2901556036845,23.7894697808841,4.10427501900266));
#6114=CARTESIAN_POINT('',(14.2820933901513,23.6706015764685,4.07122576272934));
#6115=CARTESIAN_POINT('',(14.2740286417707,23.544368715027,4.05828758920253));
#6116=CARTESIAN_POINT('',(14.2659599685091,23.4212681051596,4.06653616546344));
#6117=CARTESIAN_POINT('',(14.2578912839957,23.2981673236301,4.07478475322688));
#6118=CARTESIAN_POINT('',(14.2498012083578,23.174790457772,4.10444803465944));
#6119=CARTESIAN_POINT('',(14.2417567837456,23.0613929239771,4.15306111772276));
#6120=CARTESIAN_POINT('',(14.2337123625934,22.9479954389572,4.20167417987641));
#6121=CARTESIAN_POINT('',(14.2255458032064,22.841445945015,4.27057771549233));
#6122=CARTESIAN_POINT('',(14.2175401778373,22.7505902574647,4.3540527784433));
#6123=CARTESIAN_POINT('',(14.2095346098513,22.6597352211538,4.43752724305806));
#6124=CARTESIAN_POINT('',(14.2013068980919,22.5820748891889,4.53786724144185));
#6125=CARTESIAN_POINT('',(14.1933083150472,22.524049815232,4.64675170519187));
#6126=CARTESIAN_POINT('',(14.1853097770961,22.4660250684026,4.75563555508488));
#6127=CARTESIAN_POINT('',(14.177092796073,22.4260420943997,4.87605394892423));
#6128=CARTESIAN_POINT('',(14.1690816821404,22.40741680399,4.99801894895379));
#6129=CARTESIAN_POINT('',(14.161070569195,22.3887915158756,5.11998393395306));
#6130=CARTESIAN_POINT('',(14.1529009891252,22.3910125813835,5.24685026743864));
#6131=CARTESIAN_POINT('',(14.1448633322703,22.4138947858937,5.36808696832941));
#6132=CARTESIAN_POINT('',(14.1368256294636,22.4367771212228,5.48932436233775));
#6133=CARTESIAN_POINT('',(14.1287158018129,22.4809533239426,5.60827661729916));
#6134=CARTESIAN_POINT('',(14.1206568662195,22.5427520563204,5.71505995811621));
#6135=CARTESIAN_POINT('',(14.1125978866816,22.604551125679,5.82184388120952));
#6136=CARTESIAN_POINT('',(14.10453005798,22.6856832890056,5.9194124510254));
#6137=CARTESIAN_POINT('',(14.0964604535866,22.7794020942658,5.99965299801695));
#6138=CARTESIAN_POINT('',(14.0883908325302,22.873121093046,6.07989371069719));
#6139=CARTESIAN_POINT('',(14.0803108079394,22.9820218765609,6.14502850654985));
#6140=CARTESIAN_POINT('',(14.0722592333261,23.097051259367,6.18964189832055));
#6141=CARTESIAN_POINT('',(14.0642076558185,23.2120806835221,6.2342553061282));
#6142=CARTESIAN_POINT('',(14.0560569853321,23.3364163984843,6.25958129452496));
#6143=CARTESIAN_POINT('',(14.0480463339488,23.459734293074,6.26351560722331));
#6144=CARTESIAN_POINT('',(14.0400357350932,23.583051379042,6.26744989412353));
#6145=CARTESIAN_POINT('',(14.0318133538043,23.7087432230517,6.25010245837127));
#6146=CARTESIAN_POINT('',(14.0238153461438,23.826385172987,6.21291165993999));
#6147=CARTESIAN_POINT('',(14.0158173874244,23.9440264030527,6.17572108908504));
#6148=CARTESIAN_POINT('',(14.0075949480403,24.0568483422605,6.11766615292534));
#6149=CARTESIAN_POINT('',(13.9995876740372,24.1554942221864,6.04356190977923));
#6150=CARTESIAN_POINT('',(13.9915804128378,24.2541399443763,5.96945778512676));
#6151=CARTESIAN_POINT('',(13.9833996105315,24.341321094989,5.87726646622961));
#6152=CARTESIAN_POINT('',(13.9753669236827,24.409802834771,5.7746397480359));
#6153=CARTESIAN_POINT('',(13.9673341942967,24.4782849371981,5.67201248638229));
#6154=CARTESIAN_POINT('',(13.9592136473598,24.5299545983607,5.55611939664343));
#6155=CARTESIAN_POINT('',(13.9511584517673,24.5605199057598,5.43658884098375));
#6156=CARTESIAN_POINT('',(13.9431032106004,24.5910853860901,5.31705760904876));
#6157=CARTESIAN_POINT('',(13.9350304713184,24.6013905403342,5.19058331916661));
#6158=CARTESIAN_POINT('',(13.9269608986221,24.5905790175081,5.06768155401797));
#6159=CARTESIAN_POINT('',(13.9188913039219,24.5797674652014,4.94477945374463));
#6160=CARTESIAN_POINT('',(13.910818430065,24.5475397032427,4.82204639714338));
#6161=CARTESIAN_POINT('',(13.9027610879583,24.4965749298356,4.70968712790741));
#6162=CARTESIAN_POINT('',(13.8947037375377,24.4456101038407,4.597327742734));
#6163=CARTESIAN_POINT('',(13.8865689213705,24.3745003291879,4.49223515890149));
#6164=CARTESIAN_POINT('',(13.8785519752868,24.2891507705039,4.40313887823285));
#6165=CARTESIAN_POINT('',(13.8705350760465,24.2038017105214,4.31404311815788));
#6166=CARTESIAN_POINT('',(13.8623207155396,24.1018644812651,4.23848952766291));
#6167=CARTESIAN_POINT('',(13.8543224044101,23.9917943305338,4.18274568393362));
#6168=CARTESIAN_POINT('',(13.8463241426508,23.8817248592203,4.12700218428823));
#6169=CARTESIAN_POINT('',(13.8380979173183,23.7604998401437,4.08953705606534));
#6170=CARTESIAN_POINT('',(13.8300940075434,23.6381725277936,4.07345711388179));
#6171=CARTESIAN_POINT('',(13.8220901230912,23.5158456024604,4.05737722257165));
#6172=CARTESIAN_POINT('',(13.8138987171148,23.3890546559058,4.06224119869496));
#6173=CARTESIAN_POINT('',(13.805870976344,23.2683205663355,4.08764467731689));
#6174=CARTESIAN_POINT('',(13.7978431980042,23.1475859117423,4.11304827482444));
#6175=CARTESIAN_POINT('',(13.7897114423396,23.0295815331321,4.15969275729571));
#6176=CARTESIAN_POINT('',(13.7816604039319,22.92410876616,4.22370307692439));
#6177=CARTESIAN_POINT('',(13.7736093192397,22.818635392837,4.28771376454113));
#6178=CARTESIAN_POINT('',(13.7655300523276,22.7227791951675,4.37086056380308));
#6179=CARTESIAN_POINT('',(13.7574613896655,22.6445087701311,4.46623067348893));
#6180=CARTESIAN_POINT('',(13.7493926997886,22.5662380810967,4.5616011048482));
#6181=CARTESIAN_POINT('',(13.7413242801632,22.5033860989187,4.67183595246098));
#6182=CARTESIAN_POINT('',(13.7332624728203,22.4611792301303,4.78776917110579));
#6183=CARTESIAN_POINT('',(13.7252006523553,22.4189722926425,4.90370257845326));
#6184=CARTESIAN_POINT('',(13.7170815574419,22.3962419794279,5.02854107815961));
#6185=CARTESIAN_POINT('',(13.7090569802496,22.3948778871891,5.15191335573343));
#6186=CARTESIAN_POINT('',(13.7010324430124,22.3935138017422,5.27528501902685));
#6187=CARTESIAN_POINT('',(13.6928289720565,22.4134764586858,5.40058965768087));
#6188=CARTESIAN_POINT('',(13.68482940196,22.4531104538877,5.51743132205354));
#6189=CARTESIAN_POINT('',(13.6768298790897,22.4927442151063,5.6342722966399));
#6190=CARTESIAN_POINT('',(13.6686017354431,22.5531372833376,5.74586008367787));
#6191=CARTESIAN_POINT('',(13.6606006326742,22.6292813584232,5.84294099282393));
#6192=CARTESIAN_POINT('',(13.6525995680518,22.7054250704797,5.94002143912117));
#6193=CARTESIAN_POINT('',(13.6443983852462,22.799411874793,6.02526177650434));
#6194=CARTESIAN_POINT('',(13.6363754811987,22.9034436968755,6.09159056345957));
#6195=CARTESIAN_POINT('',(13.6283525460937,23.0074759216768,6.15791960718101));
#6196=CARTESIAN_POINT('',(13.6202093041358,23.1244188311396,6.20716261038105));
#6197=CARTESIAN_POINT('',(13.6121627536012,23.2445605771646,6.23523087025562));
#6198=CARTESIAN_POINT('',(13.6041161571581,23.3647030086405,6.26329929026948));
#6199=CARTESIAN_POINT('',(13.5960289594161,23.4913633434118,6.2709669676125));
#6200=CARTESIAN_POINT('',(13.5879620000854,23.6140130925275,6.25759718951599));
#6201=CARTESIAN_POINT('',(13.579895008563,23.7366633310856,6.24422735806644));
#6202=CARTESIAN_POINT('',(13.5718285524105,23.8586985624079,6.20944931371818));
#6203=CARTESIAN_POINT('',(13.5637635008139,23.9699710774506,6.1561549228091));
#6204=CARTESIAN_POINT('',(13.555698431668,24.081243834619,6.10286041593308));
#6205=CARTESIAN_POINT('',(13.5475948271146,24.1848336875585,6.02957523245219));
#6206=CARTESIAN_POINT('',(13.539561216633,24.2721316371922,5.94238862004121));
#6207=CARTESIAN_POINT('',(13.5315276376214,24.3594292448543,5.8552023491658));
#6208=CARTESIAN_POINT('',(13.5233380995337,24.4328437443066,5.75171158049154));
#6209=CARTESIAN_POINT('',(13.5153362397837,24.4862820862072,5.64050380027871));
#6210=CARTESIAN_POINT('',(13.5073344234269,24.5397201383177,5.52929662313333));
#6211=CARTESIAN_POINT('',(13.4991064216144,24.5746513958684,5.40731702524079));
#6212=CARTESIAN_POINT('',(13.4911074881724,24.5881789867662,5.28468052139587));
#6213=CARTESIAN_POINT('',(13.4831086055175,24.6017064917743,5.16204479619794));
#6214=CARTESIAN_POINT('',(13.4748986792648,24.5942017666215,5.03538394171132));
#6215=CARTESIAN_POINT('',(13.4668804176878,24.5662879664267,4.91520480937021));
#6216=CARTESIAN_POINT('',(13.4588621330382,24.5383740859101,4.79502533121399));
#6217=CARTESIAN_POINT('',(13.4507073383978,24.4892816376209,4.67802008633023));
#6218=CARTESIAN_POINT('',(13.4426655199718,24.423087414718,4.57390361983814));
#6219=CARTESIAN_POINT('',(13.4346236572506,24.3568928272103,4.46978657986164));
#6220=CARTESIAN_POINT('',(13.4265273397206,24.271767785303,4.37568465618773));
#6221=CARTESIAN_POINT('',(13.4184627915376,24.1747876326353,4.29941824132542));
#6222=CARTESIAN_POINT('',(13.4103982065579,24.0778070374681,4.22315147847599));
#6223=CARTESIAN_POINT('',(13.4023314304787,23.9662865970404,4.16260994826737));
#6224=CARTESIAN_POINT('',(13.3942642734369,23.8494996358247,4.12282780211243));
#6225=CARTESIAN_POINT('',(13.3861970946506,23.7327123598166,4.08304554872701));
#6226=CARTESIAN_POINT('',(13.3781073565404,23.6074254755938,4.06292097311752));
#6227=CARTESIAN_POINT('',(13.3700645814797,23.484052736712,4.06412760708195));
#6228=CARTESIAN_POINT('',(13.362021829087,23.360680345547,4.06533423764556));
#6229=CARTESIAN_POINT('',(13.3538480658867,23.2358166317075,4.08790359153512));
#6230=CARTESIAN_POINT('',(13.3458428138147,23.1198262338573,4.12996345685773));
#6231=CARTESIAN_POINT('',(13.3378376007057,23.0038364005528,4.17202311746759));
#6232=CARTESIAN_POINT('',(13.3296119924108,22.8935306490073,4.23472838315003));
#6233=CARTESIAN_POINT('',(13.3216145131012,22.7980569455666,4.31287921291896));
#6234=CARTESIAN_POINT('',(13.3136170946443,22.7025839685845,4.39102944803895));
#6235=CARTESIAN_POINT('',(13.3053996630803,22.6193211547834,4.48677121352134));
#6236=CARTESIAN_POINT('',(13.2973857653746,22.555174150395,4.59216308491887));
#6237=CARTESIAN_POINT('',(13.289371853919,22.4910270359455,4.69755513714401));
#6238=CARTESIAN_POINT('',(13.2812056506728,22.4442320415816,4.81549711218047));
#6239=CARTESIAN_POINT('',(13.2731687221962,22.4186730813684,4.93619801140965));
#6240=CARTESIAN_POINT('',(13.265131752401,22.3931139897542,5.05689953117361));
#6241=CARTESIAN_POINT('',(13.2570253406931,22.3880871315573,5.18369057659002));
#6242=CARTESIAN_POINT('',(13.2489638255998,22.4040094364746,5.30603520908969));
#6243=CARTESIAN_POINT('',(13.2409022696391,22.4199318221091,5.42838046180781));
#6244=CARTESIAN_POINT('',(13.2328330989782,22.4572448959774,5.5496642516557));
#6245=CARTESIAN_POINT('',(13.2247648923427,22.5128458806555,5.65980192212303));
#6246=CARTESIAN_POINT('',(13.2166966599136,22.5684470430861,5.7699399446929));
#6247=CARTESIAN_POINT('',(13.2086176145141,22.6438756357457,5.87198159857015));
#6248=CARTESIAN_POINT('',(13.2005671601044,22.7328613512945,5.95744329914902));
#6249=CARTESIAN_POINT('',(13.192516720889,22.8218468988941,6.04290483842981));
#6250=CARTESIAN_POINT('',(13.1843588394584,22.9268466619182,6.11414850082998));
#6251=CARTESIAN_POINT('',(13.1763490224299,23.0391434696886,6.16525800821504));
#6252=CARTESIAN_POINT('',(13.168339239705,23.151439796525,6.21636729671317));
#6253=CARTESIAN_POINT('',(13.1601184644531,23.2741215620785,6.24874967751921));
#6254=CARTESIAN_POINT('',(13.1521216473542,23.3970138151234,6.25971900151121));
#6255=CARTESIAN_POINT('',(13.1441248965985,23.5199050486286,6.27068823449941));
#6256=CARTESIAN_POINT('',(13.1359014005647,23.6463812930641,6.26054602593072));
#6257=CARTESIAN_POINT('',(13.1278915044502,23.7659533361128,6.23013393207301));
#6258=CARTESIAN_POINT('',(13.1198816050371,23.885525428404,6.19972182569091));
#6259=CARTESIAN_POINT('',(13.1117043468193,24.001480843484,6.14820270913702));
#6260=CARTESIAN_POINT('',(13.1036723798779,24.1041958414992,6.07985319086595));
#6261=CARTESIAN_POINT('',(13.0956403760505,24.2069113112231,6.01150335870627));
#6262=CARTESIAN_POINT('',(13.0875231105173,24.2992179100234,5.92443722844455));
#6263=CARTESIAN_POINT('',(13.0794651642396,24.3734472408437,5.82588898487773));
#6264=CARTESIAN_POINT('',(13.0714071737354,24.4476769790766,5.72734020042236));
#6265=CARTESIAN_POINT('',(13.0633337438496,24.5058814744417,5.61458310168041));
#6266=CARTESIAN_POINT('',(13.0552654597604,24.5432216834063,5.49699288204858));
#6267=CARTESIAN_POINT('',(13.0471971459517,24.5805620299132,5.3794022292739));
#6268=CARTESIAN_POINT('',(13.0391258166455,24.5980719323387,5.25372211180837));
#6269=CARTESIAN_POINT('',(13.03106909516,24.5942951465996,5.13040225974336));
#6270=CARTESIAN_POINT('',(13.0230123822916,24.5905183648999,5.00708253957655));
#6271=CARTESIAN_POINT('',(13.0148703845383,24.5653519440711,4.88271397405364));
#6272=CARTESIAN_POINT('',(13.0068547596367,24.520884657521,4.76762558077009));
#6273=CARTESIAN_POINT('',(12.998839163812,24.4764175322774,4.65253760497302));
#6274=CARTESIAN_POINT('',(12.9906258424651,24.4114270518069,4.54356130437397));
#6275=CARTESIAN_POINT('',(12.9826288174276,24.3313036123141,4.44973647177981));
#6276=CARTESIAN_POINT('',(12.9746318604743,24.2511808549662,4.35591243797973));
#6277=CARTESIAN_POINT('',(12.9664039411005,24.1537253417197,4.27466289559787));
#6278=CARTESIAN_POINT('',(12.9583976014761,24.0470191180236,4.21272553018417));
#6279=CARTESIAN_POINT('',(12.950391269846,23.9403130008728,4.15078822661446));
#6280=CARTESIAN_POINT('',(12.9422035185058,23.8214230261936,4.10646143517415));
#6281=CARTESIAN_POINT('',(12.9341764987641,23.7002152723555,4.08342290829767));
#6282=CARTESIAN_POINT('',(12.9261494480756,23.5790070512219,4.06038429260014));
#6283=CARTESIAN_POINT('',(12.918020783576,23.4521405523662,4.05800039095153));
#6284=CARTESIAN_POINT('',(12.9099668554316,23.3301540267206,4.07646836400599));
#6285=CARTESIAN_POINT('',(12.9019128805941,23.2081667938512,4.09493644412958));
#6286=CARTESIAN_POINT('',(12.8938335378448,23.0876876102453,4.13476816357437));
#6287=CARTESIAN_POINT('',(12.8857660640403,22.9787324139278,4.19265168920228));
#6288=CARTESIAN_POINT('',(12.8776985567465,22.8697767653223,4.25053545511263));
#6289=CARTESIAN_POINT('',(12.8696321721476,22.7693282930364,4.32807422242384));
#6290=CARTESIAN_POINT('',(12.8615705159931,22.6857396766357,4.41882057938216));
#6291=CARTESIAN_POINT('',(12.8535088624405,22.6021510872122,4.50956690705332));
#6292=CARTESIAN_POINT('',(12.8453826515891,22.5331093899871,4.6160300653829));
#6293=CARTESIAN_POINT('',(12.8373599075005,22.484351007597,4.72936670663195));
#6294=CARTESIAN_POINT('',(12.8293371863106,22.4355927643735,4.8427030243946));
#6295=CARTESIAN_POINT('',(12.8211341173766,22.405773124917,4.96603425229437));
#6296=CARTESIAN_POINT('',(12.8131359374084,22.3973667914318,5.08912858171722));
#6297=CARTESIAN_POINT('',(12.8051378243613,22.3889605282827,5.21222188120457));
#6298=CARTESIAN_POINT('',(12.7969073205013,22.4017357742214,5.33845919305977));
#6299=CARTESIAN_POINT('',(12.7889040103935,22.434632972602,5.45737225717449));
#6300=CARTESIAN_POINT('',(12.780900720044,22.4675300897671,5.57628502772057));
#6301=CARTESIAN_POINT('',(12.7727032441257,22.5214535311796,5.69114053065837));
#6302=CARTESIAN_POINT('',(12.7646810717566,22.5919287516083,5.79240951914519));
#6303=CARTESIAN_POINT('',(12.7566588758874,22.6624041784875,5.89367880428998));
#6304=CARTESIAN_POINT('',(12.7485184813223,22.7513734476803,5.98414995548923));
#6305=CARTESIAN_POINT('',(12.7404689341358,22.8514471103202,6.05631003011532));
#6306=CARTESIAN_POINT('',(12.7324193388586,22.9515213708345,6.12847053585047));
#6307=CARTESIAN_POINT('',(12.7243326413112,23.0654657220095,6.18431255190656));
#6308=CARTESIAN_POINT('',(12.7162667805621,23.1838083217338,6.2191946844452));
#6309=CARTESIAN_POINT('',(12.7082008827907,23.3021514646484,6.25407697709217));
#6310=CARTESIAN_POINT('',(12.7001368787789,23.4281694738989,6.26896451292061));
#6311=CARTESIAN_POINT('',(12.6920715394263,23.5513831943839,6.26261928578182));
#6312=CARTESIAN_POINT('',(12.6840061969827,23.6745969620911,6.25627405621119));
#6313=CARTESIAN_POINT('',(12.6758955782201,23.7984162321656,6.22852138057309));
#6314=CARTESIAN_POINT('',(12.667864337163,23.9125522872902,6.18166623862146));
#6315=CARTESIAN_POINT('',(12.6598331114679,24.0266881240974,6.13481118629348));
#6316=CARTESIAN_POINT('',(12.6516432672669,24.1342882689649,6.06756338492218));
#6317=CARTESIAN_POINT('',(12.6436429099845,24.2264233221595,5.98550235876061));
#6318=CARTESIAN_POINT('',(12.6356426164347,24.3185576413869,5.90344198631447));
#6319=CARTESIAN_POINT('',(12.6274115619619,24.397759093997,5.80431459974251));
#6320=CARTESIAN_POINT('',(12.6194106735587,24.4574599176606,5.69634034521387));
#6321=CARTESIAN_POINT('',(12.6114098166903,24.5171605060177,5.58836651625809));
#6322=CARTESIAN_POINT('',(12.6032035897523,24.559000026091,5.46857988399282));
#6323=CARTESIAN_POINT('',(12.5951860799555,24.57950808215,5.34691780743023));
#6324=CARTESIAN_POINT('',(12.5871685555554,24.6000161755629,5.22525550926945));
#6325=CARTESIAN_POINT('',(12.5790163132052,24.5997561469536,5.09836870157528));
#6326=CARTESIAN_POINT('',(12.5709714233202,24.5787504613828,4.97679313533297));
#6327=CARTESIAN_POINT('',(12.5629264851773,24.557744649808,4.85521683981114));
#6328=CARTESIAN_POINT('',(12.5548312030458,24.5154117486467,4.73559495546841));
#6329=CARTESIAN_POINT('',(12.5467676726998,24.4552707241891,4.62786939008114));
#6330=CARTESIAN_POINT('',(12.5387041021535,24.3951293999017,4.52014328763384));
#6331=CARTESIAN_POINT('',(12.5306401235767,24.3155145737565,4.42133217693293));
#6332=CARTESIAN_POINT('',(12.5225722706204,24.223046806306,4.33965271233576));
#6333=CARTESIAN_POINT('',(12.5145044090497,24.1305789401231,4.25797316052539));
#6334=CARTESIAN_POINT('',(12.5064083744324,24.0226986787835,4.19116363110836));
#6335=CARTESIAN_POINT('',(12.4983679256764,23.9083718060203,4.14477760736541));
#6336=CARTESIAN_POINT('',(12.4903274839092,23.7940450326313,4.09839162394167));
#6337=CARTESIAN_POINT('',(12.4821532601895,23.6701171892698,4.07114751826193));
#6338=CARTESIAN_POINT('',(12.4741496302714,23.5468745063325,4.06530780199226));
#6339=CARTESIAN_POINT('',(12.4661460598889,23.4236327401459,4.05946812916179));
#6340=CARTESIAN_POINT('',(12.4579166819046,23.2976885213735,4.07487090080359));
#6341=CARTESIAN_POINT('',(12.4499175286728,23.179486122411,4.11023894114381));
#6342=CARTESIAN_POINT('',(12.4419184172032,23.0612843405629,4.14560679683358));
#6343=CARTESIAN_POINT('',(12.4337046160425,22.9475782493699,4.20191128416195));
#6344=CARTESIAN_POINT('',(12.4256914996127,22.8477992225061,4.27448171888342));
#6345=CARTESIAN_POINT('',(12.4176783788049,22.7480201411288,4.34705219325321));
#6346=CARTESIAN_POINT('',(12.4095143835821,22.6594236876634,4.43788596061783));
#6347=CARTESIAN_POINT('',(12.4014743409215,22.589364200786,4.53944173321757));
#6348=CARTESIAN_POINT('',(12.3934342512046,22.5193043038689,4.64099810019656));
#6349=CARTESIAN_POINT('',(12.3853293671544,22.4658491590888,4.75607990887415));
#6350=CARTESIAN_POINT('',(12.3772687987517,22.4334402529826,4.87512367357725));
#6351=CARTESIAN_POINT('',(12.3692081874713,22.4010311744789,4.9941680715271));
#6352=CARTESIAN_POINT('',(12.3611420895839,22.3887725643381,5.1204685953195));
#6353=CARTESIAN_POINT('',(12.3530728099226,22.3976834866586,5.24352294386541));
#6354=CARTESIAN_POINT('',(12.3450035162074,22.4065944244989,5.36657750673029));
#6355=CARTESIAN_POINT('',(12.3369190071798,22.4369213572704,5.48979328589494));
#6356=CARTESIAN_POINT('',(12.3288707116274,22.4861438930215,5.60292732440263));
#6357=CARTESIAN_POINT('',(12.3208224161122,22.5353664285445,5.71606136238628));
#6358=CARTESIAN_POINT('',(12.312664062508,22.604842691006,5.8222389894164));
#6359=CARTESIAN_POINT('',(12.3046559950582,22.688805439626,5.91264402973171));
#6360=CARTESIAN_POINT('',(12.2966479825646,22.772767612041,6.00304844963108));
#6361=CARTESIAN_POINT('',(12.2884226995569,22.8735243007423,6.08016780562395));
#6362=CARTESIAN_POINT('',(12.2804245186824,22.9827195817255,6.13760606388264));
#6363=CARTESIAN_POINT('',(12.2724263853669,23.0919142134077,6.19504398059988));
#6364=CARTESIAN_POINT('',(12.2642063881043,23.2125459143321,6.23437823866519));
#6365=CARTESIAN_POINT('',(12.2561973120511,23.3346095691723,6.25234684655168));
#6366=CARTESIAN_POINT('',(12.2481882429803,23.4566731175978,6.27031543877318));
#6367=CARTESIAN_POINT('',(12.2400128016379,23.5835252302325,6.26741161538312));
#6368=CARTESIAN_POINT('',(12.2319777097846,23.7046371418104,6.24387722520942));
#6369=CARTESIAN_POINT('',(12.2239425735508,23.8257497223283,6.22034270504773));
#6370=CARTESIAN_POINT('',(12.2158272829625,23.9444620993878,6.17552710308141));
#6371=CARTESIAN_POINT('',(12.2077702218734,24.0509113545414,6.11315456058794));
#6372=CARTESIAN_POINT('',(12.1997131158938,24.157361202786,6.05078167058052));
#6373=CARTESIAN_POINT('',(12.1916429656745,24.2544915603247,5.9691257232606));
#6374=CARTESIAN_POINT('',(12.1835732627519,24.3342265535641,5.87497650497489));
#6375=CARTESIAN_POINT('',(12.1755035403961,24.4139617388191,5.78082705996158));
#6376=CARTESIAN_POINT('',(12.1674275589143,24.4785096340201,5.67157709748339));
#6377=CARTESIAN_POINT('',(12.1593728374608,24.5225032652498,5.55630949554597));
#6378=CARTESIAN_POINT('',(12.1513181102194,24.5664969280921,5.44104181078048));
#6379=CARTESIAN_POINT('',(12.1431756399891,24.5911535286383,5.31657104665226));
#6380=CARTESIAN_POINT('',(12.1351618997472,24.5944241131214,5.19323393383992));
#6381=CARTESIAN_POINT('',(12.1271482092231,24.5976946773135,5.06989758622087));
#6382=CARTESIAN_POINT('',(12.1189296238751,24.5796710211655,4.94430059683348));
#6383=CARTESIAN_POINT('',(12.1109315740621,24.5418475899948,4.82686044303752));
#6384=CARTESIAN_POINT('',(12.102933573786,24.5040243930882,4.70942101662207));
#6385=CARTESIAN_POINT('',(12.0947089575259,24.4453631307896,4.59691321980594));
#6386=CARTESIAN_POINT('',(12.0867034859155,24.370728922708,4.498667464082));
#6387=CARTESIAN_POINT('',(12.0786980335109,24.2960948936801,4.40042194405777));
#6388=CARTESIAN_POINT('',(12.0705116633518,24.2034359895146,4.31373850153816));
#6389=CARTESIAN_POINT('',(12.0624815398402,24.10044207802,4.24581001654548));
#6390=CARTESIAN_POINT('',(12.0544513761632,23.997447651366,4.1778811917852));
#6391=CARTESIAN_POINT('',(12.0463250869712,23.8812785684974,4.12683618447454));
#6392=CARTESIAN_POINT('',(12.0382719921828,23.7615851841791,4.09691458527682));
#6393=CARTESIAN_POINT('',(12.0302188513276,23.6418911151685,4.066992814916));
#6394=CARTESIAN_POINT('',(12.0221429285562,23.5153634700319,4.05736848728648));
#6395=CARTESIAN_POINT('',(12.0140737216317,23.3925217050349,4.0688412483974));
#6396=CARTESIAN_POINT('',(12.0060044899898,23.2696795637508,4.08031404465151));
#6397=CARTESIAN_POINT('',(11.9979342407582,23.1471215835194,4.11320189724057));
#6398=CARTESIAN_POINT('',(11.9898744345933,23.0350383727792,4.16477051776899));
#6399=CARTESIAN_POINT('',(11.9818146175711,22.9229550110519,4.21633920776545));
#6400=CARTESIAN_POINT('',(11.9736879451799,22.8182461879489,4.28801383774898));
#6401=CARTESIAN_POINT('',(11.9656672282364,22.7296106826895,4.37384148901364));
#6402=CARTESIAN_POINT('',(11.9576465547531,22.6409756576998,4.45966867522291));
#6403=CARTESIAN_POINT('',(11.9494374500387,22.5659714912167,4.56201135670418));
#6404=CARTESIAN_POINT('',(11.9414386126641,22.5108208266255,4.67237995525671));
#6405=CARTESIAN_POINT('',(11.933439823819,22.4556704966367,4.78274788419617));
#6406=CARTESIAN_POINT('',(11.9252123621474,22.4188583224205,4.90417279066096));
#6407=CARTESIAN_POINT('',(11.9172099770402,22.4034369724357,5.02658505743388));
#6408=CARTESIAN_POINT('',(11.9092076238706,22.3880156839974,5.14899683565972));
#6409=CARTESIAN_POINT('',(11.9010110512544,22.3935619619947,5.27575941467698));
#6410=CARTESIAN_POINT('',(11.8929858279678,22.4196148964661,5.39635517595568));
#6411=CARTESIAN_POINT('',(11.884960570286,22.4456679425975,5.5169514540946));
#6412=CARTESIAN_POINT('',(11.8768229025716,22.4929466690938,5.63470266483064));
#6413=CARTESIAN_POINT('',(11.8687741465878,22.5575237343142,5.73982948561948));
#6414=CARTESIAN_POINT('',(11.8607253443681,22.6221011704958,5.84495691030638));
#6415=CARTESIAN_POINT('',(11.8526421423977,22.7057624255161,5.94036399535842));
#6416=CARTESIAN_POINT('',(11.8445742659415,22.8015523560142,6.01812004005537));
#6417=CARTESIAN_POINT('',(11.8365063596624,22.8973426405999,6.09587637217767));
#6418=CARTESIAN_POINT('',(11.8284392522376,23.0079141919273,6.15813421791242));
#6419=CARTESIAN_POINT('',(11.8203756217548,23.1240727286683,6.19971653534986));
#6420=CARTESIAN_POINT('',(11.8123119758266,23.2402314879049,6.241298932436));
#6421=CARTESIAN_POINT('',(11.8042009175917,23.3651910298918,6.26335715773344));
#6422=CARTESIAN_POINT('',(11.7961718533171,23.4885685781869,6.26405728916335));
#6423=CARTESIAN_POINT('',(11.7881428248387,23.6119455764235,6.26475741747185));
#6424=CARTESIAN_POINT('',(11.7799461601896,23.7371414845101,6.2441206464818));
#6425=CARTESIAN_POINT('',(11.7719455407307,23.8537681560961,6.20385839698073));
#6426=CARTESIAN_POINT('',(11.7639449666709,23.9703941658894,6.16359637594595));
#6427=CARTESIAN_POINT('',(11.7557166270138,24.0816553977319,6.10260359073493));
#6428=CARTESIAN_POINT('',(11.7477167294887,24.1783252225164,6.02593800328459));
#6429=CARTESIAN_POINT('',(11.7397168766971,24.2749945067454,5.94927284453069));
#6430=CARTESIAN_POINT('',(11.7315110353818,24.3597275698102,5.85482886188801));
#6431=CARTESIAN_POINT('',(11.7234905590391,24.4254955716944,5.75044142676199));
#6432=CARTESIAN_POINT('',(11.7154700555867,24.4912637958798,5.64605363879801));
#6433=CARTESIAN_POINT('',(11.707320840968,24.539876529584,5.52884781761038));
#6434=CARTESIAN_POINT('',(11.6992767098082,24.5672978200135,5.40855665896103));
#6435=CARTESIAN_POINT('',(11.6912325334102,24.5947192646535,5.28826482382405));
#6436=CARTESIAN_POINT('',(11.6831407596749,24.6017051466739,5.1615654315325));
#6437=CARTESIAN_POINT('',(11.6750749628771,24.5876755115326,5.03898940508153));
#6438=CARTESIAN_POINT('',(11.6670091314524,24.5736458161616,4.91641285240685));
#6439=CARTESIAN_POINT('',(11.6589427820058,24.5382115213034,4.79456658425138));
#6440=CARTESIAN_POINT('',(11.650876505845,24.484319139855,4.68358258691343));
#6441=CARTESIAN_POINT('',(11.6428102099457,24.4304266265297,4.57259831799279));
#6442=CARTESIAN_POINT('',(11.6347141749002,24.3565847145318,4.46940397791025));
#6443=CARTESIAN_POINT('',(11.6266756421476,24.2689297924722,4.38257672009448));
#6444=CARTESIAN_POINT('',(11.6186371361237,24.1812751618713,4.29574975098546));
#6445=CARTESIAN_POINT('',(11.6104557251811,24.0773903216393,4.22289289686166));
#6446=CARTESIAN_POINT('',(11.6024522551024,23.9658965825025,4.17005384871049));
#6447=CARTESIAN_POINT('',(11.5944488261388,23.8544034161275,4.11721507200228));
#6448=CARTESIAN_POINT('',(11.586221767452,23.7322374197828,4.0829407440225));
#6449=CARTESIAN_POINT('',(11.5782236791593,23.609529722472,4.0700733840817));
#6450=CARTESIAN_POINT('',(11.5702256474729,23.4868228936225,4.05720611520939));
#6451=CARTESIAN_POINT('',(11.5620116768284,23.3602045061005,4.06539241170342));
#6452=CARTESIAN_POINT('',(11.5539957095413,23.2401771892345,4.09395267150239));
#6453=CARTESIAN_POINT('',(11.5459797238416,23.120149596669,4.1225129969035));
#6454=CARTESIAN_POINT('',(11.5378190047235,23.0034106708607,4.17223428899281));
#6455=CARTESIAN_POINT('',(11.5297796979932,22.8996518748659,4.23898796298777));
#6456=CARTESIAN_POINT('',(11.5217403483284,22.7958925247389,4.30574199348614));
#6457=CARTESIAN_POINT('',(11.5136389246559,22.7022504035726,4.39137197232032));
#6458=CARTESIAN_POINT('',(11.505575871025,22.626506995917,4.48876118030805));
#6459=CARTESIAN_POINT('',(11.4975127784168,22.5507632221146,4.58615085907948));
#6460=CARTESIAN_POINT('',(11.4894450112104,22.490822802105,4.69799541125285));
#6461=CARTESIAN_POINT('',(11.4813771854198,22.4516697551622,4.81499469059061));
#6462=CARTESIAN_POINT('',(11.4733093357778,22.4125165924686,4.931994315821));
#6463=CARTESIAN_POINT('',(11.4652255053487,22.3930665303558,5.05738806178768));
#6464=CARTESIAN_POINT('',(11.4571785822154,22.3949370854796,5.18075224095823));
#6465=CARTESIAN_POINT('',(11.4491316777529,22.3968076362634,5.30411613389458));
#6466=CARTESIAN_POINT('',(11.4409661120871,22.420048732612,5.42885715915148));
#6467=CARTESIAN_POINT('',(11.4329586528386,22.4627322012829,5.54461943198111));
#6468=CARTESIAN_POINT('',(11.4249512301948,22.5054154748336,5.66038117562314));
#6469=CARTESIAN_POINT('',(11.4167278023202,22.5687135906425,5.77034807065511));
#6470=CARTESIAN_POINT('',(11.408730768933,22.6473772157176,5.86539986441244));
#6471=CARTESIAN_POINT('',(11.406018334814,22.6740583473631,5.8976395357975));
#6472=CARTESIAN_POINT('',(11.4033024588536,22.7026284725842,5.92840383638168));
#6473=CARTESIAN_POINT('',(11.4005719403965,22.7328085165263,5.9573925533654));
#6474=CARTESIAN_POINT('',(16.9005719403976,23.4948106553203,5.164075));
#6475=CARTESIAN_POINT('',(15.4005719403976,22.2984805484767,5.5264205194418));
#6476=CARTESIAN_POINT('',(15.3996193594915,22.303323499553,5.5424101422404));
#6477=CARTESIAN_POINT('',(15.3986669115478,22.3084881204904,5.55830585242961));
#6478=CARTESIAN_POINT('',(15.3977140368923,22.3139681748118,5.574088458592));
#6479=CARTESIAN_POINT('',(15.3897213680335,22.3599346188433,5.70647223442384));
#6480=CARTESIAN_POINT('',(15.3814858918256,22.42942578104,5.83272548552167));
#6481=CARTESIAN_POINT('',(15.3734947278096,22.5166816541292,5.94238320182557));
#6482=CARTESIAN_POINT('',(15.3655035241027,22.6039379606052,6.05204146278279));
#6483=CARTESIAN_POINT('',(15.357292270265,22.7113574499662,6.14811732704139));
#6484=CARTESIAN_POINT('',(15.3492778979209,22.8300328501302,6.22264501172649));
#6485=CARTESIAN_POINT('',(15.3412634960842,22.9487086870153,6.29717297067078));
#6486=CARTESIAN_POINT('',(15.3331164310868,23.0819090393072,6.35220386257412));
#6487=CARTESIAN_POINT('',(15.325075101988,23.2185799431563,6.38317163015585));
#6488=CARTESIAN_POINT('',(15.3170337577883,23.3552511036596,6.41413945589195));
#6489=CARTESIAN_POINT('',(15.3089525024506,23.4991667117624,6.42189797505137));
#6490=CARTESIAN_POINT('',(15.3008862910788,23.6383736783523,6.40580349625749));
#6491=CARTESIAN_POINT('',(15.2928201041306,23.7775802234402,6.38970906619578));
#6492=CARTESIAN_POINT('',(15.2847687371945,23.9159299509572,6.34931591086354));
#6493=CARTESIAN_POINT('',(15.2767016247141,24.0419276293575,6.28798025255485));
#6494=CARTESIAN_POINT('',(15.2686345504808,24.167924710388,6.22664488504568));
#6495=CARTESIAN_POINT('',(15.2605506190673,24.2850564226556,6.14267063615835));
#6496=CARTESIAN_POINT('',(15.2525146049553,24.383594349196,6.04303094059126));
#6497=CARTESIAN_POINT('',(15.2444786387707,24.4821316880499,5.94339183928161));
#6498=CARTESIAN_POINT('',(15.2362976052917,24.5647954522389,5.82533949972368));
#6499=CARTESIAN_POINT('',(15.2283019702996,24.6247279120156,5.6986654909574));
#6500=CARTESIAN_POINT('',(15.2203063155523,24.6846605198694,5.57199116921355));
#6501=CARTESIAN_POINT('',(15.2120723651005,24.7235105809937,5.43321231524015));
#6502=CARTESIAN_POINT('',(15.204082999436,24.7380576299236,5.29383231247086));
#6503=CARTESIAN_POINT('',(15.1960935954159,24.7526047486916,5.15445164056004));
#6504=CARTESIAN_POINT('',(15.18787419581,24.7432480604031,5.01063996665598));
#6505=CARTESIAN_POINT('',(15.1798643845586,24.7107638759847,4.87432033626567));
#6506=CARTESIAN_POINT('',(15.1718545400873,24.6782795568419,4.73800014050489));
#6507=CARTESIAN_POINT('',(15.1636958192338,24.6217723789801,4.60542012135832));
#6508=CARTESIAN_POINT('',(15.1556593805637,24.5459315837417,4.48758051086168));
#6509=CARTESIAN_POINT('',(15.147622923769,24.4700906174588,4.36974063460011));
#6510=CARTESIAN_POINT('',(15.1395318456359,24.3728218503103,4.2633897076172));
#6511=CARTESIAN_POINT('',(15.1314684220815,24.2622035745619,4.17735918098326));
#6512=CARTESIAN_POINT('',(15.1234050163764,24.1515855436816,4.09132884478926));
#6513=CARTESIAN_POINT('',(15.11535214774,24.0245575869066,4.02323948553706));
#6514=CARTESIAN_POINT('',(15.1072834782082,23.891674116474,3.97874829684972));
#6515=CARTESIAN_POINT('',(15.0992148440523,23.7587912286503,3.93425730322774));
#6516=CARTESIAN_POINT('',(15.0911432074471,23.6163754219937,3.91213262637476));
#6517=CARTESIAN_POINT('',(15.0830987141607,23.4762562847836,3.9142127134524));
#6518=CARTESIAN_POINT('',(15.0750542751525,23.3361380929914,3.91629278649519));
#6519=CARTESIAN_POINT('',(15.0668892769909,23.1944478705453,3.94263308559873));
#6520=CARTESIAN_POINT('',(15.0588896120045,23.0629412097594,3.99104951775722));
#6521=CARTESIAN_POINT('',(15.0508899350222,22.9314343517728,4.03946602251853));
#6522=CARTESIAN_POINT('',(15.0426596410309,22.8064930919858,4.11128949179906));
#6523=CARTESIAN_POINT('',(15.0346713877831,22.6984744918598,4.20056645579038));
#6524=CARTESIAN_POINT('',(15.0266830985267,22.5904554048196,4.28984382221438));
#6525=CARTESIAN_POINT('',(15.0184567722859,22.496391353069,4.39902781692483));
#6526=CARTESIAN_POINT('',(15.010451233789,22.4240798907003,4.51906675997797));
#6527=CARTESIAN_POINT('',(15.0024456587117,22.3517680979121,4.63910625153625));
#6528=CARTESIAN_POINT('',(14.994275510664,22.2992203721494,4.77330405065801));
#6529=CARTESIAN_POINT('',(14.9862440674694,22.270795415088,4.91052679614289));
#6530=CARTESIAN_POINT('',(14.9782126031459,22.2423703832467,5.04774990263164));
#6531=CARTESIAN_POINT('',(14.9701109194411,22.2372853322846,5.19178356035378));
#6532=CARTESIAN_POINT('',(14.9620508067971,22.25596168869,5.33066803070367));
#6533=CARTESIAN_POINT('',(14.9539907064178,22.2746380166763,5.46955228971865));
#6534=CARTESIAN_POINT('',(14.9459345581721,22.3175929847494,5.60712810084135));
#6535=CARTESIAN_POINT('',(14.937865247311,22.3812575036188,5.73196528723492));
#6536=CARTESIAN_POINT('',(14.9297959682616,22.4449217715032,5.85680198148184));
#6537=CARTESIAN_POINT('',(14.9217338494154,22.5310574287341,5.97235548438979));
#6538=CARTESIAN_POINT('',(14.9136821850326,22.6325091605052,6.06902590034744));
#6539=CARTESIAN_POINT('',(14.905630578573,22.7339601624376,6.16569562086293));
#6540=CARTESIAN_POINT('',(14.8974816681698,22.8535286689534,6.24615425140786));
#6541=CARTESIAN_POINT('',(14.8894768784683,22.981293336742,6.30372405278781));
#6542=CARTESIAN_POINT('',(14.8814720853355,23.1090580592949,6.36129387884416));
#6543=CARTESIAN_POINT('',(14.8732477275784,23.2485347021021,6.39756052257109));
#6544=CARTESIAN_POINT('',(14.8652598374776,23.3881607098561,6.40951700552755));
#6545=CARTESIAN_POINT('',(14.8572719147923,23.527787287178,6.42147353725735));
#6546=CARTESIAN_POINT('',(14.8490400438123,23.6713994460253,6.40944832543635));
#6547=CARTESIAN_POINT('',(14.8410384225129,23.8070926212347,6.37443857090117));
#6548=CARTESIAN_POINT('',(14.8330367617639,23.9427864654387,6.33942864376088));
#6549=CARTESIAN_POINT('',(14.8248555837135,24.074293135865,6.28047016856064));
#6550=CARTESIAN_POINT('',(14.8168291720511,24.1907046487637,6.20245428999447));
#6551=CARTESIAN_POINT('',(14.8088027362628,24.3071165115727,6.12443817692774));
#6552=CARTESIAN_POINT('',(14.800689836821,24.4116421765691,6.02521245492734));
#6553=CARTESIAN_POINT('',(14.7926334891304,24.4956042806793,5.91301566483316));
#6554=CARTESIAN_POINT('',(14.7845771487936,24.5795663081495,5.80081897715145));
#6555=CARTESIAN_POINT('',(14.7765161113955,24.6452852237555,5.67254897214418));
#6556=CARTESIAN_POINT('',(14.768447007415,24.6873015453722,5.53886224250344));
#6557=CARTESIAN_POINT('',(14.7603779308632,24.7293177241657,5.40517596729465));
#6558=CARTESIAN_POINT('',(14.7523227152714,24.7487943596667,5.2623726801202));
#6559=CARTESIAN_POINT('',(14.7442651242795,24.7441129617457,5.12231680128279));
#6560=CARTESIAN_POINT('',(14.7362075926299,24.7394315983021,4.98226195392351));
#6561=CARTESIAN_POINT('',(14.7280747432608,24.7104645340326,4.84108325203519));
#6562=CARTESIAN_POINT('',(14.7200636779659,24.6596147402695,4.71049871789774));
#6563=CARTESIAN_POINT('',(14.7120526183969,24.6087649828514,4.57991427709598));
#6564=CARTESIAN_POINT('',(14.7038366231747,24.534633684608,4.45632756956146));
#6565=CARTESIAN_POINT('',(14.6958482844891,24.4433664760476,4.34998541342837));
#6566=CARTESIAN_POINT('',(14.6878599177588,24.3520989470746,4.24364288395892));
#6567=CARTESIAN_POINT('',(14.6796240449215,24.2411878875967,4.15162284481633));
#6568=CARTESIAN_POINT('',(14.6716259185632,24.1198268558662,4.08155259882062));
#6569=CARTESIAN_POINT('',(14.6636277505054,23.9984651913997,4.01148198750196));
#6570=CARTESIAN_POINT('',(14.6554361072069,23.8633161931563,3.9614354694735));
#6571=CARTESIAN_POINT('',(14.6474146943531,23.7255889461349,3.93556314393646));
#6572=CARTESIAN_POINT('',(14.6393932544077,23.5878612339499,3.90969073101754));
#6573=CARTESIAN_POINT('',(14.6312687015496,23.443759371569,3.90728083368235));
#6574=CARTESIAN_POINT('',(14.62321650371,23.3052452165051,3.92853263148048));
#6575=CARTESIAN_POINT('',(14.6151643087362,23.1667311107392,3.94978442171499));
#6576=CARTESIAN_POINT('',(14.6070969418065,23.0299770733703,3.99528619079991));
#6577=CARTESIAN_POINT('',(14.599028825026,22.9063433002606,4.06125762072589));
#6578=CARTESIAN_POINT('',(14.590960730322,22.7827098654464,4.12722887013614));
#6579=CARTESIAN_POINT('',(14.5829099677268,22.6687748974481,4.21549582484626));
#6580=CARTESIAN_POINT('',(14.5748476302234,22.5740050768503,4.31872472546374));
#6581=CARTESIAN_POINT('',(14.5667853517507,22.479235950136,4.42195287026218));
#6582=CARTESIAN_POINT('',(14.5586684579046,22.4010102109084,4.54299647975861));
#6583=CARTESIAN_POINT('',(14.5506499112829,22.3458229251072,4.67180759724023));
#6584=CARTESIAN_POINT('',(14.5426313798675,22.2906357439631,4.80061847044488));
#6585=CARTESIAN_POINT('',(14.5344263173738,22.2569648527208,4.9407454292406));
#6586=CARTESIAN_POINT('',(14.5264366568287,22.2476030622187,5.08056919355629));
#6587=CARTESIAN_POINT('',(14.5184469739025,22.2382412454919,5.22039334955469));
#6588=CARTESIAN_POINT('',(14.5102088012006,22.2529308236931,5.36375683468536));
#6589=CARTESIAN_POINT('',(14.5022136813917,22.2904540684144,5.498776675491));
#6590=CARTESIAN_POINT('',(14.4942185183775,22.3279775159097,5.63379724593786));
#6591=CARTESIAN_POINT('',(14.4860171410657,22.3893669387191,5.76418533243637));
#6592=CARTESIAN_POINT('',(14.4780006257747,22.4695309873566,5.87912856614753));
#6593=CARTESIAN_POINT('',(14.4699840805104,22.5496953357237,5.994072229626));
#6594=CARTESIAN_POINT('',(14.4618476087698,22.6508436472391,6.09673654461124));
#6595=CARTESIAN_POINT('',(14.4537998764923,22.7645803057269,6.17860131140483));
#6596=CARTESIAN_POINT('',(14.4457521428253,22.8783169838514,6.26046609233244));
#6597=CARTESIAN_POINT('',(14.4376771757612,23.0077844189119,6.32379178365168));
#6598=CARTESIAN_POINT('',(14.4296107582952,23.1422284073179,6.36331882774878));
#6599=CARTESIAN_POINT('',(14.4215443564219,23.2766721358397,6.40284579543895));
#6600=CARTESIAN_POINT('',(14.4134957623037,23.4198131010547,6.41966763742301));
#6601=CARTESIAN_POINT('',(14.4054297932913,23.5597577006977,6.41238661225743));
#6602=CARTESIAN_POINT('',(14.3973638817893,23.6997013025351,6.40510563900559));
#6603=CARTESIAN_POINT('',(14.3892627595857,23.8403198784641,6.37352165966639));
#6604=CARTESIAN_POINT('',(14.3812354724058,23.96993712533,6.32025614389403));
#6605=CARTESIAN_POINT('',(14.3732082099075,24.0995539736583,6.26699079189859));
#6606=CARTESIAN_POINT('',(14.3650167914965,24.2217440982205,6.19057685625982));
#6607=CARTESIAN_POINT('',(14.3570248752425,24.3263730570737,6.09735093561078));
#6608=CARTESIAN_POINT('',(14.3490329433679,24.4310022204313,6.00412483274529));
#6609=CARTESIAN_POINT('',(14.3407943299304,24.5209467894371,5.89152464814528));
#6610=CARTESIAN_POINT('',(14.3328016627519,24.588751582802,5.768883438417));
#6611=CARTESIAN_POINT('',(14.3248089517241,24.6565567481574,5.64624155585481));
#6612=CARTESIAN_POINT('',(14.316598736923,24.7040848850943,5.51018784822612));
#6613=CARTESIAN_POINT('',(14.3085869497268,24.727395614724,5.37200363644016));
#6614=CARTESIAN_POINT('',(14.3005751298378,24.750706439475,5.23381886078164));
#6615=CARTESIAN_POINT('',(14.2924266455556,24.7504404073502,5.08969858118369));
#6616=CARTESIAN_POINT('',(14.2843836253719,24.7266204714408,4.95160246787161));
#6617=CARTESIAN_POINT('',(14.2763405996415,24.7028005191046,4.81350625932465));
#6618=CARTESIAN_POINT('',(14.2682569320648,24.6547677970596,4.67762146343397));
#6619=CARTESIAN_POINT('',(14.2601928575648,24.5865121635379,4.55523362742791));
#6620=CARTESIAN_POINT('',(14.2521287916127,24.5182566023677,4.43284592115412));
#6621=CARTESIAN_POINT('',(14.2440802492527,24.4278891133934,4.32056916658202));
#6622=CARTESIAN_POINT('',(14.2360116987581,24.3229184688174,4.22773240819664));
#6623=CARTESIAN_POINT('',(14.2279432035091,24.2179485429802,4.13489628546876));
#6624=CARTESIAN_POINT('',(14.2198569397822,24.0954714753572,4.05893051950003));
#6625=CARTESIAN_POINT('',(14.2118202662166,23.9656584847374,4.0061448114596));
#6626=CARTESIAN_POINT('',(14.2037836257725,23.8358460291151,3.95335932096459));
#6627=CARTESIAN_POINT('',(14.195608023399,23.695116380215,3.92229568662074));
#6628=CARTESIAN_POINT('',(14.1876128580564,23.5551431787266,3.91553185432203));
#6629=CARTESIAN_POINT('',(14.1796176848831,23.4151698401433,3.90876801539858));
#6630=CARTESIAN_POINT('',(14.171380644884,23.2721040095844,3.9261169617965));
#6631=CARTESIAN_POINT('',(14.1633898115334,23.1378041679392,3.9661407914694));
#6632=CARTESIAN_POINT('',(14.1553989346555,23.0035035947434,4.00616483915789));
#6633=CARTESIAN_POINT('',(14.1471809429285,22.8742788907858,4.06996411216725));
#6634=CARTESIAN_POINT('',(14.1391736464519,22.760843660723,4.1522487052034));
#6635=CARTESIAN_POINT('',(14.1311663148226,22.6474079326681,4.23453365947723));
#6636=CARTESIAN_POINT('',(14.1230058956943,22.546640392933,4.33756962346695));
#6637=CARTESIAN_POINT('',(14.1149677649757,22.4669012214079,4.4528069804223));
#6638=CARTESIAN_POINT('',(14.1069296245672,22.387161953758,4.56804447629521));
#6639=CARTESIAN_POINT('',(14.0988363266887,22.3262514336872,4.69866442185148));
#6640=CARTESIAN_POINT('',(14.0907751701127,22.2892272895821,4.83381941979671));
#6641=CARTESIAN_POINT('',(14.0827140163263,22.2522031582897,4.96897437096989));
#6642=CARTESIAN_POINT('',(14.074663579294,22.2380419727366,5.11240314555355));
#6643=CARTESIAN_POINT('',(14.0665934330883,22.2479201130922,5.25218842520875));
#6644=CARTESIAN_POINT('',(14.058523339121,22.2577981895061,5.39197280002786));
#6645=CARTESIAN_POINT('',(14.0504491633754,22.2919882542951,5.53198249732265));
#6646=CARTESIAN_POINT('',(14.0424043352416,22.3476510720243,5.66058772939585));
#6647=CARTESIAN_POINT('',(14.0343595457755,22.4033136222077,5.78919234332241));
#6648=CARTESIAN_POINT('',(14.0261999941882,22.4819842199469,5.90994416091476));
#6649=CARTESIAN_POINT('',(14.018200528031,22.5771366526762,6.01282374071841));
#6650=CARTESIAN_POINT('',(14.0102010627464,22.6722890750261,6.11570330929982));
#6651=CARTESIAN_POINT('',(14.0019677630916,22.786539975243,6.20354168502249));
#6652=CARTESIAN_POINT('',(13.9939780805875,22.9104190211852,6.26905754192224));
#6653=CARTESIAN_POINT('',(13.9859883559313,23.0342987206898,6.33457374447119));
#6654=CARTESIAN_POINT('',(13.9777638105435,23.1712104335138,6.37956717813674));
#6655=CARTESIAN_POINT('',(13.9697606998332,23.3098039004653,6.40030819024285));
#6656=CARTESIAN_POINT('',(13.9617575518803,23.4483980123637,6.42104929886759));
#6657=CARTESIAN_POINT('',(13.9535854464871,23.5924869929748,6.41810744521549));
#6658=CARTESIAN_POINT('',(13.9455523134546,23.7301174412025,6.39172752271063));
#6659=CARTESIAN_POINT('',(13.9375191665644,23.8677481268531,6.36534755469842));
#6660=CARTESIAN_POINT('',(13.9294154795348,24.0027165930738,6.31480054118417));
#6661=CARTESIAN_POINT('',(13.9213577469113,24.1238163562722,6.24428415945478));
#6662=CARTESIAN_POINT('',(13.9133000123638,24.2449161483873,6.1737677608872));
#6663=CARTESIAN_POINT('',(13.9052459034532,24.3554955528636,6.08133124454647));
#6664=CARTESIAN_POINT('',(13.8971750804066,24.4463673404649,5.97465496209912));
#6665=CARTESIAN_POINT('',(13.8891043057572,24.5372385831483,5.86797931934225));
#6666=CARTESIAN_POINT('',(13.8810394826364,24.6109178431106,5.74411148898383));
#6667=CARTESIAN_POINT('',(13.8729877922572,24.6612838869999,5.61334129049489));
#6668=CARTESIAN_POINT('',(13.8649361435331,24.7116496703222,5.48257176854093));
#6669=CARTESIAN_POINT('',(13.8567926757972,24.7400952847629,5.34128764821114));
#6670=CARTESIAN_POINT('',(13.8487877999716,24.7442588293088,5.20121339679874));
#6671=CARTESIAN_POINT('',(13.8407829344677,24.7484223684862,5.06113932599991));
#6672=CARTESIAN_POINT('',(13.8325556923144,24.7284199597188,4.91841992926275));
#6673=CARTESIAN_POINT('',(13.8245664143168,24.685909341667,4.78488649887804));
#6674=CARTESIAN_POINT('',(13.8165770966599,24.6433985125888,4.65135240562179));
#6675=CARTESIAN_POINT('',(13.8083473819239,24.577211287096,4.52333539811287));
#6676=CARTESIAN_POINT('',(13.8003480849257,24.4928345349471,4.41144737913118));
#6677=CARTESIAN_POINT('',(13.7923487490847,24.4084573730834,4.29955881684602));
#6678=CARTESIAN_POINT('',(13.7841653760489,24.3035693022075,4.20072275603827));
#6679=CARTESIAN_POINT('',(13.7761372799244,24.1868709706374,4.12313671174117));
#6680=CARTESIAN_POINT('',(13.7681091657508,24.0701723767029,4.04555049301301));
#6681=CARTESIAN_POINT('',(13.7599945016968,23.9384451699484,3.98707619525928));
#6682=CARTESIAN_POINT('',(13.7519406299803,23.8026256813309,3.95256771163476));
#6683=CARTESIAN_POINT('',(13.7438867523555,23.6668060930776,3.91805920269517));
#6684=CARTESIAN_POINT('',(13.7358273644276,23.5231394904017,3.90656356688184));
#6685=CARTESIAN_POINT('',(13.727756715917,23.3835616226325,3.9190353810617));
#6686=CARTESIAN_POINT('',(13.7196861110096,23.2439845089589,3.93150712786023));
#6687=CARTESIAN_POINT('',(13.711628066342,23.1046326190895,3.96829131163281));
#6688=CARTESIAN_POINT('',(13.7035707422655,22.9770834921536,4.0263322414999));
#6689=CARTESIAN_POINT('',(13.6955134607469,22.8495350389184,4.08437286480111));
#6690=CARTESIAN_POINT('',(13.6873860308308,22.7302630982295,4.16527317217162));
#6691=CARTESIAN_POINT('',(13.6793745806186,22.6291684390869,4.2623191830104));
#6692=CARTESIAN_POINT('',(13.671363150702,22.5280740360508,4.3593649479993));
#6693=CARTESIAN_POINT('',(13.6631444308846,22.4423717619401,4.47522764207962));
#6694=CARTESIAN_POINT('',(13.6551547485651,22.3791674811499,4.60030172293991));
#6695=CARTESIAN_POINT('',(13.6471650302333,22.3159629154761,4.72537636755254));
#6696=CARTESIAN_POINT('',(13.6389316897397,22.2735195647458,4.86309915917177));
#6697=CARTESIAN_POINT('',(13.6309357678292,22.2553554532955,5.00205400699666));
#6698=CARTESIAN_POINT('',(13.6229398060875,22.2371912513618,5.14100954701706));
#6699=CARTESIAN_POINT('',(13.6147457530853,22.2428078468008,5.28501760309823));
#6700=CARTESIAN_POINT('',(13.6067226642996,22.2717386674696,5.4221349010595));
#6701=CARTESIAN_POINT('',(13.5986995532863,22.3006695682902,5.55925257889994));
#6702=CARTESIAN_POINT('',(13.5905734951726,22.3537133169789,5.69325804261065));
#6703=CARTESIAN_POINT('',(13.5825238521615,22.426466162481,5.81302803729932));
#6704=CARTESIAN_POINT('',(13.5744741997356,22.4992190930736,5.93279817206888));
#6705=CARTESIAN_POINT('',(13.5664080965,22.5936924143485,6.04164178770351));
#6706=CARTESIAN_POINT('',(13.5583384060286,22.702037600315,6.13051738486194));
#6707=CARTESIAN_POINT('',(13.5502687532726,22.8103822799075,6.21939256664149));
#6708=CARTESIAN_POINT('',(13.5422150757375,22.9355976143237,6.29075963603986));
#6709=CARTESIAN_POINT('',(13.5341532819571,23.0672801357955,6.33868883223376));
#6710=CARTESIAN_POINT('',(13.526091530045,23.1989619733859,6.38661777951162));
#6711=CARTESIAN_POINT('',(13.517980013209,23.3407519881922,6.41243548519358));
#6712=CARTESIAN_POINT('',(13.5099607693428,23.4808788395056,6.41399735939202));
#6713=CARTESIAN_POINT('',(13.5019415559938,23.6210051575648,6.41555922764672));
#6714=CARTESIAN_POINT('',(13.4937339683555,23.7633295594119,6.39291016997969));
#6715=CARTESIAN_POINT('',(13.4857430113133,23.8960504401412,6.34792745494398));
#6716=CARTESIAN_POINT('',(13.4777520230662,24.0287718391472,6.30294456425021));
#6717=CARTESIAN_POINT('',(13.4695167578164,24.1555373428539,6.23439207526882));
#6718=CARTESIAN_POINT('',(13.4615237063733,24.265839485356,6.14795230091401));
#6719=CARTESIAN_POINT('',(13.4535306148423,24.3761421810604,6.0615120930347));
#6720=CARTESIAN_POINT('',(13.4453266375005,24.4730127964941,5.95480805453219));
#6721=CARTESIAN_POINT('',(13.4373084579489,24.5484189268555,5.83668901275362));
#6722=CARTESIAN_POINT('',(13.4292902520682,24.6238253048258,5.71856958311112));
#6723=CARTESIAN_POINT('',(13.4211525534154,24.6798432305632,5.58578068510498));
#6724=CARTESIAN_POINT('',(13.4131074377231,24.7118241679873,5.4493434875444));
#6725=CARTESIAN_POINT('',(13.4050623093944,24.7438051556434,5.31290607568391));
#6726=CARTESIAN_POINT('',(13.3969882260081,24.7526313164924,5.16905158967928));
#6727=CARTESIAN_POINT('',(13.3889202088885,24.7375701618635,5.02972914447581));
#6728=CARTESIAN_POINT('',(13.3808522223516,24.7225090643257,4.89040722739041));
#6729=CARTESIAN_POINT('',(13.3728006649375,24.6831436190055,4.75176171355003));
#6730=CARTESIAN_POINT('',(13.3647355002053,24.6227445428341,4.62531239420967));
#6731=CARTESIAN_POINT('',(13.3566703755794,24.5623457670143,4.49886370367453));
#6732=CARTESIAN_POINT('',(13.3485745688017,24.4792434901334,4.38111275973884));
#6733=CARTESIAN_POINT('',(13.340546258837,24.3803375156956,4.28183796861118));
#6734=CARTESIAN_POINT('',(13.3325179895204,24.2814320420276,4.18256368012051));
#6735=CARTESIAN_POINT('',(13.324324286145,24.1639969274978,4.09902665712388));
#6736=CARTESIAN_POINT('',(13.3163311233732,24.0377710241755,4.03815580314234));
#6737=CARTESIAN_POINT('',(13.3083379353342,23.9115447218412,3.97728475674223));
#6738=CARTESIAN_POINT('',(13.3001026017745,23.7730579532794,3.93740599663226));
#6739=CARTESIAN_POINT('',(13.2921118508012,23.6337897290959,3.92182509879152));
#6740=CARTESIAN_POINT('',(13.2841210603278,23.4945208164775,3.90624412393082));
#6741=CARTESIAN_POINT('',(13.275908081012,23.3506431995725,3.91453349245892));
#6742=CARTESIAN_POINT('',(13.267894644352,23.2140863905144,3.94600526178744));
#6743=CARTESIAN_POINT('',(13.2598811774273,23.0775290657181,3.97747714997635));
#6744=CARTESIAN_POINT('',(13.2517317618983,22.9445328792219,4.03299926420047));
#6745=CARTESIAN_POINT('',(13.2436914029713,22.8261339340549,4.1079635274566));
#6746=CARTESIAN_POINT('',(13.2356510283329,22.7077347575281,4.18292793719813));
#6747=CARTESIAN_POINT('',(13.2275678718353,22.6006646920878,4.27940522187774));
#6748=CARTESIAN_POINT('',(13.2195021749276,22.5138158514085,4.38938203198107));
#6749=CARTESIAN_POINT('',(13.2114365010266,22.4269672584577,4.49935852838531));
#6750=CARTESIAN_POINT('',(13.2033849832919,22.3579372241062,4.62587775012942));
#6751=CARTESIAN_POINT('',(13.1953174814713,22.3124612795025,4.75842742697221));
#6752=CARTESIAN_POINT('',(13.187250017372,22.2669855475316,4.8909764840499));
#6753=CARTESIAN_POINT('',(13.1791687851501,22.2438047948787,5.0332235222699));
#6754=CARTESIAN_POINT('',(13.1711309605607,22.2448450994146,5.17335449618293));
#6755=CARTESIAN_POINT('',(13.1630931854137,22.2458853975514,5.31348460812108));
#6756=CARTESIAN_POINT('',(13.154915363561,22.2711734664557,5.45536561878245));
#6757=CARTESIAN_POINT('',(13.1469190044959,22.3186127659709,5.58722807524578));
#6758=CARTESIAN_POINT('',(13.1389226271605,22.3660521738764,5.71909083299153));
#6759=CARTESIAN_POINT('',(13.130689235091,22.4369465292291,5.84456151096097));
#6760=CARTESIAN_POINT('',(13.1227001498658,22.5254195095367,5.95323962571273));
#6761=CARTESIAN_POINT('',(13.1147110266725,22.6138929103111,6.06191825695603));
#6762=CARTESIAN_POINT('',(13.1064901332312,22.7223762562722,6.15679015041413));
#6763=CARTESIAN_POINT('',(13.0984812051866,22.8418752625367,6.22999027470554));
#6764=CARTESIAN_POINT('',(13.090472243214,22.9613747750302,6.30319070909179));
#6765=CARTESIAN_POINT('',(13.0823112041765,23.0951795194319,6.35673294235187));
#6766=CARTESIAN_POINT('',(13.074275762314,23.2321874114957,6.38617525439938));
#6767=CARTESIAN_POINT('',(13.0662403017229,23.3691956228892,6.41561763506925));
#6768=CARTESIAN_POINT('',(13.05814715141,23.5131880892338,6.42177128034686));
#6769=CARTESIAN_POINT('',(13.0500843528826,23.6522071730814,6.40412594096843));
#6770=CARTESIAN_POINT('',(13.0420215710151,23.791225969679,6.38648063804989));
#6771=CARTESIAN_POINT('',(13.0339681811386,23.9291168075504,6.34454763858688));
#6772=CARTESIAN_POINT('',(13.0258993115263,24.0544229078272,6.28181116155339));
#6773=CARTESIAN_POINT('',(13.0178304766334,24.1797284689254,6.21907495446821));
#6774=CARTESIAN_POINT('',(13.0097609686772,24.2959175121797,6.13379943849509));
#6775=CARTESIAN_POINT('',(13.0017149326164,24.3933382051391,6.03306765947221));
#6776=CARTESIAN_POINT('',(12.9936689517675,24.4907582295979,5.93233657167065));
#6777=CARTESIAN_POINT('',(12.9855071821302,24.5721014186641,5.81336904168524));
#6778=CARTESIAN_POINT('',(12.9775065778338,24.6306177837534,5.6860349285392));
#6779=CARTESIAN_POINT('',(12.9695059632025,24.689134224431,5.55870065090944));
#6780=CARTESIAN_POINT('',(12.9612766734582,24.7264347501531,5.4194971621522));
#6781=CARTESIAN_POINT('',(12.9532885552616,24.7394269876455,5.27996367636411));
#6782=CARTESIAN_POINT('',(12.945300401656,24.7524192827288,5.14042957206273));
#6783=CARTESIAN_POINT('',(12.9370728460403,24.7414599834609,4.99673177881592));
#6784=CARTESIAN_POINT('',(12.9290681247368,24.7074580646885,4.86078263189178));
#6785=CARTESIAN_POINT('',(12.9210633662334,24.6734559879001,4.72483285317583));
#6786=CARTESIAN_POINT('',(12.9128909662591,24.6154746723892,4.59289181335985));
#6787=CARTESIAN_POINT('',(12.9048605326412,24.5383247866773,4.47590477566725));
#6788=CARTESIAN_POINT('',(12.8968300772916,24.4611746921857,4.35891742138936));
#6789=CARTESIAN_POINT('',(12.888726185047,24.3627268953539,4.25365800056604));
#6790=CARTESIAN_POINT('',(12.8806667941394,24.2511562861534,4.16886583267908));
#6791=CARTESIAN_POINT('',(12.8726074144654,24.139585832466,4.0840737829799));
#6792=CARTESIAN_POINT('',(12.8645504082698,24.0118068245046,4.01740483892184));
#6793=CARTESIAN_POINT('',(12.8564810730662,23.8784355792581,3.9743977674139));
#6794=CARTESIAN_POINT('',(12.8484117688645,23.7450648464162,3.93139086113666));
#6795=CARTESIAN_POINT('',(12.8403512406137,23.6024104244203,3.91085518700315));
#6796=CARTESIAN_POINT('',(12.8322982884604,23.4623235033048,3.91449723733217));
#6797=CARTESIAN_POINT('',(12.8242453946784,23.322237597598,3.91813926126209));
#6798=CARTESIAN_POINT('',(12.816099713774,23.1808486511728,3.94605778376679));
#6799=CARTESIAN_POINT('',(12.8080937581477,23.0498901953896,3.99593725797852));
#6800=CARTESIAN_POINT('',(12.8000878008892,22.9189317129067,4.0458167423596));
#6801=CARTESIAN_POINT('',(12.791864922871,22.7947986455219,4.11902879918825));
#6802=CARTESIAN_POINT('',(12.7838770098206,22.6877821299436,4.20950443727127));
#6803=CARTESIAN_POINT('',(12.7758890650069,22.5807651888233,4.29998043512282));
#6804=CARTESIAN_POINT('',(12.7676562615818,22.4879245333436,4.41020587185544));
#6805=CARTESIAN_POINT('',(12.7596553780273,22.4169557324159,4.53104359069169));
#6806=CARTESIAN_POINT('',(12.7516544545176,22.3459865770815,4.65188191297213));
#6807=CARTESIAN_POINT('',(12.7434711245237,22.2949384511781,4.78665636963219));
#6808=CARTESIAN_POINT('',(12.7354457213785,22.2680449538037,4.92418770650048));
#6809=CARTESIAN_POINT('',(12.7274202935081,22.2411513735743,5.06171946708345));
#6810=CARTESIAN_POINT('',(12.7193050838141,22.2376723233503,5.20580005045975));
#6811=CARTESIAN_POINT('',(12.7112495406917,22.2578957853305,5.34446791670731));
#6812=CARTESIAN_POINT('',(12.7031940039949,22.278119231179,5.48313567234344));
#6813=CARTESIAN_POINT('',(12.6951318058449,22.3226051361749,5.62022381185459));
#6814=CARTESIAN_POINT('',(12.6870628396567,22.3876573905963,5.74434360022843));
#6815=CARTESIAN_POINT('',(12.6789938999054,22.4527094318819,5.8684629819388));
#6816=CARTESIAN_POINT('',(12.6709397697042,22.5401283592429,5.98304952262712));
#6817=CARTESIAN_POINT('',(12.6628811330784,22.6426513088024,6.07858276275664));
#6818=CARTESIAN_POINT('',(12.6548225558548,22.7451735026398,6.17411529868694));
#6819=CARTESIAN_POINT('',(12.6466929211079,22.8656326109435,6.25323660193646));
#6820=CARTESIAN_POINT('',(12.6386804521534,22.9940308881295,6.30937828942703));
#6821=CARTESIAN_POINT('',(12.6306679908122,23.1224290433159,6.36551992357364));
#6822=CARTESIAN_POINT('',(12.6224539799268,23.2623018337957,6.40022952114421));
#6823=CARTESIAN_POINT('',(12.6144654478584,23.402052365841,6.41062860884836));
#6824=CARTESIAN_POINT('',(12.6064768887926,23.541803370176,6.42102773169643));
#6825=CARTESIAN_POINT('',(12.5982404125411,23.6852721131168,6.40740230020299));
#6826=CARTESIAN_POINT('',(12.5902429311532,23.8205666333695,6.37088196168245));
#6827=CARTESIAN_POINT('',(12.5822454076999,23.9558618652505,6.33436143107054));
#6828=CARTESIAN_POINT('',(12.5740517459583,24.0867023445026,6.27394094256263));
#6829=CARTESIAN_POINT('',(12.5660313267819,24.202237104134,6.19463204331141));
#6830=CARTESIAN_POINT('',(12.5580108799262,24.3177722624875,6.11532287035724));
#6831=CARTESIAN_POINT('',(12.549883949708,24.4211846727248,6.01493867965301));
#6832=CARTESIAN_POINT('',(12.5418326253783,24.503890976922,5.90181269359865));
#6833=CARTESIAN_POINT('',(12.5337813030464,24.5865972605965,5.78868673561536));
#6834=CARTESIAN_POINT('',(12.5257125066078,24.6508819803037,5.65969243026439));
#6835=CARTESIAN_POINT('',(12.5176446760831,24.6914054353983,5.52554551372138));
#6836=CARTESIAN_POINT('',(12.5095768664292,24.7319287856623,5.39139894420486));
#6837=CARTESIAN_POINT('',(12.5015267171844,24.7498122550044,5.24838694411101));
#6838=CARTESIAN_POINT('',(12.4934635631671,24.7435698061583,5.10839211934247));
#6839=CARTESIAN_POINT('',(12.4854004679549,24.7373274028387,4.9683983155639));
#6840=CARTESIAN_POINT('',(12.4772867580845,24.7067879259177,4.82755008537192));
#6841=CARTESIAN_POINT('',(12.4692665592159,24.654485582378,4.69754090311787));
#6842=CARTESIAN_POINT('',(12.4612463774683,24.6021833504894,4.5675319983974));
#6843=CARTESIAN_POINT('',(12.4530438324748,24.5266785093359,4.44477877920726));
#6844=CARTESIAN_POINT('',(12.445053795872,24.4342314807499,4.33946084007477));
#6845=CARTESIAN_POINT('',(12.437063738159,24.3417842079129,4.23414262268551));
#6846=CARTESIAN_POINT('',(12.4288253227858,24.2298544299497,4.14336495192198));
#6847=CARTESIAN_POINT('',(12.4208307419658,24.1077197343498,4.07465200554686));
#6848=CARTESIAN_POINT('',(12.4128361177386,23.9855843756085,4.00593868608858));
#6849=CARTESIAN_POINT('',(12.4046328887705,23.8498866061804,3.95740217764153));
#6850=CARTESIAN_POINT('',(12.3966173385936,23.7118792872223,3.93306679164223));
#6851=CARTESIAN_POINT('',(12.3886017578815,23.5738714425245,3.90873131293714));
#6852=CARTESIAN_POINT('',(12.3804628762056,23.4297525542946,3.90792798523742));
#6853=CARTESIAN_POINT('',(12.3724160724875,23.291483669024,3.93072260240892));
#6854=CARTESIAN_POINT('',(12.3643692665408,23.1532147454585,3.95351722589359));
#6855=CARTESIAN_POINT('',(12.3562926353583,23.0169769235718,4.00054051160959));
#6856=CARTESIAN_POINT('',(12.3482266388845,22.8940861244428,4.0678861303238));
#6857=CARTESIAN_POINT('',(12.3401606565504,22.7711955407428,4.13523163098032));
#6858=CARTESIAN_POINT('',(12.3321122371828,22.658251427245,4.22476346463516));
#6859=CARTESIAN_POINT('',(12.324045667629,22.56463834316,4.32904238405591));
#6860=CARTESIAN_POINT('',(12.3159791551833,22.4710259218187,4.43332056522321));
#6861=CARTESIAN_POINT('',(12.3078811706269,22.3941538396243,4.55522986439332));
#6862=CARTESIAN_POINT('',(12.2998519720401,22.3404062124517,4.68464786029559));
#6863=CARTESIAN_POINT('',(12.2918228000035,22.2866587630064,4.81406542825124));
#6864=CARTESIAN_POINT('',(12.2836344602605,22.2545519171575,4.95455997575828));
#6865=CARTESIAN_POINT('',(12.2756419732326,22.2467495858128,5.0944792617689));
#6866=CARTESIAN_POINT('',(12.2676494720685,22.2389472406682,5.23439879525446));
#6867=CARTESIAN_POINT('',(12.2594110080065,22.255234137809,5.37758943448628));
#6868=CARTESIAN_POINT('',(12.2514187607559,22.2942603168287,5.51218257640088));
#6869=CARTESIAN_POINT('',(12.2434264696401,22.3332867100427,5.64677645702701));
#6870=CARTESIAN_POINT('',(12.2352146030043,22.3961255679898,5.77647140243653));
#6871=CARTESIAN_POINT('',(12.2272037387009,22.477566135613,5.89051397687651));
#6872=CARTESIAN_POINT('',(12.2191928411867,22.5590070408673,6.00455702410703));
#6873=CARTESIAN_POINT('',(12.2110419488306,22.6612929126504,6.10608673571673));
#6874=CARTESIAN_POINT('',(12.2029998983703,22.775935311866,6.1866786576179));
#6875=CARTESIAN_POINT('',(12.1949578415322,22.8905778020002,6.26727064343346));
#6876=CARTESIAN_POINT('',(12.1868723094472,23.0207426040552,6.32914886272831));
#6877=CARTESIAN_POINT('',(12.1788087769024,23.1556190417648,6.3671747669743));
#6878=CARTESIAN_POINT('',(12.1707452516482,23.2904953575266,6.40520063683937));
#6879=CARTESIAN_POINT('',(12.1626964796127,23.4338151184027,6.42042568525024));
#6880=CARTESIAN_POINT('',(12.1546275317638,23.5736698371107,6.41158501176237));
#6881=CARTESIAN_POINT('',(12.1465586386191,23.7135236076605,6.40274439821068));
#6882=CARTESIAN_POINT('',(12.1384750291472,23.8537825057972,6.36959436319125));
#6883=CARTESIAN_POINT('',(12.1304366115345,23.9827974596714,6.31488726912959));
#6884=CARTESIAN_POINT('',(12.1223982283847,24.1118118604227,6.26018040961243));
#6885=CARTESIAN_POINT('',(12.1142258423015,24.233143448385,6.1824084047696));
#6886=CARTESIAN_POINT('',(12.1062298996567,24.336726391906,6.08802190999499));
#6887=CARTESIAN_POINT('',(12.0982339508601,24.4403094151213,5.99363534260168));
#6888=CARTESIAN_POINT('',(12.089997483143,24.5289930740166,5.88003943909111));
#6889=CARTESIAN_POINT('',(12.0820069377115,24.5954263693394,5.75664993201642));
#6890=CARTESIAN_POINT('',(12.074016348942,24.661860024974,5.63325975571864));
#6891=CARTESIAN_POINT('',(12.0657969379907,24.7078682415829,5.49668529030334));
#6892=CARTESIAN_POINT('',(12.0577905085846,24.7296370451412,5.35824963017035));
#6893=CARTESIAN_POINT('',(12.0497840435727,24.751405945509,5.21981335439153));
#6894=CARTESIAN_POINT('',(12.0416212525953,24.7495332935858,5.07570590776511));
#6895=CARTESIAN_POINT('',(12.0335841188739,24.724175321758,4.93788367188482));
#6896=CARTESIAN_POINT('',(12.0255469746282,24.6988173167251,4.80006125553263));
#6897=CARTESIAN_POINT('',(12.017451646156,24.6492729754717,4.66472099518399));
#6898=CARTESIAN_POINT('',(12.0093911386746,24.5796571377079,4.54310148232686));
#6899=CARTESIAN_POINT('',(12.0013306329636,24.5100413152349,4.42148199618309));
#6900=CARTESIAN_POINT('',(11.993279595818,24.4184277692275,4.31021966670862));
#6901=CARTESIAN_POINT('',(11.9852092421483,24.3124286978103,4.2185588781941));
#6902=CARTESIAN_POINT('',(11.9771389400161,24.2064303033051,4.12689867502713));
#6903=CARTESIAN_POINT('',(11.9690668564613,24.0831130633903,4.05230257911006));
#6904=CARTESIAN_POINT('',(11.9610205488358,23.9527200034985,4.00096751190999));
#6905=CARTESIAN_POINT('',(11.9529742806682,23.8223275830346,3.94963269644937));
#6906=CARTESIAN_POINT('',(11.9448179583738,23.6812592192364,3.92013966620941));
#6907=CARTESIAN_POINT('',(11.9368174968168,23.5412195393751,3.91493681089489));
#6908=CARTESIAN_POINT('',(11.9288170379759,23.4011799070593,3.90973395734682));
#6909=CARTESIAN_POINT('',(11.9205847638801,23.2583162351883,3.92867679207159));
#6910=CARTESIAN_POINT('',(11.9125952244974,23.1244709913976,3.97019538574836));
#6911=CARTESIAN_POINT('',(11.9046056433718,22.9906250483074,4.01171419634679));
#6912=CARTESIAN_POINT('',(11.896379943843,22.8621201535601,4.0769498584035));
#6913=CARTESIAN_POINT('',(11.8883776308676,22.7496091898846,4.16049402373922));
#6914=CARTESIAN_POINT('',(11.8803752802851,22.6370976974607,4.24403858169314));
#6915=CARTESIAN_POINT('',(11.8722008734828,22.537485689015,4.34819084118787));
#6916=CARTESIAN_POINT('',(11.8641687508528,22.4590359857583,4.46431015814686));
#6917=CARTESIAN_POINT('',(11.8561366135247,22.3805861389453,4.58042968759441));
#6918=CARTESIAN_POINT('',(11.848030764149,22.3211358433588,4.71171987458464));
#6919=CARTESIAN_POINT('',(11.8399737738998,22.2856206105973,4.84727942594189));
#6920=CARTESIAN_POINT('',(11.831916780877,22.2501053656098,4.98283902396488));
#6921=CARTESIAN_POINT('',(11.8238617354899,22.2375440339213,5.12641658250003));
#6922=CARTESIAN_POINT('',(11.8157908813518,22.2489798690268,5.26608309734224));
#6923=CARTESIAN_POINT('',(11.8077200747291,22.2604156368065,5.40574878992936));
#6924=CARTESIAN_POINT('',(11.7996568139539,22.2961646865948,5.54536939093571));
#6925=CARTESIAN_POINT('',(11.7916038959009,22.353257658854,5.67334580837086));
#6926=CARTESIAN_POINT('',(11.7835510198361,22.4103503334286,5.80132155853295));
#6927=CARTESIAN_POINT('',(11.7754107784851,22.4903629177927,5.92118982607381));
#6928=CARTESIAN_POINT('',(11.7674046778422,22.5866562365239,6.02300197688488));
#6929=CARTESIAN_POINT('',(11.7593985894895,22.6829494074351,6.124813971404));
#6930=CARTESIAN_POINT('',(11.7511728560329,22.7981727162407,6.21137338512545));
#6931=CARTESIAN_POINT('',(11.743183563741,22.922774414242,6.27550405256835));
#6932=CARTESIAN_POINT('',(11.7351942324287,23.04737672081,6.33963503323162));
#6933=CARTESIAN_POINT('',(11.7269636607607,23.1847810409639,6.38309920312543));
#6934=CARTESIAN_POINT('',(11.7189650787516,23.3235972304159,6.40229386721714));
#6935=CARTESIAN_POINT('',(11.7109664576483,23.4624140983531,6.42148862512568));
#6936=CARTESIAN_POINT('',(11.7027808876698,23.6064604388647,6.41694068762061));
#6937=CARTESIAN_POINT('',(11.6947538015226,23.7437884824953,6.38902807729529));
#6938=CARTESIAN_POINT('',(11.6867266964847,23.8811168493098,6.36111540128123));
#6939=CARTESIAN_POINT('',(11.6786097726499,24.0155127088131,6.30906720613263));
#6940=CARTESIAN_POINT('',(11.6705567227065,24.1358190633491,6.23720510433794));
#6941=CARTESIAN_POINT('',(11.6625036661195,24.2561255171354,6.1653429432585));
#6942=CARTESIAN_POINT('',(11.6544430395993,24.3656673330992,6.07167963763915));
#6943=CARTESIAN_POINT('',(11.6463725227701,24.4553443244805,5.96399691519526));
#6944=CARTESIAN_POINT('',(11.6383020484543,24.5450208434648,5.8563147599983));
#6945=CARTESIAN_POINT('',(11.6302450688587,24.6173149064686,5.73163268597462));
#6946=CARTESIAN_POINT('',(11.6221867560239,24.6662198947343,5.60030933360469));
#6947=CARTESIAN_POINT('',(11.6141284857202,24.7151246248843,5.46898667434628));
#6948=CARTESIAN_POINT('',(11.6060042634452,24.7419935933248,5.32739297672532));
#6949=CARTESIAN_POINT('',(11.5979913479382,24.7445952232779,5.1872813287702));
#6950=CARTESIAN_POINT('',(11.5899784547695,24.7471968459783,5.0471700714135));
#6951=CARTESIAN_POINT('',(11.5817617561195,24.725604537653,4.90468201516444));
#6952=CARTESIAN_POINT('',(11.5737718896519,24.6816078750488,4.77163091577323));
#6953=CARTESIAN_POINT('',(11.5657819880446,24.637611018946,4.63857923121927));
#6954=CARTESIAN_POINT('',(11.5575481195868,24.5700009385381,4.51130839343858));
#6955=CARTESIAN_POINT('',(11.5495528166211,24.4843820234161,4.40036791777217));
#6956=CARTESIAN_POINT('',(11.5415574737101,24.3987626805347,4.28942688783767));
#6957=CARTESIAN_POINT('',(11.5333613620457,24.2927799464675,4.19176683593041));
#6958=CARTESIAN_POINT('',(11.5253392690295,24.1752237691994,4.11548642746007));
#6959=CARTESIAN_POINT('',(11.5173171529533,24.0576672540097,4.0392057997175));
#6960=CARTESIAN_POINT('',(11.5091887718963,23.9252971308115,3.98220392635066));
#6961=CARTESIAN_POINT('',(11.5011400161666,23.7891011469877,3.94921158935905));
#6962=CARTESIAN_POINT('',(11.4930912503576,23.6529049926095,3.91621921105207));
#6963=CARTESIAN_POINT('',(11.4850236407957,23.5091195974422,3.90632589507983));
#6964=CARTESIAN_POINT('',(11.4769542311103,23.3696893288818,3.92035290336013));
#6965=CARTESIAN_POINT('',(11.4688848578129,23.2302596890656,3.93437984838731));
#6966=CARTESIAN_POINT('',(11.4608317809559,23.0913260984624,3.9727153977016));
#6967=CARTESIAN_POINT('',(11.4527692242859,22.9644320682141,4.03217458285225));
#6968=CARTESIAN_POINT('',(11.444706709199,22.8375386924298,4.09163346133838));
#6969=CARTESIAN_POINT('',(11.4365983655069,22.719175041346,4.17385919032672));
#6970=CARTESIAN_POINT('',(11.4285774050794,22.6191688609366,4.27202598344956));
#6971=CARTESIAN_POINT('',(11.4205564772226,22.5191630866223,4.37019237794657));
#6972=CARTESIAN_POINT('',(11.4123514520077,22.434757362359,4.48700389145785));
#6973=CARTESIAN_POINT('',(11.4043601287157,22.3729514804501,4.61277472632008));
#6974=CARTESIAN_POINT('',(11.4030992930823,22.3632000218474,4.63261829220257));
#6975=CARTESIAN_POINT('',(11.4018372190832,22.3539720291285,4.6527276857242));
#6976=CARTESIAN_POINT('',(11.4005719403988,22.345287008836,4.67306035034734));
#6977=CARTESIAN_POINT('',(11.4005719403967,24.6443343018063,4.67306035035142));
#6978=CARTESIAN_POINT('',(11.4082179172913,24.6968171779547,4.79592900042398));
#6979=CARTESIAN_POINT('',(11.4160374293904,24.7297505230857,4.92896834516645));
#6980=CARTESIAN_POINT('',(11.4236533520972,24.7406468704467,5.06213322701464));
#6981=CARTESIAN_POINT('',(11.4316413542176,24.7520755638797,5.20180394053424));
#6982=CARTESIAN_POINT('',(11.4398750495732,24.739507665528,5.345369461872));
#6983=CARTESIAN_POINT('',(11.4478751933932,24.70398529313,5.48092937550658));
#6984=CARTESIAN_POINT('',(11.4558753776607,24.6684627411366,5.61648997451071));
#6985=CARTESIAN_POINT('',(11.4640608936372,24.6090077813624,5.74777261390196));
#6986=CARTESIAN_POINT('',(11.4720852624898,24.5305524457322,5.86388850629603));
#6987=CARTESIAN_POINT('',(11.4801096566819,24.4520968623556,5.980004765361));
#6988=CARTESIAN_POINT('',(11.4882272570723,24.3524769998854,6.08415446302417));
#6989=CARTESIAN_POINT('',(11.4962819579264,24.2399636254602,6.16769198425831));
#6990=CARTESIAN_POINT('',(11.5043366532927,24.1274503276921,6.25122944857696));
#6991=CARTESIAN_POINT('',(11.5124001031605,23.9989329637201,6.31646305139563));
#6992=CARTESIAN_POINT('',(11.5204688955776,23.8650883601306,6.35797383211285));
#6993=CARTESIAN_POINT('',(11.5285376626187,23.7312441774754,6.39948448228079));
#6994=CARTESIAN_POINT('',(11.5365907790737,23.5883681207869,6.41842126272546));
#6995=CARTESIAN_POINT('',(11.5446504410822,23.4483310017355,6.41321055781694));
#6996=CARTESIAN_POINT('',(11.5527100436953,23.3082949146829,6.40799989130853));
#6997=CARTESIAN_POINT('',(11.5608363805175,23.1672262879995,6.37849933795269));
#6998=CARTESIAN_POINT('',(11.5688503428293,23.0368349896305,6.32715637704805));
#6999=CARTESIAN_POINT('',(11.5768642955775,22.9064438468649,6.2758134774139));
#7000=CARTESIAN_POINT('',(11.5850761584066,22.7831380178962,6.20121549367554));
#7001=CARTESIAN_POINT('',(11.5930649263693,22.6771416150624,6.10954702000041));
#7002=CARTESIAN_POINT('',(11.601053720206,22.5711448689269,6.01787824942903));
#7003=CARTESIAN_POINT('',(11.6092907436436,22.4795447567486,5.90662028499466));
#7004=CARTESIAN_POINT('',(11.6172875833949,22.4099336936938,5.78499526712944));
#7005=CARTESIAN_POINT('',(11.6252844655555,22.3403222614743,5.6633696042566));
#7006=CARTESIAN_POINT('',(11.6334801691265,22.2907869847358,5.52803268069501));
#7007=CARTESIAN_POINT('',(11.6414995721334,22.2654353617517,5.39020856133745));
#7008=CARTESIAN_POINT('',(11.6495190034192,22.2400836493699,5.2523839559691));
#7009=CARTESIAN_POINT('',(11.6576483860583,22.2382183919278,5.10827431130988));
#7010=CARTESIAN_POINT('',(11.6656988001876,22.2599935427856,4.96984138140789));
#7011=CARTESIAN_POINT('',(11.6737492132026,22.2817686906294,4.83140847066676));
#7012=CARTESIAN_POINT('',(11.6818195303727,22.3277869354494,4.69482752842666));
#7013=CARTESIAN_POINT('',(11.6898870374465,22.3942251700641,4.57144392619161));
#7014=CARTESIAN_POINT('',(11.6979545249373,22.4606632434078,4.44806062345555));
#7015=CARTESIAN_POINT('',(11.7060041384853,22.5493602680803,4.3344599812298));
#7016=CARTESIAN_POINT('',(11.7140680852037,22.6529465836736,4.24008101470007));
#7017=CARTESIAN_POINT('',(11.7221319733952,22.7565321474527,4.14570273315896));
#7018=CARTESIAN_POINT('',(11.7302424201175,22.8778709300732,4.06793482690399));
#7019=CARTESIAN_POINT('',(11.7382643700018,23.0068895978198,4.01323485399901));
#7020=CARTESIAN_POINT('',(11.7462863008011,23.1359079586184,3.95853501123059));
#7021=CARTESIAN_POINT('',(11.7544861440084,23.2761614610672,3.92539390950349));
#7022=CARTESIAN_POINT('',(11.7624766067394,23.4160195615275,3.91656068603846));
#7023=CARTESIAN_POINT('',(11.770467089229,23.5558780078242,3.90772744073092));
#7024=CARTESIAN_POINT('',(11.7787056745431,23.6991848708126,3.9229587547486));
#7025=CARTESIAN_POINT('',(11.786699725369,23.8340619339987,3.96099205609501));
#7026=CARTESIAN_POINT('',(11.7946938197725,23.9689397324359,3.99902556477117));
#7027=CARTESIAN_POINT('',(11.8028989122658,24.0990946340195,4.06090723684943));
#7028=CARTESIAN_POINT('',(11.8109134784841,24.2137341245997,4.14150517582211));
#7029=CARTESIAN_POINT('',(11.8189280758076,24.3283740601044,4.22210342760137));
#7030=CARTESIAN_POINT('',(11.8270694361643,24.4306551441492,4.3236388132718));
#7031=CARTESIAN_POINT('',(11.8351152760235,24.5120895237787,4.43768412465261));
#7032=CARTESIAN_POINT('',(11.8431611189705,24.5935239346611,4.55172947980159));
#7033=CARTESIAN_POINT('',(11.8512395047938,24.6563597797827,4.68143515450269));
#7034=CARTESIAN_POINT('',(11.8593050422523,24.6953784473962,4.81602762300935));
#7035=CARTESIAN_POINT('',(11.8673705671022,24.7343970540133,4.95061988111297));
#7036=CARTESIAN_POINT('',(11.8754188943913,24.7506777762541,5.09382348005501));
#7037=CARTESIAN_POINT('',(11.8834860374818,24.742867885673,5.23373955170636));
#7038=CARTESIAN_POINT('',(11.8915531239014,24.7350580499555,5.37365464046174));
#7039=CARTESIAN_POINT('',(11.899647911481,24.7029426908816,5.51415325969703));
#7040=CARTESIAN_POINT('',(11.907679114168,24.6491876975779,5.64356811184691));
#7041=CARTESIAN_POINT('',(11.9157102884209,24.5954328945912,5.77298250580943));
#7042=CARTESIAN_POINT('',(11.9238953594009,24.5185574819708,5.89488325733765));
#7043=CARTESIAN_POINT('',(11.9318884751195,24.4249367928792,5.99915904860213));
#7044=CARTESIAN_POINT('',(11.9398816034065,24.3313159565782,6.10343500383017));
#7045=CARTESIAN_POINT('',(11.9481198280878,24.2183766445532,6.19295332886599));
#7046=CARTESIAN_POINT('',(11.9561116703985,24.0954800304677,6.26029409386768));
#7047=CARTESIAN_POINT('',(11.9641035565494,23.9725827422182,6.32763522827507));
#7048=CARTESIAN_POINT('',(11.972317074517,23.8363505974316,6.37464872807501));
#7049=CARTESIAN_POINT('',(11.9803270010924,23.6980792102827,6.39743702899371));
#7050=CARTESIAN_POINT('',(11.9883369613993,23.5598072408422,6.42022542587902));
#7051=CARTESIAN_POINT('',(11.9964903233339,23.4156893047624,6.41941469963327));
#7052=CARTESIAN_POINT('',(12.0045313705423,23.2776841197817,6.39507299657229));
#7053=CARTESIAN_POINT('',(12.0125724249826,23.1396788106829,6.37073127161906));
#7054=CARTESIAN_POINT('',(12.0206599104447,23.003976726848,6.32218539496808));
#7055=CARTESIAN_POINT('',(12.0287228625705,22.8818476720566,6.25346766618995));
#7056=CARTESIAN_POINT('',(12.0367858086415,22.7597187089771,6.18474998901493));
#7057=CARTESIAN_POINT('',(12.0448348969685,22.6477842925636,6.09395877812732));
#7058=CARTESIAN_POINT('',(12.0529042122651,22.5553449317715,5.98863800806972));
#7059=CARTESIAN_POINT('',(12.060973473446,22.462906190912,5.88331794433221));
#7060=CARTESIAN_POINT('',(12.0690544758798,22.3874037087164,5.7605543040522));
#7061=CARTESIAN_POINT('',(12.077094629123,22.3351090806885,5.630542852908));
#7062=CARTESIAN_POINT('',(12.0851347466479,22.2828146849781,5.50053197933611));
#7063=CARTESIAN_POINT('',(12.0933038239409,22.2522830937862,5.3596855436872));
#7064=CARTESIAN_POINT('',(12.1013006099246,22.246048383723,5.21968784954971));
#7065=CARTESIAN_POINT('',(12.1092974002979,22.2398136702373,5.07969007856511));
#7066=CARTESIAN_POINT('',(12.1175331877038,22.2577032288166,4.93669081646265));
#7067=CARTESIAN_POINT('',(12.1255234665231,22.298234383836,4.80254322197671));
#7068=CARTESIAN_POINT('',(12.133513788441,22.338765757476,4.66839490391335));
#7069=CARTESIAN_POINT('',(12.1417346048974,22.4030528915762,4.5394124469551));
#7070=CARTESIAN_POINT('',(12.1497401567673,22.4857656624538,4.42628898605622));
#7071=CARTESIAN_POINT('',(12.1577457446921,22.5684788058477,4.31316501567934));
#7072=CARTESIAN_POINT('',(12.1659109608567,22.6718946611743,4.21278783316154));
#7073=CARTESIAN_POINT('',(12.1739470662056,22.7874326326552,4.13348471620607));
#7074=CARTESIAN_POINT('',(12.1819831829374,22.9029707677915,4.05418148692059));
#7075=CARTESIAN_POINT('',(12.1900806282595,23.0338197712978,3.99376517513745));
#7076=CARTESIAN_POINT('',(12.1981404481323,23.1691138036417,3.95725207976412));
#7077=CARTESIAN_POINT('',(12.2062002672412,23.3044078231612,3.92073898785181));
#7078=CARTESIAN_POINT('',(12.2142519941937,23.4478890571444,3.90712000141336));
#7079=CARTESIAN_POINT('',(12.2223225230182,23.5876360143718,3.91752638373308));
#7080=CARTESIAN_POINT('',(12.2303930010614,23.7273820922836,3.92793270057377));
#7081=CARTESIAN_POINT('',(12.2384630483934,23.8672618497754,3.9626517892124));
#7082=CARTESIAN_POINT('',(12.2465108224673,23.9956556760344,4.01880024465701));
#7083=CARTESIAN_POINT('',(12.2545585563751,24.1240488614838,4.07494841986647));
#7084=CARTESIAN_POINT('',(12.2627115598524,24.2445028101579,4.15407507814812));
#7085=CARTESIAN_POINT('',(12.2707130912326,24.3470219367731,4.24961563416431));
#7086=CARTESIAN_POINT('',(12.2787146179725,24.4495410039325,4.34515613477198));
#7087=CARTESIAN_POINT('',(12.2869457397262,24.5369469827624,4.45973828013926));
#7088=CARTESIAN_POINT('',(12.2949351639301,24.6019941354432,4.58386405444412));
#7089=CARTESIAN_POINT('',(12.302924629409,24.6670416241706,4.70799047000742));
#7090=CARTESIAN_POINT('',(12.3111514553209,24.7115172150398,4.84507108502361));
#7091=CARTESIAN_POINT('',(12.319152964816,24.7317342614108,4.98374199498963));
#7092=CARTESIAN_POINT('',(12.3271545122712,24.7519514036936,5.12241356282551));
#7093=CARTESIAN_POINT('',(12.3353312647508,24.7484649985191,5.26649009072609));
#7094=CARTESIAN_POINT('',(12.3433623481303,24.7215650842536,5.40401993345881));
#7095=CARTESIAN_POINT('',(12.3513934470722,24.694665117862,5.54155004269398));
#7096=CARTESIAN_POINT('',(12.3595015414939,24.6436084523512,5.67632626325909));
#7097=CARTESIAN_POINT('',(12.3675577511914,24.5726348524309,5.79715872283838));
#7098=CARTESIAN_POINT('',(12.3756139645072,24.5016612206332,5.91799123668879));
#7099=CARTESIAN_POINT('',(12.3836700381652,24.408807487253,6.02822042061485));
#7100=CARTESIAN_POINT('',(12.391740889073,24.3017885097296,6.11868839949372));
#7101=CARTESIAN_POINT('',(12.3998116934127,24.1947701496973,6.2091558563795));
#7102=CARTESIAN_POINT('',(12.4078734555975,24.0706245217441,6.28236653187851));
#7103=CARTESIAN_POINT('',(12.4159275840412,23.9396649761173,6.33223793095965));
#7104=CARTESIAN_POINT('',(12.423981670238,23.8087061174216,6.38210906844692));
#7105=CARTESIAN_POINT('',(12.4321185990784,23.6673150791665,6.41002055518762));
#7106=CARTESIAN_POINT('',(12.4401260076063,23.5272261920518,6.41365462250447));
#7107=CARTESIAN_POINT('',(12.4481334018013,23.3871375556913,6.41728868331646));
#7108=CARTESIAN_POINT('',(12.4563574803114,23.2444946295092,6.39674697925565));
#7109=CARTESIAN_POINT('',(12.4643468217862,23.1111228593475,6.35373195695085));
#7110=CARTESIAN_POINT('',(12.4723362015761,22.9777504495639,6.31071672835534));
#7111=CARTESIAN_POINT('',(12.4805675875709,22.8499846459793,6.24404619942313));
#7112=CARTESIAN_POINT('',(12.4885654539122,22.7384163089871,6.15924714231263));
#7113=CARTESIAN_POINT('',(12.4965633595794,22.6268474234075,6.07444766824078));
#7114=CARTESIAN_POINT('',(12.5047511608052,22.5284086912177,5.96918701694162));
#7115=CARTESIAN_POINT('',(12.5127772110255,22.4512642119414,5.85219622515678));
#7116=CARTESIAN_POINT('',(12.5208032810006,22.3741195427877,5.73520514541983));
#7117=CARTESIAN_POINT('',(12.5289225428232,22.3161436246729,5.60325813219612));
#7118=CARTESIAN_POINT('',(12.5369747335369,22.2821486769767,5.46730911133926));
#7119=CARTESIAN_POINT('',(12.5450269316318,22.2481536981185,5.3313599658628));
#7120=CARTESIAN_POINT('',(12.5530888896666,22.2372011352888,5.18765107319628));
#7121=CARTESIAN_POINT('',(12.5611592388697,22.2502003785752,5.04812130656841));
#7122=CARTESIAN_POINT('',(12.5692295467259,22.2631995552626,4.90859225479274));
#7123=CARTESIAN_POINT('',(12.5772855318285,22.3005102143692,4.76938021982762));
#7124=CARTESIAN_POINT('',(12.5853448122849,22.3590327782607,4.64205142392131));
#7125=CARTESIAN_POINT('',(12.5934040503008,22.4175550339691,4.51472329853571));
#7126=CARTESIAN_POINT('',(12.6015249826264,22.4989058168432,4.3957576318707));
#7127=CARTESIAN_POINT('',(12.6095394553887,22.5963331621487,4.29503058556301));
#7128=CARTESIAN_POINT('',(12.6175539037064,22.6937602102941,4.19430384647976));
#7129=CARTESIAN_POINT('',(12.6257684147789,22.8099461697683,4.10903996176385));
#7130=CARTESIAN_POINT('',(12.6337585075321,22.9352582150006,4.04630889453236));
#7131=CARTESIAN_POINT('',(12.6417486344796,23.0605707965176,3.98357755883734));
#7132=CARTESIAN_POINT('',(12.6499829726551,23.1984529156505,3.94165507183179));
#7133=CARTESIAN_POINT('',(12.6579776614051,23.3374754448752,3.9240162789895));
#7134=CARTESIAN_POINT('',(12.6659723901858,23.4764986702064,3.90637739782714));
#7135=CARTESIAN_POINT('',(12.6741705839708,23.6204841855266,3.91253821301898));
#7136=CARTESIAN_POINT('',(12.6821916585348,23.7574912304114,3.94198706721046));
#7137=CARTESIAN_POINT('',(12.6902127570099,23.8944986837209,3.97143600919041));
#7138=CARTESIAN_POINT('',(12.6983435337949,24.0283024512177,4.02498573371065));
#7139=CARTESIAN_POINT('',(12.7063913658904,24.1477967071471,4.09819075857429));
#7140=CARTESIAN_POINT('',(12.7144392087376,24.2672911227162,4.17139588123699));
#7141=CARTESIAN_POINT('',(12.7225084177072,24.3757767788095,4.2662797827405));
#7142=CARTESIAN_POINT('',(12.7305775094272,24.4642422947839,4.37496011837187));
#7143=CARTESIAN_POINT('',(12.7386465661766,24.5527074273579,4.48363998299395));
#7144=CARTESIAN_POINT('',(12.7466991187938,24.6236007904648,4.60912426668452));
#7145=CARTESIAN_POINT('',(12.7547624137508,24.6710319420934,4.74098696596701));
#7146=CARTESIAN_POINT('',(12.762825667458,24.7184628510767,4.87284899067471));
#7147=CARTESIAN_POINT('',(12.7709307599301,24.7437445211333,5.0147360077551));
#7148=CARTESIAN_POINT('',(12.7789535380111,24.7447767445623,5.15486762550785));
#7149=CARTESIAN_POINT('',(12.7869762814184,24.7458089635302,5.29499863762367));
#7150=CARTESIAN_POINT('',(12.7951785569651,24.7226220993942,5.43723671098767));
#7151=CARTESIAN_POINT('',(12.8031702961891,24.6771380718734,5.56978657250794));
#7152=CARTESIAN_POINT('',(12.811162064334,24.6316538797523,5.70233691370761));
#7153=CARTESIAN_POINT('',(12.8193975901655,24.5626227935051,5.82884235618215));
#7154=CARTESIAN_POINT('',(12.8273896326365,24.4757667291009,5.93881700951866));
#7155=CARTESIAN_POINT('',(12.8353817150639,24.3889102304568,6.04879221267706));
#7156=CARTESIAN_POINT('',(12.843589477751,24.2818410325209,6.14525867065034));
#7157=CARTESIAN_POINT('',(12.8516057025808,24.1634377861309,6.22021786909679));
#7158=CARTESIAN_POINT('',(12.8596219553675,24.0450341268053,6.29517732896609));
#7159=CARTESIAN_POINT('',(12.8677644242738,23.9120347323876,6.35069287609773));
#7160=CARTESIAN_POINT('',(12.8758076272997,23.7754775539089,6.38215795778105));
#7161=CARTESIAN_POINT('',(12.8838508442255,23.63892013944,6.41362309384049));
#7162=CARTESIAN_POINT('',(12.8919284990448,23.495033524368,6.4219054921748));
#7163=CARTESIAN_POINT('',(12.8999956458069,23.3557689436866,6.40631789187984));
#7164=CARTESIAN_POINT('',(12.9080627652162,23.2165048352007,6.39073034443675));
#7165=CARTESIAN_POINT('',(12.9161140650284,23.0780090202831,6.35084114158312));
#7166=CARTESIAN_POINT('',(12.9241803024056,22.9517888848387,6.28996458463208));
#7167=CARTESIAN_POINT('',(12.9322465005784,22.8255693628627,6.22908832355969));
#7168=CARTESIAN_POINT('',(12.9403360460478,22.708133014216,6.1455413118459));
#7169=CARTESIAN_POINT('',(12.9483683645876,22.6092328793189,6.04626092295071));
#7170=CARTESIAN_POINT('',(12.9564006385319,22.5103332935162,5.94698108526111));
#7171=CARTESIAN_POINT('',(12.9645879282033,22.4272405077436,5.82923077286985));
#7172=CARTESIAN_POINT('',(12.972582269287,22.3668472231638,5.70277574783476));
#7173=CARTESIAN_POINT('',(12.9805766329116,22.3064537682981,5.57632036624508));
#7174=CARTESIAN_POINT('',(12.9888114272592,22.2670987241343,5.43768387561417));
#7175=CARTESIAN_POINT('',(12.9968014198767,22.2520443290144,5.29835775466438));
#7176=CARTESIAN_POINT('',(13.0047914514896,22.236989860421,5.15903095372738));
#7177=CARTESIAN_POINT('',(13.0130077932015,22.2458229460183,5.01518594109446));
#7178=CARTESIAN_POINT('',(13.0210193623262,22.277810624498,4.87874900227369));
#7179=CARTESIAN_POINT('',(13.0290309632462,22.3097984299262,4.74231152197986));
#7180=CARTESIAN_POINT('',(13.0371851314864,22.3658226880788,4.60952640351524));
#7181=CARTESIAN_POINT('',(13.0452235041414,22.4412339450203,4.49141155107959));
#7182=CARTESIAN_POINT('',(13.0532618937396,22.5166453609132,4.37329644968237));
#7183=CARTESIAN_POINT('',(13.061349017301,22.6135264701205,4.26659195171881));
#7184=CARTESIAN_POINT('',(13.0694136001767,22.7238307782427,4.18015933840018));
#7185=CARTESIAN_POINT('',(13.0774781627628,22.8341348088504,4.09372694253729));
#7186=CARTESIAN_POINT('',(13.0855302213759,22.9609140451485,4.02517557966345));
#7187=CARTESIAN_POINT('',(13.0935983932103,23.0936346566374,3.98020092811534));
#7188=CARTESIAN_POINT('',(13.1016665284662,23.2263546664125,3.93522648046824));
#7189=CARTESIAN_POINT('',(13.1097426462344,23.3686886633486,3.91258349905777));
#7190=CARTESIAN_POINT('',(13.1177839740376,23.5088145676462,3.9141534462857));
#7191=CARTESIAN_POINT('',(13.1258252497042,23.6489395634274,3.91572338333476));
#7192=CARTESIAN_POINT('',(13.1339965463039,23.790724365857,3.94154759750427));
#7193=CARTESIAN_POINT('',(13.1419945037191,23.9224065001625,3.98948494663089));
#7194=CARTESIAN_POINT('',(13.1499924762787,24.0540888838141,4.037422386529));
#7195=CARTESIAN_POINT('',(13.1582244675654,24.1792907454837,4.1087904865843));
#7196=CARTESIAN_POINT('',(13.1662130712011,24.2876336729718,4.19767360167632));
#7197=CARTESIAN_POINT('',(13.174201711891,24.3959771029959,4.28655712904226));
#7198=CARTESIAN_POINT('',(13.1824254777796,24.4904381547586,4.39539810679134));
#7199=CARTESIAN_POINT('',(13.1904326530477,24.5631861265485,4.5151729638822));
#7200=CARTESIAN_POINT('',(13.19843986363,24.6359344191804,4.6349483492187));
#7201=CARTESIAN_POINT('',(13.2066055688627,24.6889704475121,4.7689542242001));
#7202=CARTESIAN_POINT('',(13.2146389790009,24.7178947528146,4.90607249912723));
#7203=CARTESIAN_POINT('',(13.2226724090908,24.7468191299531,5.04319111459939));
#7204=CARTESIAN_POINT('',(13.2307698518539,24.7524285067927,5.18720555724997));
#7205=CARTESIAN_POINT('',(13.2388313207131,24.7342578773404,5.32615702808062));
#7206=CARTESIAN_POINT('',(13.246892775214,24.716087280252,5.46510825142328));
#7207=CARTESIAN_POINT('',(13.2549474362948,24.6736334284387,5.60283958184533));
#7208=CARTESIAN_POINT('',(13.2630166005102,24.6104238034119,5.72790769132361));
#7209=CARTESIAN_POINT('',(13.2710857314264,24.547214439234,5.85297528467962));
#7210=CARTESIAN_POINT('',(13.2791512617644,24.4615001982121,5.9688414125042));
#7211=CARTESIAN_POINT('',(13.2872002660588,24.360401006107,6.06588060245821));
#7212=CARTESIAN_POINT('',(13.2952492135671,24.2593025272605,6.16291910779702));
#7213=CARTESIAN_POINT('',(13.3034044335171,24.140028062934,6.24381228937509));
#7214=CARTESIAN_POINT('',(13.3114070796203,24.0124737592448,6.30184690633062));
#7215=CARTESIAN_POINT('',(13.3194097325966,23.8849193460045,6.35988157312968));
#7216=CARTESIAN_POINT('',(13.3276366992041,23.7455757750322,6.39665572389014));
#7217=CARTESIAN_POINT('',(13.3356246383941,23.6059941992344,6.4091204688736));
#7218=CARTESIAN_POINT('',(13.3436126116428,23.466412028295,6.42158526700368));
#7219=CARTESIAN_POINT('',(13.3518424834293,23.3227568727109,6.41008294839464));
#7220=CARTESIAN_POINT('',(13.3598455940991,23.1869371728451,6.37556743447435));
#7221=CARTESIAN_POINT('',(13.3678487431602,23.0511168214461,6.34105175498159));
#7222=CARTESIAN_POINT('',(13.3760256541695,22.9193961303406,6.28257230436156));
#7223=CARTESIAN_POINT('',(13.3840540387042,22.8027014418969,6.2049807770492));
#7224=CARTESIAN_POINT('',(13.3920824461913,22.6860064198341,6.12738902791007));
#7225=CARTESIAN_POINT('',(13.4001908859997,22.5811200266436,6.02854429891999));
#7226=CARTESIAN_POINT('',(13.4082487597089,22.4967500855551,5.91665396534519));
#7227=CARTESIAN_POINT('',(13.4163066242014,22.4123802409689,5.80476375975047));
#7228=CARTESIAN_POINT('',(13.4243655634189,22.3461947513369,5.67673376542815));
#7229=CARTESIAN_POINT('',(13.4324348452835,22.3036920435816,5.54320090622348));
#7230=CARTESIAN_POINT('',(13.4405040978939,22.2611894899147,5.40966853112576));
#7231=CARTESIAN_POINT('',(13.4485617192591,22.2411931159287,5.26693728844548));
#7232=CARTESIAN_POINT('',(13.4566171305212,22.2453646051315,5.12686522080754));
#7233=CARTESIAN_POINT('',(13.4646724827633,22.2495360637708,4.98679417944219));
#7234=CARTESIAN_POINT('',(13.4728116217882,22.2779888711354,4.84551135418204));
#7235=CARTESIAN_POINT('',(13.4808200855894,22.3283629420407,4.7147424592411));
#7236=CARTESIAN_POINT('',(13.48882854731,22.3787369998591,4.58397359827321));
#7237=CARTESIAN_POINT('',(13.4970481200852,22.4524177872111,4.46011798743586));
#7238=CARTESIAN_POINT('',(13.5050361821756,22.5432972511587,4.35344423220198));
#7239=CARTESIAN_POINT('',(13.5130242742251,22.6341770559483,4.2467700768898));
#7240=CARTESIAN_POINT('',(13.5212587719355,22.744752480961,4.15434678510979));
#7241=CARTESIAN_POINT('',(13.529258214174,22.8658575923013,4.08383519119873));
#7242=CARTESIAN_POINT('',(13.5372576973117,22.9869633228227,4.01332323677897));
#7243=CARTESIAN_POINT('',(13.5454453149253,23.1219294851176,3.96278495012084));
#7244=CARTESIAN_POINT('',(13.553468679638,23.2595615598486,3.93641142105024));
#7245=CARTESIAN_POINT('',(13.5614920702858,23.3971940794701,3.91003780672818));
#7246=CARTESIAN_POINT('',(13.5696120124296,23.5412864953677,3.90710332795925));
#7247=CARTESIAN_POINT('',(13.57766587897,23.6798770190352,3.92785073190729));
#7248=CARTESIAN_POINT('',(13.5857197409216,23.8184674637409,3.94859812403452));
#7249=CARTESIAN_POINT('',(13.5937844650707,23.955386371542,3.99360178895346));
#7250=CARTESIAN_POINT('',(13.6018530576029,24.0792594501645,4.05912269052907));
#7251=CARTESIAN_POINT('',(13.6099216258341,24.2031321557054,4.12464339476845));
#7252=CARTESIAN_POINT('',(13.6179738530779,24.3173876013243,4.21249488982567));
#7253=CARTESIAN_POINT('',(13.6260344658724,24.4125326314326,4.31537813152428));
#7254=CARTESIAN_POINT('',(13.6340950193405,24.5076769612695,4.41826061599795));
#7255=CARTESIAN_POINT('',(13.6422181521052,24.5863426371904,4.53901827737784));
#7256=CARTESIAN_POINT('',(13.6502336179864,24.6419985684114,4.66762772983152));
#7257=CARTESIAN_POINT('',(13.6582490723977,24.69765441999,4.7962369982481));
#7258=CARTESIAN_POINT('',(13.6664587372505,24.731835168287,4.93624020261735));
#7259=CARTESIAN_POINT('',(13.6744477714963,24.7417059604639,5.07602900059711));
#7260=CARTESIAN_POINT('',(13.6824368304771,24.7515767832019,5.21581823137937));
#7261=CARTESIAN_POINT('',(13.6906743142796,24.7374092149441,5.35923433765209));
#7262=CARTESIAN_POINT('',(13.6986705506155,24.7003777756776,5.49438987752349));
#7263=CARTESIAN_POINT('',(13.7066668296626,24.6633461386105,5.62954613931786));
#7264=CARTESIAN_POINT('',(13.7148644877902,24.6024316896884,5.76015708067508));
#7265=CARTESIAN_POINT('',(13.7228829070911,24.5226866578171,5.87539133152291));
#7266=CARTESIAN_POINT('',(13.7309013552498,24.4429413389467,5.990625997094));
#7267=CARTESIAN_POINT('',(13.7390331326824,24.3421672360437,6.09365806241575));
#7268=CARTESIAN_POINT('',(13.7470826492116,24.2287294145672,6.1759362824026));
#7269=CARTESIAN_POINT('',(13.7551321654797,24.1152915967715,6.25821449971973));
#7270=CARTESIAN_POINT('',(13.7632040117982,23.9860554000304,6.32201116400819));
#7271=CARTESIAN_POINT('',(13.7712711761052,23.851756243286,6.36202735599411));
#7272=CARTESIAN_POINT('',(13.7793383221316,23.7174573908688,6.40204345730173));
#7273=CARTESIAN_POINT('',(13.7873875049283,23.5743787067921,6.41938629015563));
#7274=CARTESIAN_POINT('',(13.7954521786492,23.4344085076485,6.41261477932488));
#7275=CARTESIAN_POINT('',(13.8035167941542,23.2944393188965,6.40584331737509));
#7276=CARTESIAN_POINT('',(13.8116240738608,23.1537070986156,6.37477159628638));
#7277=CARTESIAN_POINT('',(13.8196477802413,23.023896658074,6.32197828058844));
#7278=CARTESIAN_POINT('',(13.8276714656314,22.8940865571223,6.26918510300021));
#7279=CARTESIAN_POINT('',(13.8358685662277,22.7716193285619,6.1932166868387));
#7280=CARTESIAN_POINT('',(13.8438594828442,22.6666516079178,6.1003722776877));
#7281=CARTESIAN_POINT('',(13.8518504178598,22.5616836455864,6.00752765476319));
#7282=CARTESIAN_POINT('',(13.8600890900004,22.471329712089,5.89525563023138));
#7283=CARTESIAN_POINT('',(13.8680826487332,22.4030788758585,5.77286209062631));
#7284=CARTESIAN_POINT('',(13.8760762511724,22.3348276664519,5.65046788180818));
#7285=CARTESIAN_POINT('',(13.884283117955,22.286804458529,5.5145878786219));
#7286=CARTESIAN_POINT('',(13.8922967345991,22.2629908316532,5.37648950520304));
#7287=CARTESIAN_POINT('',(13.9003103828948,22.2391771107199,5.23839058633294));
#7288=CARTESIAN_POINT('',(13.9084541565883,22.2389184766219,5.09426999702911));
#7289=CARTESIAN_POINT('',(13.9164990494516,22.2622355150117,4.95608816509622));
#7290=CARTESIAN_POINT('',(13.9245439462367,22.2855525647684,4.81790626580115));
#7291=CARTESIAN_POINT('',(13.9326240818955,22.3330903517129,4.6818473220611));
#7292=CARTESIAN_POINT('',(13.9406891474523,22.4008999655626,4.55921187264477));
#7293=CARTESIAN_POINT('',(13.9487542018372,22.4687094854806,4.43657659310649));
#7294=CARTESIAN_POINT('',(13.956802523162,22.5586676000026,4.3239716249718));
#7295=CARTESIAN_POINT('',(13.9648701825403,22.6632995794776,4.23075333478971));
#7296=CARTESIAN_POINT('',(13.9729377857016,22.7679308298574,4.13753569417005));
#7297=CARTESIAN_POINT('',(13.9810295707097,22.8901301844017,4.06112472435729));
#7298=CARTESIAN_POINT('',(13.9890626802478,23.0197502661242,4.00786670275559));
#7299=CARTESIAN_POINT('',(13.9970957596393,23.1493698614093,3.9546088810202));
#7300=CARTESIAN_POINT('',(14.0052776295669,23.2899851248474,3.9230331928301));
#7301=CARTESIAN_POINT('',(14.0132713987262,23.4299328388579,3.91575978783159));
#7302=CARTESIAN_POINT('',(14.0212651788874,23.5698807454789,3.90848637282265));
#7303=CARTESIAN_POINT('',(14.029503085727,23.7130087855508,3.92531435647239));
#7304=CARTESIAN_POINT('',(14.0374945602942,23.8474534573208,3.96484897701799));
#7305=CARTESIAN_POINT('',(14.0454860786361,23.9818988655348,4.00438381412135));
#7306=CARTESIAN_POINT('',(14.0537011576906,24.1113551719506,4.06771230908271));
#7307=CARTESIAN_POINT('',(14.0617101824576,24.22508917001,4.14958335834762));
#7308=CARTESIAN_POINT('',(14.0697192414505,24.338823654103,4.2314547574822));
#7309=CARTESIAN_POINT('',(14.0778750008615,24.4399658363108,4.33412340797766));
#7310=CARTESIAN_POINT('',(14.0859150655641,24.5201239480861,4.44906964919637));
#7311=CARTESIAN_POINT('',(14.0939551383301,24.6002821402531,4.56401600569648));
#7312=CARTESIAN_POINT('',(14.1020445600632,24.6616678696448,4.69441354419848));
#7313=CARTESIAN_POINT('',(14.110106924945,24.6991837689604,4.82943279832647));
#7314=CARTESIAN_POINT('',(14.1181692849233,24.7366996454588,4.96445197033584));
#7315=CARTESIAN_POINT('',(14.1262187578294,24.7513828992935,5.10782825666631));
#7316=CARTESIAN_POINT('',(14.134288391553,24.7420137098219,5.2476485654493));
#7317=CARTESIAN_POINT('',(14.1423579717652,24.7326445824794,5.38746794705355));
#7318=CARTESIAN_POINT('',(14.1504365526108,24.698964555829,5.52760088859463));
#7319=CARTESIAN_POINT('',(14.1584783406829,24.643770268353,5.6564080251158));
#7320=CARTESIAN_POINT('',(14.166520091931,24.5885762336152,5.78521457182102));
#7321=CARTESIAN_POINT('',(14.1746859457034,24.5103459808937,5.90625167559941));
#7322=CARTESIAN_POINT('',(14.1826835963963,24.4155686885084,6.00947706074958));
#7323=CARTESIAN_POINT('',(14.1906812497287,24.3207913648438,6.11270247996709));
#7324=CARTESIAN_POINT('',(14.1989162839608,24.2068610531044,6.20095617971925));
#7325=CARTESIAN_POINT('',(14.2069063322721,24.0832213389094,6.26692261750578));
#7326=CARTESIAN_POINT('',(14.2148964234049,23.9595809620861,6.33288940882944));
#7327=CARTESIAN_POINT('',(14.223118555077,23.8228337784821,6.37838103933336));
#7328=CARTESIAN_POINT('',(14.231123266474,23.6843167820945,6.39962646712512));
#7329=CARTESIAN_POINT('',(14.2391280143458,23.5457991545313,6.42087199172518));
#7330=CARTESIAN_POINT('',(14.247295577812,23.4017001232294,6.41845470623408));
#7331=CARTESIAN_POINT('',(14.2553306790309,23.2639746294787,6.39257600902426));
#7332=CARTESIAN_POINT('',(14.2633657924696,23.1262489262753,6.36669727245818));
#7333=CARTESIAN_POINT('',(14.2714653261721,22.9910971125308,6.3166418564526));
#7334=CARTESIAN_POINT('',(14.2795244573002,22.8697415091192,6.24656683020816));
#7335=CARTESIAN_POINT('',(14.2875835886069,22.7483859030177,6.17649180241052));
#7336=CARTESIAN_POINT('',(14.2956360567295,22.637470662976,6.08445842237285));
#7337=CARTESIAN_POINT('',(14.3037067195822,22.5462111395611,5.97811367150237));
#7338=CARTESIAN_POINT('',(14.3117773324252,22.4549521816343,5.87176957959543));
#7339=CARTESIAN_POINT('',(14.3198455071647,22.3808225753847,5.74817102552205));
#7340=CARTESIAN_POINT('',(14.3278946566753,22.3299807502417,5.61758496927812));
#7341=CARTESIAN_POINT('',(14.3359437654271,22.2791391825479,5.48699957428646));
#7342=CARTESIAN_POINT('',(14.3440935388668,22.2501794702064,5.34582034292874));
#7343=CARTESIAN_POINT('',(14.3520961576937,22.2455059739949,5.20576208695121));
#7344=CARTESIAN_POINT('',(14.3600987699802,22.240832481603,5.06570394544146));
#7345=CARTESIAN_POINT('',(14.3683286730626,22.2603151606025,4.92291279266408));
#7346=CARTESIAN_POINT('',(14.3763180167149,22.3023393482223,4.78922545451792));
#7347=CARTESIAN_POINT('',(14.3843074011401,22.3443637503098,4.65553743410761));
#7348=CARTESIAN_POINT('',(14.3925352640621,22.4100845568808,4.52728017676576));
#7349=CARTESIAN_POINT('',(14.4005360078923,22.494053392794,4.41508574673878));
#7350=CARTESIAN_POINT('',(14.408536790004,22.5780226304763,4.30289077989049));
#7351=CARTESIAN_POINT('',(14.4167158054689,22.6825504067236,4.2036733327383));
#7352=CARTESIAN_POINT('',(14.4247458769484,22.7989654558739,4.12566301123666));
#7353=CARTESIAN_POINT('',(14.4327759648323,22.915380742844,4.04765253037081));
#7354=CARTESIAN_POINT('',(14.4408862654132,23.0468944412824,3.9886989700961));
#7355=CARTESIAN_POINT('',(14.4489416987347,23.1825873285298,3.95369630132431));
#7356=CARTESIAN_POINT('',(14.4569971364717,23.318280290155,3.91869361336636));
#7357=CARTESIAN_POINT('',(14.4650542737409,23.4619042015514,3.90667502968971));
#7358=CARTESIAN_POINT('',(14.4731250878311,23.6015265208195,3.91863864110776));
#7359=CARTESIAN_POINT('',(14.481195856316,23.7411480511329,3.93060218492381));
#7360=CARTESIAN_POINT('',(14.4892562625358,23.880632750185,3.9668787506926));
#7361=CARTESIAN_POINT('',(14.497311519831,24.0083923935513,4.02445497641512));
#7362=CARTESIAN_POINT('',(14.5053667347048,24.1361513640965,4.08203089892377));
#7363=CARTESIAN_POINT('',(14.5135004428718,24.2557167048275,4.1624962103072));
#7364=CARTESIAN_POINT('',(14.5215091727991,24.3571640888857,4.25917359342687));
#7365=CARTESIAN_POINT('',(14.5295178863879,24.458611265983,4.35585077931688));
#7366=CARTESIAN_POINT('',(14.5377402510811,24.5447346658928,4.47140055363817));
#7367=CARTESIAN_POINT('',(14.5457296745062,24.6083939018843,4.59624372843076));
#7368=CARTESIAN_POINT('',(14.5537191355125,24.6720534373201,4.72108749046833));
#7369=CARTESIAN_POINT('',(14.561951248333,24.7149979287622,4.85865496863391));
#7370=CARTESIAN_POINT('',(14.5699484371832,24.7336677929821,4.99754274347125));
#7371=CARTESIAN_POINT('',(14.5779456655578,24.7523377494736,5.13643120473069));
#7372=CARTESIAN_POINT('',(14.5861356115096,24.7472454373153,5.2804590329263));
#7373=CARTESIAN_POINT('',(14.5941606558723,24.7188139893191,5.41768067493623));
#7374=CARTESIAN_POINT('',(14.6021857208292,24.6903824683609,5.55490266908997));
#7375=CARTESIAN_POINT('',(14.610307272287,24.6378268079398,5.68910059889659));
#7376=CARTESIAN_POINT('',(14.6183586128797,24.5655104941171,5.80913457492356));
#7377=CARTESIAN_POINT('',(14.6264099615556,24.4931941076927,5.92916867145811));
#7378=CARTESIAN_POINT('',(14.6344732713362,24.3991175541298,6.03835560349802));
#7379=CARTESIAN_POINT('',(14.6425434265048,24.2910966530848,6.12762500376947));
#7380=CARTESIAN_POINT('',(14.6506135415093,24.1830762896451,6.21689395975929));
#7381=CARTESIAN_POINT('',(14.6586686545722,24.0581217218625,6.28871634196476));
#7382=CARTESIAN_POINT('',(14.6667288302586,23.9266145208436,6.33712462457653));
#7383=CARTESIAN_POINT('',(14.6747889636491,23.795108009912,6.38553265316463));
#7384=CARTESIAN_POINT('',(14.6829067004687,23.6534133419477,6.41186632723054));
#7385=CARTESIAN_POINT('',(14.6909227395342,23.5132929821766,6.41393835396873));
#7386=CARTESIAN_POINT('',(14.6989387520998,23.373173085624,6.4160103738571));
#7387=CARTESIAN_POINT('',(14.7071510250972,23.2307674239312,6.39387964359394));
#7388=CARTESIAN_POINT('',(14.7151413746646,23.0978836104503,6.34938041256285));
#7389=CARTESIAN_POINT('',(14.7231317574592,22.9649992443847,6.30488099648595));
#7390=CARTESIAN_POINT('',(14.731366480672,22.8379849404996,6.23679042055929));
#7391=CARTESIAN_POINT('',(14.7393605933555,22.7273688470677,6.15075279489862));
#7392=CARTESIAN_POINT('',(14.7473547461209,22.6167521990156,6.06471473785216));
#7393=CARTESIAN_POINT('',(14.7555549326512,22.5194935929112,5.95836386591657));
#7394=CARTESIAN_POINT('',(14.7635750211608,22.4436579890642,5.84052017310909));
#7395=CARTESIAN_POINT('',(14.7715951344056,22.3678221513279,5.7226761168527));
#7396=CARTESIAN_POINT('',(14.779728250056,22.3113210791978,5.59009177003425));
#7397=CARTESIAN_POINT('',(14.7877751721774,22.2788436910586,5.45377198276693));
#7398=CARTESIAN_POINT('',(14.7958221056957,22.246366256921,5.31745200242691));
#7399=CARTESIAN_POINT('',(14.8038929201194,22.2370164499412,5.1736304187868));
#7400=CARTESIAN_POINT('',(14.8119616742807,22.251570317405,5.03425411500726));
#7401=CARTESIAN_POINT('',(14.8200303949043,22.2661241243758,4.89487839054389));
#7402=CARTESIAN_POINT('',(14.8280825264127,22.3049845378132,4.75609057307805));
#7403=CARTESIAN_POINT('',(14.8361464960792,22.3649228818833,4.62942219729748));
#7404=CARTESIAN_POINT('',(14.8442104248556,22.424860922022,4.50275446381851));
#7405=CARTESIAN_POINT('',(14.8523123627066,22.5075337005095,4.38470209143659));
#7406=CARTESIAN_POINT('',(14.8603369626702,22.6060776888825,4.28506776773922));
#7407=CARTESIAN_POINT('',(14.8683615259232,22.7046212264397,4.18543389984579));
#7408=CARTESIAN_POINT('',(14.87656101058,22.8217511736307,4.10147009263384));
#7409=CARTESIAN_POINT('',(14.8845531936499,22.9477546734457,4.04014005851309));
#7410=CARTESIAN_POINT('',(14.8925454044464,23.0737586103934,3.97880981162548));
#7411=CARTESIAN_POINT('',(14.9007809423181,23.2120993121265,3.93842713139888));
#7412=CARTESIAN_POINT('',(14.9087725232731,23.3513098839853,3.92233930806461));
#7413=CARTESIAN_POINT('',(14.9167641440661,23.490521149807,3.90625140453274));
#7414=CARTESIAN_POINT('',(14.9249737140402,23.6344282372155,3.91401694158405));
#7415=CARTESIAN_POINT('',(14.9329889863199,23.7710986598624,3.94499135293302));
#7416=CARTESIAN_POINT('',(14.9410042873472,23.907769572692,3.97596587537492));
#7417=CARTESIAN_POINT('',(14.9491491101867,24.0409672675833,4.03100356286642));
#7418=CARTESIAN_POINT('',(14.9571913572732,24.1596382564295,4.10553626154811));
#7419=CARTESIAN_POINT('',(14.9652336188761,24.2783094594788,4.1800690947625));
#7420=CARTESIAN_POINT('',(14.9733130983444,24.3857301943384,4.27615609643354));
#7421=CARTESIAN_POINT('',(14.9813797777687,24.4729787823058,4.3858159715592));
#7422=CARTESIAN_POINT('',(14.989446431368,24.5602270909524,4.4954754956157));
#7423=CARTESIAN_POINT('',(14.9974977275601,24.6297172491848,4.62174253650731));
#7424=CARTESIAN_POINT('',(15.005564432162,24.6756754381635,4.75412577797291));
#7425=CARTESIAN_POINT('',(15.0136310980384,24.7216334065124,4.88650838391086));
#7426=CARTESIAN_POINT('',(15.0217177118041,24.7453318342461,5.02866971060867));
#7427=CARTESIAN_POINT('',(15.0297519492252,24.7448017111099,5.16880368331536));
#7428=CARTESIAN_POINT('',(15.0377861402818,24.7442715910331,5.30893684733009));
#7429=CARTESIAN_POINT('',(15.0459702293028,24.7195002850988,5.45090861702396));
#7430=CARTESIAN_POINT('',(15.0539652132219,24.672541361585,5.58294297862945));
#7431=CARTESIAN_POINT('',(15.0619602182745,24.6255823139421,5.71497768924889));
#7432=CARTESIAN_POINT('',(15.0701946208751,24.5551452273599,5.84070562136003));
#7433=CARTESIAN_POINT('',(15.0781842795226,24.4670684953029,5.94970512454488));
#7434=CARTESIAN_POINT('',(15.0861739768572,24.3789913367658,6.05870515552086));
#7435=CARTESIAN_POINT('',(15.0943919071718,24.2708539281845,6.15397150761135));
#7436=CARTESIAN_POINT('',(15.1024025708908,24.1516222440249,6.22760616406778));
#7437=CARTESIAN_POINT('',(15.110413267141,24.0323900756658,6.30124111955425));
#7438=CARTESIAN_POINT('',(15.118569770308,23.8987808723134,6.35527021998968));
#7439=CARTESIAN_POINT('',(15.1266071549421,23.7618811546593,6.38521108921481));
#7440=CARTESIAN_POINT('',(15.1346445571248,23.6249811381017,6.41515202381207));
#7441=CARTESIAN_POINT('',(15.1427336899427,23.4810117932209,6.4218298398825));
#7442=CARTESIAN_POINT('',(15.1507976894941,23.3419294576669,6.40469070980061));
#7443=CARTESIAN_POINT('',(15.1588616700255,23.2028474501558,6.38755162014346));
#7444=CARTESIAN_POINT('',(15.166914108631,23.0648048521583,6.34612089185005));
#7445=CARTESIAN_POINT('',(15.1749825531532,22.9392712016407,6.28384100922042));
#7446=CARTESIAN_POINT('',(15.1830509616997,22.8137381108534,6.22156140428467));
#7447=CARTESIAN_POINT('',(15.1911247309394,22.697239618461,6.13670964724514));
#7448=CARTESIAN_POINT('',(15.1991677049913,22.5994527593558,6.03633312586296));
#7449=CARTESIAN_POINT('',(15.2072106257562,22.5016665481152,5.93595726950268));
#7450=CARTESIAN_POINT('',(15.2153786985453,22.4198910002169,5.8172869857435));
#7451=CARTESIAN_POINT('',(15.2233775095044,22.3609113948425,5.69016669076116));
#7452=CARTESIAN_POINT('',(15.231376334012,22.3019316895677,5.56304618046096));
#7453=CARTESIAN_POINT('',(15.2396074994413,22.2641246443255,5.42397947978681));
#7454=CARTESIAN_POINT('',(15.2475959095024,22.2506244894885,5.28449420425258));
#7455=CARTESIAN_POINT('',(15.2555843561028,22.2371242729013,5.14500829070731));
#7456=CARTESIAN_POINT('',(15.2638094589611,22.2475603743123,5.00127135630404));
#7457=CARTESIAN_POINT('',(15.2718157895406,22.2810671266173,4.8651993627669));
#7458=CARTESIAN_POINT('',(15.2798221560916,22.3145740294643,4.72912675787337));
#7459=CARTESIAN_POINT('',(15.2879901432696,22.372074744868,4.59697525205917));
#7460=CARTESIAN_POINT('',(15.2960225471845,22.4487981885697,4.4797081982027));
#7461=CARTESIAN_POINT('',(15.3040549716539,22.5255218286036,4.36244084426444));
#7462=CARTESIAN_POINT('',(15.3121545736252,22.6235859544462,4.25682353902536));
#7463=CARTESIAN_POINT('',(15.3202153570146,22.734847092423,4.17162581587595));
#7464=CARTESIAN_POINT('',(15.3282761271316,22.8461080472038,4.0864282330081));
#7465=CARTESIAN_POINT('',(15.336331518166,22.9736435564129,4.01929452046404));
#7466=CARTESIAN_POINT('',(15.3444007740178,23.1068573333576,3.97580221146276));
#7467=CARTESIAN_POINT('',(15.3524699973169,23.2400705728955,3.93231007791673));
#7468=CARTESIAN_POINT('',(15.3605337299671,23.3826490483354,3.91125521632638));
#7469=CARTESIAN_POINT('',(15.3685841205044,23.5227483946441,3.91438724591041));
#7470=CARTESIAN_POINT('',(15.3766344536288,23.6628467418066,3.91751925315775));
#7471=CARTESIAN_POINT('',(15.3847864425578,23.8043360007611,3.94492276784148));
#7472=CARTESIAN_POINT('',(15.3927901643891,23.9354752724972,3.99432515701291));
#7473=CARTESIAN_POINT('',(15.3953698614496,23.9777430575283,4.01024814894259));
#7474=CARTESIAN_POINT('',(15.3979711657941,24.0192060657271,4.02849169099941));
#7475=CARTESIAN_POINT('',(15.4005719403976,24.0595009188805,4.04889568426424));
#7476=CARTESIAN_POINT('',(11.1755719403976,23.4948106553203,5.164075));
#7477=CARTESIAN_POINT('',(11.3515390146164,23.4948106553203,6.254075));
#7478=CARTESIAN_POINT('',(11.3609140146164,23.3521299889698,6.254075));
#7479=CARTESIAN_POINT('',(11.3796640146164,23.066829068326,6.19731395176759));
#7480=CARTESIAN_POINT('',(11.4077890146164,22.7039962027708,5.95488945254953));
#7481=CARTESIAN_POINT('',(11.4359140146164,22.4615717035527,5.5920565869943));
#7482=CARTESIAN_POINT('',(11.4640390146164,22.3764301312041,5.164075));
#7483=CARTESIAN_POINT('',(11.4921640146164,22.4615717035527,4.7360934130057));
#7484=CARTESIAN_POINT('',(11.5202890146164,22.7039962027708,4.37326054745047));
#7485=CARTESIAN_POINT('',(11.5484140146164,23.066829068326,4.1308360482324));
#7486=CARTESIAN_POINT('',(11.5765390146164,23.4948106553203,4.0456944758838));
#7487=CARTESIAN_POINT('',(11.6046640146164,23.9227922423146,4.1308360482324));
#7488=CARTESIAN_POINT('',(11.6327890146164,24.2856251078698,4.37326054745047));
#7489=CARTESIAN_POINT('',(11.6609140146164,24.5280496070879,4.7360934130057));
#7490=CARTESIAN_POINT('',(11.6890390146164,24.6131911794365,5.164075));
#7491=CARTESIAN_POINT('',(11.7171640146164,24.5280496070879,5.5920565869943));
#7492=CARTESIAN_POINT('',(11.7452890146164,24.2856251078698,5.95488945254953));
#7493=CARTESIAN_POINT('',(11.7734140146164,23.9227922423146,6.19731395176759));
#7494=CARTESIAN_POINT('',(11.8015390146164,23.4948106553203,6.2824555241162));
#7495=CARTESIAN_POINT('',(11.8296640146164,23.066829068326,6.19731395176759));
#7496=CARTESIAN_POINT('',(11.8577890146164,22.7039962027708,5.95488945254953));
#7497=CARTESIAN_POINT('',(11.8859140146164,22.4615717035527,5.5920565869943));
#7498=CARTESIAN_POINT('',(11.9140390146164,22.3764301312041,5.164075));
#7499=CARTESIAN_POINT('',(11.9421640146164,22.4615717035527,4.7360934130057));
#7500=CARTESIAN_POINT('',(11.9702890146164,22.7039962027708,4.37326054745047));
#7501=CARTESIAN_POINT('',(11.9984140146164,23.066829068326,4.1308360482324));
#7502=CARTESIAN_POINT('',(12.0265390146164,23.4948106553203,4.0456944758838));
#7503=CARTESIAN_POINT('',(12.0546640146164,23.9227922423146,4.1308360482324));
#7504=CARTESIAN_POINT('',(12.0827890146164,24.2856251078698,4.37326054745047));
#7505=CARTESIAN_POINT('',(12.1109140146164,24.5280496070879,4.7360934130057));
#7506=CARTESIAN_POINT('',(12.1390390146164,24.6131911794365,5.164075));
#7507=CARTESIAN_POINT('',(12.1671640146164,24.5280496070879,5.5920565869943));
#7508=CARTESIAN_POINT('',(12.1952890146164,24.2856251078698,5.95488945254953));
#7509=CARTESIAN_POINT('',(12.2234140146164,23.9227922423146,6.19731395176759));
#7510=CARTESIAN_POINT('',(12.2515390146164,23.4948106553203,6.2824555241162));
#7511=CARTESIAN_POINT('',(12.2796640146164,23.066829068326,6.19731395176759));
#7512=CARTESIAN_POINT('',(12.3077890146164,22.7039962027708,5.95488945254953));
#7513=CARTESIAN_POINT('',(12.3359140146164,22.4615717035527,5.5920565869943));
#7514=CARTESIAN_POINT('',(12.3640390146164,22.3764301312041,5.164075));
#7515=CARTESIAN_POINT('',(12.3921640146164,22.4615717035527,4.7360934130057));
#7516=CARTESIAN_POINT('',(12.4202890146164,22.7039962027708,4.37326054745047));
#7517=CARTESIAN_POINT('',(12.4484140146164,23.066829068326,4.1308360482324));
#7518=CARTESIAN_POINT('',(12.4765390146164,23.4948106553203,4.0456944758838));
#7519=CARTESIAN_POINT('',(12.5046640146164,23.9227922423146,4.1308360482324));
#7520=CARTESIAN_POINT('',(12.5327890146164,24.2856251078698,4.37326054745047));
#7521=CARTESIAN_POINT('',(12.5609140146164,24.5280496070879,4.7360934130057));
#7522=CARTESIAN_POINT('',(12.5890390146164,24.6131911794365,5.16407499999999));
#7523=CARTESIAN_POINT('',(12.6171640146164,24.5280496070879,5.5920565869943));
#7524=CARTESIAN_POINT('',(12.6452890146164,24.2856251078698,5.95488945254953));
#7525=CARTESIAN_POINT('',(12.6734140146164,23.9227922423146,6.19731395176759));
#7526=CARTESIAN_POINT('',(12.7015390146164,23.4948106553203,6.2824555241162));
#7527=CARTESIAN_POINT('',(12.7296640146164,23.066829068326,6.1973139517676));
#7528=CARTESIAN_POINT('',(12.7577890146164,22.7039962027708,5.95488945254953));
#7529=CARTESIAN_POINT('',(12.7859140146164,22.4615717035527,5.5920565869943));
#7530=CARTESIAN_POINT('',(12.8140390146164,22.3764301312041,5.16407499999999));
#7531=CARTESIAN_POINT('',(12.8421640146164,22.4615717035527,4.7360934130057));
#7532=CARTESIAN_POINT('',(12.8702890146164,22.7039962027708,4.37326054745047));
#7533=CARTESIAN_POINT('',(12.8984140146164,23.066829068326,4.1308360482324));
#7534=CARTESIAN_POINT('',(12.9265390146164,23.4948106553203,4.0456944758838));
#7535=CARTESIAN_POINT('',(12.9546640146164,23.9227922423146,4.1308360482324));
#7536=CARTESIAN_POINT('',(12.9827890146164,24.2856251078698,4.37326054745047));
#7537=CARTESIAN_POINT('',(13.0109140146164,24.5280496070879,4.7360934130057));
#7538=CARTESIAN_POINT('',(13.0390390146164,24.6131911794365,5.16407499999999));
#7539=CARTESIAN_POINT('',(13.0671640146164,24.5280496070879,5.5920565869943));
#7540=CARTESIAN_POINT('',(13.0952890146164,24.2856251078698,5.95488945254953));
#7541=CARTESIAN_POINT('',(13.1234140146164,23.9227922423146,6.19731395176759));
#7542=CARTESIAN_POINT('',(13.1515390146164,23.4948106553203,6.2824555241162));
#7543=CARTESIAN_POINT('',(13.1796640146164,23.066829068326,6.1973139517676));
#7544=CARTESIAN_POINT('',(13.2077890146164,22.7039962027708,5.95488945254953));
#7545=CARTESIAN_POINT('',(13.2359140146164,22.4615717035527,5.5920565869943));
#7546=CARTESIAN_POINT('',(13.2640390146164,22.3764301312041,5.164075));
#7547=CARTESIAN_POINT('',(13.2921640146164,22.4615717035527,4.7360934130057));
#7548=CARTESIAN_POINT('',(13.3202890146164,22.7039962027708,4.37326054745047));
#7549=CARTESIAN_POINT('',(13.3484140146164,23.066829068326,4.1308360482324));
#7550=CARTESIAN_POINT('',(13.3765390146164,23.4948106553203,4.0456944758838));
#7551=CARTESIAN_POINT('',(13.4046640146164,23.9227922423146,4.1308360482324));
#7552=CARTESIAN_POINT('',(13.4327890146164,24.2856251078698,4.37326054745047));
#7553=CARTESIAN_POINT('',(13.4609140146164,24.5280496070879,4.7360934130057));
#7554=CARTESIAN_POINT('',(13.4890390146164,24.6131911794365,5.16407499999999));
#7555=CARTESIAN_POINT('',(13.5171640146164,24.5280496070879,5.5920565869943));
#7556=CARTESIAN_POINT('',(13.5452890146164,24.2856251078698,5.95488945254953));
#7557=CARTESIAN_POINT('',(13.5734140146164,23.9227922423146,6.19731395176759));
#7558=CARTESIAN_POINT('',(13.6015390146164,23.4948106553203,6.2824555241162));
#7559=CARTESIAN_POINT('',(13.6296640146164,23.066829068326,6.19731395176759));
#7560=CARTESIAN_POINT('',(13.6577890146164,22.7039962027708,5.95488945254953));
#7561=CARTESIAN_POINT('',(13.6859140146164,22.4615717035527,5.59205658699429));
#7562=CARTESIAN_POINT('',(13.7140390146164,22.3764301312041,5.164075));
#7563=CARTESIAN_POINT('',(13.7421640146164,22.4615717035527,4.7360934130057));
#7564=CARTESIAN_POINT('',(13.7702890146164,22.7039962027708,4.37326054745047));
#7565=CARTESIAN_POINT('',(13.7984140146164,23.066829068326,4.1308360482324));
#7566=CARTESIAN_POINT('',(13.8265390146164,23.4948106553203,4.04569447588379));
#7567=CARTESIAN_POINT('',(13.8546640146164,23.9227922423146,4.1308360482324));
#7568=CARTESIAN_POINT('',(13.8827890146164,24.2856251078698,4.37326054745047));
#7569=CARTESIAN_POINT('',(13.9109140146164,24.5280496070879,4.7360934130057));
#7570=CARTESIAN_POINT('',(13.9390390146164,24.6131911794365,5.16407499999999));
#7571=CARTESIAN_POINT('',(13.9671640146164,24.5280496070879,5.59205658699429));
#7572=CARTESIAN_POINT('',(13.9952890146164,24.2856251078698,5.95488945254953));
#7573=CARTESIAN_POINT('',(14.0234140146164,23.9227922423146,6.19731395176759));
#7574=CARTESIAN_POINT('',(14.0515390146164,23.4948106553203,6.2824555241162));
#7575=CARTESIAN_POINT('',(14.0796640146164,23.066829068326,6.19731395176759));
#7576=CARTESIAN_POINT('',(14.1077890146164,22.7039962027708,5.95488945254953));
#7577=CARTESIAN_POINT('',(14.1359140146164,22.4615717035527,5.59205658699429));
#7578=CARTESIAN_POINT('',(14.1640390146164,22.3764301312041,5.164075));
#7579=CARTESIAN_POINT('',(14.1921640146164,22.4615717035527,4.7360934130057));
#7580=CARTESIAN_POINT('',(14.2202890146164,22.7039962027708,4.37326054745047));
#7581=CARTESIAN_POINT('',(14.2484140146164,23.066829068326,4.1308360482324));
#7582=CARTESIAN_POINT('',(14.2765390146164,23.4948106553203,4.04569447588379));
#7583=CARTESIAN_POINT('',(14.3046640146164,23.9227922423146,4.1308360482324));
#7584=CARTESIAN_POINT('',(14.3327890146164,24.2856251078698,4.37326054745047));
#7585=CARTESIAN_POINT('',(14.3609140146164,24.5280496070879,4.7360934130057));
#7586=CARTESIAN_POINT('',(14.3890390146164,24.6131911794365,5.16407499999999));
#7587=CARTESIAN_POINT('',(14.4171640146164,24.5280496070879,5.59205658699429));
#7588=CARTESIAN_POINT('',(14.4452890146164,24.2856251078698,5.95488945254953));
#7589=CARTESIAN_POINT('',(14.4734140146164,23.9227922423146,6.19731395176759));
#7590=CARTESIAN_POINT('',(14.5015390146164,23.4948106553203,6.2824555241162));
#7591=CARTESIAN_POINT('',(14.5296640146164,23.066829068326,6.19731395176759));
#7592=CARTESIAN_POINT('',(14.5577890146164,22.7039962027708,5.95488945254954));
#7593=CARTESIAN_POINT('',(14.5859140146164,22.4615717035527,5.59205658699429));
#7594=CARTESIAN_POINT('',(14.6140390146164,22.3764301312041,5.164075));
#7595=CARTESIAN_POINT('',(14.6421640146164,22.4615717035527,4.7360934130057));
#7596=CARTESIAN_POINT('',(14.6702890146164,22.7039962027708,4.37326054745047));
#7597=CARTESIAN_POINT('',(14.6984140146164,23.066829068326,4.1308360482324));
#7598=CARTESIAN_POINT('',(14.7265390146164,23.4948106553203,4.04569447588379));
#7599=CARTESIAN_POINT('',(14.7546640146164,23.9227922423146,4.1308360482324));
#7600=CARTESIAN_POINT('',(14.7827890146164,24.2856251078698,4.37326054745046));
#7601=CARTESIAN_POINT('',(14.8109140146164,24.5280496070879,4.7360934130057));
#7602=CARTESIAN_POINT('',(14.8390390146164,24.6131911794365,5.16407499999999));
#7603=CARTESIAN_POINT('',(14.8671640146164,24.5280496070879,5.59205658699429));
#7604=CARTESIAN_POINT('',(14.8952890146164,24.2856251078698,5.95488945254953));
#7605=CARTESIAN_POINT('',(14.9234140146164,23.9227922423146,6.19731395176759));
#7606=CARTESIAN_POINT('',(14.9515390146164,23.4948106553203,6.2824555241162));
#7607=CARTESIAN_POINT('',(14.9796640146164,23.066829068326,6.19731395176759));
#7608=CARTESIAN_POINT('',(15.0077890146164,22.7039962027708,5.95488945254954));
#7609=CARTESIAN_POINT('',(15.0359140146164,22.4615717035527,5.59205658699429));
#7610=CARTESIAN_POINT('',(15.0640390146164,22.3764301312041,5.164075));
#7611=CARTESIAN_POINT('',(15.0921640146164,22.4615717035527,4.7360934130057));
#7612=CARTESIAN_POINT('',(15.1202890146164,22.7039962027708,4.37326054745047));
#7613=CARTESIAN_POINT('',(15.1484140146164,23.066829068326,4.1308360482324));
#7614=CARTESIAN_POINT('',(15.1765390146164,23.4948106553203,4.04569447588379));
#7615=CARTESIAN_POINT('',(15.2046640146164,23.9227922423146,4.1308360482324));
#7616=CARTESIAN_POINT('',(15.2327890146164,24.2856251078698,4.37326054745046));
#7617=CARTESIAN_POINT('',(15.2609140146164,24.5280496070879,4.7360934130057));
#7618=CARTESIAN_POINT('',(15.2890390146164,24.6131911794365,5.16407499999999));
#7619=CARTESIAN_POINT('',(15.3171640146164,24.5280496070879,5.59205658699429));
#7620=CARTESIAN_POINT('',(15.3452890146164,24.2856251078698,5.95488945254953));
#7621=CARTESIAN_POINT('',(15.3734140146164,23.9227922423146,6.19731395176759));
#7622=CARTESIAN_POINT('',(15.4015390146164,23.4948106553203,6.2824555241162));
#7623=CARTESIAN_POINT('',(15.4296640146164,23.066829068326,6.19731395176759));
#7624=CARTESIAN_POINT('',(15.4577890146164,22.7039962027708,5.95488945254954));
#7625=CARTESIAN_POINT('',(15.4859140146164,22.4615717035527,5.59205658699429));
#7626=CARTESIAN_POINT('',(15.5140390146164,22.3764301312041,5.164075));
#7627=CARTESIAN_POINT('',(15.5421640146164,22.4615717035527,4.7360934130057));
#7628=CARTESIAN_POINT('',(15.5702890146164,22.7039962027708,4.37326054745047));
#7629=CARTESIAN_POINT('',(15.5984140146164,23.066829068326,4.1308360482324));
#7630=CARTESIAN_POINT('',(15.6265390146164,23.4948106553203,4.04569447588379));
#7631=CARTESIAN_POINT('',(15.6546640146164,23.9227922423146,4.1308360482324));
#7632=CARTESIAN_POINT('',(15.6827890146164,24.2856251078698,4.37326054745046));
#7633=CARTESIAN_POINT('',(15.7109140146164,24.5280496070879,4.73609341300569));
#7634=CARTESIAN_POINT('',(15.7390390146164,24.6131911794365,5.16407499999999));
#7635=CARTESIAN_POINT('',(15.7671640146164,24.5280496070879,5.59205658699429));
#7636=CARTESIAN_POINT('',(15.7952890146164,24.2856251078698,5.95488945254953));
#7637=CARTESIAN_POINT('',(15.8234140146164,23.9227922423146,6.19731395176759));
#7638=CARTESIAN_POINT('',(15.8483711411302,23.5430165761023,6.27286556039669));
#7639=CARTESIAN_POINT('',(15.8639532676441,23.3059014388881,6.24163389219748));
#7640=CARTESIAN_POINT('',(15.870160394158,23.2145982965502,6.21738054147246));
#7641=CARTESIAN_POINT('',(11.1968841147163,23.4948106553203,6.52194514426635));
#7642=CARTESIAN_POINT('',(11.2062591147163,23.3170658690805,6.52194514426635));
#7643=CARTESIAN_POINT('',(11.2250091147163,22.9616515550677,6.45123493073236));
#7644=CARTESIAN_POINT('',(11.2531341147163,22.5096516325943,6.149234022726));
#7645=CARTESIAN_POINT('',(11.2812591147163,22.2076507245879,5.69723410025256));
#7646=CARTESIAN_POINT('',(11.3093841147163,22.101585404287,5.164075));
#7647=CARTESIAN_POINT('',(11.3375091147163,22.2076507245879,4.63091589974744));
#7648=CARTESIAN_POINT('',(11.3656341147163,22.5096516325943,4.17891597727399));
#7649=CARTESIAN_POINT('',(11.3937591147163,22.9616515550677,3.87691506926763));
#7650=CARTESIAN_POINT('',(11.4218841147163,23.4948106553203,3.77084974896666));
#7651=CARTESIAN_POINT('',(11.4500091147163,24.0279697555729,3.87691506926763));
#7652=CARTESIAN_POINT('',(11.4781341147163,24.4799696780463,4.17891597727399));
#7653=CARTESIAN_POINT('',(11.5062591147163,24.7819705860527,4.63091589974744));
#7654=CARTESIAN_POINT('',(11.5343841147163,24.8880359063536,5.164075));
#7655=CARTESIAN_POINT('',(11.5625091147163,24.7819705860527,5.69723410025256));
#7656=CARTESIAN_POINT('',(11.5906341147163,24.4799696780463,6.149234022726));
#7657=CARTESIAN_POINT('',(11.6187591147163,24.0279697555729,6.45123493073236));
#7658=CARTESIAN_POINT('',(11.6468841147163,23.4948106553203,6.55730025103334));
#7659=CARTESIAN_POINT('',(11.6750091147163,22.9616515550677,6.45123493073236));
#7660=CARTESIAN_POINT('',(11.7031341147163,22.5096516325943,6.149234022726));
#7661=CARTESIAN_POINT('',(11.7312591147163,22.2076507245879,5.69723410025256));
#7662=CARTESIAN_POINT('',(11.7593841147163,22.101585404287,5.164075));
#7663=CARTESIAN_POINT('',(11.7875091147163,22.2076507245879,4.63091589974744));
#7664=CARTESIAN_POINT('',(11.8156341147163,22.5096516325943,4.17891597727399));
#7665=CARTESIAN_POINT('',(11.8437591147163,22.9616515550677,3.87691506926763));
#7666=CARTESIAN_POINT('',(11.8718841147163,23.4948106553203,3.77084974896666));
#7667=CARTESIAN_POINT('',(11.9000091147163,24.0279697555729,3.87691506926763));
#7668=CARTESIAN_POINT('',(11.9281341147163,24.4799696780463,4.17891597727399));
#7669=CARTESIAN_POINT('',(11.9562591147163,24.7819705860527,4.63091589974744));
#7670=CARTESIAN_POINT('',(11.9843841147163,24.8880359063536,5.164075));
#7671=CARTESIAN_POINT('',(12.0125091147163,24.7819705860527,5.69723410025256));
#7672=CARTESIAN_POINT('',(12.0406341147163,24.4799696780463,6.149234022726));
#7673=CARTESIAN_POINT('',(12.0687591147163,24.0279697555729,6.45123493073236));
#7674=CARTESIAN_POINT('',(12.0968841147163,23.4948106553203,6.55730025103334));
#7675=CARTESIAN_POINT('',(12.1250091147163,22.9616515550677,6.45123493073236));
#7676=CARTESIAN_POINT('',(12.1531341147163,22.5096516325943,6.149234022726));
#7677=CARTESIAN_POINT('',(12.1812591147163,22.2076507245879,5.69723410025256));
#7678=CARTESIAN_POINT('',(12.2093841147163,22.101585404287,5.164075));
#7679=CARTESIAN_POINT('',(12.2375091147163,22.2076507245879,4.63091589974744));
#7680=CARTESIAN_POINT('',(12.2656341147163,22.5096516325943,4.17891597727399));
#7681=CARTESIAN_POINT('',(12.2937591147163,22.9616515550677,3.87691506926763));
#7682=CARTESIAN_POINT('',(12.3218841147163,23.4948106553203,3.77084974896666));
#7683=CARTESIAN_POINT('',(12.3500091147163,24.0279697555729,3.87691506926763));
#7684=CARTESIAN_POINT('',(12.3781341147163,24.4799696780463,4.17891597727399));
#7685=CARTESIAN_POINT('',(12.4062591147163,24.7819705860527,4.63091589974744));
#7686=CARTESIAN_POINT('',(12.4343841147163,24.8880359063536,5.16407499999999));
#7687=CARTESIAN_POINT('',(12.4625091147163,24.7819705860527,5.69723410025256));
#7688=CARTESIAN_POINT('',(12.4906341147163,24.4799696780463,6.149234022726));
#7689=CARTESIAN_POINT('',(12.5187591147163,24.0279697555729,6.45123493073236));
#7690=CARTESIAN_POINT('',(12.5468841147163,23.4948106553203,6.55730025103334));
#7691=CARTESIAN_POINT('',(12.5750091147163,22.9616515550677,6.45123493073236));
#7692=CARTESIAN_POINT('',(12.6031341147163,22.5096516325943,6.149234022726));
#7693=CARTESIAN_POINT('',(12.6312591147163,22.2076507245879,5.69723410025256));
#7694=CARTESIAN_POINT('',(12.6593841147163,22.101585404287,5.16407499999999));
#7695=CARTESIAN_POINT('',(12.6875091147163,22.2076507245879,4.63091589974744));
#7696=CARTESIAN_POINT('',(12.7156341147163,22.5096516325943,4.17891597727399));
#7697=CARTESIAN_POINT('',(12.7437591147163,22.9616515550677,3.87691506926763));
#7698=CARTESIAN_POINT('',(12.7718841147163,23.4948106553203,3.77084974896666));
#7699=CARTESIAN_POINT('',(12.8000091147163,24.0279697555729,3.87691506926763));
#7700=CARTESIAN_POINT('',(12.8281341147163,24.4799696780463,4.17891597727399));
#7701=CARTESIAN_POINT('',(12.8562591147163,24.7819705860527,4.63091589974744));
#7702=CARTESIAN_POINT('',(12.8843841147163,24.8880359063536,5.16407499999999));
#7703=CARTESIAN_POINT('',(12.9125091147163,24.7819705860527,5.69723410025256));
#7704=CARTESIAN_POINT('',(12.9406341147163,24.4799696780463,6.149234022726));
#7705=CARTESIAN_POINT('',(12.9687591147163,24.0279697555729,6.45123493073236));
#7706=CARTESIAN_POINT('',(12.9968841147163,23.4948106553203,6.55730025103334));
#7707=CARTESIAN_POINT('',(13.0250091147163,22.9616515550677,6.45123493073236));
#7708=CARTESIAN_POINT('',(13.0531341147163,22.5096516325943,6.149234022726));
#7709=CARTESIAN_POINT('',(13.0812591147163,22.2076507245879,5.69723410025256));
#7710=CARTESIAN_POINT('',(13.1093841147163,22.101585404287,5.16407499999999));
#7711=CARTESIAN_POINT('',(13.1375091147163,22.2076507245879,4.63091589974744));
#7712=CARTESIAN_POINT('',(13.1656341147163,22.5096516325943,4.17891597727399));
#7713=CARTESIAN_POINT('',(13.1937591147163,22.9616515550677,3.87691506926763));
#7714=CARTESIAN_POINT('',(13.2218841147163,23.4948106553203,3.77084974896666));
#7715=CARTESIAN_POINT('',(13.2500091147163,24.0279697555729,3.87691506926763));
#7716=CARTESIAN_POINT('',(13.2781341147163,24.4799696780463,4.17891597727399));
#7717=CARTESIAN_POINT('',(13.3062591147163,24.7819705860527,4.63091589974744));
#7718=CARTESIAN_POINT('',(13.3343841147163,24.8880359063536,5.16407499999999));
#7719=CARTESIAN_POINT('',(13.3625091147163,24.7819705860527,5.69723410025256));
#7720=CARTESIAN_POINT('',(13.3906341147163,24.4799696780463,6.149234022726));
#7721=CARTESIAN_POINT('',(13.4187591147163,24.0279697555729,6.45123493073236));
#7722=CARTESIAN_POINT('',(13.4468841147163,23.4948106553203,6.55730025103334));
#7723=CARTESIAN_POINT('',(13.4750091147163,22.9616515550677,6.45123493073236));
#7724=CARTESIAN_POINT('',(13.5031341147163,22.5096516325943,6.14923402272601));
#7725=CARTESIAN_POINT('',(13.5312591147163,22.2076507245879,5.69723410025255));
#7726=CARTESIAN_POINT('',(13.5593841147163,22.101585404287,5.164075));
#7727=CARTESIAN_POINT('',(13.5875091147163,22.2076507245879,4.63091589974744));
#7728=CARTESIAN_POINT('',(13.6156341147163,22.5096516325943,4.17891597727399));
#7729=CARTESIAN_POINT('',(13.6437591147163,22.9616515550677,3.87691506926763));
#7730=CARTESIAN_POINT('',(13.6718841147163,23.4948106553203,3.77084974896666));
#7731=CARTESIAN_POINT('',(13.7000091147163,24.0279697555729,3.87691506926763));
#7732=CARTESIAN_POINT('',(13.7281341147163,24.4799696780463,4.17891597727399));
#7733=CARTESIAN_POINT('',(13.7562591147163,24.7819705860527,4.63091589974744));
#7734=CARTESIAN_POINT('',(13.7843841147163,24.8880359063536,5.16407499999999));
#7735=CARTESIAN_POINT('',(13.8125091147163,24.7819705860527,5.69723410025255));
#7736=CARTESIAN_POINT('',(13.8406341147163,24.4799696780463,6.14923402272601));
#7737=CARTESIAN_POINT('',(13.8687591147163,24.0279697555729,6.45123493073236));
#7738=CARTESIAN_POINT('',(13.8968841147163,23.4948106553203,6.55730025103334));
#7739=CARTESIAN_POINT('',(13.9250091147163,22.9616515550677,6.45123493073236));
#7740=CARTESIAN_POINT('',(13.9531341147163,22.5096516325943,6.14923402272601));
#7741=CARTESIAN_POINT('',(13.9812591147163,22.2076507245879,5.69723410025255));
#7742=CARTESIAN_POINT('',(14.0093841147163,22.101585404287,5.164075));
#7743=CARTESIAN_POINT('',(14.0375091147163,22.2076507245879,4.63091589974744));
#7744=CARTESIAN_POINT('',(14.0656341147163,22.5096516325943,4.17891597727399));
#7745=CARTESIAN_POINT('',(14.0937591147163,22.9616515550677,3.87691506926764));
#7746=CARTESIAN_POINT('',(14.1218841147163,23.4948106553203,3.77084974896666));
#7747=CARTESIAN_POINT('',(14.1500091147163,24.0279697555729,3.87691506926763));
#7748=CARTESIAN_POINT('',(14.1781341147163,24.4799696780463,4.17891597727399));
#7749=CARTESIAN_POINT('',(14.2062591147163,24.7819705860527,4.63091589974744));
#7750=CARTESIAN_POINT('',(14.2343841147163,24.8880359063536,5.16407499999999));
#7751=CARTESIAN_POINT('',(14.2625091147163,24.7819705860527,5.69723410025255));
#7752=CARTESIAN_POINT('',(14.2906341147163,24.4799696780463,6.14923402272601));
#7753=CARTESIAN_POINT('',(14.3187591147163,24.0279697555729,6.45123493073236));
#7754=CARTESIAN_POINT('',(14.3468841147163,23.4948106553203,6.55730025103334));
#7755=CARTESIAN_POINT('',(14.3750091147163,22.9616515550677,6.45123493073236));
#7756=CARTESIAN_POINT('',(14.4031341147163,22.5096516325943,6.14923402272601));
#7757=CARTESIAN_POINT('',(14.4312591147163,22.2076507245879,5.69723410025255));
#7758=CARTESIAN_POINT('',(14.4593841147163,22.101585404287,5.164075));
#7759=CARTESIAN_POINT('',(14.4875091147163,22.2076507245879,4.63091589974744));
#7760=CARTESIAN_POINT('',(14.5156341147163,22.5096516325943,4.17891597727399));
#7761=CARTESIAN_POINT('',(14.5437591147163,22.9616515550677,3.87691506926764));
#7762=CARTESIAN_POINT('',(14.5718841147163,23.4948106553203,3.77084974896666));
#7763=CARTESIAN_POINT('',(14.6000091147163,24.0279697555729,3.87691506926763));
#7764=CARTESIAN_POINT('',(14.6281341147163,24.4799696780463,4.17891597727399));
#7765=CARTESIAN_POINT('',(14.6562591147163,24.7819705860527,4.63091589974743));
#7766=CARTESIAN_POINT('',(14.6843841147163,24.8880359063536,5.16407499999999));
#7767=CARTESIAN_POINT('',(14.7125091147163,24.7819705860527,5.69723410025255));
#7768=CARTESIAN_POINT('',(14.7406341147163,24.4799696780463,6.14923402272601));
#7769=CARTESIAN_POINT('',(14.7687591147163,24.0279697555729,6.45123493073236));
#7770=CARTESIAN_POINT('',(14.7968841147163,23.4948106553203,6.55730025103334));
#7771=CARTESIAN_POINT('',(14.8250091147163,22.9616515550677,6.45123493073236));
#7772=CARTESIAN_POINT('',(14.8531341147163,22.5096516325943,6.14923402272601));
#7773=CARTESIAN_POINT('',(14.8812591147163,22.2076507245879,5.69723410025255));
#7774=CARTESIAN_POINT('',(14.9093841147163,22.101585404287,5.164075));
#7775=CARTESIAN_POINT('',(14.9375091147163,22.2076507245879,4.63091589974744));
#7776=CARTESIAN_POINT('',(14.9656341147163,22.5096516325943,4.17891597727399));
#7777=CARTESIAN_POINT('',(14.9937591147163,22.9616515550677,3.87691506926764));
#7778=CARTESIAN_POINT('',(15.0218841147163,23.4948106553203,3.77084974896666));
#7779=CARTESIAN_POINT('',(15.0500091147163,24.0279697555729,3.87691506926763));
#7780=CARTESIAN_POINT('',(15.0781341147163,24.4799696780463,4.17891597727399));
#7781=CARTESIAN_POINT('',(15.1062591147163,24.7819705860527,4.63091589974743));
#7782=CARTESIAN_POINT('',(15.1343841147163,24.8880359063536,5.16407499999999));
#7783=CARTESIAN_POINT('',(15.1625091147163,24.7819705860527,5.69723410025255));
#7784=CARTESIAN_POINT('',(15.1906341147163,24.4799696780463,6.14923402272601));
#7785=CARTESIAN_POINT('',(15.2187591147163,24.0279697555729,6.45123493073236));
#7786=CARTESIAN_POINT('',(15.2468841147163,23.4948106553203,6.55730025103334));
#7787=CARTESIAN_POINT('',(15.2750091147163,22.9616515550677,6.45123493073236));
#7788=CARTESIAN_POINT('',(15.3031341147163,22.5096516325943,6.14923402272601));
#7789=CARTESIAN_POINT('',(15.3312591147163,22.2076507245879,5.69723410025255));
#7790=CARTESIAN_POINT('',(15.3593841147163,22.101585404287,5.164075));
#7791=CARTESIAN_POINT('',(15.3875091147163,22.2076507245879,4.63091589974744));
#7792=CARTESIAN_POINT('',(15.4156341147163,22.5096516325943,4.178915977274));
#7793=CARTESIAN_POINT('',(15.4437591147163,22.9616515550677,3.87691506926764));
#7794=CARTESIAN_POINT('',(15.4718841147163,23.4948106553203,3.77084974896666));
#7795=CARTESIAN_POINT('',(15.5000091147163,24.0279697555729,3.87691506926763));
#7796=CARTESIAN_POINT('',(15.5281341147163,24.4799696780463,4.17891597727399));
#7797=CARTESIAN_POINT('',(15.5562591147163,24.7819705860527,4.63091589974743));
#7798=CARTESIAN_POINT('',(15.5843841147163,24.8880359063536,5.16407499999999));
#7799=CARTESIAN_POINT('',(15.6125091147163,24.7819705860527,5.69723410025254));
#7800=CARTESIAN_POINT('',(15.6406341147163,24.4799696780463,6.14923402272601));
#7801=CARTESIAN_POINT('',(15.6687591147163,24.0279697555729,6.45123493073236));
#7802=CARTESIAN_POINT('',(15.6937162412302,23.5548632980788,6.54535353046515));
#7803=CARTESIAN_POINT('',(15.7092983677441,23.2594765406689,6.50644660404007));
#7804=CARTESIAN_POINT('',(15.7155054942579,23.1457354296061,6.47623293353739));
#7805=CARTESIAN_POINT('',(11.950571940397,24.1138173157667,6.2418469636009));
#7806=CARTESIAN_POINT('',(11.9536430995045,24.0676081814288,6.26841052611851));
#7807=CARTESIAN_POINT('',(11.9660892586121,23.8734601889035,6.36406002594339));
#7808=CARTESIAN_POINT('',(11.9879104177196,23.4948106553203,6.43938760460105));
#7809=CARTESIAN_POINT('',(12.0160354177196,23.0067743379297,6.3422988963749));
#7810=CARTESIAN_POINT('',(12.0441604177196,22.5930284644742,6.06585719084608));
#7811=CARTESIAN_POINT('',(12.0722854177196,22.3165867589454,5.65211131739055));
#7812=CARTESIAN_POINT('',(12.1004104177196,22.2194980507192,5.164075));
#7813=CARTESIAN_POINT('',(12.1285354177196,22.3165867589454,4.67603868260944));
#7814=CARTESIAN_POINT('',(12.1566604177196,22.5930284644742,4.26229280915392));
#7815=CARTESIAN_POINT('',(12.1847854177196,23.0067743379297,3.9858511036251));
#7816=CARTESIAN_POINT('',(12.2129104177196,23.4948106553203,3.88876239539895));
#7817=CARTESIAN_POINT('',(12.2410354177196,23.9828469727108,3.9858511036251));
#7818=CARTESIAN_POINT('',(12.2691604177196,24.3965928461664,4.26229280915392));
#7819=CARTESIAN_POINT('',(12.2972854177196,24.6730345516952,4.67603868260944));
#7820=CARTESIAN_POINT('',(12.3254104177196,24.7701232599213,5.16407499999999));
#7821=CARTESIAN_POINT('',(12.3535354177196,24.6730345516952,5.65211131739055));
#7822=CARTESIAN_POINT('',(12.3816604177196,24.3965928461664,6.06585719084607));
#7823=CARTESIAN_POINT('',(12.4097854177196,23.9828469727109,6.3422988963749));
#7824=CARTESIAN_POINT('',(12.4379104177196,23.4948106553203,6.43938760460105));
#7825=CARTESIAN_POINT('',(12.4660354177196,23.0067743379297,6.3422988963749));
#7826=CARTESIAN_POINT('',(12.4941604177196,22.5930284644742,6.06585719084608));
#7827=CARTESIAN_POINT('',(12.5222854177196,22.3165867589454,5.65211131739056));
#7828=CARTESIAN_POINT('',(12.5504104177196,22.2194980507192,5.16407499999999));
#7829=CARTESIAN_POINT('',(12.5785354177196,22.3165867589454,4.67603868260944));
#7830=CARTESIAN_POINT('',(12.6066604177196,22.5930284644742,4.26229280915392));
#7831=CARTESIAN_POINT('',(12.6347854177196,23.0067743379297,3.9858511036251));
#7832=CARTESIAN_POINT('',(12.6629104177196,23.4948106553203,3.88876239539895));
#7833=CARTESIAN_POINT('',(12.6910354177196,23.9828469727108,3.9858511036251));
#7834=CARTESIAN_POINT('',(12.7191604177196,24.3965928461664,4.26229280915392));
#7835=CARTESIAN_POINT('',(12.7472854177196,24.6730345516952,4.67603868260944));
#7836=CARTESIAN_POINT('',(12.7754104177196,24.7701232599213,5.16407499999999));
#7837=CARTESIAN_POINT('',(12.8035354177196,24.6730345516952,5.65211131739055));
#7838=CARTESIAN_POINT('',(12.8316604177196,24.3965928461664,6.06585719084607));
#7839=CARTESIAN_POINT('',(12.8597854177196,23.9828469727109,6.3422988963749));
#7840=CARTESIAN_POINT('',(12.8879104177196,23.4948106553203,6.43938760460105));
#7841=CARTESIAN_POINT('',(12.9160354177196,23.0067743379297,6.3422988963749));
#7842=CARTESIAN_POINT('',(12.9441604177196,22.5930284644742,6.06585719084608));
#7843=CARTESIAN_POINT('',(12.9722854177196,22.3165867589454,5.65211131739056));
#7844=CARTESIAN_POINT('',(13.0004104177196,22.2194980507192,5.164075));
#7845=CARTESIAN_POINT('',(13.0285354177196,22.3165867589454,4.67603868260944));
#7846=CARTESIAN_POINT('',(13.0566604177196,22.5930284644742,4.26229280915392));
#7847=CARTESIAN_POINT('',(13.0847854177196,23.0067743379297,3.9858511036251));
#7848=CARTESIAN_POINT('',(13.1129104177196,23.4948106553203,3.88876239539895));
#7849=CARTESIAN_POINT('',(13.1410354177196,23.9828469727108,3.9858511036251));
#7850=CARTESIAN_POINT('',(13.1691604177196,24.3965928461664,4.26229280915392));
#7851=CARTESIAN_POINT('',(13.1972854177196,24.6730345516952,4.67603868260944));
#7852=CARTESIAN_POINT('',(13.2254104177196,24.7701232599213,5.16407499999999));
#7853=CARTESIAN_POINT('',(13.2535354177196,24.6730345516952,5.65211131739055));
#7854=CARTESIAN_POINT('',(13.2816604177196,24.3965928461664,6.06585719084607));
#7855=CARTESIAN_POINT('',(13.3097854177196,23.9828469727109,6.3422988963749));
#7856=CARTESIAN_POINT('',(13.3379104177196,23.4948106553203,6.43938760460105));
#7857=CARTESIAN_POINT('',(13.3660354177196,23.0067743379297,6.3422988963749));
#7858=CARTESIAN_POINT('',(13.3941604177196,22.5930284644742,6.06585719084608));
#7859=CARTESIAN_POINT('',(13.4222854177196,22.3165867589454,5.65211131739055));
#7860=CARTESIAN_POINT('',(13.4504104177196,22.2194980507192,5.164075));
#7861=CARTESIAN_POINT('',(13.4785354177196,22.3165867589454,4.67603868260944));
#7862=CARTESIAN_POINT('',(13.5066604177196,22.5930284644742,4.26229280915392));
#7863=CARTESIAN_POINT('',(13.5347854177196,23.0067743379297,3.9858511036251));
#7864=CARTESIAN_POINT('',(13.5629104177196,23.4948106553203,3.88876239539895));
#7865=CARTESIAN_POINT('',(13.5910354177196,23.9828469727109,3.9858511036251));
#7866=CARTESIAN_POINT('',(13.6191604177196,24.3965928461664,4.26229280915392));
#7867=CARTESIAN_POINT('',(13.6472854177196,24.6730345516952,4.67603868260944));
#7868=CARTESIAN_POINT('',(13.6754104177196,24.7701232599213,5.16407499999999));
#7869=CARTESIAN_POINT('',(13.7035354177196,24.6730345516952,5.65211131739054));
#7870=CARTESIAN_POINT('',(13.7316604177196,24.3965928461664,6.06585719084608));
#7871=CARTESIAN_POINT('',(13.7597854177196,23.9828469727109,6.3422988963749));
#7872=CARTESIAN_POINT('',(13.7879104177196,23.4948106553203,6.43938760460105));
#7873=CARTESIAN_POINT('',(13.8160354177196,23.0067743379297,6.3422988963749));
#7874=CARTESIAN_POINT('',(13.8441604177196,22.5930284644742,6.06585719084608));
#7875=CARTESIAN_POINT('',(13.8722854177196,22.3165867589454,5.65211131739055));
#7876=CARTESIAN_POINT('',(13.9004104177196,22.2194980507192,5.164075));
#7877=CARTESIAN_POINT('',(13.9285354177196,22.3165867589454,4.67603868260944));
#7878=CARTESIAN_POINT('',(13.9566604177196,22.5930284644742,4.26229280915392));
#7879=CARTESIAN_POINT('',(13.9847854177196,23.0067743379297,3.9858511036251));
#7880=CARTESIAN_POINT('',(14.0129104177196,23.4948106553203,3.88876239539895));
#7881=CARTESIAN_POINT('',(14.0410354177196,23.9828469727109,3.9858511036251));
#7882=CARTESIAN_POINT('',(14.0691604177196,24.3965928461664,4.26229280915392));
#7883=CARTESIAN_POINT('',(14.0972854177196,24.6730345516952,4.67603868260944));
#7884=CARTESIAN_POINT('',(14.1254104177196,24.7701232599213,5.16407499999999));
#7885=CARTESIAN_POINT('',(14.1535354177196,24.6730345516952,5.65211131739054));
#7886=CARTESIAN_POINT('',(14.1816604177196,24.3965928461664,6.06585719084608));
#7887=CARTESIAN_POINT('',(14.2097854177196,23.9828469727109,6.34229889637489));
#7888=CARTESIAN_POINT('',(14.2379104177196,23.4948106553203,6.43938760460105));
#7889=CARTESIAN_POINT('',(14.2660354177196,23.0067743379297,6.3422988963749));
#7890=CARTESIAN_POINT('',(14.2941604177196,22.5930284644742,6.06585719084609));
#7891=CARTESIAN_POINT('',(14.3222854177196,22.3165867589454,5.65211131739055));
#7892=CARTESIAN_POINT('',(14.3504104177196,22.2194980507192,5.164075));
#7893=CARTESIAN_POINT('',(14.3785354177196,22.3165867589454,4.67603868260944));
#7894=CARTESIAN_POINT('',(14.4066604177196,22.5930284644742,4.26229280915392));
#7895=CARTESIAN_POINT('',(14.4347854177196,23.0067743379297,3.9858511036251));
#7896=CARTESIAN_POINT('',(14.4629104177196,23.4948106553203,3.88876239539895));
#7897=CARTESIAN_POINT('',(14.4910354177196,23.9828469727109,3.9858511036251));
#7898=CARTESIAN_POINT('',(14.5191604177196,24.3965928461664,4.26229280915392));
#7899=CARTESIAN_POINT('',(14.5472854177196,24.6730345516952,4.67603868260944));
#7900=CARTESIAN_POINT('',(14.5754104177196,24.7701232599213,5.16407499999999));
#7901=CARTESIAN_POINT('',(14.6035354177196,24.6730345516952,5.65211131739054));
#7902=CARTESIAN_POINT('',(14.6316604177196,24.3965928461664,6.06585719084608));
#7903=CARTESIAN_POINT('',(14.6597854177196,23.9828469727109,6.3422988963749));
#7904=CARTESIAN_POINT('',(14.6879104177196,23.4948106553203,6.43938760460105));
#7905=CARTESIAN_POINT('',(14.7160354177196,23.0067743379297,6.3422988963749));
#7906=CARTESIAN_POINT('',(14.7441604177196,22.5930284644742,6.06585719084609));
#7907=CARTESIAN_POINT('',(14.7722854177196,22.3165867589454,5.65211131739055));
#7908=CARTESIAN_POINT('',(14.8004104177196,22.2194980507192,5.164075));
#7909=CARTESIAN_POINT('',(14.8285354177196,22.3165867589454,4.67603868260944));
#7910=CARTESIAN_POINT('',(14.8566604177196,22.5930284644742,4.26229280915392));
#7911=CARTESIAN_POINT('',(14.8847854177196,23.0067743379297,3.9858511036251));
#7912=CARTESIAN_POINT('',(14.9129104177196,23.4948106553203,3.88876239539895));
#7913=CARTESIAN_POINT('',(14.9410354177196,23.9828469727109,3.9858511036251));
#7914=CARTESIAN_POINT('',(14.9691604177196,24.3965928461664,4.26229280915392));
#7915=CARTESIAN_POINT('',(14.9972854177196,24.6730345516952,4.67603868260944));
#7916=CARTESIAN_POINT('',(15.0254104177196,24.7701232599213,5.16407499999999));
#7917=CARTESIAN_POINT('',(15.0535354177196,24.6730345516952,5.65211131739054));
#7918=CARTESIAN_POINT('',(15.0816604177196,24.3965928461664,6.06585719084608));
#7919=CARTESIAN_POINT('',(15.1097854177196,23.9828469727109,6.34229889637489));
#7920=CARTESIAN_POINT('',(15.1379104177196,23.4948106553203,6.43938760460105));
#7921=CARTESIAN_POINT('',(15.1660354177196,23.0067743379297,6.3422988963749));
#7922=CARTESIAN_POINT('',(15.1941604177196,22.5930284644742,6.06585719084609));
#7923=CARTESIAN_POINT('',(15.2222854177196,22.3165867589454,5.65211131739055));
#7924=CARTESIAN_POINT('',(15.2504104177196,22.2194980507192,5.164075));
#7925=CARTESIAN_POINT('',(15.2785354177196,22.3165867589454,4.67603868260944));
#7926=CARTESIAN_POINT('',(15.3066604177196,22.5930284644742,4.26229280915392));
#7927=CARTESIAN_POINT('',(15.3347854177196,23.0067743379297,3.9858511036251));
#7928=CARTESIAN_POINT('',(15.3629104177196,23.4948106553203,3.88876239539895));
#7929=CARTESIAN_POINT('',(15.3848392586126,23.8753287265763,3.96446169620607));
#7930=CARTESIAN_POINT('',(15.3973930995056,24.0709660104264,4.06139849985672));
#7931=CARTESIAN_POINT('',(15.4005719403987,24.1186716279467,4.08910808387697));
#7932=CARTESIAN_POINT('',(11.950571940396,24.1138173157657,6.24184696359939));
#7933=CARTESIAN_POINT('',(11.950571940396,24.1138173157657,6.24184696359939));
#7934=CARTESIAN_POINT('',(11.950571940396,24.0130905803386,6.28710150987128));
#7935=CARTESIAN_POINT('',(11.9505719403976,23.9052226188853,6.31898477660689));
#7936=CARTESIAN_POINT('',(11.9505719403976,23.7960233242702,6.33539706601577));
#7937=CARTESIAN_POINT('',(11.9505719403976,23.6605359217242,6.3557603702814));
#7938=CARTESIAN_POINT('',(11.9505719403976,23.5193774865201,6.35276184301691));
#7939=CARTESIAN_POINT('',(11.9505719403976,23.3851160791003,6.32546028835583));
#7940=CARTESIAN_POINT('',(11.9505719403976,23.2554318918997,6.29908949429387));
#7941=CARTESIAN_POINT('',(11.9505719403976,23.1283237580065,6.24963165405664));
#7942=CARTESIAN_POINT('',(11.9505719403976,23.0155727725717,6.18034512958876));
#7943=CARTESIAN_POINT('',(11.9505719403976,22.9553464585503,6.14333550201016));
#7944=CARTESIAN_POINT('',(11.9505719403994,22.8983935178652,6.10037924887078));
#7945=CARTESIAN_POINT('',(11.9505719403994,22.8463113192244,6.05258420708969));
#7946=CARTESIAN_POINT('',(11.1542597660789,23.4948106553203,6.52194514426635));
#7947=CARTESIAN_POINT('',(11.1636347660789,23.3170658690805,6.52194514426635));
#7948=CARTESIAN_POINT('',(11.1823847660789,22.9616515550677,6.45123493073236));
#7949=CARTESIAN_POINT('',(11.2105097660789,22.5096516325943,6.149234022726));
#7950=CARTESIAN_POINT('',(11.2386347660789,22.2076507245879,5.69723410025256));
#7951=CARTESIAN_POINT('',(11.2667597660789,22.101585404287,5.164075));
#7952=CARTESIAN_POINT('',(11.2948847660789,22.2076507245879,4.63091589974744));
#7953=CARTESIAN_POINT('',(11.3230097660789,22.5096516325943,4.17891597727399));
#7954=CARTESIAN_POINT('',(11.3511347660789,22.9616515550677,3.87691506926763));
#7955=CARTESIAN_POINT('',(11.3792597660789,23.4948106553203,3.77084974896666));
#7956=CARTESIAN_POINT('',(11.4073847660789,24.0279697555729,3.87691506926763));
#7957=CARTESIAN_POINT('',(11.4355097660789,24.4799696780463,4.17891597727399));
#7958=CARTESIAN_POINT('',(11.4636347660789,24.7819705860527,4.63091589974744));
#7959=CARTESIAN_POINT('',(11.4917597660789,24.8880359063536,5.164075));
#7960=CARTESIAN_POINT('',(11.5198847660789,24.7819705860527,5.69723410025256));
#7961=CARTESIAN_POINT('',(11.5480097660789,24.4799696780463,6.149234022726));
#7962=CARTESIAN_POINT('',(11.5761347660789,24.0279697555729,6.45123493073236));
#7963=CARTESIAN_POINT('',(11.6042597660789,23.4948106553203,6.55730025103334));
#7964=CARTESIAN_POINT('',(11.6323847660789,22.9616515550677,6.45123493073236));
#7965=CARTESIAN_POINT('',(11.6605097660789,22.5096516325943,6.149234022726));
#7966=CARTESIAN_POINT('',(11.6886347660789,22.2076507245879,5.69723410025256));
#7967=CARTESIAN_POINT('',(11.7167597660789,22.101585404287,5.164075));
#7968=CARTESIAN_POINT('',(11.7448847660789,22.2076507245879,4.63091589974744));
#7969=CARTESIAN_POINT('',(11.7730097660789,22.5096516325943,4.17891597727399));
#7970=CARTESIAN_POINT('',(11.8011347660789,22.9616515550677,3.87691506926763));
#7971=CARTESIAN_POINT('',(11.8292597660789,23.4948106553203,3.77084974896666));
#7972=CARTESIAN_POINT('',(11.8573847660789,24.0279697555729,3.87691506926763));
#7973=CARTESIAN_POINT('',(11.8855097660789,24.4799696780463,4.17891597727399));
#7974=CARTESIAN_POINT('',(11.9136347660789,24.7819705860527,4.63091589974744));
#7975=CARTESIAN_POINT('',(11.9417597660789,24.8880359063536,5.164075));
#7976=CARTESIAN_POINT('',(11.9698847660789,24.7819705860527,5.69723410025256));
#7977=CARTESIAN_POINT('',(11.9980097660789,24.4799696780463,6.149234022726));
#7978=CARTESIAN_POINT('',(12.0261347660789,24.0279697555729,6.45123493073236));
#7979=CARTESIAN_POINT('',(12.0542597660789,23.4948106553203,6.55730025103334));
#7980=CARTESIAN_POINT('',(12.0823847660789,22.9616515550677,6.45123493073236));
#7981=CARTESIAN_POINT('',(12.1105097660789,22.5096516325943,6.149234022726));
#7982=CARTESIAN_POINT('',(12.1386347660789,22.2076507245879,5.69723410025256));
#7983=CARTESIAN_POINT('',(12.1667597660789,22.101585404287,5.164075));
#7984=CARTESIAN_POINT('',(12.1948847660789,22.2076507245879,4.63091589974744));
#7985=CARTESIAN_POINT('',(12.2230097660789,22.5096516325943,4.17891597727399));
#7986=CARTESIAN_POINT('',(12.2511347660789,22.9616515550677,3.87691506926763));
#7987=CARTESIAN_POINT('',(12.2792597660789,23.4948106553203,3.77084974896666));
#7988=CARTESIAN_POINT('',(12.3073847660789,24.0279697555729,3.87691506926763));
#7989=CARTESIAN_POINT('',(12.3355097660789,24.4799696780463,4.17891597727399));
#7990=CARTESIAN_POINT('',(12.3636347660789,24.7819705860527,4.63091589974744));
#7991=CARTESIAN_POINT('',(12.3917597660789,24.8880359063536,5.16407499999999));
#7992=CARTESIAN_POINT('',(12.4198847660789,24.7819705860527,5.69723410025256));
#7993=CARTESIAN_POINT('',(12.4480097660789,24.4799696780463,6.149234022726));
#7994=CARTESIAN_POINT('',(12.4761347660789,24.0279697555729,6.45123493073236));
#7995=CARTESIAN_POINT('',(12.5042597660789,23.4948106553203,6.55730025103334));
#7996=CARTESIAN_POINT('',(12.5323847660789,22.9616515550677,6.45123493073236));
#7997=CARTESIAN_POINT('',(12.5605097660789,22.5096516325943,6.149234022726));
#7998=CARTESIAN_POINT('',(12.5886347660789,22.2076507245879,5.69723410025256));
#7999=CARTESIAN_POINT('',(12.6167597660789,22.101585404287,5.16407499999999));
#8000=CARTESIAN_POINT('',(12.6448847660789,22.2076507245879,4.63091589974744));
#8001=CARTESIAN_POINT('',(12.6730097660789,22.5096516325943,4.17891597727399));
#8002=CARTESIAN_POINT('',(12.7011347660789,22.9616515550677,3.87691506926763));
#8003=CARTESIAN_POINT('',(12.7292597660789,23.4948106553203,3.77084974896666));
#8004=CARTESIAN_POINT('',(12.7573847660789,24.0279697555729,3.87691506926763));
#8005=CARTESIAN_POINT('',(12.7855097660789,24.4799696780463,4.17891597727399));
#8006=CARTESIAN_POINT('',(12.8136347660789,24.7819705860527,4.63091589974744));
#8007=CARTESIAN_POINT('',(12.8417597660789,24.8880359063536,5.16407499999999));
#8008=CARTESIAN_POINT('',(12.8698847660789,24.7819705860527,5.69723410025256));
#8009=CARTESIAN_POINT('',(12.8980097660789,24.4799696780463,6.149234022726));
#8010=CARTESIAN_POINT('',(12.9261347660789,24.0279697555729,6.45123493073236));
#8011=CARTESIAN_POINT('',(12.9542597660789,23.4948106553203,6.55730025103334));
#8012=CARTESIAN_POINT('',(12.9823847660789,22.9616515550677,6.45123493073236));
#8013=CARTESIAN_POINT('',(13.0105097660789,22.5096516325943,6.149234022726));
#8014=CARTESIAN_POINT('',(13.0386347660789,22.2076507245879,5.69723410025256));
#8015=CARTESIAN_POINT('',(13.0667597660789,22.101585404287,5.16407499999999));
#8016=CARTESIAN_POINT('',(13.0948847660789,22.2076507245879,4.63091589974744));
#8017=CARTESIAN_POINT('',(13.1230097660789,22.5096516325943,4.17891597727399));
#8018=CARTESIAN_POINT('',(13.1511347660789,22.9616515550677,3.87691506926763));
#8019=CARTESIAN_POINT('',(13.1792597660789,23.4948106553203,3.77084974896666));
#8020=CARTESIAN_POINT('',(13.2073847660789,24.0279697555729,3.87691506926763));
#8021=CARTESIAN_POINT('',(13.2355097660789,24.4799696780463,4.17891597727399));
#8022=CARTESIAN_POINT('',(13.2636347660789,24.7819705860527,4.63091589974744));
#8023=CARTESIAN_POINT('',(13.2917597660789,24.8880359063536,5.16407499999999));
#8024=CARTESIAN_POINT('',(13.3198847660789,24.7819705860527,5.69723410025256));
#8025=CARTESIAN_POINT('',(13.3480097660789,24.4799696780463,6.149234022726));
#8026=CARTESIAN_POINT('',(13.3761347660789,24.0279697555729,6.45123493073236));
#8027=CARTESIAN_POINT('',(13.4042597660789,23.4948106553203,6.55730025103334));
#8028=CARTESIAN_POINT('',(13.4323847660789,22.9616515550677,6.45123493073236));
#8029=CARTESIAN_POINT('',(13.4605097660789,22.5096516325943,6.14923402272601));
#8030=CARTESIAN_POINT('',(13.4886347660789,22.2076507245879,5.69723410025255));
#8031=CARTESIAN_POINT('',(13.5167597660789,22.101585404287,5.164075));
#8032=CARTESIAN_POINT('',(13.5448847660789,22.2076507245879,4.63091589974744));
#8033=CARTESIAN_POINT('',(13.5730097660789,22.5096516325943,4.17891597727399));
#8034=CARTESIAN_POINT('',(13.6011347660789,22.9616515550677,3.87691506926763));
#8035=CARTESIAN_POINT('',(13.6292597660789,23.4948106553203,3.77084974896666));
#8036=CARTESIAN_POINT('',(13.6573847660789,24.0279697555729,3.87691506926763));
#8037=CARTESIAN_POINT('',(13.6855097660789,24.4799696780463,4.17891597727399));
#8038=CARTESIAN_POINT('',(13.7136347660789,24.7819705860527,4.63091589974744));
#8039=CARTESIAN_POINT('',(13.7417597660789,24.8880359063536,5.16407499999999));
#8040=CARTESIAN_POINT('',(13.7698847660789,24.7819705860527,5.69723410025255));
#8041=CARTESIAN_POINT('',(13.7980097660789,24.4799696780463,6.14923402272601));
#8042=CARTESIAN_POINT('',(13.8261347660789,24.0279697555729,6.45123493073236));
#8043=CARTESIAN_POINT('',(13.8542597660789,23.4948106553203,6.55730025103334));
#8044=CARTESIAN_POINT('',(13.8823847660789,22.9616515550677,6.45123493073236));
#8045=CARTESIAN_POINT('',(13.9105097660789,22.5096516325943,6.14923402272601));
#8046=CARTESIAN_POINT('',(13.9386347660789,22.2076507245879,5.69723410025255));
#8047=CARTESIAN_POINT('',(13.9667597660789,22.101585404287,5.164075));
#8048=CARTESIAN_POINT('',(13.9948847660789,22.2076507245879,4.63091589974744));
#8049=CARTESIAN_POINT('',(14.0230097660789,22.5096516325943,4.17891597727399));
#8050=CARTESIAN_POINT('',(14.0511347660789,22.9616515550677,3.87691506926764));
#8051=CARTESIAN_POINT('',(14.0792597660789,23.4948106553203,3.77084974896666));
#8052=CARTESIAN_POINT('',(14.1073847660789,24.0279697555729,3.87691506926763));
#8053=CARTESIAN_POINT('',(14.1355097660789,24.4799696780463,4.17891597727399));
#8054=CARTESIAN_POINT('',(14.1636347660789,24.7819705860527,4.63091589974744));
#8055=CARTESIAN_POINT('',(14.1917597660789,24.8880359063536,5.16407499999999));
#8056=CARTESIAN_POINT('',(14.2198847660789,24.7819705860527,5.69723410025255));
#8057=CARTESIAN_POINT('',(14.2480097660789,24.4799696780463,6.14923402272601));
#8058=CARTESIAN_POINT('',(14.2761347660789,24.0279697555729,6.45123493073236));
#8059=CARTESIAN_POINT('',(14.3042597660789,23.4948106553203,6.55730025103334));
#8060=CARTESIAN_POINT('',(14.3323847660789,22.9616515550677,6.45123493073236));
#8061=CARTESIAN_POINT('',(14.3605097660789,22.5096516325943,6.14923402272601));
#8062=CARTESIAN_POINT('',(14.3886347660789,22.2076507245879,5.69723410025255));
#8063=CARTESIAN_POINT('',(14.4167597660789,22.101585404287,5.164075));
#8064=CARTESIAN_POINT('',(14.4448847660789,22.2076507245879,4.63091589974744));
#8065=CARTESIAN_POINT('',(14.4730097660789,22.5096516325943,4.17891597727399));
#8066=CARTESIAN_POINT('',(14.5011347660789,22.9616515550677,3.87691506926764));
#8067=CARTESIAN_POINT('',(14.5292597660789,23.4948106553203,3.77084974896666));
#8068=CARTESIAN_POINT('',(14.5573847660789,24.0279697555729,3.87691506926763));
#8069=CARTESIAN_POINT('',(14.5855097660789,24.4799696780463,4.17891597727399));
#8070=CARTESIAN_POINT('',(14.6136347660789,24.7819705860527,4.63091589974743));
#8071=CARTESIAN_POINT('',(14.6417597660789,24.8880359063536,5.16407499999999));
#8072=CARTESIAN_POINT('',(14.6698847660789,24.7819705860527,5.69723410025255));
#8073=CARTESIAN_POINT('',(14.6980097660789,24.4799696780463,6.14923402272601));
#8074=CARTESIAN_POINT('',(14.7261347660789,24.0279697555729,6.45123493073236));
#8075=CARTESIAN_POINT('',(14.7542597660789,23.4948106553203,6.55730025103334));
#8076=CARTESIAN_POINT('',(14.7823847660789,22.9616515550677,6.45123493073236));
#8077=CARTESIAN_POINT('',(14.8105097660789,22.5096516325943,6.14923402272601));
#8078=CARTESIAN_POINT('',(14.8386347660789,22.2076507245879,5.69723410025255));
#8079=CARTESIAN_POINT('',(14.8667597660789,22.101585404287,5.164075));
#8080=CARTESIAN_POINT('',(14.8948847660789,22.2076507245879,4.63091589974744));
#8081=CARTESIAN_POINT('',(14.9230097660789,22.5096516325943,4.17891597727399));
#8082=CARTESIAN_POINT('',(14.9511347660789,22.9616515550677,3.87691506926764));
#8083=CARTESIAN_POINT('',(14.9792597660789,23.4948106553203,3.77084974896666));
#8084=CARTESIAN_POINT('',(15.0073847660789,24.0279697555729,3.87691506926763));
#8085=CARTESIAN_POINT('',(15.0355097660789,24.4799696780463,4.17891597727399));
#8086=CARTESIAN_POINT('',(15.0636347660789,24.7819705860527,4.63091589974743));
#8087=CARTESIAN_POINT('',(15.0917597660789,24.8880359063536,5.16407499999999));
#8088=CARTESIAN_POINT('',(15.1198847660789,24.7819705860527,5.69723410025255));
#8089=CARTESIAN_POINT('',(15.1480097660789,24.4799696780463,6.14923402272601));
#8090=CARTESIAN_POINT('',(15.1761347660789,24.0279697555729,6.45123493073236));
#8091=CARTESIAN_POINT('',(15.2042597660789,23.4948106553203,6.55730025103334));
#8092=CARTESIAN_POINT('',(15.2323847660789,22.9616515550677,6.45123493073236));
#8093=CARTESIAN_POINT('',(15.2605097660789,22.5096516325943,6.14923402272601));
#8094=CARTESIAN_POINT('',(15.2886347660789,22.2076507245879,5.69723410025255));
#8095=CARTESIAN_POINT('',(15.3167597660789,22.101585404287,5.164075));
#8096=CARTESIAN_POINT('',(15.3448847660789,22.2076507245879,4.63091589974744));
#8097=CARTESIAN_POINT('',(15.3730097660789,22.5096516325943,4.178915977274));
#8098=CARTESIAN_POINT('',(15.4011347660789,22.9616515550677,3.87691506926764));
#8099=CARTESIAN_POINT('',(15.4292597660789,23.4948106553203,3.77084974896666));
#8100=CARTESIAN_POINT('',(15.4573847660789,24.0279697555729,3.87691506926763));
#8101=CARTESIAN_POINT('',(15.4855097660789,24.4799696780463,4.17891597727399));
#8102=CARTESIAN_POINT('',(15.5136347660789,24.7819705860527,4.63091589974743));
#8103=CARTESIAN_POINT('',(15.5417597660789,24.8880359063536,5.16407499999999));
#8104=CARTESIAN_POINT('',(15.5698847660789,24.7819705860527,5.69723410025254));
#8105=CARTESIAN_POINT('',(15.5980097660789,24.4799696780463,6.14923402272601));
#8106=CARTESIAN_POINT('',(15.6261347660789,24.0279697555729,6.45123493073236));
#8107=CARTESIAN_POINT('',(15.6510918925927,23.5548632980788,6.54535353046515));
#8108=CARTESIAN_POINT('',(15.6666740191066,23.2594765406689,6.50644660404007));
#8109=CARTESIAN_POINT('',(15.6728811456205,23.1457354296061,6.47623293353739));
#8110=CARTESIAN_POINT('',(10.9996048661788,23.4948106553203,6.254075));
#8111=CARTESIAN_POINT('',(11.0089798661788,23.3521299889698,6.254075));
#8112=CARTESIAN_POINT('',(11.0277298661788,23.066829068326,6.19731395176759));
#8113=CARTESIAN_POINT('',(11.0558548661788,22.7039962027708,5.95488945254953));
#8114=CARTESIAN_POINT('',(11.0839798661788,22.4615717035527,5.5920565869943));
#8115=CARTESIAN_POINT('',(11.1121048661788,22.3764301312041,5.164075));
#8116=CARTESIAN_POINT('',(11.1402298661788,22.4615717035527,4.7360934130057));
#8117=CARTESIAN_POINT('',(11.1683548661788,22.7039962027708,4.37326054745047));
#8118=CARTESIAN_POINT('',(11.1964798661788,23.066829068326,4.1308360482324));
#8119=CARTESIAN_POINT('',(11.2246048661788,23.4948106553203,4.0456944758838));
#8120=CARTESIAN_POINT('',(11.2527298661788,23.9227922423146,4.1308360482324));
#8121=CARTESIAN_POINT('',(11.2808548661788,24.2856251078698,4.37326054745047));
#8122=CARTESIAN_POINT('',(11.3089798661788,24.5280496070879,4.7360934130057));
#8123=CARTESIAN_POINT('',(11.3371048661788,24.6131911794365,5.164075));
#8124=CARTESIAN_POINT('',(11.3652298661788,24.5280496070879,5.5920565869943));
#8125=CARTESIAN_POINT('',(11.3933548661788,24.2856251078698,5.95488945254953));
#8126=CARTESIAN_POINT('',(11.4214798661788,23.9227922423146,6.19731395176759));
#8127=CARTESIAN_POINT('',(11.4496048661788,23.4948106553203,6.2824555241162));
#8128=CARTESIAN_POINT('',(11.4777298661788,23.066829068326,6.19731395176759));
#8129=CARTESIAN_POINT('',(11.5058548661788,22.7039962027708,5.95488945254953));
#8130=CARTESIAN_POINT('',(11.5339798661788,22.4615717035527,5.5920565869943));
#8131=CARTESIAN_POINT('',(11.5621048661788,22.3764301312041,5.164075));
#8132=CARTESIAN_POINT('',(11.5902298661788,22.4615717035527,4.7360934130057));
#8133=CARTESIAN_POINT('',(11.6183548661788,22.7039962027708,4.37326054745047));
#8134=CARTESIAN_POINT('',(11.6464798661788,23.066829068326,4.1308360482324));
#8135=CARTESIAN_POINT('',(11.6746048661788,23.4948106553203,4.0456944758838));
#8136=CARTESIAN_POINT('',(11.7027298661788,23.9227922423146,4.1308360482324));
#8137=CARTESIAN_POINT('',(11.7308548661788,24.2856251078698,4.37326054745047));
#8138=CARTESIAN_POINT('',(11.7589798661788,24.5280496070879,4.7360934130057));
#8139=CARTESIAN_POINT('',(11.7871048661788,24.6131911794365,5.164075));
#8140=CARTESIAN_POINT('',(11.8152298661788,24.5280496070879,5.5920565869943));
#8141=CARTESIAN_POINT('',(11.8433548661788,24.2856251078698,5.95488945254953));
#8142=CARTESIAN_POINT('',(11.8714798661788,23.9227922423146,6.19731395176759));
#8143=CARTESIAN_POINT('',(11.8996048661788,23.4948106553203,6.2824555241162));
#8144=CARTESIAN_POINT('',(11.9277298661788,23.066829068326,6.19731395176759));
#8145=CARTESIAN_POINT('',(11.9558548661788,22.7039962027708,5.95488945254953));
#8146=CARTESIAN_POINT('',(11.9839798661788,22.4615717035527,5.5920565869943));
#8147=CARTESIAN_POINT('',(12.0121048661788,22.3764301312041,5.164075));
#8148=CARTESIAN_POINT('',(12.0402298661788,22.4615717035527,4.7360934130057));
#8149=CARTESIAN_POINT('',(12.0683548661788,22.7039962027708,4.37326054745047));
#8150=CARTESIAN_POINT('',(12.0964798661788,23.066829068326,4.1308360482324));
#8151=CARTESIAN_POINT('',(12.1246048661788,23.4948106553203,4.0456944758838));
#8152=CARTESIAN_POINT('',(12.1527298661788,23.9227922423146,4.1308360482324));
#8153=CARTESIAN_POINT('',(12.1808548661788,24.2856251078698,4.37326054745047));
#8154=CARTESIAN_POINT('',(12.2089798661788,24.5280496070879,4.7360934130057));
#8155=CARTESIAN_POINT('',(12.2371048661788,24.6131911794365,5.16407499999999));
#8156=CARTESIAN_POINT('',(12.2652298661788,24.5280496070879,5.5920565869943));
#8157=CARTESIAN_POINT('',(12.2933548661788,24.2856251078698,5.95488945254953));
#8158=CARTESIAN_POINT('',(12.3214798661788,23.9227922423146,6.19731395176759));
#8159=CARTESIAN_POINT('',(12.3496048661788,23.4948106553203,6.2824555241162));
#8160=CARTESIAN_POINT('',(12.3777298661788,23.066829068326,6.1973139517676));
#8161=CARTESIAN_POINT('',(12.4058548661788,22.7039962027708,5.95488945254953));
#8162=CARTESIAN_POINT('',(12.4339798661788,22.4615717035527,5.5920565869943));
#8163=CARTESIAN_POINT('',(12.4621048661788,22.3764301312041,5.16407499999999));
#8164=CARTESIAN_POINT('',(12.4902298661788,22.4615717035527,4.7360934130057));
#8165=CARTESIAN_POINT('',(12.5183548661788,22.7039962027708,4.37326054745047));
#8166=CARTESIAN_POINT('',(12.5464798661788,23.066829068326,4.1308360482324));
#8167=CARTESIAN_POINT('',(12.5746048661788,23.4948106553203,4.0456944758838));
#8168=CARTESIAN_POINT('',(12.6027298661788,23.9227922423146,4.1308360482324));
#8169=CARTESIAN_POINT('',(12.6308548661788,24.2856251078698,4.37326054745047));
#8170=CARTESIAN_POINT('',(12.6589798661788,24.5280496070879,4.7360934130057));
#8171=CARTESIAN_POINT('',(12.6871048661788,24.6131911794365,5.16407499999999));
#8172=CARTESIAN_POINT('',(12.7152298661788,24.5280496070879,5.5920565869943));
#8173=CARTESIAN_POINT('',(12.7433548661788,24.2856251078698,5.95488945254953));
#8174=CARTESIAN_POINT('',(12.7714798661788,23.9227922423146,6.19731395176759));
#8175=CARTESIAN_POINT('',(12.7996048661788,23.4948106553203,6.2824555241162));
#8176=CARTESIAN_POINT('',(12.8277298661788,23.066829068326,6.1973139517676));
#8177=CARTESIAN_POINT('',(12.8558548661788,22.7039962027708,5.95488945254953));
#8178=CARTESIAN_POINT('',(12.8839798661788,22.4615717035527,5.5920565869943));
#8179=CARTESIAN_POINT('',(12.9121048661788,22.3764301312041,5.164075));
#8180=CARTESIAN_POINT('',(12.9402298661788,22.4615717035527,4.7360934130057));
#8181=CARTESIAN_POINT('',(12.9683548661788,22.7039962027708,4.37326054745047));
#8182=CARTESIAN_POINT('',(12.9964798661788,23.066829068326,4.1308360482324));
#8183=CARTESIAN_POINT('',(13.0246048661788,23.4948106553203,4.0456944758838));
#8184=CARTESIAN_POINT('',(13.0527298661788,23.9227922423146,4.1308360482324));
#8185=CARTESIAN_POINT('',(13.0808548661788,24.2856251078698,4.37326054745047));
#8186=CARTESIAN_POINT('',(13.1089798661788,24.5280496070879,4.7360934130057));
#8187=CARTESIAN_POINT('',(13.1371048661788,24.6131911794365,5.16407499999999));
#8188=CARTESIAN_POINT('',(13.1652298661788,24.5280496070879,5.5920565869943));
#8189=CARTESIAN_POINT('',(13.1933548661788,24.2856251078698,5.95488945254953));
#8190=CARTESIAN_POINT('',(13.2214798661788,23.9227922423146,6.19731395176759));
#8191=CARTESIAN_POINT('',(13.2496048661788,23.4948106553203,6.2824555241162));
#8192=CARTESIAN_POINT('',(13.2777298661788,23.066829068326,6.19731395176759));
#8193=CARTESIAN_POINT('',(13.3058548661788,22.7039962027708,5.95488945254953));
#8194=CARTESIAN_POINT('',(13.3339798661788,22.4615717035527,5.59205658699429));
#8195=CARTESIAN_POINT('',(13.3621048661788,22.3764301312041,5.164075));
#8196=CARTESIAN_POINT('',(13.3902298661788,22.4615717035527,4.7360934130057));
#8197=CARTESIAN_POINT('',(13.4183548661788,22.7039962027708,4.37326054745047));
#8198=CARTESIAN_POINT('',(13.4464798661788,23.066829068326,4.1308360482324));
#8199=CARTESIAN_POINT('',(13.4746048661788,23.4948106553203,4.04569447588379));
#8200=CARTESIAN_POINT('',(13.5027298661788,23.9227922423146,4.1308360482324));
#8201=CARTESIAN_POINT('',(13.5308548661788,24.2856251078698,4.37326054745047));
#8202=CARTESIAN_POINT('',(13.5589798661788,24.5280496070879,4.7360934130057));
#8203=CARTESIAN_POINT('',(13.5871048661788,24.6131911794365,5.16407499999999));
#8204=CARTESIAN_POINT('',(13.6152298661788,24.5280496070879,5.59205658699429));
#8205=CARTESIAN_POINT('',(13.6433548661788,24.2856251078698,5.95488945254953));
#8206=CARTESIAN_POINT('',(13.6714798661788,23.9227922423146,6.19731395176759));
#8207=CARTESIAN_POINT('',(13.6996048661788,23.4948106553203,6.2824555241162));
#8208=CARTESIAN_POINT('',(13.7277298661788,23.066829068326,6.19731395176759));
#8209=CARTESIAN_POINT('',(13.7558548661788,22.7039962027708,5.95488945254953));
#8210=CARTESIAN_POINT('',(13.7839798661788,22.4615717035527,5.59205658699429));
#8211=CARTESIAN_POINT('',(13.8121048661788,22.3764301312041,5.164075));
#8212=CARTESIAN_POINT('',(13.8402298661788,22.4615717035527,4.7360934130057));
#8213=CARTESIAN_POINT('',(13.8683548661788,22.7039962027708,4.37326054745047));
#8214=CARTESIAN_POINT('',(13.8964798661788,23.066829068326,4.1308360482324));
#8215=CARTESIAN_POINT('',(13.9246048661788,23.4948106553203,4.04569447588379));
#8216=CARTESIAN_POINT('',(13.9527298661788,23.9227922423146,4.1308360482324));
#8217=CARTESIAN_POINT('',(13.9808548661788,24.2856251078698,4.37326054745047));
#8218=CARTESIAN_POINT('',(14.0089798661788,24.5280496070879,4.7360934130057));
#8219=CARTESIAN_POINT('',(14.0371048661788,24.6131911794365,5.16407499999999));
#8220=CARTESIAN_POINT('',(14.0652298661788,24.5280496070879,5.59205658699429));
#8221=CARTESIAN_POINT('',(14.0933548661788,24.2856251078698,5.95488945254953));
#8222=CARTESIAN_POINT('',(14.1214798661788,23.9227922423146,6.19731395176759));
#8223=CARTESIAN_POINT('',(14.1496048661788,23.4948106553203,6.2824555241162));
#8224=CARTESIAN_POINT('',(14.1777298661788,23.066829068326,6.19731395176759));
#8225=CARTESIAN_POINT('',(14.2058548661788,22.7039962027708,5.95488945254954));
#8226=CARTESIAN_POINT('',(14.2339798661788,22.4615717035527,5.59205658699429));
#8227=CARTESIAN_POINT('',(14.2621048661788,22.3764301312041,5.164075));
#8228=CARTESIAN_POINT('',(14.2902298661788,22.4615717035527,4.7360934130057));
#8229=CARTESIAN_POINT('',(14.3183548661788,22.7039962027708,4.37326054745047));
#8230=CARTESIAN_POINT('',(14.3464798661788,23.066829068326,4.1308360482324));
#8231=CARTESIAN_POINT('',(14.3746048661788,23.4948106553203,4.04569447588379));
#8232=CARTESIAN_POINT('',(14.4027298661788,23.9227922423146,4.1308360482324));
#8233=CARTESIAN_POINT('',(14.4308548661788,24.2856251078698,4.37326054745046));
#8234=CARTESIAN_POINT('',(14.4589798661788,24.5280496070879,4.7360934130057));
#8235=CARTESIAN_POINT('',(14.4871048661788,24.6131911794365,5.16407499999999));
#8236=CARTESIAN_POINT('',(14.5152298661788,24.5280496070879,5.59205658699429));
#8237=CARTESIAN_POINT('',(14.5433548661788,24.2856251078698,5.95488945254953));
#8238=CARTESIAN_POINT('',(14.5714798661788,23.9227922423146,6.19731395176759));
#8239=CARTESIAN_POINT('',(14.5996048661788,23.4948106553203,6.2824555241162));
#8240=CARTESIAN_POINT('',(14.6277298661788,23.066829068326,6.19731395176759));
#8241=CARTESIAN_POINT('',(14.6558548661788,22.7039962027708,5.95488945254954));
#8242=CARTESIAN_POINT('',(14.6839798661788,22.4615717035527,5.59205658699429));
#8243=CARTESIAN_POINT('',(14.7121048661788,22.3764301312041,5.164075));
#8244=CARTESIAN_POINT('',(14.7402298661788,22.4615717035527,4.7360934130057));
#8245=CARTESIAN_POINT('',(14.7683548661788,22.7039962027708,4.37326054745047));
#8246=CARTESIAN_POINT('',(14.7964798661788,23.066829068326,4.1308360482324));
#8247=CARTESIAN_POINT('',(14.8246048661788,23.4948106553203,4.04569447588379));
#8248=CARTESIAN_POINT('',(14.8527298661788,23.9227922423146,4.1308360482324));
#8249=CARTESIAN_POINT('',(14.8808548661788,24.2856251078698,4.37326054745046));
#8250=CARTESIAN_POINT('',(14.9089798661788,24.5280496070879,4.7360934130057));
#8251=CARTESIAN_POINT('',(14.9371048661788,24.6131911794365,5.16407499999999));
#8252=CARTESIAN_POINT('',(14.9652298661788,24.5280496070879,5.59205658699429));
#8253=CARTESIAN_POINT('',(14.9933548661788,24.2856251078698,5.95488945254953));
#8254=CARTESIAN_POINT('',(15.0214798661788,23.9227922423146,6.19731395176759));
#8255=CARTESIAN_POINT('',(15.0496048661788,23.4948106553203,6.2824555241162));
#8256=CARTESIAN_POINT('',(15.0777298661788,23.066829068326,6.19731395176759));
#8257=CARTESIAN_POINT('',(15.1058548661788,22.7039962027708,5.95488945254954));
#8258=CARTESIAN_POINT('',(15.1339798661788,22.4615717035527,5.59205658699429));
#8259=CARTESIAN_POINT('',(15.1621048661788,22.3764301312041,5.164075));
#8260=CARTESIAN_POINT('',(15.1902298661788,22.4615717035527,4.7360934130057));
#8261=CARTESIAN_POINT('',(15.2183548661788,22.7039962027708,4.37326054745047));
#8262=CARTESIAN_POINT('',(15.2464798661788,23.066829068326,4.1308360482324));
#8263=CARTESIAN_POINT('',(15.2746048661788,23.4948106553203,4.04569447588379));
#8264=CARTESIAN_POINT('',(15.3027298661788,23.9227922423146,4.1308360482324));
#8265=CARTESIAN_POINT('',(15.3308548661788,24.2856251078698,4.37326054745046));
#8266=CARTESIAN_POINT('',(15.3589798661788,24.5280496070879,4.73609341300569));
#8267=CARTESIAN_POINT('',(15.3871048661788,24.6131911794365,5.16407499999999));
#8268=CARTESIAN_POINT('',(15.4152298661788,24.5280496070879,5.59205658699429));
#8269=CARTESIAN_POINT('',(15.4433548661788,24.2856251078698,5.95488945254953));
#8270=CARTESIAN_POINT('',(15.4714798661788,23.9227922423146,6.19731395176759));
#8271=CARTESIAN_POINT('',(15.4964369926927,23.5430165761023,6.27286556039669));
#8272=CARTESIAN_POINT('',(15.5120191192065,23.3059014388881,6.24163389219748));
#8273=CARTESIAN_POINT('',(15.5182262457204,23.2145982965502,6.21738054147246));
#8274=CARTESIAN_POINT('',(17.2505719403976,24.4985727858316,5.90903243862085));
#8275=CARTESIAN_POINT('',(17.2435801893395,24.5715418374133,5.81071330402685));
#8276=CARTESIAN_POINT('',(17.2364061806597,24.6305219227983,5.70040617893162));
#8277=CARTESIAN_POINT('',(17.2294202857228,24.6717639087956,5.58512254973026));
#8278=CARTESIAN_POINT('',(17.2214246054379,24.7189672717619,5.45317509711182));
#8279=CARTESIAN_POINT('',(17.2132436818973,24.7440013852737,5.31124891287308));
#8280=CARTESIAN_POINT('',(17.2052076256959,24.7447908205482,5.1711167708652));
#8281=CARTESIAN_POINT('',(17.1971715386659,24.7455802588512,5.03098409126887));
#8282=CARTESIAN_POINT('',(17.1890877166462,24.7221449139028,4.8887789601454));
#8283=CARTESIAN_POINT('',(17.1810206261855,24.6764319797024,4.7563115320858));
#8284=CARTESIAN_POINT('',(17.1729534974985,24.6307188288892,4.62384347632325));
#8285=CARTESIAN_POINT('',(17.1649021260622,24.5614624248811,4.49744804587796));
#8286=CARTESIAN_POINT('',(17.1568359590274,24.4744171380794,4.38762723038746));
#8287=CARTESIAN_POINT('',(17.1487697676263,24.3873715883315,4.27780608315055));
#8288=CARTESIAN_POINT('',(17.1406884375461,24.2801289120682,4.18152054930845));
#8289=CARTESIAN_POINT('',(17.1326471317034,24.1615957772593,4.10676823223545));
#8290=CARTESIAN_POINT('',(17.1246058409858,24.0430628654024,4.03201605576602));
#8291=CARTESIAN_POINT('',(17.1164586826283,23.9099673719944,3.97673205375505));
#8292=CARTESIAN_POINT('',(17.1084443180764,23.7733539665337,3.94550468041309));
#8293=CARTESIAN_POINT('',(17.1004299830478,23.6367410643315,3.91427742210702));
#8294=CARTESIAN_POINT('',(17.0922186598972,23.4928487187925,3.90624562046817));
#8295=CARTESIAN_POINT('',(17.0842274730743,23.3536079210459,3.92207589056663));
#8296=CARTESIAN_POINT('',(17.0762363259355,23.2143678147658,3.93790608205234));
#8297=CARTESIAN_POINT('',(17.068000853861,23.0759526437216,3.97803269736551));
#8298=CARTESIAN_POINT('',(17.0600081651476,22.9498354739656,4.03912964501281));
#8299=CARTESIAN_POINT('',(17.0520155029314,22.8237187223117,4.10022639011225));
#8300=CARTESIAN_POINT('',(17.043818901723,22.7064334746281,4.183973409614));
#8301=CARTESIAN_POINT('',(17.0357924800247,22.6077058090127,4.2834246768539));
#8302=CARTESIAN_POINT('',(17.0277660196066,22.5089776671316,4.38287642385012));
#8303=CARTESIAN_POINT('',(17.0196672031465,22.4260864479676,4.50077578276043));
#8304=CARTESIAN_POINT('',(17.0116026464639,22.3659141274908,4.62733238993954));
#8305=CARTESIAN_POINT('',(17.0035380492775,22.3057415048012,4.75388963274369));
#8306=CARTESIAN_POINT('',(16.9954862501859,22.2666243299168,4.89260535232031));
#8307=CARTESIAN_POINT('',(16.9874178900217,22.2518126544564,5.03195395758653));
#8308=CARTESIAN_POINT('',(16.9793494977956,22.2370009201375,5.17130311659591));
#8309=CARTESIAN_POINT('',(16.9712770434786,22.2460845847682,5.31514166349165));
#8310=CARTESIAN_POINT('',(16.9632310228261,22.2783097401332,5.45152155737867));
#8311=CARTESIAN_POINT('',(16.9551850142037,22.3105348473162,5.58790124735532));
#8312=CARTESIAN_POINT('',(16.9470495712204,22.3667904403687,5.72058978297226));
#8313=CARTESIAN_POINT('',(16.939030430384,22.4424081192337,5.83857400076916));
#8314=CARTESIAN_POINT('',(16.9310113150958,22.5180255571888,5.95655784268081));
#8315=CARTESIAN_POINT('',(16.9228091846803,22.6150871166758,6.0630883969838));
#8316=CARTESIAN_POINT('',(16.9148155820097,22.7255443736572,6.14933100119783));
#8317=CARTESIAN_POINT('',(16.9068220194398,22.8360010765185,6.23557317276701));
#8318=CARTESIAN_POINT('',(16.8985869856271,22.9628891292938,6.30389864061421));
#8319=CARTESIAN_POINT('',(16.8905963127379,23.0956908837753,6.34864387007973));
#8320=CARTESIAN_POINT('',(16.8826056720699,23.2284921027543,6.39338891911703));
#8321=CARTESIAN_POINT('',(16.8743957281775,23.3708566942585,6.41578313966265));
#8322=CARTESIAN_POINT('',(16.8663781129817,23.5109800877062,6.4139704154074));
#8323=CARTESIAN_POINT('',(16.8583604692437,23.6511039799833,6.41215768469898));
#8324=CARTESIAN_POINT('',(16.850245897509,23.7928473449052,6.38608622175517));
#8325=CARTESIAN_POINT('',(16.8421849201251,23.9244431867766,6.33792162026797));
#8326=CARTESIAN_POINT('',(16.83412390064,24.0560397159522,6.28975676722466));
#8327=CARTESIAN_POINT('',(16.8260695610182,24.181127034764,6.21816569045913));
#8328=CARTESIAN_POINT('',(16.8179996669866,24.2893124192114,6.12909673404229));
#8329=CARTESIAN_POINT('',(16.8099297340122,24.397498325728,6.04002734780622));
#8330=CARTESIAN_POINT('',(16.8018650293295,24.4917767047704,5.93101473398553));
#8331=CARTESIAN_POINT('',(16.7938145368158,24.5643150966664,5.81111460461558));
#8332=CARTESIAN_POINT('',(16.7857640530681,24.6368534095773,5.69121460580161));
#8333=CARTESIAN_POINT('',(16.7776402163539,24.6896572420369,5.55711427965722));
#8334=CARTESIAN_POINT('',(16.7696161461698,24.7183426337989,5.41994507961119));
#8335=CARTESIAN_POINT('',(16.7615920974115,24.747027948966,5.28277624583047));
#8336=CARTESIAN_POINT('',(16.7534000500462,24.7523867514432,5.13875822943676));
#8337=CARTESIAN_POINT('',(16.7454034749093,24.7339738277254,4.99983544278276));
#8338=CARTESIAN_POINT('',(16.7374069394663,24.7155609954069,4.86091334572325));
#8339=CARTESIAN_POINT('',(16.7291741705473,24.6728711522991,4.72326669907006));
#8340=CARTESIAN_POINT('',(16.7211845952226,24.6094427621583,4.59830537691488));
#8341=CARTESIAN_POINT('',(16.713195056704,24.5460146642172,4.47334463042721));
#8342=CARTESIAN_POINT('',(16.7049744950058,24.4601051725994,4.35763561717571));
#8343=CARTESIAN_POINT('',(16.6969644239911,24.3588371343596,4.26077092964557));
#8344=CARTESIAN_POINT('',(16.6889543346326,24.2575688642061,4.16390602028591));
#8345=CARTESIAN_POINT('',(16.6808238196605,24.1381524543113,4.08321947744704));
#8346=CARTESIAN_POINT('',(16.6727675317811,24.0105002753383,4.02540726277127));
#8347=CARTESIAN_POINT('',(16.6647112013783,23.8828474225818,3.96759474294663));
#8348=CARTESIAN_POINT('',(16.656652042429,23.7434299939411,3.93106010512651));
#8349=CARTESIAN_POINT('',(16.6485813417973,23.6038308092853,3.91883823294349));
#8350=CARTESIAN_POINT('',(16.6405105965574,23.4642308530419,3.90661629320817));
#8351=CARTESIAN_POINT('',(16.6324523435696,23.3205850027042,3.9183690936671));
#8352=CARTESIAN_POINT('',(16.6243976914657,23.1848274548718,3.95312065922591));
#8353=CARTESIAN_POINT('',(16.6163430445461,23.0490699944157,3.98787220241788));
#8354=CARTESIAN_POINT('',(16.6082305347638,22.9174475557879,4.04658226165089));
#8355=CARTESIAN_POINT('',(16.600201450383,22.8008880771629,4.12437722875908));
#8356=CARTESIAN_POINT('',(16.5921723832425,22.6843288488177,4.20217202882374));
#8357=CARTESIAN_POINT('',(16.5839911422619,22.5796177696581,4.30119578947255));
#8358=CARTESIAN_POINT('',(16.5759911034256,22.4954410536463,4.41323520400498));
#8359=CARTESIAN_POINT('',(16.5679911031675,22.4112647435547,4.52527407825659));
#8360=CARTESIAN_POINT('',(16.5597622699423,22.3453067582094,4.65340943274671));
#8361=CARTESIAN_POINT('',(16.5517729347416,22.3030350460396,4.78701943761766));
#8362=CARTESIAN_POINT('',(16.5437836397702,22.2607635467231,4.92062876971398));
#8363=CARTESIAN_POINT('',(16.5355550423616,22.2410166685765,5.06338368390497));
#8364=CARTESIAN_POINT('',(16.5275513069793,22.2454309703631,5.20345015480895));
#8365=CARTESIAN_POINT('',(16.5195475631458,22.2498452768107,5.34351677361053));
#8366=CARTESIAN_POINT('',(16.5114009953408,22.2785437328007,5.48474955088377));
#8367=CARTESIAN_POINT('',(16.5033505717734,22.329143552773,5.61542874822761));
#8368=CARTESIAN_POINT('',(16.4953001069498,22.3797436320555,5.74610861526652));
#8369=CARTESIAN_POINT('',(16.4872336858325,22.4536444613249,5.86984424398186));
#8370=CARTESIAN_POINT('',(16.4791629741518,22.5447065025211,5.97635703158374));
#8371=CARTESIAN_POINT('',(16.4710922132632,22.6357690989311,6.08287046860398));
#8372=CARTESIAN_POINT('',(16.4630389426858,22.7465138263696,6.17510890813552));
#8373=CARTESIAN_POINT('',(16.4549805126499,22.8677396087768,6.24540839104409));
#8374=CARTESIAN_POINT('',(16.4469220836948,22.9889653749253,6.31570786452413));
#8375=CARTESIAN_POINT('',(16.4388204508869,23.1240242216896,6.3660132322983));
#8376=CARTESIAN_POINT('',(16.430786335989,23.2617018578048,6.39214677661607));
#8377=CARTESIAN_POINT('',(16.4227522341428,23.399379270257,6.41828027847881));
#8378=CARTESIAN_POINT('',(16.4145823547092,23.5434734314619,6.4209641947861));
#8379=CARTESIAN_POINT('',(16.4065784269298,23.6820301643395,6.39997501838448));
#8380=CARTESIAN_POINT('',(16.3985745360244,23.8205862588878,6.37898593867975));
#8381=CARTESIAN_POINT('',(16.3903511515147,23.9574172942866,6.33374745599046));
#8382=CARTESIAN_POINT('',(16.3823612607382,24.0811795191272,6.26800957938315));
#8383=CARTESIAN_POINT('',(16.3743714124642,24.2049410856102,6.20227205247088));
#8384=CARTESIAN_POINT('',(16.36613721591,24.3190345319273,6.11422930843401));
#8385=CARTESIAN_POINT('',(16.3581386626845,24.4140026678119,6.01117950605092));
#8386=CARTESIAN_POINT('',(16.3501401103285,24.5089707933731,5.90812971486973));
#8387=CARTESIAN_POINT('',(16.341977458881,24.587424992551,5.7872374156251));
#8388=CARTESIAN_POINT('',(16.333934138357,24.6428572544999,5.65853329562473));
#8389=CARTESIAN_POINT('',(16.325890780021,24.6982897770385,5.52982857058023));
#8390=CARTESIAN_POINT('',(16.3178144913489,24.7322291015377,5.38975803602596));
#8391=CARTESIAN_POINT('',(16.3097446321139,24.7418569321703,5.24995621677338));
#8392=CARTESIAN_POINT('',(16.301674719999,24.751484825892,5.11015348143047));
#8393=CARTESIAN_POINT('',(16.2936247918346,24.7370669035065,4.96675027639332));
#8394=CARTESIAN_POINT('',(16.2855630349329,24.6998009080489,4.83166186724349));
#8395=CARTESIAN_POINT('',(16.2775012742235,24.6625348949895,4.69657339428748));
#8396=CARTESIAN_POINT('',(16.2694098975558,24.6013906021188,4.56606259413461));
#8397=CARTESIAN_POINT('',(16.2613708046254,24.5214452071128,4.45096806757986));
#8398=CARTESIAN_POINT('',(16.2533317205847,24.4414999005113,4.33587366829775));
#8399=CARTESIAN_POINT('',(16.2451735886071,24.3405479734801,4.23301815025113));
#8400=CARTESIAN_POINT('',(16.2371654131948,24.2269651515701,4.15093641440521));
#8401=CARTESIAN_POINT('',(16.2291572724862,24.1133828218757,4.06885503426367));
#8402=CARTESIAN_POINT('',(16.2209406900867,23.9840440205997,4.00528714873005));
#8403=CARTESIAN_POINT('',(16.2129495106516,23.8496720053059,3.96550359107761));
#8404=CARTESIAN_POINT('',(16.2049583748854,23.7153007243063,3.92572025082782));
#8405=CARTESIAN_POINT('',(16.1967208675695,23.5722040694863,3.9086274457425));
#8406=CARTESIAN_POINT('',(16.1887263993475,23.4322430036507,3.91564186644243));
#8407=CARTESIAN_POINT('',(16.1807319405337,23.2922821025268,3.92265627888751));
#8408=CARTESIAN_POINT('',(16.1725532538012,23.1516084674896,3.95397175415838));
#8409=CARTESIAN_POINT('',(16.1645183381928,23.0218906325972,4.0069895873759));
#8410=CARTESIAN_POINT('',(16.1564833908659,22.892172285632,4.06000762988604));
#8411=CARTESIAN_POINT('',(16.148394468414,22.7698315701598,4.13619244105532));
#8412=CARTESIAN_POINT('',(16.1403263926443,22.6650280056843,4.22921631850693));
#8413=CARTESIAN_POINT('',(16.1322582611371,22.5602237171845,4.32224083860406));
#8414=CARTESIAN_POINT('',(16.1242098654951,22.470057375882,4.43467917188465));
#8415=CARTESIAN_POINT('',(16.1161453021734,22.4020210310194,4.55718881872692));
#8416=CARTESIAN_POINT('',(16.1080807290423,22.3339846034005,4.67969861458429));
#8417=CARTESIAN_POINT('',(16.0999988166965,22.2861951727705,4.81566926938937));
#8418=CARTESIAN_POINT('',(16.0919548672579,22.2626224705668,4.95380784290229));
#8419=CARTESIAN_POINT('',(16.0839109225674,22.2390497822775,5.09194633487559));
#8420=CARTESIAN_POINT('',(16.0757647537375,22.2390417406017,5.23606700562764));
#8421=CARTESIAN_POINT('',(16.067752039082,22.2625998905173,5.37420979270112));
#8422=CARTESIAN_POINT('',(16.059739356612,22.2861579458047,5.51235202488401));
#8423=CARTESIAN_POINT('',(16.0515307683406,22.3339295994405,5.64832054227219));
#8424=CARTESIAN_POINT('',(16.0435376306162,22.4019542083331,5.7708408413907));
#8425=CARTESIAN_POINT('',(16.0355445366891,22.4699784444939,5.89336046917555));
#8426=CARTESIAN_POINT('',(16.0273058562583,22.560124455452,6.00579947415113));
#8427=CARTESIAN_POINT('',(16.0193144334099,22.6649203884398,6.09883814911162));
#8428=CARTESIAN_POINT('',(16.0113230275685,22.7697160984046,6.19187662607051));
#8429=CARTESIAN_POINT('',(16.0031287608511,22.8920426810686,6.26807161344587));
#8430=CARTESIAN_POINT('',(15.9951032823102,23.0217547717893,6.32110487474691));
#8431=CARTESIAN_POINT('',(15.9870777808968,23.1514672321886,6.37413828719234));
#8432=CARTESIAN_POINT('',(15.9789736356484,23.2921419226745,6.40547042842798));
#8433=CARTESIAN_POINT('',(15.9709083410228,23.432098336378,6.41250087487326));
#8434=CARTESIAN_POINT('',(15.9628429885252,23.5720557543293,6.41953137176503));
#8435=CARTESIAN_POINT('',(15.9547941462564,23.7151663336601,6.40245331808974));
#8436=CARTESIAN_POINT('',(15.9467273658656,23.8495390449262,6.36268576651589));
#8437=CARTESIAN_POINT('',(15.9386605685362,23.9839120383478,6.32291813143822));
#8438=CARTESIAN_POINT('',(15.930587157796,24.1132659838909,6.25936074615753));
#8439=CARTESIAN_POINT('',(15.9225385425851,24.2268558935107,6.17729253303173));
#8440=CARTESIAN_POINT('',(15.9144899279542,24.3404457949447,6.09522432582014));
#8441=CARTESIAN_POINT('',(15.9063557669538,24.4414102671181,5.99237900912448));
#8442=CARTESIAN_POINT('',(15.8983382889917,24.5213687015159,5.87729206218454));
#8443=CARTESIAN_POINT('',(15.8903208404574,24.6013268424312,5.76220553766414));
#8444=CARTESIAN_POINT('',(15.8821212753423,24.6624828107517,5.6317076529394));
#8445=CARTESIAN_POINT('',(15.8741255739329,24.6997644855199,5.49662013541366));
#8446=CARTESIAN_POINT('',(15.866129915502,24.7370459598916,5.36153334401075));
#8447=CARTESIAN_POINT('',(15.8578920464076,24.7514788775197,5.21814374848542));
#8448=CARTESIAN_POINT('',(15.849902687988,24.741866754849,5.07833653355567));
#8449=CARTESIAN_POINT('',(15.8419133531283,24.7322546605235,4.93852973090414));
#8450=CARTESIAN_POINT('',(15.8337059759722,24.6983330053544,4.79846339642893));
#8451=CARTESIAN_POINT('',(15.8256889815881,24.6429152763344,4.66975144279687));
#8452=CARTESIAN_POINT('',(15.8176719738364,24.5874974549094,4.5410392745471));
#8453=CARTESIAN_POINT('',(15.8095520154126,24.5090552584673,4.42013607268083));
#8454=CARTESIAN_POINT('',(15.801490563519,24.4141014799213,4.31707772739262));
#8455=CARTESIAN_POINT('',(15.7934290524241,24.3191470040574,4.21401862526853));
#8456=CARTESIAN_POINT('',(15.7853776141491,24.2050542590714,4.12595581408018));
#8457=CARTESIAN_POINT('',(15.7773092726827,24.0813029652598,4.0602059994471));
#8458=CARTESIAN_POINT('',(15.7692409080248,23.9575513157395,3.99445599582382));
#8459=CARTESIAN_POINT('',(15.7611748656624,23.8207159796368,3.94919908013057));
#8460=CARTESIAN_POINT('',(15.7531218446671,23.6821641068792,3.92819527923877));
#8461=CARTESIAN_POINT('',(15.7450688199638,23.5436121703259,3.90719146867585));
#8462=CARTESIAN_POINT('',(15.736946540044,23.399514713799,3.90985931876488));
#8463=CARTESIAN_POINT('',(15.7289241425819,23.2618335816698,3.93597822728495));
#8464=CARTESIAN_POINT('',(15.7209017716442,23.1241529047547,3.96209704944827));
#8465=CARTESIAN_POINT('',(15.7127120944365,22.9890935878797,4.0123854641828));
#8466=CARTESIAN_POINT('',(15.7047132888483,22.8678575706213,4.08267321084559));
#8467=CARTESIAN_POINT('',(15.6967145245801,22.7466221796384,4.15296059441915));
#8468=CARTESIAN_POINT('',(15.688479295811,22.6358759772241,4.24517907350513));
#8469=CARTESIAN_POINT('',(15.6804910806779,22.5447989496136,4.35168484802858));
#8470=CARTESIAN_POINT('',(15.6725028945524,22.4537222527326,4.4581902357958));
#8471=CARTESIAN_POINT('',(15.6642850913113,22.3798123602436,4.58190937134297));
#8472=CARTESIAN_POINT('',(15.6562753321225,22.329196430695,4.71258471289383));
#8473=CARTESIAN_POINT('',(15.6482655690078,22.2785804763368,4.84326011849578));
#8474=CARTESIAN_POINT('',(15.6401296286048,22.2498662369756,4.98449025374856));
#8475=CARTESIAN_POINT('',(15.6320731457361,22.2454355976345,5.12455329415823));
#8476=CARTESIAN_POINT('',(15.6240166036485,22.2410049257261,5.26461736409723));
#8477=CARTESIAN_POINT('',(15.615960252784,22.2607371613213,5.40738546459556));
#8478=CARTESIAN_POINT('',(15.6078910744292,22.3029925712381,5.54099628416229));
#8479=CARTESIAN_POINT('',(15.5998218677301,22.3452481295841,5.67460757305985));
#8480=CARTESIAN_POINT('',(15.5917618903675,22.4111965800801,5.80275977353903));
#8481=CARTESIAN_POINT('',(15.5837047929048,22.4953592798314,5.91480594250434));
#8482=CARTESIAN_POINT('',(15.5756476871812,22.5795220658742,6.02685222634982));
#8483=CARTESIAN_POINT('',(15.5675369896982,22.6842252828015,6.12589077022788));
#8484=CARTESIAN_POINT('',(15.559509584752,22.8007765747135,6.20369834282963));
#8485=CARTESIAN_POINT('',(15.5514822033551,22.9173275247101,6.28150568717473));
#8486=CARTESIAN_POINT('',(15.5433031132791,23.0489396514786,6.34022871248959));
#8487=CARTESIAN_POINT('',(15.535300728547,23.1846959276455,6.37499566448601));
#8488=CARTESIAN_POINT('',(15.5272983827556,23.3204515432051,6.40976244730202));
#8489=CARTESIAN_POINT('',(15.5190674657761,23.4640850807554,6.42153056020417));
#8490=CARTESIAN_POINT('',(15.5110795335722,23.6036900545651,6.40932408207964));
#8491=CARTESIAN_POINT('',(15.503091634699,23.743294445854,6.39711765488832));
#8492=CARTESIAN_POINT('',(15.4948659480311,23.8827058822024,6.36060139875044));
#8493=CARTESIAN_POINT('',(15.486862229157,24.010367403279,6.30280290412563));
#8494=CARTESIAN_POINT('',(15.4788585154189,24.1380288424351,6.24500444659015));
#8495=CARTESIAN_POINT('',(15.4707065026857,24.2574529587197,6.16433200374366));
#8496=CARTESIAN_POINT('',(15.4626561795845,24.3587307837109,6.06748078466247));
#8497=CARTESIAN_POINT('',(15.4546057990747,24.4600093309373,5.97062887491332));
#8498=CARTESIAN_POINT('',(15.4465420535714,24.5459379125666,5.85492145319701));
#8499=CARTESIAN_POINT('',(15.4384728308254,24.6093785988834,5.72997101445983));
#8500=CARTESIAN_POINT('',(15.4304035755211,24.6728195411758,5.60502007156262));
#8501=CARTESIAN_POINT('',(15.4223481901085,24.7155281706954,5.46736755798702));
#8502=CARTESIAN_POINT('',(15.4142874148795,24.7339558497955,5.32845014109229));
#8503=CARTESIAN_POINT('',(15.4097133417654,24.7444126047766,5.24962169052136));
#8504=CARTESIAN_POINT('',(15.4051067173642,24.7473260969331,5.16943175285652));
#8505=CARTESIAN_POINT('',(15.4005719403976,24.7426168549467,5.09005008414907));
#8506=CARTESIAN_POINT('',(17.2505719403976,24.4985727858316,5.90903243862085));
#8507=CARTESIAN_POINT('',(17.2505719403976,23.4948106553203,5.16407500000005));
#8508=CARTESIAN_POINT('',(17.2505719403976,24.6927707768859,4.80715547527138));
#8509=CARTESIAN_POINT('',(15.4005719403976,24.1833445658428,4.12080080111435));
#8510=CARTESIAN_POINT('',(15.4031683242102,24.2211795708294,4.14577092303042));
#8511=CARTESIAN_POINT('',(15.4057795602815,24.2577073770815,4.17284167108394));
#8512=CARTESIAN_POINT('',(15.4083901869401,24.2926052192431,4.20177367828463));
#8513=CARTESIAN_POINT('',(15.4164605072139,24.4004861229246,4.29121219049073));
#8514=CARTESIAN_POINT('',(15.4245226772594,24.4943915384836,4.40054642214428));
#8515=CARTESIAN_POINT('',(15.4325747407356,24.5665197613371,4.52069362625604));
#8516=CARTESIAN_POINT('',(15.4406267967175,24.63864791706,4.64084071854531));
#8517=CARTESIAN_POINT('',(15.4487464229437,24.690993310866,4.7751209286907));
#8518=CARTESIAN_POINT('',(15.4567723324002,24.7192098056,4.91238725537504));
#8519=CARTESIAN_POINT('',(15.4647982219678,24.7474262304116,5.04965324190416));
#8520=CARTESIAN_POINT('',(15.4729863671901,24.7522928934688,5.1936889930632));
#8521=CARTESIAN_POINT('',(15.4809841635258,24.7334053598427,5.33254801840044));
#8522=CARTESIAN_POINT('',(15.4889819205022,24.7145179191675,5.47140636037356));
#8523=CARTESIAN_POINT('',(15.4972134268403,24.6713579330358,5.60890644179275));
#8524=CARTESIAN_POINT('',(15.5052028173239,24.6075028598884,5.73365033118408));
#8525=CARTESIAN_POINT('',(15.5131921696063,24.5436480920633,5.85839362411385));
#8526=CARTESIAN_POINT('',(15.5214159815338,24.4573438052247,5.97380826713708));
#8527=CARTESIAN_POINT('',(15.5294235830164,24.3557452250218,6.07032643679494));
#8528=CARTESIAN_POINT('',(15.5374311991509,24.2541464589196,6.16684478305631));
#8529=CARTESIAN_POINT('',(15.5455676139108,24.13445533961,6.24712256541778));
#8530=CARTESIAN_POINT('',(15.5536218834175,24.0066062885071,6.30449826784887));
#8531=CARTESIAN_POINT('',(15.561676195204,23.8787565662789,6.36187427146542));
#8532=CARTESIAN_POINT('',(15.5697377343016,23.7392152875493,6.39793223125579));
#8533=CARTESIAN_POINT('',(15.5778085351305,23.59957520966,6.40967701836463));
#8534=CARTESIAN_POINT('',(15.5858793823766,23.4599343286641,6.42142187302081));
#8535=CARTESIAN_POINT('',(15.5939356216113,23.3163293806,6.40917828479566));
#8536=CARTESIAN_POINT('',(15.601991712277,23.1806914666908,6.37396306727515));
#8537=CARTESIAN_POINT('',(15.6100477991956,23.0450536158715,6.33874786613448));
#8538=CARTESIAN_POINT('',(15.618156244241,22.9136323401882,6.27958829331547));
#8539=CARTESIAN_POINT('',(15.6261871818861,22.7973394508948,6.20139554785266));
#8540=CARTESIAN_POINT('',(15.6342181038346,22.6810467888999,6.1232029552203));
#8541=CARTESIAN_POINT('',(15.642395218723,22.5766744934332,6.02382178012131));
#8542=CARTESIAN_POINT('',(15.6503966429773,22.4928811512222,5.91149540968773));
#8543=CARTESIAN_POINT('',(15.6583980292188,22.4090882070928,5.79916957288916));
#8544=CARTESIAN_POINT('',(15.6666250245352,22.3435683928247,5.67080944229265));
#8545=CARTESIAN_POINT('',(15.6746144749855,22.3017534990883,5.53705572599483));
#8546=CARTESIAN_POINT('',(15.6826038842379,22.2599388209723,5.40330269940414));
#8547=CARTESIAN_POINT('',(15.6908348180129,22.2406798887659,5.26048124106971));
#8548=CARTESIAN_POINT('',(15.6988365148804,22.2455728236416,5.12043052838371));
#8549=CARTESIAN_POINT('',(15.7068382166898,22.2504657615392,4.98037972920236));
#8550=CARTESIAN_POINT('',(15.7149907048058,22.2796465993239,4.83924621150927));
#8551=CARTESIAN_POINT('',(15.7230386614713,22.3306927185953,4.70874058509688));
#8552=CARTESIAN_POINT('',(15.7310866584037,22.3817390932701,4.57823430571468));
#8553=CARTESIAN_POINT('',(15.7391563997835,22.4560622023135,4.4547521468826));
#8554=CARTESIAN_POINT('',(15.7472269017268,22.5474876448406,4.34855117213494));
#8555=CARTESIAN_POINT('',(15.7552974543308,22.6389136612691,4.24234953073601));
#8556=CARTESIAN_POINT('',(15.7633492949542,22.749972973398,4.15049002201939));
#8557=CARTESIAN_POINT('',(15.7714090056052,22.8714381753395,4.0806052259857));
#8558=CARTESIAN_POINT('',(15.7794687168674,22.9929033864924,4.01072042465223));
#8559=CARTESIAN_POINT('',(15.7875664935598,23.1281335516162,3.96087677570783));
#8560=CARTESIAN_POINT('',(15.7956024504198,23.2658995839341,3.93521385186458));
#8561=CARTESIAN_POINT('',(15.8036383957636,23.4036654188202,3.90955096479876));
#8562=CARTESIAN_POINT('',(15.8118039873312,23.5477681881479,3.90735944034015));
#8563=CARTESIAN_POINT('',(15.8198094403157,23.6862523338597,3.92882195559255));
#8564=CARTESIAN_POINT('',(15.8278148571772,23.8247358546891,3.95028437399958));
#8565=CARTESIAN_POINT('',(15.8360358869923,23.9614116776523,3.99599022183627));
#8566=CARTESIAN_POINT('',(15.8440261701623,24.0849485546015,4.06215065603084));
#8567=CARTESIAN_POINT('',(15.8520164102749,24.2084847658451,4.12831073370534));
#8568=CARTESIAN_POINT('',(15.8602520835686,24.3222766514614,4.21674281448014));
#8569=CARTESIAN_POINT('',(15.8682490087094,24.4168921610458,4.3201166498435));
#8570=CARTESIAN_POINT('',(15.8762459297376,24.5115076219718,4.42349043204423));
#8571=CARTESIAN_POINT('',(15.8844144929234,24.5895480530843,4.54464981707898));
#8572=CARTESIAN_POINT('',(15.8924548746797,24.6445402356564,4.67354274611635));
#8573=CARTESIAN_POINT('',(15.9004952923381,24.6995326637811,4.80243625069008));
#8574=CARTESIAN_POINT('',(15.9085759007953,24.7329930536156,4.94262165118556));
#8575=CARTESIAN_POINT('',(15.9166452154522,24.7421431138288,5.08245552958254));
#8576=CARTESIAN_POINT('',(15.9247145841307,24.7512932352987,5.22229034412313));
#8577=CARTESIAN_POINT('',(15.9327637287767,24.7363853671034,5.36564345049991));
#8578=CARTESIAN_POINT('',(15.9408265828049,24.698658019131,5.50060363867137));
#8579=CARTESIAN_POINT('',(15.9488894427008,24.6609306437022,5.63556392506132));
#8580=CARTESIAN_POINT('',(15.9569772348022,24.5993406569203,5.76586521510033));
#8581=CARTESIAN_POINT('',(15.9650181330068,24.5190025061641,5.8806858097602));
#8582=CARTESIAN_POINT('',(15.9730590238469,24.4386644289884,5.99550629925758));
#8583=CARTESIAN_POINT('',(15.981212768729,24.3373614299314,6.09801645556976));
#8584=CARTESIAN_POINT('',(15.9892225845033,24.2234988401687,6.17970954513053));
#8585=CARTESIAN_POINT('',(15.9972323664663,24.1096367310465,6.26140228984571));
#8586=CARTESIAN_POINT('',(16.0054461365833,23.9800812788618,6.324527926098));
#8587=CARTESIAN_POINT('',(16.0134379622965,23.8455740907873,6.36385206776696));
#8588=CARTESIAN_POINT('',(16.0214297441773,23.7110676404395,6.40317599375621));
#8589=CARTESIAN_POINT('',(16.0296679237933,23.5679134057869,6.41977971093886));
#8590=CARTESIAN_POINT('',(16.0376611533261,23.4279770170607,6.41228702718014));
#8591=CARTESIAN_POINT('',(16.0456543705378,23.2880408440386,6.40479435497098));
#8592=CARTESIAN_POINT('',(16.0538389312106,23.1474753782248,6.3729984321333));
#8593=CARTESIAN_POINT('',(16.061870413166,23.0179393056919,6.31953755495526));
#8594=CARTESIAN_POINT('',(16.0699019238377,22.8884027700095,6.26607648663057));
#8595=CARTESIAN_POINT('',(16.077996224318,22.7663234366697,6.18947423838065));
#8596=CARTESIAN_POINT('',(16.0860633959387,22.6618383624088,6.0960927891231));
#8597=CARTESIAN_POINT('',(16.0941306241598,22.5573525550663,6.0027106846885));
#8598=CARTESIAN_POINT('',(16.102178945002,22.4675709879705,5.88996493370346));
#8599=CARTESIAN_POINT('',(16.1102443964445,22.3999536996798,5.76722361077979));
#8600=CARTESIAN_POINT('',(16.1183098602618,22.3323363076433,5.64448209953319));
#8601=CARTESIAN_POINT('',(16.1263885225171,22.2850117129085,5.50834876862882));
#8602=CARTESIAN_POINT('',(16.1344342150817,22.2619111833721,5.37013055578479));
#8603=CARTESIAN_POINT('',(16.1424799044252,22.2388106630837,5.23191239827502));
#8604=CARTESIAN_POINT('',(16.1506216497968,22.23929508828,5.08779226404293));
#8605=CARTESIAN_POINT('',(16.158636095158,22.2633251341392,4.94973085820639));
#8606=CARTESIAN_POINT('',(16.1666505093264,22.2873550864714,4.81166998971607));
#8607=CARTESIAN_POINT('',(16.1748558875431,22.3355911547686,4.67586529287888));
#8608=CARTESIAN_POINT('',(16.1828499018745,22.4040340407338,4.55357817194017));
#8609=CARTESIAN_POINT('',(16.1908438726052,22.4724765533996,4.43129171797664));
#8610=CARTESIAN_POINT('',(16.1990824770019,22.563006293093,4.31916137154883));
#8611=CARTESIAN_POINT('',(16.2070730290913,22.6681196287035,4.22648129987654));
#8612=CARTESIAN_POINT('',(16.2150635616361,22.7732327072113,4.13380145489567));
#8613=CARTESIAN_POINT('',(16.2232629747765,22.8958186961357,4.05802507410508));
#8614=CARTESIAN_POINT('',(16.2312851820443,23.0257114326326,4.00543531516535));
#8615=CARTESIAN_POINT('',(16.2393074087015,23.1556044830772,3.95284542911739));
#8616=CARTESIAN_POINT('',(16.2474173495331,23.2963850365859,3.9219942850675));
#8617=CARTESIAN_POINT('',(16.2554813566915,23.4363646698262,3.91544212089599));
#8618=CARTESIAN_POINT('',(16.2635454223298,23.5763453181932,3.90888990920845));
#8619=CARTESIAN_POINT('',(16.2715949611954,23.719396610295,3.92645688124406));
#8620=CARTESIAN_POINT('',(16.2796623960383,23.8536325690839,3.96668332047195));
#8621=CARTESIAN_POINT('',(16.2877298502596,23.9878688503144,4.0069098563258));
#8622=CARTESIAN_POINT('',(16.2958004081908,24.1170050019521,4.07090894428663));
#8623=CARTESIAN_POINT('',(16.3038506788946,24.2303137416536,4.15336474973335));
#8624=CARTESIAN_POINT('',(16.3119009505762,24.3436224951171,4.23582056519475));
#8625=CARTESIAN_POINT('',(16.320030714808,24.4442351437334,4.33901047280598));
#8626=CARTESIAN_POINT('',(16.3280499888748,24.5237998062351,4.45436990117408));
#8627=CARTESIAN_POINT('',(16.33606923457,24.6033641872428,4.56972892140879));
#8628=CARTESIAN_POINT('',(16.3442652521806,24.6640739812531,4.7004352382864));
#8629=CARTESIAN_POINT('',(16.3522620367114,24.7008938146666,4.83564934213929));
#8630=CARTESIAN_POINT('',(16.3602587787826,24.7377134525821,4.97086272806173));
#8631=CARTESIAN_POINT('',(16.368495880478,24.751656314451,5.11430090017917));
#8632=CARTESIAN_POINT('',(16.3764847141806,24.7415664794118,5.25407452829817));
#8633=CARTESIAN_POINT('',(16.384473522188,24.7314766768256,5.39384770684827));
#8634=CARTESIAN_POINT('',(16.3926850414677,24.6970766472596,5.53379709024128));
#8635=CARTESIAN_POINT('',(16.400699230474,24.6412193287163,5.6623190702732));
#8636=CARTESIAN_POINT('',(16.4087134293475,24.5853619414005,5.7908412085436));
#8637=CARTESIAN_POINT('',(16.4168392545803,24.5065072586161,5.91147531998717));
#8638=CARTESIAN_POINT('',(16.4248990120013,24.4112018431722,6.01420863115887));
#8639=CARTESIAN_POINT('',(16.4329588288108,24.3158957254693,6.11694269932216));
#8640=CARTESIAN_POINT('',(16.4410117969872,24.2015028316558,6.20461503712692));
#8641=CARTESIAN_POINT('',(16.4490805343257,24.0775276581538,6.26994158083552));
#8642=CARTESIAN_POINT('',(16.4571492968715,23.9535520973452,6.33526832862857));
#8643=CARTESIAN_POINT('',(16.4652129463773,23.816562799245,6.38005744661397));
#8644=CARTESIAN_POINT('',(16.4732675097245,23.6779400668714,6.40058768437694));
#8645=CARTESIAN_POINT('',(16.4813220784151,23.5393172425339,6.4211179357599));
#8646=CARTESIAN_POINT('',(16.4894400514707,23.3952294811292,6.41795771227542));
#8647=CARTESIAN_POINT('',(16.4974642853709,23.2576384900979,6.39136851177455));
#8648=CARTESIAN_POINT('',(16.5054884938365,23.1200479351914,6.36477939555398));
#8649=CARTESIAN_POINT('',(16.5136743468705,22.9851610066343,6.3140296792278));
#8650=CARTESIAN_POINT('',(16.5216744180476,22.8641659137552,6.24332807965113));
#8651=CARTESIAN_POINT('',(16.5296744487033,22.7431714337317,6.17262683818707));
#8652=CARTESIAN_POINT('',(16.5379082764529,22.6327408982283,6.0800303786991));
#8653=CARTESIAN_POINT('',(16.5458962906492,22.542028324444,5.97321394355052));
#8654=CARTESIAN_POINT('',(16.5538842741159,22.4513160996279,5.86639791932099));
#8655=CARTESIAN_POINT('',(16.5621052670114,22.3778294880467,5.74242708320303));
#8656=CARTESIAN_POINT('',(16.5701126669661,22.327660356661,5.61157939141927));
#8657=CARTESIAN_POINT('',(16.5781200674524,22.2774912219446,5.48073169094859));
#8658=CARTESIAN_POINT('',(16.586261917065,22.2492598418043,5.33940463107446));
#8659=CARTESIAN_POINT('',(16.5943162746597,22.2453078408797,5.19932718723844));
#8660=CARTESIAN_POINT('',(16.6023706910461,22.241355811108,5.0592487209255));
#8661=CARTESIAN_POINT('',(16.610429466183,22.2615757748332,4.91654907208822));
#8662=CARTESIAN_POINT('',(16.618498756653,22.3042874698313,4.78308347146796));
#8663=CARTESIAN_POINT('',(16.6265680771192,22.3469993236034,4.64961737471029));
#8664=CARTESIAN_POINT('',(16.6346261840908,22.4133853339254,4.52169119714179));
#8665=CARTESIAN_POINT('',(16.642684685231,22.4979303404197,4.40993334370218));
#8666=CARTESIAN_POINT('',(16.6507431964126,22.5824754522633,4.29817535100386));
#8667=CARTESIAN_POINT('',(16.6588497403061,22.6875166578997,4.19949498919774));
#8668=CARTESIAN_POINT('',(16.6668789968366,22.8043330622614,4.12208618360917));
#8669=CARTESIAN_POINT('',(16.6749082309205,22.9211491400517,4.04467759442433));
#8670=CARTESIAN_POINT('',(16.6830832813772,23.0529613997123,3.9864045330706));
#8671=CARTESIAN_POINT('',(16.6910870898962,23.1888356384196,3.95210169623768));
#8672=CARTESIAN_POINT('',(16.6990908605067,23.3247092335856,3.9177990218733));
#8673=CARTESIAN_POINT('',(16.707319801322,23.4683823110358,3.90652177980141));
#8674=CARTESIAN_POINT('',(16.7153078337616,23.6079447999089,3.91920526170284));
#8675=CARTESIAN_POINT('',(16.7232958315606,23.7475066835619,3.93188868860166));
#8676=CARTESIAN_POINT('',(16.7315238082539,23.8867924251673,3.96888109927473));
#8677=CARTESIAN_POINT('',(16.7395255938058,24.0142558081931,4.02711557541317));
#8678=CARTESIAN_POINT('',(16.747527371035,24.1417190586432,4.08534999098151));
#8679=CARTESIAN_POINT('',(16.7556853063982,24.260866496055,4.16642985341137));
#8680=CARTESIAN_POINT('',(16.7637330498729,24.3618128552521,4.26362667537867));
#8681=CARTESIAN_POINT('',(16.7717808495317,24.462759919189,4.36082417590904));
#8682=CARTESIAN_POINT('',(16.7798479742049,24.5482924472398,4.47682436462827));
#8683=CARTESIAN_POINT('',(16.7879170002489,24.611305784098,4.60199081821261));
#8684=CARTESIAN_POINT('',(16.7959860601958,24.6743193857132,4.72715779769658));
#8685=CARTESIAN_POINT('',(16.8040401599786,24.7165574043653,4.86495548945772));
#8686=CARTESIAN_POINT('',(16.8121021746682,24.7345102838823,5.00393496458364));
#8687=CARTESIAN_POINT('',(16.8201642046532,24.7524631974599,5.14291470338416));
#8688=CARTESIAN_POINT('',(16.828259853782,24.7466281968014,5.28692028693815));
#8689=CARTESIAN_POINT('',(16.8362941271043,24.717489042521,5.42399337463398));
#8690=CARTESIAN_POINT('',(16.8443283809818,24.688349958764,5.56106613058161));
#8691=CARTESIAN_POINT('',(16.8524921579623,24.6351040028018,5.69498886363856));
#8692=CARTESIAN_POINT('',(16.8605000881888,24.5621681583069,5.81465010006017));
#8693=CARTESIAN_POINT('',(16.8685079836673,24.4892326302946,5.93431081724864));
#8694=CARTESIAN_POINT('',(16.8767305847344,24.3946011105487,6.04300373443026));
#8695=CARTESIAN_POINT('',(16.8847194111284,24.2861185417579,6.13171740753579));
#8696=CARTESIAN_POINT('',(16.8927082000685,24.1776364815657,6.22043066472516));
#8697=CARTESIAN_POINT('',(16.9009408161234,24.0523229735056,6.29160250678566));
#8698=CARTESIAN_POINT('',(16.908938106092,23.9205655906866,6.33933358219003));
#8699=CARTESIAN_POINT('',(16.9169353796022,23.7888084790257,6.38706455936334));
#8700=CARTESIAN_POINT('',(16.9251093830826,23.646983550511,6.41266657044827));
#8701=CARTESIAN_POINT('',(16.9331492346753,23.5068561931842,6.41401696065964));
#8702=CARTESIAN_POINT('',(16.9411891373477,23.3667279455845,6.41536735945046));
#8703=CARTESIAN_POINT('',(16.9492673174532,23.2244297449935,6.39250141704388));
#8704=CARTESIAN_POINT('',(16.9573351936888,23.0917803704122,6.34731909546257));
#8705=CARTESIAN_POINT('',(16.9654031069895,22.95913038642,6.30213656630696));
#8706=CARTESIAN_POINT('',(16.9734549036694,22.832458711079,6.233386660647));
#8707=CARTESIAN_POINT('',(16.9815199382792,22.7222902614655,6.1467815895162));
#8708=CARTESIAN_POINT('',(16.9895849942807,22.6121215196396,6.06017628867277));
#8709=CARTESIAN_POINT('',(16.9976704556177,22.5154076380796,5.95332006699379));
#8710=CARTESIAN_POINT('',(17.0057096709937,22.440181388207,5.83508700357981));
#8711=CARTESIAN_POINT('',(17.0137488699363,22.3649552921089,5.7168541818531));
#8712=CARTESIAN_POINT('',(17.0219010706616,22.3091390893766,5.58398133959974));
#8713=CARTESIAN_POINT('',(17.0299134400916,22.2773650908054,5.44749394333849));
#8714=CARTESIAN_POINT('',(17.0379257783549,22.2455912158296,5.31100707798932));
#8715=CARTESIAN_POINT('',(17.0461407488549,22.2369835008589,5.16714830178814));
#8716=CARTESIAN_POINT('',(17.0541310820115,22.2522562474464,5.02784525481503));
#8717=CARTESIAN_POINT('',(17.062121375944,22.2675289190609,4.88854289167269));
#8718=CARTESIAN_POINT('',(17.0703564348886,22.3071011257381,4.74996822720378));
#8719=CARTESIAN_POINT('',(17.0783502910452,22.3676926607613,4.62360758531047));
#8720=CARTESIAN_POINT('',(17.0863441235098,22.4282840162047,4.49724731792195));
#8721=CARTESIAN_POINT('',(17.0945340981143,22.5115610939686,4.37962746182973));
#8722=CARTESIAN_POINT('',(17.1025647174415,22.6106161750727,4.28050263674977));
#8723=CARTESIAN_POINT('',(17.1105953797729,22.7096717866186,4.18137728085444));
#8724=CARTESIAN_POINT('',(17.1186874826933,22.8272387496112,4.09801447831256));
#8725=CARTESIAN_POINT('',(17.1267532563639,22.9535534862638,4.03733604312277));
#8726=CARTESIAN_POINT('',(17.1348190696232,23.0798688428984,3.97665731010916));
#8727=CARTESIAN_POINT('',(17.1428704351152,23.2184269549498,3.93698514955935));
#8728=CARTESIAN_POINT('',(17.1509379266915,23.3577152677757,3.92161580360203));
#8729=CARTESIAN_POINT('',(17.1590054469524,23.4970040758525,3.90624640299776));
#8730=CARTESIAN_POINT('',(17.1670816000804,23.6408776234193,3.91475422050042));
#8731=CARTESIAN_POINT('',(17.1751256136519,23.7773855300713,3.94643324637978));
#8732=CARTESIAN_POINT('',(17.1831696138448,23.9138932096891,3.9781122195719));
#8733=CARTESIAN_POINT('',(17.1913101045524,24.0468055782533,4.03383611299374));
#8734=CARTESIAN_POINT('',(17.199327163313,24.1650916217936,4.10898096344045));
#8735=CARTESIAN_POINT('',(17.2073441947879,24.2833772627506,4.18412555813376));
#8736=CARTESIAN_POINT('',(17.2155504076159,24.390295276758,4.28075971730074));
#8737=CARTESIAN_POINT('',(17.2235428966166,24.4769793620138,4.3908708668036));
#8738=CARTESIAN_POINT('',(17.2315353455889,24.563663013134,4.50098146484221));
#8739=CARTESIAN_POINT('',(17.2397708014062,24.6324958258036,4.62759492731607));
#8740=CARTESIAN_POINT('',(17.2477622273009,24.6777722934368,4.76021640748936));
#8741=CARTESIAN_POINT('',(17.2486989145044,24.6830792171836,4.77576117321992));
#8742=CARTESIAN_POINT('',(17.2496353195949,24.6880806571928,4.79141361760067));
#8743=CARTESIAN_POINT('',(17.2505719403976,24.6927707768859,4.80715547527138));
#8744=CARTESIAN_POINT('',(-0.749428059602407,23.4948106553203,5.16407500000005));
#8745=CARTESIAN_POINT('',(11.9505719403964,22.4005907234326,5.05145732527855));
#8746=CARTESIAN_POINT('',(11.9505719403964,22.4041672703485,5.0351059815906));
#8747=CARTESIAN_POINT('',(11.9505719403976,22.4081195703157,5.01883231442995));
#8748=CARTESIAN_POINT('',(11.9505719403976,22.4124421166292,5.0026621653394));
#8749=CARTESIAN_POINT('',(11.9505719403976,22.444510291135,4.88269880920436));
#8750=CARTESIAN_POINT('',(11.9505719403976,22.4981276076588,4.76646845867036));
#8751=CARTESIAN_POINT('',(11.9505719403976,22.5695346103214,4.66487803293025));
#8752=CARTESIAN_POINT('',(11.9505719403976,22.6120495659966,4.60439219419849));
#8753=CARTESIAN_POINT('',(11.9505719403994,22.6612705433424,4.54809123932543));
#8754=CARTESIAN_POINT('',(11.9505719403994,22.7156897854921,4.49804521823486));
#8755=CARTESIAN_POINT('',(11.9505719403994,22.7156897854921,4.49804521823486));
#8756=CARTESIAN_POINT('',(17.2505719403976,22.7036673255257,5.81577833106123));
#8757=CARTESIAN_POINT('',(17.2461254543564,22.7439598803612,5.86469197700898));
#8758=CARTESIAN_POINT('',(17.2416748962644,22.7889996272423,5.91004561258768));
#8759=CARTESIAN_POINT('',(17.2372653869631,22.837634554589,5.95067818625573));
#8760=CARTESIAN_POINT('',(17.2292634853435,22.9258919722096,6.02441379600917));
#8761=CARTESIAN_POINT('',(17.2210449410663,23.0281224537341,6.08388652633191));
#8762=CARTESIAN_POINT('',(17.2130311487297,23.1358441576417,6.12416252389793));
#8763=CARTESIAN_POINT('',(17.2050173188371,23.2435663663799,6.16443871021472));
#8764=CARTESIAN_POINT('',(17.1968568843042,23.3597427915343,6.18662441779678));
#8765=CARTESIAN_POINT('',(17.188805347492,23.474723487021,6.18887815459594));
#8766=CARTESIAN_POINT('',(17.1807537938262,23.589704423187,6.19113189611266));
#8767=CARTESIAN_POINT('',(17.1726669857466,23.7066662163492,6.17351427243824));
#8768=CARTESIAN_POINT('',(17.1645985863125,23.815880516788,6.13749122344049));
#8769=CARTESIAN_POINT('',(17.1565302148336,23.9250944388247,6.10146829925423));
#8770=CARTESIAN_POINT('',(17.1484532374316,24.0295857681923,6.04604212340019));
#8771=CARTESIAN_POINT('',(17.1403908341995,24.120661472974,5.97582357809683));
#8772=CARTESIAN_POINT('',(17.1323284747085,24.2117366836413,5.90560541375126));
#8773=CARTESIAN_POINT('',(17.1242172933945,24.2919173756771,5.81865236511998));
#8774=CARTESIAN_POINT('',(17.1161776617217,24.3545370203584,5.72219288831618));
#8775=CARTESIAN_POINT('',(17.1081380740264,24.4171563225053,5.62573393915329));
#8776=CARTESIAN_POINT('',(17.099971375666,24.4639436329646,5.51710774910301));
#8777=CARTESIAN_POINT('',(17.0919532369574,24.4910127144636,5.40533514457159));
#8778=CARTESIAN_POINT('',(17.0839351139265,24.5180817430346,5.29356275858799));
#8779=CARTESIAN_POINT('',(17.0757204487295,24.526178152574,5.17556994388959));
#8780=CARTESIAN_POINT('',(17.0677179024637,24.5146296411789,5.06114669445572));
#8781=CARTESIAN_POINT('',(17.0597152924492,24.503081037788,4.94672253352187));
#8782=CARTESIAN_POINT('',(17.0514920932138,24.4715703549938,4.83272678346821));
#8783=CARTESIAN_POINT('',(17.0434827794032,24.4227118816377,4.72861626005033));
#8784=CARTESIAN_POINT('',(17.0354734228821,24.3738531477383,4.62450518145119));
#8785=CARTESIAN_POINT('',(17.0272971041821,24.3063026818866,4.52741855278345));
#8786=CARTESIAN_POINT('',(17.0192533865082,24.22567053958,4.44541734187631));
#8787=CARTESIAN_POINT('',(17.0112096430259,24.1450381385634,4.36341586786654));
#8788=CARTESIAN_POINT('',(17.0031118649604,24.0490972395451,4.29423775680194));
#8789=CARTESIAN_POINT('',(16.9950446140908,23.9458266281436,4.24363510937263));
#8790=CARTESIAN_POINT('',(16.9869773864312,23.8425563138574,4.19303260752995));
#8791=CARTESIAN_POINT('',(16.9789026112023,23.7290964785941,4.15960471477024));
#8792=CARTESIAN_POINT('',(16.9708372363877,23.614886573438,4.14613257830411));
#8793=CARTESIAN_POINT('',(16.9627719007313,23.5006772227842,4.13266050724675));
#8794=CARTESIAN_POINT('',(16.9546707162802,23.3825558889998,4.13877042311112));
#8795=CARTESIAN_POINT('',(16.9466262048899,23.2703447228335,4.1639549846255));
#8796=CARTESIAN_POINT('',(16.9385817407954,23.1581342163844,4.1891393980736));
#8797=CARTESIAN_POINT('',(16.9304264699987,23.0487352272368,4.23409246413227));
#8798=CARTESIAN_POINT('',(16.9224039216555,22.9512353532186,4.29508081650682));
#8799=CARTESIAN_POINT('',(16.9143813993214,22.8537357952947,4.3560689711573));
#8800=CARTESIAN_POINT('',(16.9061744007198,22.7654513447714,4.43476984435891));
#8801=CARTESIAN_POINT('',(16.8981702931144,22.6937085695199,4.52465303593703));
#8802=CARTESIAN_POINT('',(16.8901661340798,22.6219653332959,4.61453680504603));
#8803=CARTESIAN_POINT('',(16.8819408724292,22.5647937909832,4.71807075658839));
#8804=CARTESIAN_POINT('',(16.873934789589,22.5269365244687,4.82666624666316));
#8805=CARTESIAN_POINT('',(16.8659286591993,22.4890790331135,4.93526238170505));
#8806=CARTESIAN_POINT('',(16.8577366714488,22.4694968573367,5.05190337844487));
#8807=CARTESIAN_POINT('',(16.8497022888518,22.4698145667085,5.16690666569618));
#8808=CARTESIAN_POINT('',(16.8416678699638,22.4701322775155,5.28191047241185));
#8809=CARTESIAN_POINT('',(16.8335557788292,22.4903605212,5.39844738092083));
#8810=CARTESIAN_POINT('',(16.8254908229471,22.5288165744471,5.50682919139379));
#8811=CARTESIAN_POINT('',(16.8174258852749,22.567272540864,5.61521075715075));
#8812=CARTESIAN_POINT('',(16.8093510549964,22.6250214564427,5.71843691306762));
#8813=CARTESIAN_POINT('',(16.8012833896229,22.6972587250987,5.807919638558));
#8814=CARTESIAN_POINT('',(16.7932157581664,22.7694956900638,5.89740198785624));
#8815=CARTESIAN_POINT('',(16.7851234928905,22.8582211158273,5.97561940734671));
#8816=CARTESIAN_POINT('',(16.7770742859082,22.9560563833081,6.03606630407862));
#8817=CARTESIAN_POINT('',(16.7690251279266,23.0538910552019,6.09651283283081));
#8818=CARTESIAN_POINT('',(16.7608814054604,23.1635380151348,6.14086013300681));
#8819=CARTESIAN_POINT('',(16.7528541638137,23.2758875894603,6.16542293715));
#8820=CARTESIAN_POINT('',(16.7448269568727,23.3882366780455,6.18998563509659));
#8821=CARTESIAN_POINT('',(16.7366289164817,23.506382144411,6.19544160683519));
#8822=CARTESIAN_POINT('',(16.728622491986,23.620518229173,6.18133730927728));
#8823=CARTESIAN_POINT('',(16.720616030537,23.7346548407244,6.1672329466217));
#8824=CARTESIAN_POINT('',(16.7123910820622,23.8479169427138,6.13318133473678));
#8825=CARTESIAN_POINT('',(16.7043870615976,23.9509088824785,6.08200713648027));
#8826=CARTESIAN_POINT('',(16.696382989781,24.053901483016,6.03083260990179));
#8827=CARTESIAN_POINT('',(16.6881777949461,24.149451624184,5.96112968031019));
#8828=CARTESIAN_POINT('',(16.6801521122626,24.2296301290739,5.87868352289382));
#8829=CARTESIAN_POINT('',(16.6721263839305,24.3098090900046,5.79623689653875));
#8830=CARTESIAN_POINT('',(16.663998745907,24.3768234606084,5.69877486826948));
#8831=CARTESIAN_POINT('',(16.6559373273597,24.4251046175854,5.59439830145262));
#8832=CARTESIAN_POINT('',(16.6478759216492,24.473385697681,5.49002190084191));
#8833=CARTESIAN_POINT('',(16.6397985383103,24.5042682697329,5.37584302181734));
#8834=CARTESIAN_POINT('',(16.6317293622828,24.5151833895714,5.26136057548246));
#8835=CARTESIAN_POINT('',(16.6236602144682,24.5260984712466,5.14687852942033));
#8836=CARTESIAN_POINT('',(16.6155755434185,24.5173487544716,5.02892188671773));
#8837=CARTESIAN_POINT('',(16.6075219244171,24.4896615022448,4.91730224547967));
#8838=CARTESIAN_POINT('',(16.5994683546692,24.4619744193446,4.80568328687268));
#8839=CARTESIAN_POINT('',(16.5913360589517,24.4145855858976,4.69731511678901));
#8840=CARTESIAN_POINT('',(16.5833039376813,24.351432477708,4.60120374170984));
#8841=CARTESIAN_POINT('',(16.5752718580271,24.288279696729,4.50509286460555));
#8842=CARTESIAN_POINT('',(16.5670838318111,24.2076234363336,4.41858933454155));
#8843=CARTESIAN_POINT('',(16.5590744269239,24.1161586888446,4.34887464350141));
#8844=CARTESIAN_POINT('',(16.5510649995596,24.0246936846758,4.27915975681925));
#8845=CARTESIAN_POINT('',(16.5428425201094,23.9199074356321,4.22431766856411));
#8846=CARTESIAN_POINT('',(16.5348394756666,23.8104927435151,4.18889818567712));
#8847=CARTESIAN_POINT('',(16.5268363784371,23.7010773297177,4.15347846916937));
#8848=CARTESIAN_POINT('',(16.5186211854157,23.5840295750258,4.13650941707083));
#8849=CARTESIAN_POINT('',(16.5106027189101,23.4690613351734,4.13939847908627));
#8850=CARTESIAN_POINT('',(16.5025841993278,23.3540923343115,4.14228756022529));
#8851=CARTESIAN_POINT('',(16.4944407907747,23.2380390615972,4.16511606422547));
#8852=CARTESIAN_POINT('',(16.4863842469566,23.130543681439,4.20598597921994));
#8853=CARTESIAN_POINT('',(16.4783277100231,23.0230483931384,4.24685585929006));
#8854=CARTESIAN_POINT('',(16.4702450364977,22.9211396823729,4.30689824758404));
#8855=CARTESIAN_POINT('',(16.462175228181,22.8332945162489,4.38111816993335));
#8856=CARTESIAN_POINT('',(16.4541054420703,22.7454495918526,4.45533788804826));
#8857=CARTESIAN_POINT('',(16.4460267933341,22.6692348400229,4.54579103105591));
#8858=CARTESIAN_POINT('',(16.4379691454206,22.6109908155237,4.64495315420467));
#8859=CARTESIAN_POINT('',(16.4299115457513,22.5527471397542,4.7441146836312));
#8860=CARTESIAN_POINT('',(16.4217903118589,22.5108620500018,4.85472761131481));
#8861=CARTESIAN_POINT('',(16.4137532226331,22.4888177290539,4.96759794713653));
#8862=CARTESIAN_POINT('',(16.405716180083,22.4667735361291,5.0804676274597));
#8863=CARTESIAN_POINT('',(16.3975389860657,22.4639607564188,5.19870711964338));
#8864=CARTESIAN_POINT('',(16.3895260306389,22.480613762103,5.31249892592978));
#8865=CARTESIAN_POINT('',(16.381513066643,22.4972667855961,5.42629085390633));
#8866=CARTESIAN_POINT('',(16.3732949902961,22.5338425423252,5.53876336430833));
#8867=CARTESIAN_POINT('',(16.3652919212157,22.5873068365397,5.64058504071134));
#8868=CARTESIAN_POINT('',(16.3572888014091,22.6407714696284,5.7424073624933));
#8869=CARTESIAN_POINT('',(16.3490666181071,22.71259248172,5.83637391293856));
#8870=CARTESIAN_POINT('',(16.3410539604909,22.7968112448255,5.91468929705879));
#8871=CARTESIAN_POINT('',(16.3330412437706,22.8810306291575,5.99300525886006));
#8872=CARTESIAN_POINT('',(16.3248819539473,22.9799647622095,6.05782239060884));
#8873=CARTESIAN_POINT('',(16.3168317162925,23.0853953676195,6.1037579902669));
#8874=CARTESIAN_POINT('',(16.3087814786717,23.190825972583,6.14969358973044));
#8875=CARTESIAN_POINT('',(16.3006905407401,23.3056660023185,6.17801517677269));
#8876=CARTESIAN_POINT('',(16.2926210764559,23.4203639298035,6.18636785679784));
#8877=CARTESIAN_POINT('',(16.2845516281801,23.5350616297482,6.19472052025275));
#8878=CARTESIAN_POINT('',(16.2764771833653,23.6527941090877,6.18333536459756));
#8879=CARTESIAN_POINT('',(16.2684159892144,23.7637664837139,6.15315930498782));
#8880=CARTESIAN_POINT('',(16.2603548412443,23.8747382226034,6.12298341825015));
#8881=CARTESIAN_POINT('',(16.2522440600309,23.9820212898958,6.07318248325862));
#8882=CARTESIAN_POINT('',(16.244202013089,24.0766961313268,6.00789624458486));
#8883=CARTESIAN_POINT('',(16.2361600160412,24.1713703853799,5.94261041095746));
#8884=CARTESIAN_POINT('',(16.2279942321419,24.2560499510966,5.86003878551066));
#8885=CARTESIAN_POINT('',(16.2199772505904,24.3237016757832,5.76703824614029));
#8886=CARTESIAN_POINT('',(16.2119602733583,24.3913533640208,5.67403775687622));
#8887=CARTESIAN_POINT('',(16.2037483090595,24.4438388358732,5.56805094264992));
#8888=CARTESIAN_POINT('',(16.1957443022361,24.4768027175676,5.457871851044));
#8889=CARTESIAN_POINT('',(16.1877402513288,24.5097667808179,5.3476921526019));
#8890=CARTESIAN_POINT('',(16.179513879821,24.5241142993086,5.23029537312379));
#8891=CARTESIAN_POINT('',(16.1715057026577,24.5186552240572,5.11542010232276));
#8892=CARTESIAN_POINT('',(16.1634974612658,24.513196105022,5.00054391018025));
#8893=CARTESIAN_POINT('',(16.1553222931805,24.4877789504458,4.88503242619787));
#8894=CARTESIAN_POINT('',(16.1472798859972,24.4445154371743,4.77847698739678));
#8895=CARTESIAN_POINT('',(16.1392374706536,24.4012518800058,4.67192144047989));
#8896=CARTESIAN_POINT('',(16.131135059468,24.3389464905487,4.57138191018937));
#8897=CARTESIAN_POINT('',(16.1230670128582,24.2627808825624,4.48521807098651));
#8898=CARTESIAN_POINT('',(16.1149989759166,24.1866153658485,4.39905433503731));
#8899=CARTESIAN_POINT('',(16.1069266709822,24.094480130228,4.32488076815312));
#8900=CARTESIAN_POINT('',(16.0988625127542,23.994040683703,4.26886866693431));
#8901=CARTESIAN_POINT('',(16.0907983978002,23.8936017761589,4.21285686628913));
#8902=CARTESIAN_POINT('',(16.082697215283,23.7820783175323,4.17345506095572));
#8903=CARTESIAN_POINT('',(16.0746503199069,23.6687436639774,4.15394020280738));
#8904=CARTESIAN_POINT('',(16.0666034758782,23.5554097336117,4.13442546918349));
#8905=CARTESIAN_POINT('',(16.058449437966,23.4371350607592,4.13425737564495));
#8906=CARTESIAN_POINT('',(16.0504280503685,23.3237444628235,4.15345075836292));
#8907=CARTESIAN_POINT('',(16.0424066786192,23.2103540889179,4.17264410315978));
#8908=CARTESIAN_POINT('',(16.0342023069986,23.098726818469,4.2117260063839));
#8909=CARTESIAN_POINT('',(16.0261965386336,22.9981264338179,4.26745368410882));
#8910=CARTESIAN_POINT('',(16.0181907380801,22.8975256446856,4.32318158589643));
#8911=CARTESIAN_POINT('',(16.0099627695516,22.8051891588043,4.39708521971417));
#8912=CARTESIAN_POINT('',(16.001957825185,22.7287764344074,4.48303419917354));
#8913=CARTESIAN_POINT('',(15.9939528120011,22.6523630531015,4.56898391752368));
#8914=CARTESIAN_POINT('',(15.9857621047263,22.5897754879196,4.66934047234297));
#8915=CARTESIAN_POINT('',(15.9777289188684,22.546208366801,4.77577267163224));
#8916=CARTESIAN_POINT('',(15.9696957150642,22.5026411483528,4.88220510869233));
#8917=CARTESIAN_POINT('',(15.9615786175279,22.4768949029153,4.99764793511548));
#8918=CARTESIAN_POINT('',(15.9535131587703,22.4711088161491,5.11250422845712));
#8919=CARTESIAN_POINT('',(15.9454477031703,22.4653227316481,5.22736047683347));
#8920=CARTESIAN_POINT('',(15.9373752296552,22.47933759366,5.34480928482925));
#8921=CARTESIAN_POINT('',(15.9293087887757,22.5119873444089,5.45507901978198));
#8922=CARTESIAN_POINT('',(15.9212423876212,22.5446369343671,5.56534821168741));
#8923=CARTESIAN_POINT('',(15.9131497046945,22.5968250042684,5.67149228441411));
#8924=CARTESIAN_POINT('',(15.9050981695486,22.66421167663,5.76468330546934));
#8925=CARTESIAN_POINT('',(15.8970466855677,22.7315979207703,5.85787373432451));
#8926=CARTESIAN_POINT('',(15.8889044857912,22.8160437987366,5.94068708129707));
#8927=CARTESIAN_POINT('',(15.8808784088652,22.9105335832435,6.00624202799711));
#8928=CARTESIAN_POINT('',(15.872852357719,23.0050230642491,6.07179676413451));
#8929=CARTESIAN_POINT('',(15.8646568281331,23.1121580019895,6.12189957557441));
#8930=CARTESIAN_POINT('',(15.8566485653706,23.2230463417898,6.15239132481275));
#8931=CARTESIAN_POINT('',(15.8486402838324,23.3339349415727,6.18288314554037));
#8932=CARTESIAN_POINT('',(15.8404130895292,23.4516226812544,6.19460200986666));
#8933=CARTESIAN_POINT('',(15.8324102089381,23.5663471179046,6.18657562812744));
#8934=CARTESIAN_POINT('',(15.824407256324,23.6810725870321,6.17854917415378));
#8935=CARTESIAN_POINT('',(15.8162037092643,23.7959846718941,6.15055623029796));
#8936=CARTESIAN_POINT('',(15.808178842213,23.9015469804913,6.10492066310658));
#8937=CARTESIAN_POINT('',(15.8001539487307,24.007109636773,6.05928494560797));
#8938=CARTESIAN_POINT('',(15.7920212338459,24.1062290780433,5.99474822992131));
#8939=CARTESIAN_POINT('',(15.783959628832,24.1906687161694,5.9166748665635));
#8940=CARTESIAN_POINT('',(15.7758980201847,24.2751083923516,5.83860146801887));
#8941=CARTESIAN_POINT('',(15.7678228267464,24.3472032538459,5.74483077507147));
#8942=CARTESIAN_POINT('',(15.7597548835151,24.4009555576047,5.64316415252172));
#8943=CARTESIAN_POINT('',(15.7516869759938,24.4547076234473,5.54149797996457));
#8944=CARTESIAN_POINT('',(15.7436014486669,24.4916063220401,5.42912006819714));
#8945=CARTESIAN_POINT('',(15.7355455818874,24.5085820673423,5.31537775663982));
#8946=CARTESIAN_POINT('',(15.7274897646275,24.5255577082944,5.20163614425863));
#8947=CARTESIAN_POINT('',(15.7193592503562,24.5230810016142,5.08338533706794));
#8948=CARTESIAN_POINT('',(15.7113282981649,24.5013569218878,4.97045265299698));
#8949=CARTESIAN_POINT('',(15.7032973799443,24.4796329340539,4.85752044662923));
#8950=CARTESIAN_POINT('',(15.695111708048,24.4380642242624,4.74679376064752));
#8951=CARTESIAN_POINT('',(15.6871003103891,24.3801010697855,4.6474650097211));
#8952=CARTESIAN_POINT('',(15.6790889072025,24.3221378753156,4.54813619026039));
#8953=CARTESIAN_POINT('',(15.6708646365542,24.2461881263142,4.45747540015625));
#8954=CARTESIAN_POINT('',(15.6628627334679,24.1585521035982,4.38300375495387));
#8955=CARTESIAN_POINT('',(15.6548607578153,24.0709152861442,4.30853143439627));
#8956=CARTESIAN_POINT('',(15.646647523922,23.9691860538847,4.24820434176252));
#8957=CARTESIAN_POINT('',(15.6386295108582,23.8618056158245,4.20702761404443));
#8958=CARTESIAN_POINT('',(15.6306114645612,23.7544247326913,4.16585071565601));
#8959=CARTESIAN_POINT('',(15.622462936206,23.6384373164806,4.14269262455747));
#8960=CARTESIAN_POINT('',(15.6144065456355,23.5234798109169,4.13947601526632));
#8961=CARTESIAN_POINT('',(15.6063501441597,23.4085221497453,4.13625940162112));
#8962=CARTESIAN_POINT('',(15.5982694382955,23.2914165142128,4.15289685661345));
#8963=CARTESIAN_POINT('',(15.590200871475,23.1819043898929,4.18800396310963));
#8964=CARTESIAN_POINT('',(15.5821323360222,23.0723926913185,4.22311093312147));
#8965=CARTESIAN_POINT('',(15.5740523757116,22.9674410696308,4.27765987569567));
#8966=CARTESIAN_POINT('',(15.5659925849845,22.8757803774061,4.34711324139351));
#8967=CARTESIAN_POINT('',(15.5579328408705,22.7841202152931,4.4165662054138));
#8968=CARTESIAN_POINT('',(15.549813613683,22.7032145236705,4.50284414211012));
#8969=CARTESIAN_POINT('',(15.5417776982892,22.6397890808655,4.59877586925881));
#8970=CARTESIAN_POINT('',(15.5337418232575,22.5763639566287,4.69470711456928));
#8971=CARTESIAN_POINT('',(15.5255667887378,22.5286687185597,4.8029370180135));
#8972=CARTESIAN_POINT('',(15.5175517093222,22.5006643416354,4.91447911264074));
#8973=CARTESIAN_POINT('',(15.5095366369181,22.4726599892088,5.02602110969274));
#8974=CARTESIAN_POINT('',(15.5013172150366,22.4635756084425,5.14394170627092));
#8975=CARTESIAN_POINT('',(15.4933152889322,22.4741653240141,5.25845777217241));
#8976=CARTESIAN_POINT('',(15.4853132935082,22.484755131323,5.37297483011109));
#8977=CARTESIAN_POINT('',(15.4770933260736,22.5153100556619,5.48723085538587));
#8978=CARTESIAN_POINT('',(15.4690807792065,22.5632948050443,5.59174686099241));
#8979=CARTESIAN_POINT('',(15.4610681934391,22.611279787389,5.69626337401611));
#8980=CARTESIAN_POINT('',(15.4529037685579,22.6780153037466,5.79391308807094));
#8981=CARTESIAN_POINT('',(15.4448540468999,22.7579576213063,5.87658647798783));
#8982=CARTESIAN_POINT('',(15.4368043062659,22.8379001273177,5.95926006279455));
#8983=CARTESIAN_POINT('',(15.4287150564051,22.9332587243091,6.02923964151164));
#8984=CARTESIAN_POINT('',(15.4206468427156,23.0361018446267,6.08070536551937));
#8985=CARTESIAN_POINT('',(15.412578655811,23.138944623524,6.13217091867031));
#8986=CARTESIAN_POINT('',(15.4045024298612,23.2521203426059,6.16654785887098));
#8987=CARTESIAN_POINT('',(15.3964392224292,23.3662134957893,6.18097606232644));
#8988=CARTESIAN_POINT('',(15.3883760576618,23.4803060452739,6.19540418943824));
#8989=CARTESIAN_POINT('',(15.380267472488,23.5984737692447,6.19028384744777));
#8990=CARTESIAN_POINT('',(15.3722266045357,23.71089207145,6.16603998022809));
#8991=CARTESIAN_POINT('',(15.3641857815525,23.8233097449503,6.14179624859346));
#8992=CARTESIAN_POINT('',(15.3560219260117,23.9330807773196,6.09776131726901));
#8993=CARTESIAN_POINT('',(15.3480027128031,24.0310881965764,6.03759168486889));
#8994=CARTESIAN_POINT('',(15.3399835180066,24.1290953908096,5.97742219061745));
#8995=CARTESIAN_POINT('',(15.3317706423081,24.2180356417808,5.8994637807164));
#8996=CARTESIAN_POINT('',(15.3237677802676,24.2905288339111,5.81018457295204));
#8997=CARTESIAN_POINT('',(15.3157648570363,24.3630225803319,5.72090468254951));
#8998=CARTESIAN_POINT('',(15.3075409049252,24.4210593894958,5.61785296004623));
#8999=CARTESIAN_POINT('',(15.299532515875,24.459824871635,5.50957834630877));
#9000=CARTESIAN_POINT('',(15.2915240828819,24.4985905664847,5.40130313845633));
#9001=CARTESIAN_POINT('',(15.2833437923236,24.519149059545,5.28482930653983));
#9002=CARTESIAN_POINT('',(15.2753022866141,24.5197945115748,5.16982777477056));
#9003=CARTESIAN_POINT('',(15.2672607526114,24.5204399658756,5.05482583838006));
#9004=CARTESIAN_POINT('',(15.2591596906631,24.5011883564766,4.93812284173548));
#9005=CARTESIAN_POINT('',(15.2510929041411,24.4636413760305,4.82942289017835));
#9006=CARTESIAN_POINT('',(15.2430261396017,24.4260944979026,4.72072323483625));
#9007=CARTESIAN_POINT('',(15.2349515721556,24.3692121754794,4.61701707187472));
#9008=CARTESIAN_POINT('',(15.2268855547064,24.2977268212335,4.52693244882708));
#9009=CARTESIAN_POINT('',(15.218819575154,24.2262418028506,4.43684824902817));
#9010=CARTESIAN_POINT('',(15.2107207396897,24.1381750227147,4.35789084719287));
#9011=CARTESIAN_POINT('',(15.2026750288754,24.0408493437505,4.29662658612323));
#9012=CARTESIAN_POINT('',(15.1946293659306,23.9435242438437,4.2353626895568));
#9013=CARTESIAN_POINT('',(15.186476990987,23.8342532178221,4.19009885052986));
#9014=CARTESIAN_POINT('',(15.1784532878492,23.7221131711578,4.16459585249673));
#9015=CARTESIAN_POINT('',(15.1704296130638,23.6099735207482,4.13909294458025));
#9016=CARTESIAN_POINT('',(15.1622247500772,23.4918783735906,4.13264763628458));
#9017=CARTESIAN_POINT('',(15.1542201285372,23.3776280353692,4.14579545410838));
#9018=CARTESIAN_POINT('',(15.1462154591647,23.2633770144297,4.15894335049872));
#9019=CARTESIAN_POINT('',(15.1379900614705,23.1498335593612,4.19204518893828));
#9020=CARTESIAN_POINT('',(15.1299846028416,23.046416574773,4.24235500535409));
#9021=CARTESIAN_POINT('',(15.1219790955508,22.942998961555,4.29266512758279));
#9022=CARTESIAN_POINT('',(15.113783481467,22.8468677839432,4.36156585938152));
#9023=CARTESIAN_POINT('',(15.1057514253994,22.766001833365,4.44333739099099));
#9024=CARTESIAN_POINT('',(15.0977193304822,22.6851354916518,4.52510931811555));
#9025=CARTESIAN_POINT('',(15.0896033654754,22.6173067237296,4.62200734118003));
#9026=CARTESIAN_POINT('',(15.0815391766892,22.5681532007744,4.72597573963265));
#9027=CARTESIAN_POINT('',(15.0734750048061,22.5189997808481,4.82994392016083));
#9028=CARTESIAN_POINT('',(15.0653997780746,22.4871619867941,4.9438602449259));
#9029=CARTESIAN_POINT('',(15.0573316564848,22.475288464949,5.05824729407903));
#9030=CARTESIAN_POINT('',(15.0492635674173,22.4634149909656,5.17263388214261));
#9031=CARTESIAN_POINT('',(15.0411733418951,22.4711764410086,5.29065917048224));
#9032=CARTESIAN_POINT('',(15.0331229972949,22.4979279012171,5.40250690762069));
#9033=CARTESIAN_POINT('',(15.0250727018883,22.5246791979542,5.51435396128594));
#9034=CARTESIAN_POINT('',(15.0169318675797,22.5711584472057,5.62311458973557));
#9035=CARTESIAN_POINT('',(15.0089034152136,22.6335044190667,5.71975167522643));
#9036=CARTESIAN_POINT('',(15.000874999459,22.6958501066173,5.81638832003247));
#9037=CARTESIAN_POINT('',(14.9926793818822,22.7757786302965,5.90356395492545));
#9038=CARTESIAN_POINT('',(14.9846722682624,22.8666563434005,5.9740423823165));
#9039=CARTESIAN_POINT('',(14.9766651213461,22.9575344344073,6.04452110278266));
#9040=CARTESIAN_POINT('',(14.9684405984267,23.0618576728836,6.10023890019187));
#9041=CARTESIAN_POINT('',(14.9604369216367,23.1709719434626,6.1365735803087));
#9042=CARTESIAN_POINT('',(14.9524331928671,23.2800869226814,6.17290849640019));
#9043=CARTESIAN_POINT('',(14.9442251954954,23.3969890708735,6.19085731469796));
#9044=CARTESIAN_POINT('',(14.936201459991,23.5119772197826,6.18893123824255));
#9045=CARTESIAN_POINT('',(14.9281776768139,23.6269660518909,6.18700515034341));
#9046=CARTESIAN_POINT('',(14.9200460982392,23.7432072915831,6.16514925532716));
#9047=CARTESIAN_POINT('',(14.9119857734729,23.851040966272,6.12518111566018));
#9048=CARTESIAN_POINT('',(14.9039254601148,23.9588744883397,6.08521303256164));
#9049=CARTESIAN_POINT('',(14.8958470159197,24.0612827246694,6.02602613776267));
#9050=CARTESIAN_POINT('',(14.8877775948407,24.1497463932138,5.95254451699478));
#9051=CARTESIAN_POINT('',(14.8797082004903,24.238209768736,5.87906313962329));
#9052=CARTESIAN_POINT('',(14.8716251979643,24.3151791597757,5.78925180374888));
#9053=CARTESIAN_POINT('',(14.8635705281172,24.3742517093938,5.69058087120203));
#9054=CARTESIAN_POINT('',(14.8555159073811,24.4333238988352,5.59191054027062));
#9055=CARTESIAN_POINT('',(14.8473864311622,24.4761337150414,5.48165294668237));
#9056=CARTESIAN_POINT('',(14.8393530677745,24.499122661392,5.36897105769795));
#9057=CARTESIAN_POINT('',(14.8313197474474,24.5221114845169,5.25628977271282));
#9058=CARTESIAN_POINT('',(14.823134371755,24.5259144891747,5.13807861599074));
#9059=CARTESIAN_POINT('',(14.8151241258589,24.5102151688133,5.02415118509317));
#9060=CARTESIAN_POINT('',(14.8071138610487,24.4945158113819,4.91022348518497));
#9061=CARTESIAN_POINT('',(14.7988923134319,24.4588834066764,4.79744870839425));
#9062=CARTESIAN_POINT('',(14.7908893534489,24.4062737761347,4.69518271024123));
#9063=CARTESIAN_POINT('',(14.7828863408247,24.3536637995419,4.59291603941183));
#9064=CARTESIAN_POINT('',(14.774669119096,24.282632003265,4.49835089560489));
#9065=CARTESIAN_POINT('',(14.766652239371,24.1990722388332,4.41933301649983));
#9066=CARTESIAN_POINT('',(14.7586353049456,24.1155119042602,4.34031459824344));
#9067=CARTESIAN_POINT('',(14.7504879174101,24.017123351697,4.27467066352055));
#9068=CARTESIAN_POINT('',(14.742432817755,23.9120814130912,4.22785381101246));
#9069=CARTESIAN_POINT('',(14.7343777233651,23.807039543146,4.18103698910623));
#9070=CARTESIAN_POINT('',(14.7262932648825,23.6924403295742,4.15175445605201));
#9071=CARTESIAN_POINT('',(14.7182234473105,23.5778164211611,4.14244148310802));
#9072=CARTESIAN_POINT('',(14.7101536504043,23.4631928062855,4.13312853401337));
#9073=CARTESIAN_POINT('',(14.7020762370566,23.3453693994107,4.14352720791101));
#9074=CARTESIAN_POINT('',(14.6940176500544,23.2341480906151,4.1727728122887));
#9075=CARTESIAN_POINT('',(14.6859591108695,23.1229274417739,4.20201824313159));
#9076=CARTESIAN_POINT('',(14.6778405666089,23.0152316249093,4.25091860226805));
#9077=CARTESIAN_POINT('',(14.669802228551,22.9200131635052,4.31540966937613));
#9078=CARTESIAN_POINT('',(14.6617639381475,22.8247952665927,4.37990035415641));
#9079=CARTESIAN_POINT('',(14.653589562311,22.7394275596047,4.46175935433452));
#9080=CARTESIAN_POINT('',(14.6455756376091,22.6709991517035,4.5541900874889));
#9081=CARTESIAN_POINT('',(14.6375617076829,22.6025706991947,4.64662088089769));
#9082=CARTESIAN_POINT('',(14.6293450132658,22.5491994675392,4.75216413860391));
#9083=CARTESIAN_POINT('',(14.6213417912288,22.5153138575217,4.86206337257103));
#9084=CARTESIAN_POINT('',(14.6133385196598,22.4814280377857,4.97196328670588));
#9085=CARTESIAN_POINT('',(14.6051150302794,22.466097744307,5.08923613135989));
#9086=CARTESIAN_POINT('',(14.597103618608,22.4705944900626,5.20415300924332));
#9087=CARTESIAN_POINT('',(14.5890921464802,22.4750912697521,5.31907075432258));
#9088=CARTESIAN_POINT('',(14.5809288677067,22.4995403165828,5.43479195295479));
#9089=CARTESIAN_POINT('',(14.5728804480172,22.5419097828506,5.54170567572233));
#9090=CARTESIAN_POINT('',(14.5648320264525,22.5842792589907,5.64861942340129));
#9091=CARTESIAN_POINT('',(14.5567385203389,22.6457407156789,5.74967778725059));
#9092=CARTESIAN_POINT('',(14.548669307081,22.7211819783685,5.83647642043123));
#9093=CARTESIAN_POINT('',(14.5406001082536,22.7966231061427,5.92327489838538));
#9094=CARTESIAN_POINT('',(14.5325264039608,22.8881337398161,5.99821741944138));
#9095=CARTESIAN_POINT('',(14.524464407454,22.9881006194247,6.05506879320104));
#9096=CARTESIAN_POINT('',(14.5164024564697,23.088066934564,6.11191984594588));
#9097=CARTESIAN_POINT('',(14.5082941736332,23.199255897919,6.15225412975136));
#9098=CARTESIAN_POINT('',(14.5002508959564,23.3124232719367,6.17271757414735));
#9099=CARTESIAN_POINT('',(14.4922076687,23.4255899365485,6.19318089026531));
#9100=CARTESIAN_POINT('',(14.4840448100772,23.5438583388038,6.1943396117996));
#9101=CARTESIAN_POINT('',(14.476026754889,23.6574058599326,6.17609663980676));
#9102=CARTESIAN_POINT('',(14.4680087070518,23.7709532769609,6.15785368453907));
#9103=CARTESIAN_POINT('',(14.4597985177816,23.8829036224113,6.11970823995039));
#9104=CARTESIAN_POINT('',(14.4517941428338,23.983967363101,6.06482508478112));
#9105=CARTESIAN_POINT('',(14.4437897263142,24.0850316286796,6.0099416445684));
#9106=CARTESIAN_POINT('',(14.4355627189743,24.1779840391022,5.93681380456421));
#9107=CARTESIAN_POINT('',(14.4275554670737,24.2551139513825,5.85150783162575));
#9108=CARTESIAN_POINT('',(14.4195481497474,24.332244493876,5.76620116166902));
#9109=CARTESIAN_POINT('',(14.4113690114153,24.3956708256611,5.66637150054156));
#9110=CARTESIAN_POINT('',(14.4033288190997,24.4401276437005,5.56030825387923));
#9111=CARTESIAN_POINT('',(14.3952886162914,24.4845845197573,5.4542448688016));
#9112=CARTESIAN_POINT('',(14.3871827952713,24.5112969209988,5.33902095536165));
#9113=CARTESIAN_POINT('',(14.3791152842711,24.5180446978341,5.22421728330326));
#9114=CARTESIAN_POINT('',(14.3710477813245,24.5247924679333,5.10941372585056));
#9115=CARTESIAN_POINT('',(14.3629756605836,24.5117617693853,4.99185170183963));
#9116=CARTESIAN_POINT('',(14.3549108616672,24.4800366592791,4.88131234135619));
#9117=CARTESIAN_POINT('',(14.3468461051873,24.4483117161085,4.77077356252401));
#9118=CARTESIAN_POINT('',(14.3387471682959,24.397014709862,4.66419660851988));
#9119=CARTESIAN_POINT('',(14.3306990851943,24.3304108310171,4.57044435189011));
#9120=CARTESIAN_POINT('',(14.3226510535418,24.2638073779521,4.47669269459223));
#9121=CARTESIAN_POINT('',(14.3144999869888,24.18005859251,4.39317548162816));
#9122=CARTESIAN_POINT('',(14.3064774455569,24.0861210847789,4.32683132220162));
#9123=CARTESIAN_POINT('',(14.2984549226225,23.9921837936385,4.26048731574406));
#9124=CARTESIAN_POINT('',(14.2902526613638,23.8854726827192,4.20948913074645));
#9125=CARTESIAN_POINT('',(14.2822463323779,23.7748435007672,4.17806962198688));
#9126=CARTESIAN_POINT('',(14.2742399745502,23.6642139202874,4.14665000004242));
#9127=CARTESIAN_POINT('',(14.2660119861295,23.5466283576543,4.13394585514724));
#9128=CARTESIAN_POINT('',(14.2580076663217,23.4318406756966,4.14101108133896));
#9129=CARTESIAN_POINT('',(14.250003276706,23.3170519926431,4.14807636914852));
#9130=CARTESIAN_POINT('',(14.2418090405838,23.2019087546477,4.17510613768991));
#9131=CARTESIAN_POINT('',(14.2337780838859,23.0959682357408,4.21985589177149));
#9132=CARTESIAN_POINT('',(14.225747106924,22.9900274495217,4.2646057587669));
#9133=CARTESIAN_POINT('',(14.217626115253,22.8903702664188,4.32831051425669));
#9134=CARTESIAN_POINT('',(14.2095615007826,22.8052798788592,4.40567384736847));
#9135=CARTESIAN_POINT('',(14.2014968877981,22.7201895069779,4.48303716622558));
#9136=CARTESIAN_POINT('',(14.1934239810531,22.6473117542213,4.57620083802806));
#9137=CARTESIAN_POINT('',(14.1853570860027,22.5927098729942,4.6774137435529));
#9138=CARTESIAN_POINT('',(14.1772902297074,22.5381082540863,4.77862616282925));
#9139=CARTESIAN_POINT('',(14.1691994781738,22.5002697970183,4.89069065390347));
#9140=CARTESIAN_POINT('',(14.1611468232692,22.4823420027848,5.00428692900318));
#9141=CARTESIAN_POINT('',(14.1530942192467,22.4644143218311,5.11788248632464));
#9142=CARTESIAN_POINT('',(14.1449549755742,22.465900515905,5.2361491597069));
#9143=CARTESIAN_POINT('',(14.1369276889841,22.4866779636461,5.34925997773265));
#9144=CARTESIAN_POINT('',(14.1289004303963,22.5074553389074,5.46237040118325));
#9145=CARTESIAN_POINT('',(14.1207072880745,22.5480949873795,5.57344085617964));
#9146=CARTESIAN_POINT('',(14.112698295245,22.6052242073863,5.67325173911147));
#9147=CARTESIAN_POINT('',(14.1046892870027,22.6623535373337,5.77306281412147));
#9148=CARTESIAN_POINT('',(14.096462633035,22.7375412687616,5.86435650827919));
#9149=CARTESIAN_POINT('',(14.0884600964812,22.8245505239242,5.93955959447042));
#9150=CARTESIAN_POINT('',(14.0804574874728,22.9115605668639,6.01476336154641));
#9151=CARTESIAN_POINT('',(14.0722512212041,23.0127815111103,6.07594063226586));
#9152=CARTESIAN_POINT('',(14.0642282086526,23.119813100268,6.11801516253899));
#9153=CARTESIAN_POINT('',(14.0562051678269,23.2268450666198,6.16008984108854));
#9154=CARTESIAN_POINT('',(14.0480684990172,23.3426353138144,6.18421870777632));
#9155=CARTESIAN_POINT('',(14.0400080708474,23.4575616075944,6.18839795124321));
#9156=CARTESIAN_POINT('',(14.0319476372751,23.5724879784026,6.19257719751119));
#9157=CARTESIAN_POINT('',(14.0238713324972,23.6897291136532,6.17692109214308));
#9158=CARTESIAN_POINT('',(14.0158031463596,23.7995314068702,6.1427323780312));
#9159=CARTESIAN_POINT('',(14.0077349948688,23.9093332285687,6.10854381073422));
#9160=CARTESIAN_POINT('',(13.9996510232971,24.0147377049449,6.05487595576111));
#9161=CARTESIAN_POINT('',(13.9915941296982,24.1069769662676,5.98619263619399));
#9162=CARTESIAN_POINT('',(13.9835372849998,24.1992156677549,5.91750973349235));
#9163=CARTESIAN_POINT('',(13.9754096499973,24.2808406563878,5.83191296928382));
#9164=CARTESIAN_POINT('',(13.9673774568419,24.3450674511435,5.73651572283203));
#9165=CARTESIAN_POINT('',(13.9593452994307,24.4092939600822,5.64111890090966));
#9166=CARTESIAN_POINT('',(13.9511622327016,24.4578937807655,5.53329283622592));
#9167=CARTESIAN_POINT('',(13.9431499589081,24.4868314856366,5.42198907913988));
#9168=CARTESIAN_POINT('',(13.9351376828186,24.5157691987999,5.31068529015937));
#9169=CARTESIAN_POINT('',(13.9269144567747,24.52584090417,5.19284509062494));
#9170=CARTESIAN_POINT('',(13.9189126385398,24.5162107155993,5.07824425456473));
#9171=CARTESIAN_POINT('',(13.9109107481539,24.506580440195,4.96364238516949));
#9172=CARTESIAN_POINT('',(13.9026955550505,24.4769833855049,4.84913401424872));
#9173=CARTESIAN_POINT('',(13.8946790409261,24.4298757414525,4.74421992417441));
#9174=CARTESIAN_POINT('',(13.8866624920606,24.3827678932504,4.63930537943547));
#9175=CARTESIAN_POINT('',(13.8785099782808,24.3168520393246,4.54109943196376));
#9176=CARTESIAN_POINT('',(13.8704551207436,24.237605117683,4.45775964077065));
#9177=CARTESIAN_POINT('',(13.8624002503665,24.1583580697157,4.37441971672754));
#9178=CARTESIAN_POINT('',(13.8543176948524,24.0635885770101,4.30364365910037));
#9179=CARTESIAN_POINT('',(13.8462491210222,23.9611801321322,4.25131845463965));
#9180=CARTESIAN_POINT('',(13.8381805774305,23.8587720710484,4.19899344627713));
#9181=CARTESIAN_POINT('',(13.8301017359326,23.7458884921861,4.16366990013942));
#9182=CARTESIAN_POINT('',(13.8220410363101,23.6319200794769,4.14828663335695));
#9183=CARTESIAN_POINT('',(13.8139803823991,23.5179523130725,4.13290345381163));
#9184=CARTESIAN_POINT('',(13.8058638958264,23.3997465254562,4.13703386968533));
#9185=CARTESIAN_POINT('',(13.7978267328543,23.2871289694892,4.16033533386627));
#9186=CARTESIAN_POINT('',(13.7897896115659,23.1745119975991,4.18363667719707));
#9187=CARTESIAN_POINT('',(13.7816173405665,23.064376603553,4.2267504031548));
#9188=CARTESIAN_POINT('',(13.7736012626351,22.9658685144786,4.28609708932019));
#9189=CARTESIAN_POINT('',(13.7655851946972,22.8673605482125,4.34544370149907));
#9190=CARTESIAN_POINT('',(13.7573672648655,22.7777706814859,4.42265424239918));
#9191=CARTESIAN_POINT('',(13.7493651862382,22.7045321680321,4.51132319990338));
#9192=CARTESIAN_POINT('',(13.7413630398297,22.6312930342154,4.59999290847308));
#9193=CARTESIAN_POINT('',(13.7331418223289,22.5723949947801,4.7025552396351));
#9194=CARTESIAN_POINT('',(13.7251304385458,22.5327240425285,4.81050131675013));
#9195=CARTESIAN_POINT('',(13.7171190145572,22.4930528911864,4.91844793559781));
#9196=CARTESIAN_POINT('',(13.7089506012551,22.4715194916547,5.03474641531536));
#9197=CARTESIAN_POINT('',(13.7009027921669,22.4699109260921,5.14973815836457));
#9198=CARTESIAN_POINT('',(13.6928549619025,22.468302356297,5.26473020399094));
#9199=CARTESIAN_POINT('',(13.6847630644747,22.4865759414087,5.38159096563484));
#9200=CARTESIAN_POINT('',(13.6766951041571,22.5232112191467,5.4906014700253));
#9201=CARTESIAN_POINT('',(13.6686271694409,22.5598463806329,5.59961162850141));
#9202=CARTESIAN_POINT('',(13.6605515642399,22.6158580643791,5.70379044029143));
#9203=CARTESIAN_POINT('',(13.6524875908049,22.6865864891213,5.79447066715828));
#9204=CARTESIAN_POINT('',(13.6444236589067,22.7573145495481,5.88515042693999));
#9205=CARTESIAN_POINT('',(13.6363176137006,22.8447164678469,5.96484224236657));
#9206=CARTESIAN_POINT('',(13.6282755163704,22.9415257239689,6.02691958898434));
#9207=CARTESIAN_POINT('',(13.6202334648931,23.0383344281233,6.08899658166195));
#9208=CARTESIAN_POINT('',(13.6120724711781,23.1472218651262,6.13517379022099));
#9209=CARTESIAN_POINT('',(13.6040521610391,23.2591445116547,6.16161520907926));
#9210=CARTESIAN_POINT('',(13.5960318719539,23.3710668643795,6.1880565585272));
#9211=CARTESIAN_POINT('',(13.5878208781086,23.4891034798742,6.19549075492153));
#9212=CARTESIAN_POINT('',(13.5798176484316,23.6034600508144,6.18330034743739));
#9213=CARTESIAN_POINT('',(13.5718143604973,23.7178174541805,6.17110985121666));
#9214=CARTESIAN_POINT('',(13.563589815444,23.8316344012957,6.13896008037941));
#9215=CARTESIAN_POINT('',(13.5555822739132,23.9354691494911,6.08951818654104));
#9216=CARTESIAN_POINT('',(13.547574687218,24.0393044833379,6.04007601383926));
#9217=CARTESIAN_POINT('',(13.5393904339512,24.1360100644392,5.97198224442939));
#9218=CARTESIAN_POINT('',(13.5313512433642,24.2175577452264,5.89089110055932));
#9219=CARTESIAN_POINT('',(13.5233120218844,24.2991057393833,5.80979964507395));
#9220=CARTESIAN_POINT('',(13.5152074555642,24.3677441506453,5.71347246719576));
#9221=CARTESIAN_POINT('',(13.5071412070956,24.417766605977,5.60991949435589));
#9222=CARTESIAN_POINT('',(13.4990749793652,24.4677889327019,5.50636678774871));
#9223=CARTESIAN_POINT('',(13.4910004737631,24.5005796867961,5.39272111364026));
#9224=CARTESIAN_POINT('',(13.482933858123,24.5134107864285,5.2784374628376));
#9225=CARTESIAN_POINT('',(13.4748672790805,24.5262418278475,5.1641543305289));
#9226=CARTESIAN_POINT('',(13.4667707208449,24.5194691880811,5.04606873601596));
#9227=CARTESIAN_POINT('',(13.4587238237674,24.4936554054669,4.93400074002157));
#9228=CARTESIAN_POINT('',(13.4506769750336,24.4678417779356,4.82193341730456));
#9229=CARTESIAN_POINT('',(13.4425274997342,24.4222753673577,4.71278796353622));
#9230=CARTESIAN_POINT('',(13.4345026254704,24.3607409139541,4.6156319426255));
#9231=CARTESIAN_POINT('',(13.4264777817958,24.2992066951079,4.51847629205461));
#9232=CARTESIAN_POINT('',(13.4182751320529,24.2200114674738,4.43063462903444));
#9233=CARTESIAN_POINT('',(13.4102699504461,24.1297271687741,4.35939741180487));
#9234=CARTESIAN_POINT('',(13.4022647246344,24.0394423715219,4.28815980120126));
#9235=CARTESIAN_POINT('',(13.3940393369641,23.9355893652526,4.23157016046437));
#9236=CARTESIAN_POINT('',(13.3860344301788,23.8267831865794,4.19432284687563));
#9237=CARTESIAN_POINT('',(13.3780294737126,23.7179763326222,4.15707530211884));
#9238=CARTESIAN_POINT('',(13.3698304446203,23.6012278679571,4.13814796110886));
#9239=CARTESIAN_POINT('',(13.3618006181546,23.4862279333618,4.13911093385735));
#9240=CARTESIAN_POINT('',(13.3537707504271,23.3712274078331,4.14007391155412));
#9241=CARTESIAN_POINT('',(13.3456508921634,23.2548063736874,4.16095563806546));
#9242=CARTESIAN_POINT('',(13.3375875502071,23.1466419347256,4.20001922256835));
#9243=CARTESIAN_POINT('',(13.3295242238213,23.0384777046321,4.23908273163844));
#9244=CARTESIAN_POINT('',(13.3214484395599,22.9355772312242,4.29740992519401));
#9245=CARTESIAN_POINT('',(13.3133799124169,22.8465012455683,4.37014810838658));
#9246=CARTESIAN_POINT('',(13.3053114163752,22.7574256032683,4.44288601119956));
#9247=CARTESIAN_POINT('',(13.2972231432866,22.6797070263934,4.53204919258221));
#9248=CARTESIAN_POINT('',(13.2891716804909,22.6198100870954,4.63022201873457));
#9249=CARTESIAN_POINT('',(13.2811202669929,22.5599135145362,4.72839424379133));
#9250=CARTESIAN_POINT('',(13.272982309362,22.516181991767,4.83828876079543));
#9251=CARTESIAN_POINT('',(13.2649526360831,22.492250028611,4.95077429730027));
#9252=CARTESIAN_POINT('',(13.2569230012071,22.4683181799124,5.06325929582995));
#9253=CARTESIAN_POINT('',(13.2487298692024,22.4635252305868,5.18143387365123));
#9254=CARTESIAN_POINT('',(13.2407220261425,22.4782697666299,5.29548893236849));
#9255=CARTESIAN_POINT('',(13.2327141534325,22.4930143572665,5.40954441338899));
#9256=CARTESIAN_POINT('',(13.2244901883395,22.5277009539036,5.52261363493412));
#9257=CARTESIAN_POINT('',(13.2164867881594,22.5794522351142,5.62531676150682));
#9258=CARTESIAN_POINT('',(13.2084833355396,22.6312038554093,5.72802056101026));
#9259=CARTESIAN_POINT('',(13.2002727345393,22.7014415254986,5.82317774553197));
#9260=CARTESIAN_POINT('',(13.1922508539822,22.7843363979035,5.90289252114318));
#9261=CARTESIAN_POINT('',(13.1842289238411,22.8672317826896,5.98260778947909));
#9262=CARTESIAN_POINT('',(13.1760933923976,22.9650678235676,6.04907392800614));
#9263=CARTESIAN_POINT('',(13.1680342471172,23.0697137694764,6.09676875340781));
#9264=CARTESIAN_POINT('',(13.1599751117759,23.1743595863274,6.14446351998837));
#9265=CARTESIAN_POINT('',(13.1518954306186,23.2887098214355,6.17470491004832));
#9266=CARTESIAN_POINT('',(13.1438258213441,23.403251701421,6.1849775212825));
#9267=CARTESIAN_POINT('',(13.1357562372974,23.5177932233162,6.1952501004016));
#9268=CARTESIAN_POINT('',(13.127674800429,23.6356992101861,6.18583863469859));
#9269=CARTESIAN_POINT('',(13.1196191054274,23.7471616637606,6.15752553653377));
#9270=CARTESIAN_POINT('',(13.1115634593178,23.8586234408424,6.12921261020803));
#9271=CARTESIAN_POINT('',(13.1034367757795,23.9667244233821,6.08121625604795));
#9272=CARTESIAN_POINT('',(13.095402166261,24.0624798283046,6.01752488724787));
#9273=CARTESIAN_POINT('',(13.0873676011301,24.1582347042202,5.95383387031477));
#9274=CARTESIAN_POINT('',(13.0791849237023,24.2442845790988,5.87269320160624));
#9275=CARTESIAN_POINT('',(13.0711738023788,24.3134848662307,5.78083876060068));
#9276=CARTESIAN_POINT('',(13.0631626656599,24.3826852863492,5.6889841430726));
#9277=CARTESIAN_POINT('',(13.054942168131,24.4369385604498,5.58389175834879));
#9278=CARTESIAN_POINT('',(13.0469392309683,24.4717435069951,5.47428009879528));
#9279=CARTESIAN_POINT('',(13.0389362415474,24.5065486808119,5.36466772349266));
#9280=CARTESIAN_POINT('',(13.0307171772884,24.5228606768016,5.2475269490132));
#9281=CARTESIAN_POINT('',(13.0227017969633,24.5193265655478,5.13257659225229));
#9282=CARTESIAN_POINT('',(13.0146863603937,24.515792429495,5.01762542887888));
#9283=CARTESIAN_POINT('',(13.0065349886802,24.492313235035,4.90170264842063));
#9284=CARTESIAN_POINT('',(12.9984814247982,24.4508407638306,4.7944381084135));
#9285=CARTESIAN_POINT('',(12.9904278644999,24.409368311081,4.68717361613778));
#9286=CARTESIAN_POINT('',(12.9823414300579,24.3487551738196,4.58560362325728));
#9287=CARTESIAN_POINT('',(12.9742716662464,24.2740435258685,4.49817625885597));
#9288=CARTESIAN_POINT('',(12.9662019215499,24.1993320548881,4.41074910154541));
#9289=CARTESIAN_POINT('',(12.9581256252138,24.108452511674,4.33504294440984));
#9290=CARTESIAN_POINT('',(12.9500661310835,24.0089652014916,4.27735627196316));
#9291=CARTESIAN_POINT('',(12.9420066842804,23.9094784755223,4.21966993826622));
#9292=CARTESIAN_POINT('',(12.933890787444,23.7986318407921,4.17840602475593));
#9293=CARTESIAN_POINT('',(12.9258512027552,23.6856396840904,4.15699541934187));
#9294=CARTESIAN_POINT('',(12.917811666584,23.5726482092787,4.13558494313748));
#9295=CARTESIAN_POINT('',(12.9096401415193,23.4543943508703,4.13343568415458));
#9296=CARTESIAN_POINT('',(12.9016252190955,23.3406978741435,4.15072695975031));
#9297=CARTESIAN_POINT('',(12.8936102947219,23.2270013697559,4.16801823955279));
#9298=CARTESIAN_POINT('',(12.8853950862632,23.1147357297654,4.20522458490126));
#9299=CARTESIAN_POINT('',(12.8773916551709,23.0132157321746,4.25925936684581));
#9300=CARTESIAN_POINT('',(12.8693881760461,22.9116951253118,4.31329447307992));
#9301=CARTESIAN_POINT('',(12.8611635537316,22.8181332504986,4.3856414397454));
#9302=CARTESIAN_POINT('',(12.8531533056254,22.7402916075375,4.4702983741809));
#9303=CARTESIAN_POINT('',(12.8451429957597,22.6624493644122,4.55495596132704));
#9304=CARTESIAN_POINT('',(12.8369757300153,22.5981886887987,4.65425170722101));
#9305=CARTESIAN_POINT('',(12.8289292257308,22.5528452848386,4.75993858638042));
#9306=CARTESIAN_POINT('',(12.8208827175692,22.5075018590309,4.8656255164627));
#9307=CARTESIAN_POINT('',(12.8127864375379,22.4798251873623,4.98062230161162));
#9308=CARTESIAN_POINT('',(12.8047175444394,22.4721161837922,5.09536533615367));
#9309=CARTESIAN_POINT('',(12.7966486641851,22.4644071924935,5.21010818804498));
#9310=CARTESIAN_POINT('',(12.7885755665846,22.4764527944067,5.32777508076304));
#9311=CARTESIAN_POINT('',(12.7805128059445,22.5072510284272,5.43857633575424));
#9312=CARTESIAN_POINT('',(12.772450090119,22.5380490912646,5.54937697488842));
#9313=CARTESIAN_POINT('',(12.7643442480275,22.5884514103452,5.65637929082239));
#9314=CARTESIAN_POINT('',(12.7562997480598,22.6542678101938,5.75068622177023));
#9315=CARTESIAN_POINT('',(12.7482552989291,22.7200837941168,5.84499255674707));
#9316=CARTESIAN_POINT('',(12.7400953829046,22.8031296188121,5.92920778499022));
#9317=CARTESIAN_POINT('',(12.7320762316729,22.8965082485172,5.99633651539869));
#9318=CARTESIAN_POINT('',(12.7240570907334,22.9898867583761,6.06346515965119));
#9319=CARTESIAN_POINT('',(12.7158487660971,23.096166619627,6.11535517097541));
#9320=CARTESIAN_POINT('',(12.7078439725757,23.206528874606,6.14770024108946));
#9321=CARTESIAN_POINT('',(12.6998391403674,23.3168916629612,6.18004546752589));
#9322=CARTESIAN_POINT('',(12.6916116570178,23.4343669098816,6.19373401501415));
#9323=CARTESIAN_POINT('',(12.6836052531471,23.5492097587115,6.1876304394122));
#9324=CARTESIAN_POINT('',(12.6755987826764,23.6640535628424,6.18152681303868));
#9325=CARTESIAN_POINT('',(12.6674156833026,23.7794200078645,6.15546209200458));
#9326=CARTESIAN_POINT('',(12.6593778090354,23.8857312517858,6.11160129898022));
#9327=CARTESIAN_POINT('',(12.6513399218118,23.9920426670717,6.06774043525606));
#9328=CARTESIAN_POINT('',(12.6432304706835,24.0922305946927,6.00487214627216));
#9329=CARTESIAN_POINT('',(12.6351635704912,24.1779657899541,5.92822424067457));
#9330=CARTESIAN_POINT('',(12.6270966767262,24.2637009169058,5.8515763961464));
#9331=CARTESIAN_POINT('',(12.61902459098,24.3373563795646,5.7590263684313));
#9332=CARTESIAN_POINT('',(12.6109591958447,24.3928040237129,5.65827426175871));
#9333=CARTESIAN_POINT('',(12.6028938422708,24.448251382136,5.55752267426818));
#9334=CARTESIAN_POINT('',(12.5947970779347,24.4870269191069,5.44577952112015));
#9335=CARTESIAN_POINT('',(12.5867478218146,24.5059055157505,5.3323372453544));
#9336=CARTESIAN_POINT('',(12.5786986171448,24.5247839917233,5.21889569470417));
#9337=CARTESIAN_POINT('',(12.5705505239,24.5242884061751,5.10062145390246));
#9338=CARTESIAN_POINT('',(12.5625268123271,24.5044590565249,4.98734043647304));
#9339=CARTESIAN_POINT('',(12.5545031217972,24.4846297588791,4.87405971613455));
#9340=CARTESIAN_POINT('',(12.5463030458975,24.4449219937331,4.76265323193354));
#9341=CARTESIAN_POINT('',(12.5382961115927,24.3886307189848,4.66236722271245));
#9342=CARTESIAN_POINT('',(12.5302891518125,24.3323392651361,4.56208089441433));
#9343=CARTESIAN_POINT('',(12.522061289283,24.2579187512118,4.47016062450859));
#9344=CARTESIAN_POINT('',(12.514057521668,24.1715423752277,4.39423139297904));
#9345=CARTESIAN_POINT('',(12.5060536833667,24.0851652364001,4.31830149087117));
#9346=CARTESIAN_POINT('',(12.4978561261441,23.9844595756759,4.25627827475555));
#9347=CARTESIAN_POINT('',(12.4898273028382,23.877784390799,4.21330893101488));
#9348=CARTESIAN_POINT('',(12.481798457083,23.7711089076475,4.17033946712758));
#9349=CARTESIAN_POINT('',(12.4736735536213,23.6555239773732,4.14524149989738));
#9350=CARTESIAN_POINT('',(12.4656098646503,23.5406369153256,4.14009992515987));
#9351=CARTESIAN_POINT('',(12.4575461754739,23.4257498503526,4.13495835029144));
#9352=CARTESIAN_POINT('',(12.4494726710315,23.3083815604729,4.14963199624766));
#9353=CARTESIAN_POINT('',(12.4414053724986,23.1982967754757,4.18289992945477));
#9354=CARTESIAN_POINT('',(12.4333381117243,23.0882125057245,4.21616770695308));
#9355=CARTESIAN_POINT('',(12.4252492030994,22.9823626370805,4.26895068583116));
#9356=CARTESIAN_POINT('',(12.4171954494069,22.8895512664997,4.3368591441048));
#9357=CARTESIAN_POINT('',(12.4091417462245,22.7967404779961,4.40476717648268));
#9358=CARTESIAN_POINT('',(12.4010054451788,22.7144019385158,4.48967676210257));
#9359=CARTESIAN_POINT('',(12.3929769387569,22.6493782943334,4.58453283328898));
#9360=CARTESIAN_POINT('',(12.3849484624484,22.5843548940432,4.67938854868705));
#9361=CARTESIAN_POINT('',(12.3767577676387,22.5348538943437,4.78680325903256));
#9362=CARTESIAN_POINT('',(12.3687480058796,22.5049848951127,4.89786086733707));
#9363=CARTESIAN_POINT('',(12.3607382320506,22.4751158508723,5.0089186429937));
#9364=CARTESIAN_POINT('',(12.3525122502452,22.4640575343086,5.12667027863072));
#9365=CARTESIAN_POINT('',(12.3445099906695,22.4727275326021,5.24134782998973));
#9366=CARTESIAN_POINT('',(12.3365076583937,22.4813976096621,5.35602642318831));
#9367=CARTESIAN_POINT('',(12.3282988683257,22.510034753287,5.47077920543853));
#9368=CARTESIAN_POINT('',(12.32027761924,22.5562619778987,5.57608395634698));
#9369=CARTESIAN_POINT('',(12.3122563401341,22.6024893755199,5.68138910136795));
#9370=CARTESIAN_POINT('',(12.3041157068218,22.6675809141475,5.78014438892432));
#9371=CARTESIAN_POINT('',(12.2960565426633,22.7461269194119,5.86414475622884));
#9372=CARTESIAN_POINT('',(12.2879973712993,22.8246729949028,5.94814519863652));
#9373=CARTESIAN_POINT('',(12.279919775558,22.9188466321749,6.01971268965356));
#9374=CARTESIAN_POINT('',(12.2718514033955,23.0208132466438,6.07289371490857));
#9375=CARTESIAN_POINT('',(12.2637830647981,23.1227794369243,6.12607451892673));
#9376=CARTESIAN_POINT('',(12.2557005451013,23.2353628810252,6.16234216000026));
#9377=CARTESIAN_POINT('',(12.2476426519232,23.3491985713315,6.17867941601469));
#9378=CARTESIAN_POINT('',(12.2395848069503,23.4630335806329,6.19501657429395));
#9379=CARTESIAN_POINT('',(12.2314600222477,23.5812691117602,6.19187636219566));
#9380=CARTESIAN_POINT('',(12.2234265841411,23.6940780231363,6.16951893982151));
#9381=CARTESIAN_POINT('',(12.2153931834383,23.8068864092716,6.14716162154404));
#9382=CARTESIAN_POINT('',(12.2072127672319,23.9173784653398,6.1049720995946));
#9383=CARTESIAN_POINT('',(12.1991995843567,24.0163803105482,6.04645252393493));
#9384=CARTESIAN_POINT('',(12.1911864023647,24.1153821448457,5.98793295472469));
#9385=CARTESIAN_POINT('',(12.182964338574,24.2056154005306,5.91147562866146));
#9386=CARTESIAN_POINT('',(12.1749625435602,24.2795940818079,5.82342314287325));
#9387=CARTESIAN_POINT('',(12.1669606770669,24.3535734239319,5.73536987051798));
#9388=CARTESIAN_POINT('',(12.1587437075159,24.413328598303,5.63330404670364));
#9389=CARTESIAN_POINT('',(12.1507286061846,24.4539022040083,5.5256941383696));
#9390=CARTESIAN_POINT('',(12.1427134686674,24.4944759928922,5.41808374420688));
#9391=CARTESIAN_POINT('',(12.1345569660175,24.5169828117423,5.30196879900643));
#9392=CARTESIAN_POINT('',(12.1265037345684,24.5195543693976,5.186994870396));
#9393=CARTESIAN_POINT('',(12.1184504882884,24.5221259317887,5.07202073004992));
#9394=CARTESIAN_POINT('',(12.1103658884824,24.5048316802976,4.95501053917162));
#9395=CARTESIAN_POINT('',(12.1022973706835,24.4691106657955,4.84569709626286));
#9396=CARTESIAN_POINT('',(12.0942288819796,24.4333897801031,4.73638404753766));
#9397=CARTESIAN_POINT('',(12.086151040056,24.3782527071192,4.63173997679757));
#9398=CARTESIAN_POINT('',(12.0780894650463,24.3082861700874,4.54047048841091));
#9399=CARTESIAN_POINT('',(12.0700279347844,24.238320021423,4.44920150663911));
#9400=CARTESIAN_POINT('',(12.0619141443156,24.1515891217953,4.36878089890971));
#9401=CARTESIAN_POINT('',(12.0538757359934,24.0553030836961,4.30589481045163));
#9402=CARTESIAN_POINT('',(12.0458373705649,23.9590175593867,4.24300905755857));
#9403=CARTESIAN_POINT('',(12.0376678934191,23.8505213275261,4.19592171711602));
#9404=CARTESIAN_POINT('',(12.029650790013,23.7388239369624,4.168543725563));
#9405=CARTESIAN_POINT('',(12.0216336995046,23.6271267260937,4.14116577805477));
#9406=CARTESIAN_POINT('',(12.0134173649838,23.5091568421623,4.13274321876381));
#9407=CARTESIAN_POINT('',(12.0054150777474,23.394702069355,4.14397536221164));
#9408=CARTESIAN_POINT('',(11.9974127245929,23.2802463537356,4.15520759818336));
#9409=CARTESIAN_POINT('',(11.9891904268441,23.1661638228024,4.18640306823573));
#9410=CARTESIAN_POINT('',(11.9811801250353,23.0619186526955,4.23497354479532));
#9411=CARTESIAN_POINT('',(11.9731697817473,22.957672942782,4.28354427286459));
#9412=CARTESIAN_POINT('',(11.9649973837636,22.8603997113746,4.3508262873652));
#9413=CARTESIAN_POINT('',(11.9569515861087,22.7781760102496,4.43123137037334));
#9414=CARTESIAN_POINT('',(11.9548182542474,22.7563745122642,4.45255066433893));
#9415=CARTESIAN_POINT('',(11.952693699956,22.7355041508488,4.47486639651483));
#9416=CARTESIAN_POINT('',(11.9505719403994,22.7156897854921,4.49804521823486));
#9417=CARTESIAN_POINT('',(17.2505719403976,22.7036673255257,5.81577833106123));
#9418=CARTESIAN_POINT('',(17.2505719403976,22.7036673255257,5.81577833106123));
#9419=CARTESIAN_POINT('',(17.2505719403976,22.7630075511269,5.90874079540189));
#9420=CARTESIAN_POINT('',(17.2505719403976,22.8386594763746,5.99283699038778));
#9421=CARTESIAN_POINT('',(17.2505719403976,22.9242754298229,6.06235814303815));
#9422=CARTESIAN_POINT('',(17.2505719403976,23.0141529028251,6.13533969926408));
#9423=CARTESIAN_POINT('',(17.2505719403976,23.1174233331578,6.19409432027263));
#9424=CARTESIAN_POINT('',(17.2505719403976,23.2258711521623,6.23463242895554));
#9425=CARTESIAN_POINT('',(17.2505719403976,23.338519708767,6.27674078551386));
#9426=CARTESIAN_POINT('',(17.2505719403976,23.4596243418439,6.30054484040768));
#9427=CARTESIAN_POINT('',(17.2505719403976,23.5798197114877,6.30453032825098));
#9428=CARTESIAN_POINT('',(17.2505719403976,23.7045788328976,6.30866714286534));
#9429=CARTESIAN_POINT('',(17.2505719403976,23.8315903958274,6.29193967933298));
#9430=CARTESIAN_POINT('',(17.2505719403976,23.9511544607386,6.25607345577882));
#9431=CARTESIAN_POINT('',(17.2505719403976,24.07527562625,6.21884021623192));
#9432=CARTESIAN_POINT('',(17.2505719403976,24.1945943966059,6.16005641242116));
#9433=CARTESIAN_POINT('',(17.2505719403976,24.3002829934959,6.08507442563441));
#9434=CARTESIAN_POINT('',(17.2505719403976,24.3723701944844,6.03393133441103));
#9435=CARTESIAN_POINT('',(17.2505719403976,24.439167666305,5.9744786921445));
#9436=CARTESIAN_POINT('',(17.2505719403976,24.4985727858316,5.90903243862085));
#9437=CARTESIAN_POINT('',(11.7446068587951,23.4948106553203,6.1149548557337));
#9438=CARTESIAN_POINT('',(11.7539818587951,23.3703407732695,6.1149548557337));
#9439=CARTESIAN_POINT('',(11.7727318587951,23.1214537106434,6.06543839944515));
#9440=CARTESIAN_POINT('',(11.8008568587951,22.8049303502264,5.85395530509397));
#9441=CARTESIAN_POINT('',(11.8289818587951,22.5934472558752,5.53743194467692));
#9442=CARTESIAN_POINT('',(11.8571068587951,22.5191725714424,5.16407500000005));
#9443=CARTESIAN_POINT('',(11.8852318587951,22.5934472558752,4.79071805532317));
#9444=CARTESIAN_POINT('',(11.9133568587951,22.8049303502264,4.47419469490611));
#9445=CARTESIAN_POINT('',(11.9414818587951,23.1214537106434,4.26271160055494));
#9446=CARTESIAN_POINT('',(11.9696068587951,23.4948106553203,4.18843691612212));
#9447=CARTESIAN_POINT('',(11.9977318587951,23.8681675999972,4.26271160055494));
#9448=CARTESIAN_POINT('',(12.0258568587951,24.1846909604142,4.47419469490611));
#9449=CARTESIAN_POINT('',(12.0539818587951,24.3961740547654,4.79071805532317));
#9450=CARTESIAN_POINT('',(12.0821068587951,24.4704487391982,5.16407500000005));
#9451=CARTESIAN_POINT('',(12.1102318587951,24.3961740547654,5.53743194467692));
#9452=CARTESIAN_POINT('',(12.1383568587951,24.1846909604142,5.85395530509397));
#9453=CARTESIAN_POINT('',(12.1664818587951,23.8681675999972,6.06543839944515));
#9454=CARTESIAN_POINT('',(12.1946068587951,23.4948106553203,6.13971308387797));
#9455=CARTESIAN_POINT('',(12.2227318587951,23.1214537106434,6.06543839944515));
#9456=CARTESIAN_POINT('',(12.2508568587951,22.8049303502264,5.85395530509397));
#9457=CARTESIAN_POINT('',(12.2789818587951,22.5934472558752,5.53743194467692));
#9458=CARTESIAN_POINT('',(12.3071068587951,22.5191725714424,5.16407500000005));
#9459=CARTESIAN_POINT('',(12.3352318587951,22.5934472558752,4.79071805532317));
#9460=CARTESIAN_POINT('',(12.3633568587951,22.8049303502264,4.47419469490611));
#9461=CARTESIAN_POINT('',(12.3914818587951,23.1214537106434,4.26271160055494));
#9462=CARTESIAN_POINT('',(12.4196068587951,23.4948106553203,4.18843691612212));
#9463=CARTESIAN_POINT('',(12.4477318587951,23.8681675999972,4.26271160055494));
#9464=CARTESIAN_POINT('',(12.4758568587951,24.1846909604142,4.47419469490611));
#9465=CARTESIAN_POINT('',(12.5039818587951,24.3961740547654,4.79071805532317));
#9466=CARTESIAN_POINT('',(12.5321068587951,24.4704487391982,5.16407500000005));
#9467=CARTESIAN_POINT('',(12.5602318587951,24.3961740547654,5.53743194467692));
#9468=CARTESIAN_POINT('',(12.5883568587951,24.1846909604142,5.85395530509397));
#9469=CARTESIAN_POINT('',(12.6164818587951,23.8681675999972,6.06543839944515));
#9470=CARTESIAN_POINT('',(12.6446068587951,23.4948106553203,6.13971308387797));
#9471=CARTESIAN_POINT('',(12.6727318587951,23.1214537106434,6.06543839944515));
#9472=CARTESIAN_POINT('',(12.7008568587951,22.8049303502264,5.85395530509397));
#9473=CARTESIAN_POINT('',(12.7289818587951,22.5934472558752,5.53743194467692));
#9474=CARTESIAN_POINT('',(12.7571068587951,22.5191725714424,5.16407500000005));
#9475=CARTESIAN_POINT('',(12.7852318587951,22.5934472558752,4.79071805532317));
#9476=CARTESIAN_POINT('',(12.8133568587951,22.8049303502264,4.47419469490611));
#9477=CARTESIAN_POINT('',(12.8414818587951,23.1214537106434,4.26271160055494));
#9478=CARTESIAN_POINT('',(12.8696068587951,23.4948106553203,4.18843691612212));
#9479=CARTESIAN_POINT('',(12.8977318587951,23.8681675999972,4.26271160055494));
#9480=CARTESIAN_POINT('',(12.9258568587951,24.1846909604142,4.47419469490611));
#9481=CARTESIAN_POINT('',(12.9539818587951,24.3961740547654,4.79071805532317));
#9482=CARTESIAN_POINT('',(12.9821068587951,24.4704487391982,5.16407500000005));
#9483=CARTESIAN_POINT('',(13.0102318587951,24.3961740547654,5.53743194467692));
#9484=CARTESIAN_POINT('',(13.0383568587951,24.1846909604142,5.85395530509397));
#9485=CARTESIAN_POINT('',(13.0664818587951,23.8681675999972,6.06543839944515));
#9486=CARTESIAN_POINT('',(13.0946068587951,23.4948106553203,6.13971308387797));
#9487=CARTESIAN_POINT('',(13.1227318587951,23.1214537106434,6.06543839944515));
#9488=CARTESIAN_POINT('',(13.1508568587951,22.8049303502264,5.85395530509397));
#9489=CARTESIAN_POINT('',(13.1789818587951,22.5934472558752,5.53743194467692));
#9490=CARTESIAN_POINT('',(13.2071068587951,22.5191725714424,5.16407500000005));
#9491=CARTESIAN_POINT('',(13.2352318587951,22.5934472558752,4.79071805532317));
#9492=CARTESIAN_POINT('',(13.2633568587951,22.8049303502264,4.47419469490611));
#9493=CARTESIAN_POINT('',(13.2914818587951,23.1214537106434,4.26271160055494));
#9494=CARTESIAN_POINT('',(13.3196068587951,23.4948106553203,4.18843691612212));
#9495=CARTESIAN_POINT('',(13.3477318587951,23.8681675999972,4.26271160055494));
#9496=CARTESIAN_POINT('',(13.3758568587951,24.1846909604142,4.47419469490611));
#9497=CARTESIAN_POINT('',(13.4039818587951,24.3961740547654,4.79071805532317));
#9498=CARTESIAN_POINT('',(13.4321068587951,24.4704487391982,5.16407500000004));
#9499=CARTESIAN_POINT('',(13.4602318587951,24.3961740547654,5.53743194467692));
#9500=CARTESIAN_POINT('',(13.4883568587951,24.1846909604142,5.85395530509397));
#9501=CARTESIAN_POINT('',(13.5164818587951,23.8681675999972,6.06543839944515));
#9502=CARTESIAN_POINT('',(13.5446068587951,23.4948106553203,6.13971308387797));
#9503=CARTESIAN_POINT('',(13.5727318587951,23.1214537106434,6.06543839944515));
#9504=CARTESIAN_POINT('',(13.6008568587951,22.8049303502264,5.85395530509397));
#9505=CARTESIAN_POINT('',(13.6289818587951,22.5934472558752,5.53743194467692));
#9506=CARTESIAN_POINT('',(13.6571068587951,22.5191725714424,5.16407500000005));
#9507=CARTESIAN_POINT('',(13.6852318587951,22.5934472558752,4.79071805532317));
#9508=CARTESIAN_POINT('',(13.7133568587951,22.8049303502264,4.47419469490611));
#9509=CARTESIAN_POINT('',(13.7414818587951,23.1214537106434,4.26271160055494));
#9510=CARTESIAN_POINT('',(13.7696068587951,23.4948106553203,4.18843691612212));
#9511=CARTESIAN_POINT('',(13.7977318587951,23.8681675999972,4.26271160055494));
#9512=CARTESIAN_POINT('',(13.8258568587951,24.1846909604142,4.47419469490611));
#9513=CARTESIAN_POINT('',(13.8539818587951,24.3961740547654,4.79071805532317));
#9514=CARTESIAN_POINT('',(13.8821068587951,24.4704487391982,5.16407500000004));
#9515=CARTESIAN_POINT('',(13.9102318587951,24.3961740547654,5.53743194467692));
#9516=CARTESIAN_POINT('',(13.9383568587951,24.1846909604142,5.85395530509397));
#9517=CARTESIAN_POINT('',(13.9664818587951,23.8681675999972,6.06543839944515));
#9518=CARTESIAN_POINT('',(13.9946068587951,23.4948106553203,6.13971308387797));
#9519=CARTESIAN_POINT('',(14.0227318587951,23.1214537106434,6.06543839944515));
#9520=CARTESIAN_POINT('',(14.0508568587951,22.8049303502264,5.85395530509398));
#9521=CARTESIAN_POINT('',(14.0789818587951,22.5934472558752,5.53743194467692));
#9522=CARTESIAN_POINT('',(14.1071068587951,22.5191725714424,5.16407500000005));
#9523=CARTESIAN_POINT('',(14.1352318587951,22.5934472558752,4.79071805532317));
#9524=CARTESIAN_POINT('',(14.1633568587951,22.8049303502264,4.47419469490611));
#9525=CARTESIAN_POINT('',(14.1914818587951,23.1214537106434,4.26271160055494));
#9526=CARTESIAN_POINT('',(14.2196068587951,23.4948106553203,4.18843691612212));
#9527=CARTESIAN_POINT('',(14.2477318587951,23.8681675999972,4.26271160055494));
#9528=CARTESIAN_POINT('',(14.2758568587951,24.1846909604142,4.47419469490611));
#9529=CARTESIAN_POINT('',(14.3039818587951,24.3961740547654,4.79071805532317));
#9530=CARTESIAN_POINT('',(14.3321068587951,24.4704487391982,5.16407500000005));
#9531=CARTESIAN_POINT('',(14.3602318587951,24.3961740547654,5.53743194467692));
#9532=CARTESIAN_POINT('',(14.3883568587951,24.1846909604142,5.85395530509398));
#9533=CARTESIAN_POINT('',(14.4164818587951,23.8681675999972,6.06543839944515));
#9534=CARTESIAN_POINT('',(14.4446068587951,23.4948106553203,6.13971308387797));
#9535=CARTESIAN_POINT('',(14.4727318587951,23.1214537106434,6.06543839944515));
#9536=CARTESIAN_POINT('',(14.5008568587951,22.8049303502264,5.85395530509398));
#9537=CARTESIAN_POINT('',(14.5289818587951,22.5934472558752,5.53743194467692));
#9538=CARTESIAN_POINT('',(14.5571068587951,22.5191725714424,5.16407500000005));
#9539=CARTESIAN_POINT('',(14.5852318587951,22.5934472558752,4.79071805532317));
#9540=CARTESIAN_POINT('',(14.6133568587951,22.8049303502264,4.47419469490611));
#9541=CARTESIAN_POINT('',(14.6414818587951,23.1214537106434,4.26271160055494));
#9542=CARTESIAN_POINT('',(14.6696068587951,23.4948106553203,4.18843691612212));
#9543=CARTESIAN_POINT('',(14.6977318587951,23.8681675999972,4.26271160055494));
#9544=CARTESIAN_POINT('',(14.7258568587951,24.1846909604142,4.47419469490611));
#9545=CARTESIAN_POINT('',(14.7539818587951,24.3961740547654,4.79071805532317));
#9546=CARTESIAN_POINT('',(14.7821068587951,24.4704487391982,5.16407500000005));
#9547=CARTESIAN_POINT('',(14.8102318587951,24.3961740547654,5.53743194467692));
#9548=CARTESIAN_POINT('',(14.8383568587951,24.1846909604142,5.85395530509398));
#9549=CARTESIAN_POINT('',(14.8664818587951,23.8681675999972,6.06543839944515));
#9550=CARTESIAN_POINT('',(14.8946068587951,23.4948106553203,6.13971308387797));
#9551=CARTESIAN_POINT('',(14.9227318587951,23.1214537106434,6.06543839944515));
#9552=CARTESIAN_POINT('',(14.9508568587951,22.8049303502264,5.85395530509398));
#9553=CARTESIAN_POINT('',(14.9789818587951,22.5934472558752,5.53743194467692));
#9554=CARTESIAN_POINT('',(15.0071068587951,22.5191725714424,5.16407500000005));
#9555=CARTESIAN_POINT('',(15.0352318587951,22.5934472558752,4.79071805532317));
#9556=CARTESIAN_POINT('',(15.0633568587951,22.8049303502264,4.47419469490611));
#9557=CARTESIAN_POINT('',(15.0914818587951,23.1214537106434,4.26271160055494));
#9558=CARTESIAN_POINT('',(15.1196068587951,23.4948106553203,4.18843691612212));
#9559=CARTESIAN_POINT('',(15.1477318587951,23.8681675999972,4.26271160055494));
#9560=CARTESIAN_POINT('',(15.1758568587951,24.1846909604142,4.47419469490611));
#9561=CARTESIAN_POINT('',(15.2039818587951,24.3961740547654,4.79071805532317));
#9562=CARTESIAN_POINT('',(15.2321068587951,24.4704487391982,5.16407500000005));
#9563=CARTESIAN_POINT('',(15.2602318587951,24.3961740547654,5.53743194467692));
#9564=CARTESIAN_POINT('',(15.2883568587951,24.1846909604142,5.85395530509398));
#9565=CARTESIAN_POINT('',(15.3164818587951,23.8681675999972,6.06543839944515));
#9566=CARTESIAN_POINT('',(15.3446068587951,23.4948106553203,6.13971308387797));
#9567=CARTESIAN_POINT('',(15.3727318587951,23.1214537106434,6.06543839944515));
#9568=CARTESIAN_POINT('',(15.4008568587951,22.8049303502264,5.85395530509398));
#9569=CARTESIAN_POINT('',(15.4289818587951,22.5934472558752,5.53743194467692));
#9570=CARTESIAN_POINT('',(15.4571068587951,22.5191725714424,5.16407500000005));
#9571=CARTESIAN_POINT('',(15.4852318587951,22.5934472558752,4.79071805532317));
#9572=CARTESIAN_POINT('',(15.5133568587951,22.8049303502264,4.47419469490611));
#9573=CARTESIAN_POINT('',(15.5414818587951,23.1214537106434,4.26271160055494));
#9574=CARTESIAN_POINT('',(15.5696068587951,23.4948106553203,4.18843691612212));
#9575=CARTESIAN_POINT('',(15.5977318587951,23.8681675999972,4.26271160055494));
#9576=CARTESIAN_POINT('',(15.6258568587951,24.1846909604142,4.47419469490611));
#9577=CARTESIAN_POINT('',(15.6539818587951,24.3961740547654,4.79071805532317));
#9578=CARTESIAN_POINT('',(15.6821068587951,24.4704487391982,5.16407500000005));
#9579=CARTESIAN_POINT('',(15.7102318587951,24.3961740547654,5.53743194467692));
#9580=CARTESIAN_POINT('',(15.7383568587951,24.1846909604142,5.85395530509398));
#9581=CARTESIAN_POINT('',(15.7664818587951,23.8681675999972,6.06543839944515));
#9582=CARTESIAN_POINT('',(15.7946068587951,23.4948106553203,6.13971308387797));
#9583=CARTESIAN_POINT('',(15.8227318587951,23.1214537106434,6.06543839944515));
#9584=CARTESIAN_POINT('',(15.8508568587951,22.8049303502264,5.85395530509398));
#9585=CARTESIAN_POINT('',(15.8789818587951,22.5934472558752,5.53743194467692));
#9586=CARTESIAN_POINT('',(15.9071068587951,22.5191725714424,5.16407500000005));
#9587=CARTESIAN_POINT('',(15.9352318587951,22.5934472558752,4.79071805532317));
#9588=CARTESIAN_POINT('',(15.9633568587951,22.8049303502264,4.47419469490611));
#9589=CARTESIAN_POINT('',(15.9914818587951,23.1214537106434,4.26271160055494));
#9590=CARTESIAN_POINT('',(16.0196068587951,23.4948106553203,4.18843691612212));
#9591=CARTESIAN_POINT('',(16.0477318587951,23.8681675999972,4.26271160055494));
#9592=CARTESIAN_POINT('',(16.0758568587951,24.1846909604142,4.47419469490611));
#9593=CARTESIAN_POINT('',(16.1039818587951,24.3961740547654,4.79071805532317));
#9594=CARTESIAN_POINT('',(16.1321068587951,24.4704487391982,5.16407500000005));
#9595=CARTESIAN_POINT('',(16.1602318587951,24.3961740547654,5.53743194467692));
#9596=CARTESIAN_POINT('',(16.1883568587951,24.1846909604142,5.85395530509398));
#9597=CARTESIAN_POINT('',(16.2164818587951,23.8681675999972,6.06543839944515));
#9598=CARTESIAN_POINT('',(16.2446068587951,23.4948106553203,6.13971308387797));
#9599=CARTESIAN_POINT('',(16.2727318587951,23.1214537106434,6.06543839944515));
#9600=CARTESIAN_POINT('',(16.3008568587951,22.8049303502264,5.85395530509398));
#9601=CARTESIAN_POINT('',(16.3289818587951,22.5934472558752,5.53743194467693));
#9602=CARTESIAN_POINT('',(16.3571068587951,22.5191725714424,5.16407500000005));
#9603=CARTESIAN_POINT('',(16.3852318587951,22.5934472558752,4.79071805532318));
#9604=CARTESIAN_POINT('',(16.4133568587951,22.8049303502264,4.47419469490611));
#9605=CARTESIAN_POINT('',(16.4414818587951,23.1214537106434,4.26271160055494));
#9606=CARTESIAN_POINT('',(16.4696068587951,23.4948106553203,4.18843691612212));
#9607=CARTESIAN_POINT('',(16.4977318587951,23.8681675999972,4.26271160055494));
#9608=CARTESIAN_POINT('',(16.5258568587951,24.1846909604142,4.47419469490611));
#9609=CARTESIAN_POINT('',(16.5539818587951,24.3961740547654,4.79071805532317));
#9610=CARTESIAN_POINT('',(16.5821068587951,24.4704487391982,5.16407500000004));
#9611=CARTESIAN_POINT('',(16.6102318587951,24.3961740547654,5.53743194467692));
#9612=CARTESIAN_POINT('',(16.6383568587951,24.1846909604142,5.85395530509397));
#9613=CARTESIAN_POINT('',(16.6664818587951,23.8681675999972,6.06543839944514));
#9614=CARTESIAN_POINT('',(16.6946068587951,23.4948106553203,6.13971308387797));
#9615=CARTESIAN_POINT('',(16.7227318587951,23.1214537106434,6.06543839944515));
#9616=CARTESIAN_POINT('',(16.7508568587951,22.8049303502264,5.85395530509397));
#9617=CARTESIAN_POINT('',(16.7789818587951,22.5934472558752,5.53743194467692));
#9618=CARTESIAN_POINT('',(16.8071068587951,22.5191725714424,5.16407500000005));
#9619=CARTESIAN_POINT('',(16.8352318587951,22.5934472558752,4.79071805532317));
#9620=CARTESIAN_POINT('',(16.8633568587951,22.8049303502264,4.47419469490611));
#9621=CARTESIAN_POINT('',(16.8914818587951,23.1214537106434,4.26271160055494));
#9622=CARTESIAN_POINT('',(16.9196068587951,23.4948106553203,4.18843691612212));
#9623=CARTESIAN_POINT('',(16.9477318587951,23.8681675999972,4.26271160055494));
#9624=CARTESIAN_POINT('',(16.9758568587951,24.1846909604142,4.4741946949061));
#9625=CARTESIAN_POINT('',(17.0039818587951,24.3961740547654,4.79071805532318));
#9626=CARTESIAN_POINT('',(17.0321068587951,24.4704487391982,5.16407500000005));
#9627=CARTESIAN_POINT('',(17.0602318587951,24.3961740547654,5.53743194467692));
#9628=CARTESIAN_POINT('',(17.0883568587951,24.1846909604142,5.85395530509397));
#9629=CARTESIAN_POINT('',(17.1164818587951,23.8681675999972,6.06543839944515));
#9630=CARTESIAN_POINT('',(17.1446068587951,23.4948106553203,6.13971308387797));
#9631=CARTESIAN_POINT('',(17.1727318587951,23.1214537106434,6.06543839944515));
#9632=CARTESIAN_POINT('',(17.2008568587951,22.8049303502264,5.85395530509398));
#9633=CARTESIAN_POINT('',(17.2289818587951,22.5934472558752,5.53743194467693));
#9634=CARTESIAN_POINT('',(17.2571068587951,22.5191725714424,5.16407500000005));
#9635=CARTESIAN_POINT('',(17.2852318587951,22.5934472558752,4.79071805532318));
#9636=CARTESIAN_POINT('',(17.3133568587951,22.8049303502264,4.47419469490611));
#9637=CARTESIAN_POINT('',(17.3414818587951,23.1214537106434,4.26271160055494));
#9638=CARTESIAN_POINT('',(17.3696068587951,23.4948106553203,4.18843691612212));
#9639=CARTESIAN_POINT('',(17.3977318587951,23.8681675999972,4.26271160055494));
#9640=CARTESIAN_POINT('',(17.4258568587951,24.1846909604142,4.47419469490611));
#9641=CARTESIAN_POINT('',(17.4539818587951,24.3961740547654,4.79071805532317));
#9642=CARTESIAN_POINT('',(17.4821068587951,24.4704487391982,5.16407500000004));
#9643=CARTESIAN_POINT('',(17.5102318587951,24.3961740547654,5.53743194467692));
#9644=CARTESIAN_POINT('',(17.5300554402774,24.2471126377697,5.76052978027816));
#9645=CARTESIAN_POINT('',(17.5405040217597,24.1467997210518,5.85637396456768));
#9646=CARTESIAN_POINT('',(17.5415776032421,24.1362751540279,5.86598423011086));
#9647=CARTESIAN_POINT('',(11.9230774572992,23.4948106553203,6.42407500000004));
#9648=CARTESIAN_POINT('',(11.9324524572992,23.3298770410068,6.42407500000004));
#9649=CARTESIAN_POINT('',(11.9512024572992,23.0000796465012,6.35846131121764));
#9650=CARTESIAN_POINT('',(11.9793274572992,22.5806581688869,6.07822748643345));
#9651=CARTESIAN_POINT('',(12.0074524572992,22.3004243441027,5.65880600881914));
#9652=CARTESIAN_POINT('',(12.0355774572992,22.2020038109291,5.16407500000005));
#9653=CARTESIAN_POINT('',(12.0637024572992,22.3004243441027,4.66934399118095));
#9654=CARTESIAN_POINT('',(12.0918274572992,22.5806581688869,4.24992251356664));
#9655=CARTESIAN_POINT('',(12.1199524572992,23.0000796465012,3.96968868878245));
#9656=CARTESIAN_POINT('',(12.1480774572992,23.4948106553203,3.87126815560884));
#9657=CARTESIAN_POINT('',(12.1762024572992,23.9895416641394,3.96968868878245));
#9658=CARTESIAN_POINT('',(12.2043274572992,24.4089631417537,4.24992251356664));
#9659=CARTESIAN_POINT('',(12.2324524572992,24.6891969665379,4.66934399118094));
#9660=CARTESIAN_POINT('',(12.2605774572992,24.7876174997115,5.16407500000005));
#9661=CARTESIAN_POINT('',(12.2887024572992,24.6891969665379,5.65880600881915));
#9662=CARTESIAN_POINT('',(12.3168274572992,24.4089631417537,6.07822748643345));
#9663=CARTESIAN_POINT('',(12.3449524572992,23.9895416641394,6.35846131121764));
#9664=CARTESIAN_POINT('',(12.3730774572992,23.4948106553203,6.45688184439126));
#9665=CARTESIAN_POINT('',(12.4012024572992,23.0000796465012,6.35846131121764));
#9666=CARTESIAN_POINT('',(12.4293274572992,22.5806581688869,6.07822748643345));
#9667=CARTESIAN_POINT('',(12.4574524572992,22.3004243441027,5.65880600881915));
#9668=CARTESIAN_POINT('',(12.4855774572992,22.2020038109291,5.16407500000005));
#9669=CARTESIAN_POINT('',(12.5137024572992,22.3004243441027,4.66934399118094));
#9670=CARTESIAN_POINT('',(12.5418274572992,22.5806581688869,4.24992251356664));
#9671=CARTESIAN_POINT('',(12.5699524572992,23.0000796465012,3.96968868878245));
#9672=CARTESIAN_POINT('',(12.5980774572992,23.4948106553203,3.87126815560884));
#9673=CARTESIAN_POINT('',(12.6262024572992,23.9895416641394,3.96968868878245));
#9674=CARTESIAN_POINT('',(12.6543274572992,24.4089631417537,4.24992251356664));
#9675=CARTESIAN_POINT('',(12.6824524572992,24.6891969665379,4.66934399118094));
#9676=CARTESIAN_POINT('',(12.7105774572992,24.7876174997115,5.16407500000005));
#9677=CARTESIAN_POINT('',(12.7387024572992,24.6891969665379,5.65880600881915));
#9678=CARTESIAN_POINT('',(12.7668274572992,24.4089631417537,6.07822748643345));
#9679=CARTESIAN_POINT('',(12.7949524572992,23.9895416641394,6.35846131121764));
#9680=CARTESIAN_POINT('',(12.8230774572992,23.4948106553203,6.45688184439126));
#9681=CARTESIAN_POINT('',(12.8512024572992,23.0000796465012,6.35846131121764));
#9682=CARTESIAN_POINT('',(12.8793274572992,22.5806581688869,6.07822748643345));
#9683=CARTESIAN_POINT('',(12.9074524572992,22.3004243441027,5.65880600881915));
#9684=CARTESIAN_POINT('',(12.9355774572992,22.2020038109291,5.16407500000005));
#9685=CARTESIAN_POINT('',(12.9637024572992,22.3004243441027,4.66934399118094));
#9686=CARTESIAN_POINT('',(12.9918274572992,22.5806581688869,4.24992251356664));
#9687=CARTESIAN_POINT('',(13.0199524572992,23.0000796465012,3.96968868878245));
#9688=CARTESIAN_POINT('',(13.0480774572992,23.4948106553203,3.87126815560884));
#9689=CARTESIAN_POINT('',(13.0762024572992,23.9895416641394,3.96968868878245));
#9690=CARTESIAN_POINT('',(13.1043274572992,24.4089631417537,4.24992251356664));
#9691=CARTESIAN_POINT('',(13.1324524572992,24.6891969665379,4.66934399118094));
#9692=CARTESIAN_POINT('',(13.1605774572992,24.7876174997115,5.16407500000004));
#9693=CARTESIAN_POINT('',(13.1887024572992,24.6891969665379,5.65880600881915));
#9694=CARTESIAN_POINT('',(13.2168274572992,24.4089631417537,6.07822748643345));
#9695=CARTESIAN_POINT('',(13.2449524572992,23.9895416641394,6.35846131121764));
#9696=CARTESIAN_POINT('',(13.2730774572992,23.4948106553203,6.45688184439125));
#9697=CARTESIAN_POINT('',(13.3012024572992,23.0000796465012,6.35846131121764));
#9698=CARTESIAN_POINT('',(13.3293274572992,22.5806581688869,6.07822748643345));
#9699=CARTESIAN_POINT('',(13.3574524572992,22.3004243441027,5.65880600881915));
#9700=CARTESIAN_POINT('',(13.3855774572992,22.2020038109291,5.16407500000005));
#9701=CARTESIAN_POINT('',(13.4137024572992,22.3004243441027,4.66934399118095));
#9702=CARTESIAN_POINT('',(13.4418274572992,22.5806581688869,4.24992251356664));
#9703=CARTESIAN_POINT('',(13.4699524572992,23.0000796465012,3.96968868878245));
#9704=CARTESIAN_POINT('',(13.4980774572992,23.4948106553203,3.87126815560884));
#9705=CARTESIAN_POINT('',(13.5262024572992,23.9895416641394,3.96968868878245));
#9706=CARTESIAN_POINT('',(13.5543274572992,24.4089631417537,4.24992251356664));
#9707=CARTESIAN_POINT('',(13.5824524572992,24.6891969665379,4.66934399118094));
#9708=CARTESIAN_POINT('',(13.6105774572992,24.7876174997115,5.16407500000004));
#9709=CARTESIAN_POINT('',(13.6387024572992,24.6891969665379,5.65880600881915));
#9710=CARTESIAN_POINT('',(13.6668274572992,24.4089631417537,6.07822748643345));
#9711=CARTESIAN_POINT('',(13.6949524572992,23.9895416641394,6.35846131121764));
#9712=CARTESIAN_POINT('',(13.7230774572992,23.4948106553203,6.45688184439125));
#9713=CARTESIAN_POINT('',(13.7512024572992,23.0000796465012,6.35846131121764));
#9714=CARTESIAN_POINT('',(13.7793274572992,22.5806581688869,6.07822748643345));
#9715=CARTESIAN_POINT('',(13.8074524572992,22.3004243441027,5.65880600881915));
#9716=CARTESIAN_POINT('',(13.8355774572992,22.2020038109291,5.16407500000005));
#9717=CARTESIAN_POINT('',(13.8637024572992,22.3004243441027,4.66934399118095));
#9718=CARTESIAN_POINT('',(13.8918274572992,22.5806581688869,4.24992251356664));
#9719=CARTESIAN_POINT('',(13.9199524572992,23.0000796465012,3.96968868878245));
#9720=CARTESIAN_POINT('',(13.9480774572992,23.4948106553203,3.87126815560884));
#9721=CARTESIAN_POINT('',(13.9762024572992,23.9895416641394,3.96968868878245));
#9722=CARTESIAN_POINT('',(14.0043274572992,24.4089631417537,4.24992251356664));
#9723=CARTESIAN_POINT('',(14.0324524572992,24.6891969665379,4.66934399118094));
#9724=CARTESIAN_POINT('',(14.0605774572992,24.7876174997115,5.16407500000004));
#9725=CARTESIAN_POINT('',(14.0887024572992,24.6891969665379,5.65880600881915));
#9726=CARTESIAN_POINT('',(14.1168274572992,24.4089631417537,6.07822748643345));
#9727=CARTESIAN_POINT('',(14.1449524572992,23.9895416641394,6.35846131121764));
#9728=CARTESIAN_POINT('',(14.1730774572992,23.4948106553203,6.45688184439126));
#9729=CARTESIAN_POINT('',(14.2012024572992,23.0000796465012,6.35846131121764));
#9730=CARTESIAN_POINT('',(14.2293274572992,22.5806581688869,6.07822748643345));
#9731=CARTESIAN_POINT('',(14.2574524572992,22.3004243441027,5.65880600881914));
#9732=CARTESIAN_POINT('',(14.2855774572992,22.2020038109291,5.16407500000005));
#9733=CARTESIAN_POINT('',(14.3137024572992,22.3004243441027,4.66934399118095));
#9734=CARTESIAN_POINT('',(14.3418274572992,22.5806581688869,4.24992251356664));
#9735=CARTESIAN_POINT('',(14.3699524572992,23.0000796465012,3.96968868878246));
#9736=CARTESIAN_POINT('',(14.3980774572992,23.4948106553203,3.87126815560884));
#9737=CARTESIAN_POINT('',(14.4262024572992,23.9895416641394,3.96968868878246));
#9738=CARTESIAN_POINT('',(14.4543274572992,24.4089631417537,4.24992251356664));
#9739=CARTESIAN_POINT('',(14.4824524572992,24.6891969665379,4.66934399118094));
#9740=CARTESIAN_POINT('',(14.5105774572992,24.7876174997115,5.16407500000005));
#9741=CARTESIAN_POINT('',(14.5387024572992,24.6891969665379,5.65880600881914));
#9742=CARTESIAN_POINT('',(14.5668274572992,24.4089631417537,6.07822748643345));
#9743=CARTESIAN_POINT('',(14.5949524572992,23.9895416641394,6.35846131121764));
#9744=CARTESIAN_POINT('',(14.6230774572992,23.4948106553203,6.45688184439126));
#9745=CARTESIAN_POINT('',(14.6512024572992,23.0000796465012,6.35846131121764));
#9746=CARTESIAN_POINT('',(14.6793274572992,22.5806581688869,6.07822748643345));
#9747=CARTESIAN_POINT('',(14.7074524572992,22.3004243441027,5.65880600881914));
#9748=CARTESIAN_POINT('',(14.7355774572992,22.2020038109291,5.16407500000005));
#9749=CARTESIAN_POINT('',(14.7637024572992,22.3004243441027,4.66934399118095));
#9750=CARTESIAN_POINT('',(14.7918274572992,22.5806581688869,4.24992251356664));
#9751=CARTESIAN_POINT('',(14.8199524572992,23.0000796465012,3.96968868878246));
#9752=CARTESIAN_POINT('',(14.8480774572992,23.4948106553203,3.87126815560884));
#9753=CARTESIAN_POINT('',(14.8762024572992,23.9895416641394,3.96968868878245));
#9754=CARTESIAN_POINT('',(14.9043274572992,24.4089631417537,4.24992251356664));
#9755=CARTESIAN_POINT('',(14.9324524572992,24.6891969665379,4.66934399118094));
#9756=CARTESIAN_POINT('',(14.9605774572992,24.7876174997115,5.16407500000005));
#9757=CARTESIAN_POINT('',(14.9887024572992,24.6891969665379,5.65880600881914));
#9758=CARTESIAN_POINT('',(15.0168274572992,24.4089631417537,6.07822748643345));
#9759=CARTESIAN_POINT('',(15.0449524572992,23.9895416641394,6.35846131121764));
#9760=CARTESIAN_POINT('',(15.0730774572992,23.4948106553203,6.45688184439126));
#9761=CARTESIAN_POINT('',(15.1012024572992,23.0000796465012,6.35846131121764));
#9762=CARTESIAN_POINT('',(15.1293274572992,22.5806581688869,6.07822748643345));
#9763=CARTESIAN_POINT('',(15.1574524572992,22.3004243441027,5.65880600881914));
#9764=CARTESIAN_POINT('',(15.1855774572992,22.2020038109291,5.16407500000005));
#9765=CARTESIAN_POINT('',(15.2137024572992,22.3004243441027,4.66934399118095));
#9766=CARTESIAN_POINT('',(15.2418274572992,22.5806581688869,4.24992251356664));
#9767=CARTESIAN_POINT('',(15.2699524572992,23.0000796465012,3.96968868878246));
#9768=CARTESIAN_POINT('',(15.2980774572992,23.4948106553203,3.87126815560884));
#9769=CARTESIAN_POINT('',(15.3262024572992,23.9895416641394,3.96968868878246));
#9770=CARTESIAN_POINT('',(15.3543274572992,24.4089631417537,4.24992251356664));
#9771=CARTESIAN_POINT('',(15.3824524572992,24.6891969665379,4.66934399118094));
#9772=CARTESIAN_POINT('',(15.4105774572992,24.7876174997115,5.16407500000004));
#9773=CARTESIAN_POINT('',(15.4387024572992,24.6891969665379,5.65880600881914));
#9774=CARTESIAN_POINT('',(15.4668274572992,24.4089631417537,6.07822748643345));
#9775=CARTESIAN_POINT('',(15.4949524572992,23.9895416641394,6.35846131121764));
#9776=CARTESIAN_POINT('',(15.5230774572992,23.4948106553203,6.45688184439126));
#9777=CARTESIAN_POINT('',(15.5512024572992,23.0000796465012,6.35846131121764));
#9778=CARTESIAN_POINT('',(15.5793274572992,22.5806581688869,6.07822748643345));
#9779=CARTESIAN_POINT('',(15.6074524572992,22.3004243441027,5.65880600881914));
#9780=CARTESIAN_POINT('',(15.6355774572992,22.2020038109291,5.16407500000005));
#9781=CARTESIAN_POINT('',(15.6637024572992,22.3004243441027,4.66934399118095));
#9782=CARTESIAN_POINT('',(15.6918274572992,22.5806581688869,4.24992251356664));
#9783=CARTESIAN_POINT('',(15.7199524572992,23.0000796465012,3.96968868878246));
#9784=CARTESIAN_POINT('',(15.7480774572992,23.4948106553203,3.87126815560884));
#9785=CARTESIAN_POINT('',(15.7762024572992,23.9895416641394,3.96968868878245));
#9786=CARTESIAN_POINT('',(15.8043274572992,24.4089631417537,4.24992251356664));
#9787=CARTESIAN_POINT('',(15.8324524572992,24.6891969665379,4.66934399118094));
#9788=CARTESIAN_POINT('',(15.8605774572992,24.7876174997115,5.16407500000004));
#9789=CARTESIAN_POINT('',(15.8887024572992,24.6891969665379,5.65880600881914));
#9790=CARTESIAN_POINT('',(15.9168274572992,24.4089631417537,6.07822748643345));
#9791=CARTESIAN_POINT('',(15.9449524572992,23.9895416641394,6.35846131121763));
#9792=CARTESIAN_POINT('',(15.9730774572992,23.4948106553203,6.45688184439126));
#9793=CARTESIAN_POINT('',(16.0012024572992,23.0000796465012,6.35846131121764));
#9794=CARTESIAN_POINT('',(16.0293274572992,22.5806581688869,6.07822748643345));
#9795=CARTESIAN_POINT('',(16.0574524572992,22.3004243441027,5.65880600881914));
#9796=CARTESIAN_POINT('',(16.0855774572992,22.2020038109291,5.16407500000005));
#9797=CARTESIAN_POINT('',(16.1137024572992,22.3004243441027,4.66934399118095));
#9798=CARTESIAN_POINT('',(16.1418274572992,22.5806581688869,4.24992251356664));
#9799=CARTESIAN_POINT('',(16.1699524572992,23.0000796465012,3.96968868878246));
#9800=CARTESIAN_POINT('',(16.1980774572992,23.4948106553203,3.87126815560884));
#9801=CARTESIAN_POINT('',(16.2262024572992,23.9895416641394,3.96968868878245));
#9802=CARTESIAN_POINT('',(16.2543274572992,24.4089631417537,4.24992251356664));
#9803=CARTESIAN_POINT('',(16.2824524572992,24.6891969665379,4.66934399118094));
#9804=CARTESIAN_POINT('',(16.3105774572992,24.7876174997115,5.16407500000004));
#9805=CARTESIAN_POINT('',(16.3387024572992,24.6891969665379,5.65880600881914));
#9806=CARTESIAN_POINT('',(16.3668274572992,24.4089631417537,6.07822748643345));
#9807=CARTESIAN_POINT('',(16.3949524572992,23.9895416641394,6.35846131121764));
#9808=CARTESIAN_POINT('',(16.4230774572992,23.4948106553203,6.45688184439126));
#9809=CARTESIAN_POINT('',(16.4512024572992,23.0000796465012,6.35846131121764));
#9810=CARTESIAN_POINT('',(16.4793274572992,22.5806581688869,6.07822748643345));
#9811=CARTESIAN_POINT('',(16.5074524572992,22.3004243441027,5.65880600881916));
#9812=CARTESIAN_POINT('',(16.5355774572992,22.2020038109291,5.16407500000005));
#9813=CARTESIAN_POINT('',(16.5637024572992,22.3004243441027,4.66934399118096));
#9814=CARTESIAN_POINT('',(16.5918274572992,22.5806581688869,4.24992251356663));
#9815=CARTESIAN_POINT('',(16.6199524572992,23.0000796465012,3.96968868878245));
#9816=CARTESIAN_POINT('',(16.6480774572992,23.4948106553203,3.87126815560884));
#9817=CARTESIAN_POINT('',(16.6762024572992,23.9895416641394,3.96968868878245));
#9818=CARTESIAN_POINT('',(16.7043274572992,24.4089631417537,4.24992251356664));
#9819=CARTESIAN_POINT('',(16.7324524572992,24.6891969665379,4.66934399118094));
#9820=CARTESIAN_POINT('',(16.7605774572992,24.7876174997115,5.16407500000004));
#9821=CARTESIAN_POINT('',(16.7887024572992,24.6891969665379,5.65880600881914));
#9822=CARTESIAN_POINT('',(16.8168274572992,24.4089631417537,6.07822748643344));
#9823=CARTESIAN_POINT('',(16.8449524572992,23.9895416641394,6.35846131121763));
#9824=CARTESIAN_POINT('',(16.8730774572992,23.4948106553203,6.45688184439126));
#9825=CARTESIAN_POINT('',(16.9012024572992,23.0000796465012,6.35846131121763));
#9826=CARTESIAN_POINT('',(16.9293274572992,22.5806581688869,6.07822748643345));
#9827=CARTESIAN_POINT('',(16.9574524572992,22.3004243441027,5.65880600881914));
#9828=CARTESIAN_POINT('',(16.9855774572992,22.2020038109291,5.16407500000005));
#9829=CARTESIAN_POINT('',(17.0137024572992,22.3004243441027,4.66934399118095));
#9830=CARTESIAN_POINT('',(17.0418274572992,22.5806581688869,4.24992251356664));
#9831=CARTESIAN_POINT('',(17.0699524572992,23.0000796465012,3.96968868878246));
#9832=CARTESIAN_POINT('',(17.0980774572992,23.4948106553203,3.87126815560884));
#9833=CARTESIAN_POINT('',(17.1262024572992,23.9895416641394,3.96968868878245));
#9834=CARTESIAN_POINT('',(17.1543274572992,24.4089631417537,4.24992251356663));
#9835=CARTESIAN_POINT('',(17.1824524572992,24.6891969665379,4.66934399118096));
#9836=CARTESIAN_POINT('',(17.2105774572992,24.7876174997115,5.16407500000005));
#9837=CARTESIAN_POINT('',(17.2387024572992,24.6891969665379,5.65880600881915));
#9838=CARTESIAN_POINT('',(17.2668274572992,24.4089631417537,6.07822748643345));
#9839=CARTESIAN_POINT('',(17.2949524572992,23.9895416641394,6.35846131121763));
#9840=CARTESIAN_POINT('',(17.3230774572992,23.4948106553203,6.45688184439126));
#9841=CARTESIAN_POINT('',(17.3512024572992,23.0000796465012,6.35846131121764));
#9842=CARTESIAN_POINT('',(17.3793274572992,22.5806581688869,6.07822748643345));
#9843=CARTESIAN_POINT('',(17.4074524572992,22.3004243441027,5.65880600881916));
#9844=CARTESIAN_POINT('',(17.4355774572992,22.2020038109291,5.16407500000005));
#9845=CARTESIAN_POINT('',(17.4637024572992,22.3004243441027,4.66934399118096));
#9846=CARTESIAN_POINT('',(17.4918274572992,22.5806581688869,4.24992251356664));
#9847=CARTESIAN_POINT('',(17.5199524572992,23.0000796465012,3.96968868878245));
#9848=CARTESIAN_POINT('',(17.5480774572992,23.4948106553203,3.87126815560884));
#9849=CARTESIAN_POINT('',(17.5762024572992,23.9895416641394,3.96968868878245));
#9850=CARTESIAN_POINT('',(17.6043274572992,24.4089631417537,4.24992251356664));
#9851=CARTESIAN_POINT('',(17.6324524572992,24.6891969665379,4.66934399118094));
#9852=CARTESIAN_POINT('',(17.6605774572992,24.7876174997115,5.16407500000004));
#9853=CARTESIAN_POINT('',(17.6887024572992,24.6891969665379,5.65880600881914));
#9854=CARTESIAN_POINT('',(17.7085260387815,24.4916773910815,5.95443039413191));
#9855=CARTESIAN_POINT('',(17.7189746202639,24.3587538946981,6.08143242438486));
#9856=CARTESIAN_POINT('',(17.7200482017462,24.3448079115435,6.09416687712501));
#9857=CARTESIAN_POINT('',(11.9505719403976,23.4948106553203,5.16407500000005));
#9858=CARTESIAN_POINT('',(11.9505719403976,23.4948106553203,6.11407500000005));
#9859=CARTESIAN_POINT('',(11.950571940396,24.2739315251492,4.49804521823571));
#9860=CARTESIAN_POINT('',(11.950571940396,24.3559333232957,4.57345721512135));
#9861=CARTESIAN_POINT('',(11.9505719403976,24.42634816309,4.66349918915254));
#9862=CARTESIAN_POINT('',(11.9505719403976,24.4801708286537,4.76104089738633));
#9863=CARTESIAN_POINT('',(11.9505719403976,24.5362578284037,4.86268621182827));
#9864=CARTESIAN_POINT('',(11.9505719403976,24.5758086304761,4.9750643726238));
#9865=CARTESIAN_POINT('',(11.9505719403976,24.5966083303495,5.08927861855719));
#9866=CARTESIAN_POINT('',(11.9505719403976,24.6182323868894,5.20801952956835));
#9867=CARTESIAN_POINT('',(11.9505719403976,24.6198407540101,5.33189509212844));
#9868=CARTESIAN_POINT('',(11.9505719403976,24.6023486229415,5.45131464295525));
#9869=CARTESIAN_POINT('',(11.9505719403976,24.5842482074732,5.57488697822562));
#9870=CARTESIAN_POINT('',(11.9505719403976,24.5449769910481,5.69691526474353));
#9871=CARTESIAN_POINT('',(11.9505719403976,24.4883126615829,5.80821171954136));
#9872=CARTESIAN_POINT('',(11.9505719403976,24.4296612811847,5.92341101279937));
#9873=CARTESIAN_POINT('',(11.9505719403976,24.3509165398049,6.03020786367866));
#9874=CARTESIAN_POINT('',(11.9505719403976,24.2584991851318,6.12059533042599));
#9875=CARTESIAN_POINT('',(11.9505719403976,24.2135139461802,6.16459249745429));
#9876=CARTESIAN_POINT('',(11.950571940396,24.1649862868967,6.20522512826231));
#9877=CARTESIAN_POINT('',(11.950571940396,24.1138173157657,6.24184696359939));
#9878=CARTESIAN_POINT('',(11.950571940396,24.2739315251492,4.49804521823571));
#9879=CARTESIAN_POINT('',(11.9505719403976,23.4948106553203,5.16407500000005));
#9880=CARTESIAN_POINT('',(11.9505719403976,23.9948106553203,7.81407499999994));
#9881=CARTESIAN_POINT('',(17.2505719403976,24.6927707768859,4.80715547527138));
#9882=CARTESIAN_POINT('',(17.2505719403976,24.6590090229222,4.72455314481723));
#9883=CARTESIAN_POINT('',(17.2505719403976,24.6160009628528,4.64514894108173));
#9884=CARTESIAN_POINT('',(17.2505719403976,24.5651080543729,4.57184878491801));
#9885=CARTESIAN_POINT('',(17.2505719403976,24.486312403299,4.45836080198954));
#9886=CARTESIAN_POINT('',(17.2505719403976,24.3865568628991,4.35681781052165));
#9887=CARTESIAN_POINT('',(17.2505719403976,24.2737448557624,4.27705736955531));
#9888=CARTESIAN_POINT('',(17.2505719403976,24.1643712919086,4.19972797967507));
#9889=CARTESIAN_POINT('',(17.2505719403976,24.0397507227277,4.14034434571055));
#9890=CARTESIAN_POINT('',(17.2505719403976,23.9104858785439,4.10523008838545));
#9891=CARTESIAN_POINT('',(17.2505719403976,23.7857489766914,4.07134582776343));
#9892=CARTESIAN_POINT('',(17.2505719403976,23.6530999748511,4.05896259077188));
#9893=CARTESIAN_POINT('',(17.2505719403976,23.5243162720228,4.07001680659625));
#9894=CARTESIAN_POINT('',(17.2505719403976,23.400274583229,4.08066398919026));
#9895=CARTESIAN_POINT('',(17.2505719403976,23.2762243842715,4.11358523309381));
#9896=CARTESIAN_POINT('',(17.2505719403976,23.1634586993627,4.16634509817176));
#9897=CARTESIAN_POINT('',(17.2505719403976,23.0967077091083,4.19757599294696));
#9898=CARTESIAN_POINT('',(17.2505719403962,23.0329466238748,4.23620856426174));
#9899=CARTESIAN_POINT('',(17.2505719403962,22.9744242481617,4.28099913279237));
#9900=CARTESIAN_POINT('',(17.2505719403962,22.9744242481617,4.28099913279237));
#9901=CARTESIAN_POINT('',(11.950571940396,24.2739315251492,4.49804521823571));
#9902=CARTESIAN_POINT('',(11.9544969887932,24.3105861699893,4.54092377945478));
#9903=CARTESIAN_POINT('',(11.958439033224,24.3438004501708,4.58699332206437));
#9904=CARTESIAN_POINT('',(11.9623893795443,24.3728994927154,4.63531702734897));
#9905=CARTESIAN_POINT('',(11.9704430411931,24.4322243781708,4.73383567367211));
#9906=CARTESIAN_POINT('',(11.9785750920132,24.4753165528523,4.84398298919184));
#9907=CARTESIAN_POINT('',(11.9866073205502,24.4985942288351,4.95660563469072));
#9908=CARTESIAN_POINT('',(11.9946395073414,24.521871783837,5.06922769485691));
#9909=CARTESIAN_POINT('',(12.0028273062236,24.5259777367344,5.18742853347271));
#9910=CARTESIAN_POINT('',(12.010836782475,24.510570459346,5.30139586704357));
#9911=CARTESIAN_POINT('',(12.0188462808935,24.4951631393162,5.41536351603272));
#9912=CARTESIAN_POINT('',(12.0270686844863,24.4598198867642,5.52822922180131));
#9913=CARTESIAN_POINT('',(12.0350717191515,24.4074725158139,5.63062974319779));
#9914=CARTESIAN_POINT('',(12.0430748065998,24.3551247996128,5.73303093996465));
#9915=CARTESIAN_POINT('',(12.0512901825774,24.2843354812332,5.82777794079441));
#9916=CARTESIAN_POINT('',(12.0593085083153,24.2009785452118,5.90700966151889));
#9917=CARTESIAN_POINT('',(12.0673268872737,24.1176210559208,5.98624190813256));
#9918=CARTESIAN_POINT('',(12.0754706398263,24.0194008334851,6.05213792195752));
#9919=CARTESIAN_POINT('',(12.0835270622825,23.9144792889983,6.09922377848764));
#9920=CARTESIAN_POINT('',(12.091583477992,23.8095578323762,6.14630959558649));
#9921=CARTESIAN_POINT('',(12.0996662984929,23.6950339387788,6.1758857564995));
#9922=CARTESIAN_POINT('',(12.1077361100616,23.5804342801298,6.18549244398389));
#9923=CARTESIAN_POINT('',(12.1158058995571,23.4658349349437,6.19509910519124));
#9924=CARTESIAN_POINT('',(12.1238844368312,23.3479853729609,6.18500243561938));
#9925=CARTESIAN_POINT('',(12.1319421672153,23.2366894477343,6.15604195620088));
#9926=CARTESIAN_POINT('',(12.1399998493895,23.1253941883982,6.12708165005476));
#9927=CARTESIAN_POINT('',(12.1481208490124,23.0175735877311,6.0784575485556));
#9928=CARTESIAN_POINT('',(12.1561580463311,22.9221901150057,6.01421070493767));
#9929=CARTESIAN_POINT('',(12.1641951968848,22.8268071972749,5.94996423514405));
#9930=CARTESIAN_POINT('',(12.1723721484653,22.7412301159769,5.86832443564607));
#9931=CARTESIAN_POINT('',(12.180385186589,22.6725650062695,5.77606935668729));
#9932=CARTESIAN_POINT('',(12.1883982329897,22.6038998256342,5.68381418243329));
#9933=CARTESIAN_POINT('',(12.1966161939772,22.550258298338,5.57840811326722));
#9934=CARTESIAN_POINT('',(12.2046192740389,22.5160911213164,5.46859605634799));
#9935=CARTESIAN_POINT('',(12.212622404735,22.4819237281238,5.35878330466281));
#9936=CARTESIAN_POINT('',(12.2208447079603,22.466292924184,5.24155000969691));
#9937=CARTESIAN_POINT('',(12.2288572544937,22.4704951401445,5.12662202454854));
#9938=CARTESIAN_POINT('',(12.2368698602503,22.4746973871649,5.01169318993164));
#9939=CARTESIAN_POINT('',(12.2450294952186,22.4988498484765,4.8959094445438));
#9940=CARTESIAN_POINT('',(12.2530795794021,22.5409451510762,4.7888875804173));
#9941=CARTESIAN_POINT('',(12.2611296637133,22.5830404543435,4.68186571459341));
#9942=CARTESIAN_POINT('',(12.2692208157994,22.6442427943206,4.5806500296169));
#9943=CARTESIAN_POINT('',(12.2772902610588,22.7194613575798,4.49365836350205));
#9944=CARTESIAN_POINT('',(12.2853596904461,22.7946797728876,4.40666686849568));
#9945=CARTESIAN_POINT('',(12.2934340660022,22.8859979841422,4.33149011344828));
#9946=CARTESIAN_POINT('',(12.3014953310414,22.9858188611662,4.27438271977964));
#9947=CARTESIAN_POINT('',(12.3095565499548,23.085639167023,4.217275652875));
#9948=CARTESIAN_POINT('',(12.3176671128361,23.1967242105985,4.17665660385843));
#9949=CARTESIAN_POINT('',(12.3257092665518,23.3098388117598,4.15590318076989));
#9950=CARTESIAN_POINT('',(12.3337513703233,23.4229527104473,4.13514988656602));
#9951=CARTESIAN_POINT('',(12.3419169019176,23.5412175403673,4.13368805507007));
#9952=CARTESIAN_POINT('',(12.3499339754332,23.6548114873388,4.15163994837778));
#9953=CARTESIAN_POINT('',(12.3579510443637,23.7684053693441,4.16959183141852));
#9954=CARTESIAN_POINT('',(12.3661628587248,23.880453019415,4.20745019583657));
#9955=CARTESIAN_POINT('',(12.3741668953677,23.981657126733,4.26207416115733));
#9956=CARTESIAN_POINT('',(12.3821709758914,24.0828617888863,4.31669842594524));
#9957=CARTESIAN_POINT('',(12.3903974088101,24.1760013788005,4.38958786135619));
#9958=CARTESIAN_POINT('',(12.3984055028375,24.2533496574793,4.47469587194091));
#9959=CARTESIAN_POINT('',(12.4064136611981,24.3306985575365,4.55980456624194));
#9960=CARTESIAN_POINT('',(12.4145891730955,24.3943806655258,4.65947159907133));
#9961=CARTESIAN_POINT('',(12.4226313926962,24.4391091048465,4.76542046506735));
#9962=CARTESIAN_POINT('',(12.4306736206539,24.4838375906467,4.87136944116002));
#9963=CARTESIAN_POINT('',(12.4387763182355,24.5108452554136,4.98652472783714));
#9964=CARTESIAN_POINT('',(12.4468443214393,24.5178872126652,5.10131069636099));
#9965=CARTESIAN_POINT('',(12.4549123151141,24.5249291615996,5.21609652931288));
#9966=CARTESIAN_POINT('',(12.4629845983138,24.5121997994681,5.33369152871651));
#9967=CARTESIAN_POINT('',(12.4710488136902,24.4807580720527,5.44431184882402));
#9968=CARTESIAN_POINT('',(12.4791129858633,24.449316513083,5.55493157629483));
#9969=CARTESIAN_POINT('',(12.4872139713057,24.3982928927614,5.66163948732786));
#9970=CARTESIAN_POINT('',(12.4952609699818,24.3319294815701,5.75556216870124));
#9971=CARTESIAN_POINT('',(12.5033079172978,24.2655664939448,5.84948425061096));
#9972=CARTESIAN_POINT('',(12.5114616983111,24.1820321887202,5.93321567422023));
#9973=CARTESIAN_POINT('',(12.5194831850519,24.0882649943511,5.99980040196263));
#9974=CARTESIAN_POINT('',(12.5275046557113,23.9944979879656,6.06638499621655));
#9975=CARTESIAN_POINT('',(12.5357088478059,23.8879180497668,6.11765645274888));
#9976=CARTESIAN_POINT('',(12.5437146628713,23.7773697213491,6.14935941284993));
#9977=CARTESIAN_POINT('',(12.5517205098367,23.6668209524391,6.18106249927499));
#9978=CARTESIAN_POINT('',(12.5599484859344,23.5492682817697,6.19406796030637));
#9979=CARTESIAN_POINT('',(12.5679533733733,23.4344628608282,6.18729694254229));
#9980=CARTESIAN_POINT('',(12.5759583297191,23.3196564516285,6.18052586649251));
#9981=CARTESIAN_POINT('',(12.5841493505855,23.2044440695689,6.15379119939974));
#9982=CARTESIAN_POINT('',(12.5921823397695,23.0983893158747,6.10931312959077));
#9983=CARTESIAN_POINT('',(12.6002153471056,22.9923343225278,6.0648349592744));
#9984=CARTESIAN_POINT('',(12.6083327808086,22.8925139904122,6.00138568033207));
#9985=CARTESIAN_POINT('',(12.6163981696922,22.8072256635069,5.92424069182847));
#9986=CARTESIAN_POINT('',(12.6244635555622,22.7219373684698,5.84709573215026));
#9987=CARTESIAN_POINT('',(12.6325360601563,22.6488210897176,5.75411912994344));
#9988=CARTESIAN_POINT('',(12.6406025422931,22.5939600035424,5.65304647482381));
#9989=CARTESIAN_POINT('',(12.6486689847876,22.539099186978,5.55197431641852));
#9990=CARTESIAN_POINT('',(12.6567614972168,22.5009737030579,5.44000731311352));
#9991=CARTESIAN_POINT('',(12.66481313003,22.4827548349249,5.32645731555154));
#9992=CARTESIAN_POINT('',(12.672864711699,22.4645360825186,5.21290803926151));
#9993=CARTESIAN_POINT('',(12.6810066552873,22.4657191647105,5.09463816954684));
#9994=CARTESIAN_POINT('',(12.6890328364292,22.4862066540638,4.98147442867159));
#9995=CARTESIAN_POINT('',(12.6970589915945,22.5066940771102,4.86831105404657));
#9996=CARTESIAN_POINT('',(12.7052543171158,22.5470488727207,4.75713695408762));
#9997=CARTESIAN_POINT('',(12.7132626414687,22.6039221108274,4.65717994055351));
#9998=CARTESIAN_POINT('',(12.7212709843058,22.6607954802045,4.55722269630626));
#9999=CARTESIAN_POINT('',(12.729498137159,22.7357489983455,4.46573660086318));
#10000=CARTESIAN_POINT('',(12.7375009853012,22.8225652441745,4.39031075477195));
#10001=CARTESIAN_POINT('',(12.7455039055106,22.9093822718004,4.31488422945653));
#10002=CARTESIAN_POINT('',(12.7537076956289,23.0104462838072,4.25344765388656));
#10003=CARTESIAN_POINT('',(12.7617323986067,23.1173696167841,4.21109899692931));
#10004=CARTESIAN_POINT('',(12.7697571281791,23.2242933041142,4.16875019962492));
#10005=CARTESIAN_POINT('',(12.7778901846828,23.3400215904031,4.1443246142078));
#10006=CARTESIAN_POINT('',(12.7859516912867,23.4549367310364,4.13985086917604));
#10007=CARTESIAN_POINT('',(12.7940132016757,23.5698519256256,4.13537712204372));
#10008=CARTESIAN_POINT('',(12.8020884842614,23.6871328554571,4.15073271648355));
#10009=CARTESIAN_POINT('',(12.8101564507168,23.797022405292,4.18463992906423));
#10010=CARTESIAN_POINT('',(12.8182243815534,23.9069114699819,4.21854699194996));
#10011=CARTESIAN_POINT('',(12.8263097702735,24.0124530266623,4.27194448044933));
#10012=CARTESIAN_POINT('',(12.834365726927,24.104868037099,4.34039120694758));
#10013=CARTESIAN_POINT('',(12.8424216341115,24.1972824800444,4.40883751313608));
#10014=CARTESIAN_POINT('',(12.8505518982305,24.2791264222092,4.49422464086653));
#10015=CARTESIAN_POINT('',(12.8585829575896,24.34359752781,4.58945700072649));
#10016=CARTESIAN_POINT('',(12.86661398282,24.408068359435,4.68468895588792));
#10017=CARTESIAN_POINT('',(12.8747994312118,24.4569442984817,4.79238994542826));
#10018=CARTESIAN_POINT('',(12.8828109033317,24.4861671916802,4.90361921139774));
#10019=CARTESIAN_POINT('',(12.8908223806979,24.5153901040149,5.01484855020367));
#10020=CARTESIAN_POINT('',(12.8990465657093,24.5257637841125,5.13266251643582));
#10021=CARTESIAN_POINT('',(12.9070484589845,24.5164273395384,5.24728768248951));
#10022=CARTESIAN_POINT('',(12.9150504247997,24.5070908103262,5.36191388766088));
#10023=CARTESIAN_POINT('',(12.9232638355009,24.477787267934,5.4764978893699));
#10024=CARTESIAN_POINT('',(12.9312817154454,24.4309486770729,5.58153230827135));
#10025=CARTESIAN_POINT('',(12.9392996287563,24.384109891293,5.68656716427348));
#10026=CARTESIAN_POINT('',(12.9474485017372,24.3184457806128,5.78494193968715));
#10027=CARTESIAN_POINT('',(12.9555047633144,24.2394127504805,5.8684844831013));
#10028=CARTESIAN_POINT('',(12.9635610359621,24.1603796117444,5.95202714131612));
#10029=CARTESIAN_POINT('',(12.9716418942556,24.0657917320173,6.02304591017285));
#10030=CARTESIAN_POINT('',(12.9797104641349,23.9635177256955,6.07563338111464));
#10031=CARTESIAN_POINT('',(12.9877790027435,23.8612441157484,6.12822064824763));
#10032=CARTESIAN_POINT('',(12.9958588616429,23.7484515284694,6.16383335041514));
#10033=CARTESIAN_POINT('',(13.0039187322894,23.6345228806546,6.17950864829624));
#10034=CARTESIAN_POINT('',(13.0119785563983,23.5205948906632,6.19518385566825));
#10035=CARTESIAN_POINT('',(13.0200975448154,23.4023791186319,6.19135640893723));
#10036=CARTESIAN_POINT('',(13.0281335681947,23.2897021699239,6.16834364394867));
#10037=CARTESIAN_POINT('',(13.036169551093,23.1770257888186,6.14533099488538));
#10038=CARTESIAN_POINT('',(13.0443443478151,23.0667804404036,6.10249975358991));
#10039=CARTESIAN_POINT('',(13.052359512516,22.9681205296756,6.04340571796022));
#10040=CARTESIAN_POINT('',(13.0603746699445,22.8694607084647,5.98431173594832));
#10041=CARTESIAN_POINT('',(13.0685939669102,22.779673306272,5.90733110847116));
#10042=CARTESIAN_POINT('',(13.0765959039588,22.7062077569503,5.8188501283323));
#10043=CARTESIAN_POINT('',(13.0845979102062,22.6327415723157,5.73036838303045));
#10044=CARTESIAN_POINT('',(13.0928179925861,22.5735808182982,5.62795722619312));
#10045=CARTESIAN_POINT('',(13.1008304355892,22.5336333582806,5.52011320533113));
#10046=CARTESIAN_POINT('',(13.108842917607,22.4936857037484,5.4122686593488));
#10047=CARTESIAN_POINT('',(13.1170076876567,22.471854283492,5.29602547172148));
#10048=CARTESIAN_POINT('',(13.125057247715,22.4699510329753,5.18103832770451));
#10049=CARTESIAN_POINT('',(13.1331068269365,22.4680477779276,5.06605090994396));
#10050=CARTESIAN_POINT('',(13.141196297672,22.4860218292886,4.94914353869145));
#10051=CARTESIAN_POINT('',(13.1492644921349,22.5223776177127,4.8400395276065));
#10052=CARTESIAN_POINT('',(13.1573326599146,22.5587332859011,4.73093587735029));
#10053=CARTESIAN_POINT('',(13.1654088269393,22.614477763396,4.62661391356801));
#10054=CARTESIAN_POINT('',(13.1734721021755,22.6849735797925,4.53575270125475));
#10055=CARTESIAN_POINT('',(13.1815353348427,22.7554690240148,4.44489196863231));
#10056=CARTESIAN_POINT('',(13.1896436979903,22.8426662663973,4.36497654872299));
#10057=CARTESIAN_POINT('',(13.1976846725999,22.9393161412457,4.30265126870805));
#10058=CARTESIAN_POINT('',(13.2057256021598,23.035965474612,4.24032633787125));
#10059=CARTESIAN_POINT('',(13.2138892108004,23.1447340125172,4.19387028857717));
#10060=CARTESIAN_POINT('',(13.2219085180476,23.2565885656826,4.16714208550246));
#10061=CARTESIAN_POINT('',(13.2299278066505,23.3684428587946,4.1404139445688));
#10062=CARTESIAN_POINT('',(13.2381405231334,23.4864599249921,4.13267725692485));
#10063=CARTESIAN_POINT('',(13.2461434149518,23.6008473981731,4.14457452959055));
#10064=CARTESIAN_POINT('',(13.2541463677223,23.7152357425574,4.15647189286883));
#10065=CARTESIAN_POINT('',(13.2623703774052,23.8291347975861,4.18832988847598));
#10066=CARTESIAN_POINT('',(13.2703786900969,23.933095913746,4.23750550328285));
#10067=CARTESIAN_POINT('',(13.2783870468376,24.0370576017339,4.28668138857541));
#10068=CARTESIAN_POINT('',(13.2865676806255,24.1339376015273,4.35452727564105));
#10069=CARTESIAN_POINT('',(13.2946089901342,24.2156927465173,4.43540908849369));
#10070=CARTESIAN_POINT('',(13.3026503281563,24.2974481814006,4.5162911881428));
#10071=CARTESIAN_POINT('',(13.3107516845274,24.3663333694362,4.61244231901317));
#10072=CARTESIAN_POINT('',(13.3188184274329,24.4166210180359,4.71586672788746));
#10073=CARTESIAN_POINT('',(13.3268851484627,24.4669085302643,4.81929085629283));
#10074=CARTESIAN_POINT('',(13.3349597047368,24.4999904227149,4.93285209903621));
#10075=CARTESIAN_POINT('',(13.3430257757184,24.5131143610695,5.04710251239078));
#10076=CARTESIAN_POINT('',(13.351091808914,24.5262382379442,5.16135239053273));
#10077=CARTESIAN_POINT('',(13.3591904444676,24.5197682664536,5.27945477270066));
#10078=CARTESIAN_POINT('',(13.3672362584565,24.4942417748514,5.39158859808323));
#10079=CARTESIAN_POINT('',(13.375282024531,24.4687154352645,5.5037217556869));
#10080=CARTESIAN_POINT('',(13.3834341487009,24.4234289881959,5.61298343589532));
#10081=CARTESIAN_POINT('',(13.3914579525376,24.3621437218475,5.71029688871246));
#10082=CARTESIAN_POINT('',(13.3994817278243,24.3008586735627,5.80760999527135));
#10083=CARTESIAN_POINT('',(13.407686402342,24.2218889326033,5.89565423891517));
#10084=CARTESIAN_POINT('',(13.415691070535,24.1317874838754,5.96712264484056));
#10085=CARTESIAN_POINT('',(13.423695786248,24.0416855002583,6.03859147503968));
#10086=CARTESIAN_POINT('',(13.4319211887978,23.9379778199398,6.09544711374436));
#10087=CARTESIAN_POINT('',(13.4399265968419,23.8292674456192,6.13297316566194));
#10088=CARTESIAN_POINT('',(13.44793205364,23.7205564092373,6.17049944611838));
#10089=CARTESIAN_POINT('',(13.4561279714872,23.6038565814429,6.18972595121398));
#10090=CARTESIAN_POINT('',(13.4641598308425,23.4888546633531,6.18905769554164));
#10091=CARTESIAN_POINT('',(13.4721917292617,23.3738521859356,6.18838943661914));
#10092=CARTESIAN_POINT('',(13.4803080303611,23.257377770991,6.16780610104413));
#10093=CARTESIAN_POINT('',(13.4883721490543,23.1491136283799,6.12901985104831));
#10094=CARTESIAN_POINT('',(13.4964362509588,23.0408497111656,6.09023368180224));
#10095=CARTESIAN_POINT('',(13.5045115195069,22.9378000770089,6.03217038237413));
#10096=CARTESIAN_POINT('',(13.5125796782082,22.8485379686813,5.9596607053168));
#10097=CARTESIAN_POINT('',(13.5206478045092,22.7592762188148,5.88715131944577));
#10098=CARTESIAN_POINT('',(13.5287378576061,22.6813294925867,5.79818772968591));
#10099=CARTESIAN_POINT('',(13.5367882997394,22.6211811302783,5.70016869794361));
#10100=CARTESIAN_POINT('',(13.5448386926666,22.56103313561,5.60215026531541));
#10101=CARTESIAN_POINT('',(13.5529792775847,22.5170201890111,5.49236838933542));
#10102=CARTESIAN_POINT('',(13.5610078351999,22.492800000045,5.37994451316647));
#10103=CARTESIAN_POINT('',(13.5690363560442,22.4685799220076,5.26752115190051));
#10104=CARTESIAN_POINT('',(13.5772317610028,22.4634841221063,5.14935941233894));
#10105=CARTESIAN_POINT('',(13.5852389361595,22.4779362907681,5.03526689964683));
#10106=CARTESIAN_POINT('',(13.5932461442967,22.4923885189565,4.92117391702287));
#10107=CARTESIAN_POINT('',(13.6014706241315,22.5267852234996,4.80801616230996));
#10108=CARTESIAN_POINT('',(13.6094742743591,22.5782731277379,4.70518071965531));
#10109=CARTESIAN_POINT('',(13.6174779766131,22.6297613666645,4.6023446085364));
#10110=CARTESIAN_POINT('',(13.6256862070581,22.6997550673591,4.50700757720282));
#10111=CARTESIAN_POINT('',(13.6337097784503,22.7824453172744,4.4270806817379));
#10112=CARTESIAN_POINT('',(13.641733397685,22.8651360602505,4.34715330968928));
#10113=CARTESIAN_POINT('',(13.6498653177892,22.9628016570417,4.28043651014829));
#10114=CARTESIAN_POINT('',(13.6579255439178,23.0673249721484,4.23247369542656));
#10115=CARTESIAN_POINT('',(13.6659857587637,23.171848140944,4.18451094784289));
#10116=CARTESIAN_POINT('',(13.6740643029644,23.2861205631887,4.15397658171378));
#10117=CARTESIAN_POINT('',(13.6821337425945,23.4006357430967,4.14341046847771));
#10118=CARTESIAN_POINT('',(13.6902031556251,23.5151505455256,4.13284439007098));
#10119=CARTESIAN_POINT('',(13.6982860185743,23.6330801336969,4.14195364242429));
#10120=CARTESIAN_POINT('',(13.7063407781525,23.7446148166206,4.16998099991903));
#10121=CARTESIAN_POINT('',(13.7143954886358,23.8561488197248,4.1980081865831));
#10122=CARTESIAN_POINT('',(13.7225247221251,23.964372261815,4.24572724644998));
#10123=CARTESIAN_POINT('',(13.7305581931881,24.0602906278883,4.3091730169491));
#10124=CARTESIAN_POINT('',(13.7385916210711,24.1562084783991,4.37261844642635));
#10125=CARTESIAN_POINT('',(13.7467767651498,24.2424658922897,4.45353817904518));
#10126=CARTESIAN_POINT('',(13.7547870854465,24.3119014009038,4.54521498878439));
#10127=CARTESIAN_POINT('',(13.7627974243511,24.3813370708157,4.63689201148772));
#10128=CARTESIAN_POINT('',(13.7710188857395,24.4358594923584,4.74184497585647));
#10129=CARTESIAN_POINT('',(13.7790218413322,24.470945261592,4.8513671004537));
#10130=CARTESIAN_POINT('',(13.7870248495425,24.5060312615069,4.96088994513469));
#10131=CARTESIAN_POINT('',(13.7952422379922,24.5226434273062,5.07798868492177));
#10132=CARTESIAN_POINT('',(13.8032589845583,24.5194039255411,5.19294766212785));
#10133=CARTESIAN_POINT('',(13.8112757859613,24.5161644016167,5.30790742568903));
#10134=CARTESIAN_POINT('',(13.8194235180167,24.4929823130174,5.423890261445));
#10135=CARTESIAN_POINT('',(13.8274784884423,24.4517848952561,5.53126065344985));
#10136=CARTESIAN_POINT('',(13.8355334537456,24.4105875036929,5.63863097717605));
#10137=CARTESIAN_POINT('',(13.8436180755817,24.3502348123395,5.74035608039543));
#10138=CARTESIAN_POINT('',(13.8516878910146,24.2757474665517,5.82797461354392));
#10139=CARTESIAN_POINT('',(13.8597576859156,24.2012603102821,5.91559292376468));
#10140=CARTESIAN_POINT('',(13.8678349978893,24.1105751646771,5.99153167755559));
#10141=CARTESIAN_POINT('',(13.8758936646591,24.0112359936217,6.04947314205838));
#10142=CARTESIAN_POINT('',(13.8839522836514,23.9118974115172,6.10741426304426));
#10143=CARTESIAN_POINT('',(13.8920705971413,23.8011570869805,6.14896205744893));
#10144=CARTESIAN_POINT('',(13.9001090431635,23.6882201298738,6.17066219202713));
#10145=CARTESIAN_POINT('',(13.908147441452,23.5752838434049,6.19236219774644));
#10146=CARTESIAN_POINT('',(13.9163215718812,23.4570360867722,6.19481452505605));
#10147=CARTESIAN_POINT('',(13.9243355818007,23.3432956244937,6.17781470792986));
#10148=CARTESIAN_POINT('',(13.9323495966582,23.2295550921313,6.16081488032884));
#10149=CARTESIAN_POINT('',(13.9405661665738,23.1171945312756,6.12389640959602));
#10150=CARTESIAN_POINT('',(13.9485694045009,23.0155363462738,6.07012198370894));
#10151=CARTESIAN_POINT('',(13.9565726918427,22.9138775336009,6.01634722580085));
#10152=CARTESIAN_POINT('',(13.9647962860359,22.8201304638576,5.94424020659806));
#10153=CARTESIAN_POINT('',(13.9728075938019,22.7420721353619,5.85978307137108));
#10154=CARTESIAN_POINT('',(13.9808189621389,22.6640132166915,5.77532529759002));
#10155=CARTESIAN_POINT('',(13.9889825859577,22.5994981326414,5.67619432656248));
#10156=CARTESIAN_POINT('',(13.9970308438031,22.5538840700943,5.57062408832142));
#10157=CARTESIAN_POINT('',(14.0050791036931,22.5082699959585,5.46505382325928));
#10158=CARTESIAN_POINT('',(14.0131728416156,22.4802986533785,5.35012817849458));
#10159=CARTESIAN_POINT('',(14.021242029928,22.4722956244793,5.23540530004293));
#10160=CARTESIAN_POINT('',(14.0293112039468,22.4642926097565,5.12068262481032));
#10161=CARTESIAN_POINT('',(14.0373848504065,22.4760366041888,5.00298531104));
#10162=CARTESIAN_POINT('',(14.0454469145568,22.5065507842564,4.89210546632979));
#10163=CARTESIAN_POINT('',(14.0535089332439,22.5370647922499,4.78122624688822));
#10164=CARTESIAN_POINT('',(14.0616170025814,22.5871926302075,4.67409527939842));
#10165=CARTESIAN_POINT('',(14.0696603863635,22.6527671395934,4.57961993960417));
#10166=CARTESIAN_POINT('',(14.0777037196847,22.7183412375926,4.48514519250823));
#10167=CARTESIAN_POINT('',(14.0858663243519,22.8011707977531,4.40071755249822));
#10168=CARTESIAN_POINT('',(14.0938844735029,22.8943771020547,4.33334968552306));
#10169=CARTESIAN_POINT('',(14.1019026150449,22.9875833179056,4.26598188247853));
#10170=CARTESIAN_POINT('',(14.1101126464811,23.0937297425895,4.21381969692057));
#10171=CARTESIAN_POINT('',(14.1181170556696,23.2040087702995,4.1811918616421));
#10172=CARTESIAN_POINT('',(14.1261215061953,23.3142883675244,4.14856385786343));
#10173=CARTESIAN_POINT('',(14.1343485609854,23.4317282297942,4.13457427627365));
#10174=CARTESIAN_POINT('',(14.1423557364837,23.5465863397991,4.14038350423741));
#10175=CARTESIAN_POINT('',(14.1503629775101,23.6614453897649,4.14619277974197));
#10176=CARTESIAN_POINT('',(14.1585424589299,23.7768785318309,4.17196183283761));
#10177=CARTESIAN_POINT('',(14.1665824547924,23.8833017236318,4.21554999250568));
#10178=CARTESIAN_POINT('',(14.1746224613553,23.9897250570718,4.25913821018545));
#10179=CARTESIAN_POINT('',(14.1827285876858,24.0900739748286,4.32174964905475));
#10180=CARTESIAN_POINT('',(14.1907960488338,24.1760052835386,4.39817756660144));
#10181=CARTESIAN_POINT('',(14.1988635020685,24.2619365079585,4.47460540917996));
#10182=CARTESIAN_POINT('',(14.2069356138311,24.3358289023633,4.5669663494585));
#10183=CARTESIAN_POINT('',(14.2150004661102,24.3915345739902,4.66757604362125));
#10184=CARTESIAN_POINT('',(14.2230652760272,24.4472399530122,4.768185209312));
#10185=CARTESIAN_POINT('',(14.2311640220124,24.4863016862711,4.8798284575565));
#10186=CARTESIAN_POINT('',(14.2392122072039,24.505470963946,4.99322202060361));
#10187=CARTESIAN_POINT('',(14.2472603409423,24.5246401190689,5.10661485870973));
#10188=CARTESIAN_POINT('',(14.2554111502749,24.5244476627596,5.22488975828001));
#10189=CARTESIAN_POINT('',(14.2634337923216,24.5049087085841,5.33822126838588));
#10190=CARTESIAN_POINT('',(14.2714564156465,24.4853698000052,5.45155251401829));
#10191=CARTESIAN_POINT('',(14.2796584907451,24.4459477395095,5.56306027245451));
#10192=CARTESIAN_POINT('',(14.2876648703559,24.3899136636811,5.6634902625055));
#10193=CARTESIAN_POINT('',(14.295671278518,24.3338793880322,5.76392061069525));
#10194=CARTESIAN_POINT('',(14.303899261758,24.2596946689618,5.8560313388011));
#10195=CARTESIAN_POINT('',(14.3119035309509,24.1735131652632,5.93218170026844));
#10196=CARTESIAN_POINT('',(14.3199078700324,24.0873309090777,6.00833272663655));
#10197=CARTESIAN_POINT('',(14.3281024016522,23.9867843131224,6.07061394363716));
#10198=CARTESIAN_POINT('',(14.3361331700076,23.8802196911668,6.11385648807392));
#10199=CARTESIAN_POINT('',(14.344163958821,23.7736547977415,6.15709914266962));
#10200=CARTESIAN_POINT('',(14.3522852882565,23.6581343193738,6.18249330366959));
#10201=CARTESIAN_POINT('',(14.3603498258861,23.5432608642139,6.18792927540165));
#10202=CARTESIAN_POINT('',(14.3684143621752,23.4283874281477,6.19336524623017));
#10203=CARTESIAN_POINT('',(14.3764873140776,23.3109818974888,6.17899243764734));
#10204=CARTESIAN_POINT('',(14.3845542460614,23.2008122090856,6.14600672553477));
#10205=CARTESIAN_POINT('',(14.3926211393754,23.0906430487953,6.11302117154352));
#10206=CARTESIAN_POINT('',(14.4007117279138,22.9846583876516,6.06050970616423));
#10207=CARTESIAN_POINT('',(14.4087644787337,22.8916732522308,5.99283930485064));
#10208=CARTESIAN_POINT('',(14.4168171787,22.7986887040146,5.92516933087816));
#10209=CARTESIAN_POINT('',(14.4249561671968,22.7161329771383,5.84047120936554));
#10210=CARTESIAN_POINT('',(14.4329835589436,22.6508664102195,5.74578206645292));
#10211=CARTESIAN_POINT('',(14.441010922501,22.5856000724941,5.65109325605567));
#10212=CARTESIAN_POINT('',(14.4492038553985,22.5358240066046,5.54380591367157));
#10213=CARTESIAN_POINT('',(14.4572129132391,22.5056704535191,5.43282518359185));
#10214=CARTESIAN_POINT('',(14.4652219862022,22.4755168434982,5.32184424396066));
#10215=CARTESIAN_POINT('',(14.4734485871752,22.4641567827583,5.20412133835676));
#10216=CARTESIAN_POINT('',(14.481451097135,22.4725328466251,5.08942192337621));
#10217=CARTESIAN_POINT('',(14.4894536795782,22.4809089863588,4.97472146949618));
#10218=CARTESIAN_POINT('',(14.4976601718758,22.509252005832,4.85989548498147));
#10219=CARTESIAN_POINT('',(14.5056830282772,22.5552091755904,4.75447268153815));
#10220=CARTESIAN_POINT('',(14.5137059131077,22.6011665081978,4.64904950452941));
#10221=CARTESIAN_POINT('',(14.5218429245223,22.6660048908852,4.55012750599422));
#10222=CARTESIAN_POINT('',(14.5299032467993,22.7443353247074,4.46592617765527));
#10223=CARTESIAN_POINT('',(14.5379635746332,22.8226658125326,4.38172479126558));
#10224=CARTESIAN_POINT('',(14.5460399839494,22.9166557805912,4.30991614324049));
#10225=CARTESIAN_POINT('',(14.5541081884512,23.0184857725524,4.25647398300182));
#10226=CARTESIAN_POINT('',(14.5621763583992,23.1203153284035,4.20303205164142));
#10227=CARTESIAN_POINT('',(14.5702602001987,23.2328053403105,4.1664760355862));
#10228=CARTESIAN_POINT('',(14.5783171813772,23.3465988245914,4.14984709009421));
#10229=CARTESIAN_POINT('',(14.5863741137125,23.4603916190311,4.13321824541054));
#10230=CARTESIAN_POINT('',(14.5945015009147,23.5786345901209,4.13605541711259));
#10231=CARTESIAN_POINT('',(14.6025338016445,23.6915004745365,4.1581236517646));
#10232=CARTESIAN_POINT('',(14.6105660664819,23.8043658546109,4.18019178780472));
#10233=CARTESIAN_POINT('',(14.6187489056339,23.9149655059006,4.22209792082629));
#10234=CARTESIAN_POINT('',(14.626761256798,24.0141170502362,4.28036358319053));
#10235=CARTESIAN_POINT('',(14.6347736099808,24.113268619553,4.33862926023485));
#10236=CARTESIAN_POINT('',(14.6429967400676,24.2036974977179,4.41485504813394));
#10237=CARTESIAN_POINT('',(14.6509985538778,24.2779016272423,4.50271766111712));
#10238=CARTESIAN_POINT('',(14.6590004397913,24.3521064254097,4.59058106581805));
#10239=CARTESIAN_POINT('',(14.667215793764,24.4121230507685,4.69249354700684));
#10240=CARTESIAN_POINT('',(14.6752321822712,24.4529722892923,4.79999906947991));
#10241=CARTESIAN_POINT('',(14.6832486056469,24.4938217054956,4.90750505956354));
#10242=CARTESIAN_POINT('',(14.6914014644219,24.5166260757936,5.02356221157324));
#10243=CARTESIAN_POINT('',(14.6994561849727,24.5194922674656,5.13852908581926));
#10244=CARTESIAN_POINT('',(14.7075109185335,24.522358463767,5.25349614575987));
#10245=CARTESIAN_POINT('',(14.7155936431687,24.5053641315039,5.37055039469076));
#10246=CARTESIAN_POINT('',(14.7236622146644,24.469923376798,5.4799550095169));
#10247=CARTESIAN_POINT('',(14.73173075602,24.4344827544807,5.58935921566323));
#10248=CARTESIAN_POINT('',(14.7398095062708,24.3796140892991,5.69414417142061));
#10249=CARTESIAN_POINT('',(14.7478702829759,24.3098816670512,5.78559269551314));
#10250=CARTESIAN_POINT('',(14.7559310140504,24.2401496395455,5.87704070193273));
#10251=CARTESIAN_POINT('',(14.7640472655492,24.1536252884642,5.95768318440641));
#10252=CARTESIAN_POINT('',(14.7720845363759,24.0575007034498,6.02081586498551));
#10253=CARTESIAN_POINT('',(14.7801217654097,23.9613766182713,6.08394821728246));
#10254=CARTESIAN_POINT('',(14.7882937958373,23.8530016084741,6.13131339505899));
#10255=CARTESIAN_POINT('',(14.7963099614462,23.7413747118587,6.15897759122359));
#10256=CARTESIAN_POINT('',(14.8043261168071,23.629747957948,6.18664175202209));
#10257=CARTESIAN_POINT('',(14.8125439126455,23.5118001299395,6.19536662750615));
#10258=CARTESIAN_POINT('',(14.8205460071249,23.3973169141348,6.18442786564489));
#10259=CARTESIAN_POINT('',(14.8285481692373,23.2828327307272,6.17348901133009));
#10260=CARTESIAN_POINT('',(14.8367694868617,23.1686705162354,6.1425859863161));
#10261=CARTESIAN_POINT('',(14.8447807738486,23.0643012328274,6.09428284620692));
#10262=CARTESIAN_POINT('',(14.8527921011525,22.9599314241802,6.04597946301185));
#10263=CARTESIAN_POINT('',(14.8609608593715,22.8624858566974,5.97894679341511));
#10264=CARTESIAN_POINT('',(14.8690084983637,22.7800564431327,5.89875276348558));
#10265=CARTESIAN_POINT('',(14.8770561587263,22.6976268106774,5.81855852060147));
#10266=CARTESIAN_POINT('',(14.8851482950074,22.6279383553401,5.72298720212576));
#10267=CARTESIAN_POINT('',(14.8932162301754,22.5767863390931,5.61998766138999));
#10268=CARTESIAN_POINT('',(14.901284139845,22.52563448451,5.51698844618));
#10269=CARTESIAN_POINT('',(14.9093596976091,22.4916026755247,5.40370839144526));
#10270=CARTESIAN_POINT('',(14.9174237354698,22.4775223245382,5.28957182089451));
#10271=CARTESIAN_POINT('',(14.9254877318937,22.4634420459032,5.17543583683168));
#10272=CARTESIAN_POINT('',(14.9335935601171,22.4689225925114,5.05728403271003));
#10273=CARTESIAN_POINT('',(14.9416357634339,22.4935090311537,4.94494020714113));
#10274=CARTESIAN_POINT('',(14.9496779208263,22.5180953293973,4.8325970231016));
#10275=CARTESIAN_POINT('',(14.9578386661755,22.5624647792382,4.72296050942351));
#10276=CARTESIAN_POINT('',(14.9658590722222,22.6229328809197,4.62513701979614));
#10277=CARTESIAN_POINT('',(14.973879456991,22.6834008221812,4.52731378969139));
#10278=CARTESIAN_POINT('',(14.9820902838032,22.7616300838218,4.4386115066492));
#10279=CARTESIAN_POINT('',(14.990093547678,22.8511298419213,4.36639084542377));
#10280=CARTESIAN_POINT('',(14.998096869538,22.9406302484641,4.2941696609456));
#10281=CARTESIAN_POINT('',(15.0063214584831,23.043858311357,4.2364473056695));
#10282=CARTESIAN_POINT('',(15.0143289302766,23.1522505970937,4.19801205872357));
#10283=CARTESIAN_POINT('',(15.0223364473398,23.2606434956187,4.15957659448659));
#10284=CARTESIAN_POINT('',(15.0305210429591,23.3771791140338,4.13937327710714));
#10285=CARTESIAN_POINT('',(15.0385600283532,23.4921822158832,4.13907837010016));
#10286=CARTESIAN_POINT('',(15.0465990448708,23.607185762975,4.13878346195142));
#10287=CARTESIAN_POINT('',(15.0547039248619,23.7238292724476,4.15839068668225));
#10288=CARTESIAN_POINT('',(15.0627701232658,23.8324143121269,4.19626883608561));
#10289=CARTESIAN_POINT('',(15.0708363010401,23.9409990740953,4.23414688861395));
#10290=CARTESIAN_POINT('',(15.0789108082755,24.0445313864355,4.29134508340911));
#10291=CARTESIAN_POINT('',(15.0869774735292,24.1343976722054,4.36310468355129));
#10292=CARTESIAN_POINT('',(15.0950441022995,24.2242635515344,4.43486395914418));
#10293=CARTESIAN_POINT('',(15.1031404670164,24.3029522754149,4.52317117876146));
#10294=CARTESIAN_POINT('',(15.111187466056,24.3639195450795,4.62068311770743));
#10295=CARTESIAN_POINT('',(15.1192344167154,24.424886448196,4.71819447039108));
#10296=CARTESIAN_POINT('',(15.127383641093,24.4698170722331,4.82760320723433));
#10297=CARTESIAN_POINT('',(15.1354086173967,24.4949780839732,4.93982042443503));
#10298=CARTESIAN_POINT('',(15.1434335629225,24.5201389992148,5.05203721125578));
#10299=CARTESIAN_POINT('',(15.151636017655,24.5262242821235,5.17015162350982));
#10300=CARTESIAN_POINT('',(15.159641249838,24.5127282376738,5.28436130651774));
#10301=CARTESIAN_POINT('',(15.1676465259108,24.49923211923,5.39857161569729));
#10302=CARTESIAN_POINT('',(15.175871905961,24.4657843373991,5.51201357973693));
#10303=CARTESIAN_POINT('',(15.1838767683607,24.4151595123983,5.6152767079703));
#10304=CARTESIAN_POINT('',(15.1918816805245,24.364534372677,5.71854047816178));
#10305=CARTESIAN_POINT('',(15.2000809952413,24.2953411233862,5.81446095021351));
#10306=CARTESIAN_POINT('',(15.2081106333263,24.2133233886209,5.89507736120341));
#10307=CARTESIAN_POINT('',(15.2161403128751,24.1313052303291,5.97569418848353));
#10308=CARTESIAN_POINT('',(15.2242605088252,24.0342011418403,6.04322709929509));
#10309=CARTESIAN_POINT('',(15.2323237737195,23.9300833472094,6.0920635148512));
#10310=CARTESIAN_POINT('',(15.2403870231598,23.825965752129,6.14089983680815));
#10311=CARTESIAN_POINT('',(15.2484628633516,23.7119529310256,6.17239023165303));
#10312=CARTESIAN_POINT('',(15.2565314231497,23.5975302353197,6.18391503053656));
#10313=CARTESIAN_POINT('',(15.2645999519707,23.4831079789108,6.19543978517355));
#10314=CARTESIAN_POINT('',(15.2726880603722,23.3651067090142,6.18731858419963));
#10315=CARTESIAN_POINT('',(15.2807396189466,23.2533410822684,6.16022631646262));
#10316=CARTESIAN_POINT('',(15.2887911282183,23.141576139905,6.13313421462162));
#10317=CARTESIAN_POINT('',(15.2969288376328,23.0329574659961,6.08632353769477));
#10318=CARTESIAN_POINT('',(15.30495861697,22.9365109330705,6.02368329459466));
#10319=CARTESIAN_POINT('',(15.3129883577547,22.8400648632023,5.96104335224168));
#10320=CARTESIAN_POINT('',(15.3211812718881,22.7531331427542,5.88084931892549));
#10321=CARTESIAN_POINT('',(15.3291891799039,22.6829321111387,5.78975721126831));
#10322=CARTESIAN_POINT('',(15.337197117255,22.6127308223559,5.69866476991358));
#10323=CARTESIAN_POINT('',(15.3454210279838,22.5573312989702,5.59417217880458));
#10324=CARTESIAN_POINT('',(15.3534244073404,22.5213294159253,5.48494767965053));
#10325=CARTESIAN_POINT('',(15.3614278391682,22.4853272968476,5.37572246440677));
#10326=CARTESIAN_POINT('',(15.3696386561811,22.4677349285617,5.25876638601562));
#10327=CARTESIAN_POINT('',(15.3776603805494,22.4700115055623,5.14378454275557));
#10328=CARTESIAN_POINT('',(15.3856821546621,22.4722880966803,5.02880198646988));
#10329=CARTESIAN_POINT('',(15.3938180286167,22.4944981615333,4.91262821310745));
#10330=CARTESIAN_POINT('',(15.4018770677747,22.5347948316907,4.80491679199017));
#10331=CARTESIAN_POINT('',(15.4099360971225,22.575091452796,4.69720550198726));
#10332=CARTESIAN_POINT('',(15.418015893698,22.6345901990875,4.59497822836399));
#10333=CARTESIAN_POINT('',(15.4260855165317,22.7083411253532,4.50673895319191));
#10334=CARTESIAN_POINT('',(15.4341551142681,22.7820918222464,4.41849995245257));
#10335=CARTESIAN_POINT('',(15.4422364206427,22.8721374843771,4.34180458735698));
#10336=CARTESIAN_POINT('',(15.4502922030786,22.9709879903131,4.28303310790593));
#10337=CARTESIAN_POINT('',(15.458347936645,23.069837896583,4.22426198498589));
#10338=CARTESIAN_POINT('',(15.4664743799554,23.1802257137023,4.18178838117405));
#10339=CARTESIAN_POINT('',(15.4745090974233,23.2929771045428,4.15914305315957));
#10340=CARTESIAN_POINT('',(15.4825437703942,23.4057278709555,4.13649785055704));
#10341=CARTESIAN_POINT('',(15.4907262122562,23.5239502952647,4.13305521426474));
#10342=CARTESIAN_POINT('',(15.498737410888,23.6378292899949,4.1491017638328));
#10343=CARTESIAN_POINT('',(15.5067486246132,23.7517084992769,4.16514834363312));
#10344=CARTESIAN_POINT('',(15.5149690258494,23.8643741692849,4.20112437369348));
#10345=CARTESIAN_POINT('',(15.5229719638899,23.9664792851692,4.25404549299686));
#10346=CARTESIAN_POINT('',(15.5309749541436,24.0685850672133,4.30696695757112));
#10347=CARTESIAN_POINT('',(15.5391941691681,24.1629331068468,4.37828656444543));
#10348=CARTESIAN_POINT('',(15.5472094238362,24.2416959548548,4.46208685954517));
#10349=CARTESIAN_POINT('',(15.5552247348787,24.3204593568326,4.54588774404511));
#10350=CARTESIAN_POINT('',(15.563376451477,24.3858029016816,4.64447566764069));
#10351=CARTESIAN_POINT('',(15.5714298781346,24.4322993942204,4.74965991287668));
#10352=CARTESIAN_POINT('',(15.5794833013571,24.4787958669265,4.85484411324721));
#10353=CARTESIAN_POINT('',(15.587569915852,24.5077288970028,4.96953191914199));
#10354=CARTESIAN_POINT('',(15.5956396720002,24.5166924387397,5.08418369436828));
#10355=CARTESIAN_POINT('',(15.6037094091679,24.525655959394,5.1988351999294));
#10356=CARTESIAN_POINT('',(15.6117856145544,24.5148981625912,5.31662647954716));
#10357=CARTESIAN_POINT('',(15.6198451856131,24.4853136735262,5.42775808805265));
#10358=CARTESIAN_POINT('',(15.6279047093899,24.4557293580205,5.53888904459731));
#10359=CARTESIAN_POINT('',(15.6360203792893,24.4065008292387,5.64643551587682));
#10360=CARTESIAN_POINT('',(15.6440600716784,24.3417198285079,5.74145689473752));
#10361=CARTESIAN_POINT('',(15.6520997154805,24.2769392192736,5.83647769934762));
#10362=CARTESIAN_POINT('',(15.6602709924979,24.1948201920335,5.92159564304468));
#10363=CARTESIAN_POINT('',(15.6682860025292,24.1021813221412,5.98974192623943));
#10364=CARTESIAN_POINT('',(15.6763010142308,24.0095424329449,6.0578882236344));
#10365=CARTESIAN_POINT('',(15.684516089357,23.9038368917706,6.11093750570392));
#10366=CARTESIAN_POINT('',(15.6925195411268,23.7938349080399,6.14448792131712));
#10367=CARTESIAN_POINT('',(15.7005230407845,23.6838322661223,6.17803853767619));
#10368=CARTESIAN_POINT('',(15.7087477530875,23.5665133719383,6.1930112657619));
#10369=CARTESIAN_POINT('',(15.7167579043556,23.4516106962775,6.18816423612095));
#10370=CARTESIAN_POINT('',(15.724768117494,23.3367071331112,6.18331716904165));
#10371=CARTESIAN_POINT('',(15.7329357280271,23.2210613206626,6.1585155687052));
#10372=CARTESIAN_POINT('',(15.7409820619694,23.1142771342319,6.11582036475266));
#10373=CARTESIAN_POINT('',(15.7490283999665,23.0074928939889,6.07312513928447));
#10374=CARTESIAN_POINT('',(15.7571249297787,22.9066225301662,6.01135601754341));
#10375=CARTESIAN_POINT('',(15.7651937918787,22.8200542343088,5.93565051302765));
#10376=CARTESIAN_POINT('',(15.773262641272,22.7334860747767,5.8599451277307));
#10377=CARTESIAN_POINT('',(15.7813356927999,22.6588228058361,5.76820641311125));
#10378=CARTESIAN_POINT('',(15.7893985177026,22.6022764330073,5.66806672810694));
#10379=CARTESIAN_POINT('',(15.7974612978543,22.5457303740275,5.56792759890743));
#10380=CARTESIAN_POINT('',(15.8055669316153,22.5057351443746,5.456615985813));
#10381=CARTESIAN_POINT('',(15.8136115368838,22.4856167816137,5.3433868101883));
#10382=CARTESIAN_POINT('',(15.8216560912842,22.4654985460661,5.23015835053975));
#10383=CARTESIAN_POINT('',(15.8298157520356,22.4647003621097,5.11188670792537));
#10384=CARTESIAN_POINT('',(15.837834999097,22.4832893935915,4.99839537822759));
#10385=CARTESIAN_POINT('',(15.8458542356162,22.5018784006359,4.88490419772705));
#10386=CARTESIAN_POINT('',(15.8540623948376,22.5403649835956,4.77307053739324));
#10387=CARTESIAN_POINT('',(15.862067226897,22.5955559561665,4.67217461775803));
#10388=CARTESIAN_POINT('',(15.8700720973757,22.6507471936261,4.57127821387347));
#10389=CARTESIAN_POINT('',(15.8782996145069,22.724157978125,4.47854922754021));
#10390=CARTESIAN_POINT('',(15.8863059485958,22.8096986763215,4.40167971129977));
#10391=CARTESIAN_POINT('',(15.8943123493854,22.8952400871561,4.32480955466074));
#10392=CARTESIAN_POINT('',(15.9024957909645,22.9952623239181,4.26168798941305));
#10393=CARTESIAN_POINT('',(15.9105334597849,23.1014607148638,4.2175546228592));
#10394=CARTESIAN_POINT('',(15.9185711417812,23.207659279899,4.17342118395812));
#10395=CARTESIAN_POINT('',(15.926680917447,23.3229638162289,4.14706020664517));
#10396=CARTESIAN_POINT('',(15.9347477612101,23.4377875679878,4.14066239136602));
#10397=CARTESIAN_POINT('',(15.9428145986873,23.5526112302713,4.13426458107232));
#10398=CARTESIAN_POINT('',(15.950886688544,23.6701330148919,4.14765358242679));
#10399=CARTESIAN_POINT('',(15.9589521331211,23.7805751375773,4.17971548199843));
#10400=CARTESIAN_POINT('',(15.9670175362142,23.8910166922102,4.21177721666159));
#10401=CARTESIAN_POINT('',(15.9751141161484,23.9974369661147,4.2633989527457));
#10402=CARTESIAN_POINT('',(15.9831634730118,24.0909857156513,4.33028827820646));
#10403=CARTESIAN_POINT('',(15.9912127784295,24.1845338672909,4.39717717615818));
#10404=CARTESIAN_POINT('',(15.9993606144675,24.2677955797935,4.48118035394128));
#10405=CARTESIAN_POINT('',(16.0073844279936,24.3338530357417,4.57531963156872));
#10406=CARTESIAN_POINT('',(16.0154082202615,24.3999103166776,4.66945865978389));
#10407=CARTESIAN_POINT('',(16.0236081036861,24.4505830336494,4.77632488562884));
#10408=CARTESIAN_POINT('',(16.0316150924145,24.4816651307706,4.88704928948971));
#10409=CARTESIAN_POINT('',(16.0396221063266,24.5127473256512,4.99777404160136));
#10410=CARTESIAN_POINT('',(16.047849951226,24.52509297104,5.11539773455865));
#10411=CARTESIAN_POINT('',(16.0558536744253,24.5176778667899,5.23016333255946));
#10412=CARTESIAN_POINT('',(16.0638574683808,24.510262696987,5.34492994513738));
#10413=CARTESIAN_POINT('',(16.0720553032705,24.4828821559902,5.45998997305122));
#10414=CARTESIAN_POINT('',(16.0800839464648,24.4378096380843,5.56579370569605));
#10415=CARTESIAN_POINT('',(16.0881126122916,24.39273699312,5.67159773659905));
#10416=CARTESIAN_POINT('',(16.0962378549613,24.3287289171142,5.77106001355045));
#10417=CARTESIAN_POINT('',(16.1043014599949,24.2511065377894,5.85591424300404));
#10418=CARTESIAN_POINT('',(16.1123650653811,24.1734841550695,5.94076847616886));
#10419=CARTESIAN_POINT('',(16.1204386293894,24.0800987857438,6.01336188879131));
#10420=CARTESIAN_POINT('',(16.128505960397,23.9787199264656,6.06765500049788));
#10421=CARTESIAN_POINT('',(16.1365732537335,23.8773415405856,6.12194785867758));
#10422=CARTESIAN_POINT('',(16.1446620072008,23.7651620605213,6.15944459268281));
#10423=CARTESIAN_POINT('',(16.15271585492,23.6515117126273,6.1770260247978));
#10424=CARTESIAN_POINT('',(16.1607696521654,23.5378620769843,6.1946073467293));
#10425=CARTESIAN_POINT('',(16.1689056993843,23.4196002171713,6.19276063594006));
#10426=CARTESIAN_POINT('',(16.1769343117697,23.3065533141759,6.17163848361051));
#10427=CARTESIAN_POINT('',(16.1849628938642,23.1935068376915,6.15051641097203));
#10428=CARTESIAN_POINT('',(16.1931533742127,23.0825606040777,6.10953829585102));
#10429=CARTESIAN_POINT('',(16.2011632042755,22.9829243864276,6.05210509392656));
#10430=CARTESIAN_POINT('',(16.2091730461202,22.8832880222196,5.99467180752187));
#10431=CARTESIAN_POINT('',(16.2173989636918,22.7922239462077,5.91920613124812));
#10432=CARTESIAN_POINT('',(16.2254012024119,22.7172864614978,5.83196805133439));
#10433=CARTESIAN_POINT('',(16.2334035138441,22.6423482958714,5.74472917873528));
#10434=CARTESIAN_POINT('',(16.2416125131816,22.5814799644975,5.64332242846675));
#10435=CARTESIAN_POINT('',(16.2496336139368,22.53973185137,5.53616299798564));
#10436=CARTESIAN_POINT('',(16.2576547448591,22.4979835812296,5.42900316448227));
#10437=CARTESIAN_POINT('',(16.2657957216068,22.4742078429936,5.31314021287954));
#10438=CARTESIAN_POINT('',(16.2738547722614,22.4703789235519,5.19820163103725));
#10439=CARTESIAN_POINT('',(16.2819138302793,22.4665500006118,5.08326294417921));
#10440=CARTESIAN_POINT('',(16.2899915462771,22.482563405444,4.96607015895723));
#10441=CARTESIAN_POINT('',(16.2980599318096,22.5170866529075,4.85637258677289));
#10442=CARTESIAN_POINT('',(16.3061282838716,22.551609757156,4.7466754696538));
#10443=CARTESIAN_POINT('',(16.3142106829652,22.605598730487,4.64143494962522));
#10444=CARTESIAN_POINT('',(16.3222686612921,22.6745628723747,4.54940551599026));
#10445=CARTESIAN_POINT('',(16.3303265914775,22.7435266022436,4.45737663217521));
#10446=CARTESIAN_POINT('',(16.3384511310697,22.8293719807557,4.37601277259301));
#10447=CARTESIAN_POINT('',(16.3464846770223,22.9249645310236,4.31207711583363));
#10448=CARTESIAN_POINT('',(16.3545181854327,23.0205566345714,4.24814175785632));
#10449=CARTESIAN_POINT('',(16.3626983703151,23.1285305502872,4.1998707738164));
#10450=CARTESIAN_POINT('',(16.3707116333409,23.2399219565456,4.17127252657597));
#10451=CARTESIAN_POINT('',(16.3787248952112,23.3513133467419,4.14267428345926));
#10452=CARTESIAN_POINT('',(16.386946853035,23.4691837531058,4.13296184091857));
#10453=CARTESIAN_POINT('',(16.3949486488914,23.5837546684948,4.1429413346455));
#10454=CARTESIAN_POINT('',(16.4029505161566,23.6983266063258,4.15292091743042));
#10455=CARTESIAN_POINT('',(16.4111676309154,23.812744052861,4.18286683367414));
#10456=CARTESIAN_POINT('',(16.4191826140243,23.9175141159339,4.23029409187155));
#10457=CARTESIAN_POINT('',(16.4271976334416,24.0222846536203,4.27772156491676));
#10458=CARTESIAN_POINT('',(16.4353544812995,24.120288952766,4.34393628092407));
#10459=CARTESIAN_POINT('',(16.4434075676428,24.2033868755184,4.42343693713142));
#10460=CARTESIAN_POINT('',(16.4514606689921,24.286484953113,4.50293774147796));
#10461=CARTESIAN_POINT('',(16.4595454549349,24.3569717091574,4.5979224258411));
#10462=CARTESIAN_POINT('',(16.4676139648727,24.4089845215266,4.70048990280061));
#10463=CARTESIAN_POINT('',(16.4756824458152,24.4609971469796,4.80305701116787));
#10464=CARTESIAN_POINT('',(16.4837602069888,24.4959764579983,4.91604784287475));
#10465=CARTESIAN_POINT('',(16.491821856108,24.5110122451744,5.03006257976224));
#10466=CARTESIAN_POINT('',(16.4998834605656,24.526047949052,5.14407668500608));
#10467=CARTESIAN_POINT('',(16.5079970199955,24.5215572084061,5.26226958254103));
#10468=CARTESIAN_POINT('',(16.5160355359056,24.4979125584105,5.37481553244873));
#10469=CARTESIAN_POINT('',(16.5240740088228,24.4742680348755,5.48736088041814));
#10470=CARTESIAN_POINT('',(16.532243242951,24.430818680606,5.59736455341812));
#10471=CARTESIAN_POINT('',(16.5402604362957,24.3711719936468,5.69569121936006));
#10472=CARTESIAN_POINT('',(16.5482776164952,24.3115254044848,5.79401772408465));
#10473=CARTESIAN_POINT('',(16.5564938082602,24.2340420509004,5.88337187832339));
#10474=CARTESIAN_POINT('',(16.5644961161349,24.1451502671888,5.95633972169019));
#10475=CARTESIAN_POINT('',(16.5724984897508,24.056257753206,6.02930816450844));
#10476=CARTESIAN_POINT('',(16.5807208730851,23.9535164793245,6.08789322573596));
#10477=CARTESIAN_POINT('',(16.5887310850551,23.845449944596,6.12723494975721));
#10478=CARTESIAN_POINT('',(16.5967413386133,23.7373828487967,6.16657687803688));
#10479=CARTESIAN_POINT('',(16.6049140811045,23.6210196009189,6.18775562340958));
#10480=CARTESIAN_POINT('',(16.6129597000424,23.5060233661342,6.18901366895355));
#10481=CARTESIAN_POINT('',(16.6210053426451,23.3910267931092,6.19027171819784));
#10482=CARTESIAN_POINT('',(16.6291003542838,23.274222486311,6.17164202024108));
#10483=CARTESIAN_POINT('',(16.637167960867,23.1653241292834,6.13467462351127));
#10484=CARTESIAN_POINT('',(16.6452355431504,23.056426100259,6.09770733812771));
#10485=CARTESIAN_POINT('',(16.6533106265214,22.9524184577758,6.04137831726129));
#10486=CARTESIAN_POINT('',(16.6613753871035,22.8619542724781,5.97037382717015));
#10487=CARTESIAN_POINT('',(16.6694401074287,22.7714905387503,5.89936969151201));
#10488=CARTESIAN_POINT('',(16.6775434611523,22.6920653690924,5.81172507750573));
#10489=CARTESIAN_POINT('',(16.6855868845683,22.6302834498497,5.71472707799595));
#10490=CARTESIAN_POINT('',(16.6936302612911,22.5685018892595,5.61772964157287));
#10491=CARTESIAN_POINT('',(16.7017881284851,22.5226567351551,5.50870171174022));
#10492=CARTESIAN_POINT('',(16.7098096541033,22.4965566494955,5.39669903112037));
#10493=CARTESIAN_POINT('',(16.7178311559068,22.470456641323,5.28469668301912));
#10494=CARTESIAN_POINT('',(16.7260400046926,22.4633822991634,5.16663781484695));
#10495=CARTESIAN_POINT('',(16.7340436909332,22.4759212640048,5.05231897884322));
#10496=CARTESIAN_POINT('',(16.7420474317991,22.488460314425,4.93799936261069));
#10497=CARTESIAN_POINT('',(16.7502724437082,22.5209568567075,4.82428104201373));
#10498=CARTESIAN_POINT('',(16.7582791504203,22.5707150420588,4.72059749487621));
#10499=CARTESIAN_POINT('',(16.7662859036182,22.6204735162996,4.61691334576548));
#10500=CARTESIAN_POINT('',(16.774474449181,22.6888615349705,4.52041604854668));
#10501=CARTESIAN_POINT('',(16.7825110065145,22.7702009715515,4.43911582446776));
#10502=CARTESIAN_POINT('',(16.7905475977069,22.8515407508249,4.35781525786152));
#10503=CARTESIAN_POINT('',(16.7986562250162,22.9480764828008,4.28947096407131));
#10504=CARTESIAN_POINT('',(16.8067218035661,23.0517814903374,4.23976436013133));
#10505=CARTESIAN_POINT('',(16.8147873627513,23.1554862488874,4.1900578755325));
#10506=CARTESIAN_POINT('',(16.8228619710238,23.2692313632317,4.15761369033577));
#10507=CARTESIAN_POINT('',(16.8309291844055,23.3835535722713,4.14513100670531));
#10508=CARTESIAN_POINT('',(16.8389963626412,23.4978752832485,4.1326483774576));
#10509=CARTESIAN_POINT('',(16.8470905325322,23.6159398940133,4.13978095847474));
#10510=CARTESIAN_POINT('',(16.8551387017507,23.7279286338256,4.16593622803616));
#10511=CARTESIAN_POINT('',(16.8631868222199,23.8399166952997,4.19209133916986));
#10512=CARTESIAN_POINT('',(16.8713331471823,23.9489229744869,4.23799035469165));
#10513=CARTESIAN_POINT('',(16.8793593106105,24.0458909126165,4.29982066820972));
#10514=CARTESIAN_POINT('',(16.8873854411424,24.1428584533106,4.3616507283083));
#10515=CARTESIAN_POINT('',(16.895585602509,24.2304584176969,4.44111348285279));
#10516=CARTESIAN_POINT('',(16.9035914432347,24.3014200453121,4.5316144937413));
#10517=CARTESIAN_POINT('',(16.9115973242012,24.37238202961,4.62211595952564));
#10518=CARTESIAN_POINT('',(16.9198225394231,24.4286548093917,4.72614094293331));
#10519=CARTESIAN_POINT('',(16.9278269271153,24.465570266088,4.83506013999808));
#10520=CARTESIAN_POINT('',(16.9358313654673,24.5024859564221,4.94398002641216));
#10521=CARTESIAN_POINT('',(16.9440338690679,24.5210573069057,5.06078535852658));
#10522=CARTESIAN_POINT('',(16.9520613815551,24.5197437982458,5.17578194378413));
#10523=CARTESIAN_POINT('',(16.9600889377681,24.5184302824313,5.29077915542825));
#10524=CARTESIAN_POINT('',(16.9682130460164,24.4971938260463,5.40713569931802));
#10525=CARTESIAN_POINT('',(16.9762753757476,24.4578007061472,5.51518062799303));
#10526=CARTESIAN_POINT('',(16.9843376913886,24.4184076550933,5.62322536784364));
#10527=CARTESIAN_POINT('',(16.9924142684075,24.3597670859537,5.72594753450869));
#10528=CARTESIAN_POINT('',(17.0004831769466,24.2867577334588,5.81480138291987));
#10529=CARTESIAN_POINT('',(17.0085520559549,24.2137486481648,5.90365490614213));
#10530=CARTESIAN_POINT('',(17.0166383112297,24.1243488362451,5.98110144721967));
#10531=CARTESIAN_POINT('',(17.0246909651096,24.0259939232925,6.04069882800519));
#10532=CARTESIAN_POINT('',(17.0327435696758,23.9276396126575,6.1002958438211));
#10533=CARTESIAN_POINT('',(17.0408784192541,23.8176120580681,6.14369226017072));
#10534=CARTESIAN_POINT('',(17.0489094288207,23.7050541438358,6.16728119791592));
#10535=CARTESIAN_POINT('',(17.0569403981689,23.5924967932797,6.19087001753061));
#10536=CARTESIAN_POINT('',(17.0651307628097,23.4743079489768,6.19530270818461));
#10537=CARTESIAN_POINT('',(17.0731394423975,23.3602984148408,6.18021055058432));
#10538=CARTESIAN_POINT('',(17.0811481476957,23.2462885146965,6.16511834453323));
#10539=CARTESIAN_POINT('',(17.0893713608497,23.1333255515705,6.13008723612674));
#10540=CARTESIAN_POINT('',(17.097374534934,23.0307806853697,6.07802313145373));
#10541=CARTESIAN_POINT('',(17.1053777617473,22.9282351435508,6.02595868375566));
#10542=CARTESIAN_POINT('',(17.1135909698494,22.8332926748764,5.9554314229592));
#10543=CARTESIAN_POINT('',(17.121610938126,22.7538308871826,5.87229388086285));
#10544=CARTESIAN_POINT('',(17.129630957945,22.6743685888078,5.78915580446238));
#10545=CARTESIAN_POINT('',(17.137770796115,22.6082011593619,5.69111787437578));
#10546=CARTESIAN_POINT('',(17.1458285609856,22.5608254930585,5.58632695875778));
#10547=CARTESIAN_POINT('',(17.1538863175641,22.5134498755081,5.4815361509774));
#10548=CARTESIAN_POINT('',(17.1619675466908,22.4835572200543,5.36709435575871));
#10549=CARTESIAN_POINT('',(17.1700372941882,22.4736337939123,5.25252169425712));
#10550=CARTESIAN_POINT('',(17.1781070181051,22.4637103967675,5.13794936754673));
#10551=CARTESIAN_POINT('',(17.1861868750107,22.4734812412793,5.02007246999578));
#10552=CARTESIAN_POINT('',(17.1942436528995,22.5021339629693,4.9086968794356));
#10553=CARTESIAN_POINT('',(17.2023003822169,22.530786511922,4.79732196031987));
#10554=CARTESIAN_POINT('',(17.2104240663692,22.579112275726,4.68936756071504));
#10555=CARTESIAN_POINT('',(17.2184600325594,22.6430952190548,4.5938068037738));
#10556=CARTESIAN_POINT('',(17.2264959530526,22.7070777985417,4.49824659024332));
#10557=CARTESIAN_POINT('',(17.2346756490857,22.788480564365,4.41244429971287));
#10558=CARTESIAN_POINT('',(17.2426877588465,22.8805454978503,4.34352438223269));
#10559=CARTESIAN_POINT('',(17.2453071975673,22.9106447424682,4.32099205231348));
#10560=CARTESIAN_POINT('',(17.2479378053033,22.9420323516491,4.30008730321263));
#10561=CARTESIAN_POINT('',(17.2505719403962,22.9744242481617,4.28099913279237));
#10562=CARTESIAN_POINT('',(11.528066423496,23.4948106553203,6.42407500000004));
#10563=CARTESIAN_POINT('',(11.537441423496,23.3298770410068,6.42407500000004));
#10564=CARTESIAN_POINT('',(11.556191423496,23.0000796465012,6.35846131121764));
#10565=CARTESIAN_POINT('',(11.584316423496,22.5806581688869,6.07822748643345));
#10566=CARTESIAN_POINT('',(11.612441423496,22.3004243441027,5.65880600881914));
#10567=CARTESIAN_POINT('',(11.640566423496,22.2020038109291,5.16407500000005));
#10568=CARTESIAN_POINT('',(11.668691423496,22.3004243441027,4.66934399118095));
#10569=CARTESIAN_POINT('',(11.696816423496,22.5806581688869,4.24992251356664));
#10570=CARTESIAN_POINT('',(11.724941423496,23.0000796465012,3.96968868878245));
#10571=CARTESIAN_POINT('',(11.753066423496,23.4948106553203,3.87126815560884));
#10572=CARTESIAN_POINT('',(11.781191423496,23.9895416641394,3.96968868878245));
#10573=CARTESIAN_POINT('',(11.809316423496,24.4089631417537,4.24992251356664));
#10574=CARTESIAN_POINT('',(11.837441423496,24.6891969665379,4.66934399118094));
#10575=CARTESIAN_POINT('',(11.865566423496,24.7876174997115,5.16407500000005));
#10576=CARTESIAN_POINT('',(11.893691423496,24.6891969665379,5.65880600881915));
#10577=CARTESIAN_POINT('',(11.921816423496,24.4089631417537,6.07822748643345));
#10578=CARTESIAN_POINT('',(11.949941423496,23.9895416641394,6.35846131121764));
#10579=CARTESIAN_POINT('',(11.978066423496,23.4948106553203,6.45688184439126));
#10580=CARTESIAN_POINT('',(12.006191423496,23.0000796465012,6.35846131121764));
#10581=CARTESIAN_POINT('',(12.034316423496,22.5806581688869,6.07822748643345));
#10582=CARTESIAN_POINT('',(12.062441423496,22.3004243441027,5.65880600881915));
#10583=CARTESIAN_POINT('',(12.090566423496,22.2020038109291,5.16407500000005));
#10584=CARTESIAN_POINT('',(12.118691423496,22.3004243441027,4.66934399118094));
#10585=CARTESIAN_POINT('',(12.146816423496,22.5806581688869,4.24992251356664));
#10586=CARTESIAN_POINT('',(12.174941423496,23.0000796465012,3.96968868878245));
#10587=CARTESIAN_POINT('',(12.203066423496,23.4948106553203,3.87126815560884));
#10588=CARTESIAN_POINT('',(12.231191423496,23.9895416641394,3.96968868878245));
#10589=CARTESIAN_POINT('',(12.259316423496,24.4089631417537,4.24992251356664));
#10590=CARTESIAN_POINT('',(12.287441423496,24.6891969665379,4.66934399118094));
#10591=CARTESIAN_POINT('',(12.315566423496,24.7876174997115,5.16407500000005));
#10592=CARTESIAN_POINT('',(12.343691423496,24.6891969665379,5.65880600881915));
#10593=CARTESIAN_POINT('',(12.371816423496,24.4089631417537,6.07822748643345));
#10594=CARTESIAN_POINT('',(12.399941423496,23.9895416641394,6.35846131121764));
#10595=CARTESIAN_POINT('',(12.428066423496,23.4948106553203,6.45688184439126));
#10596=CARTESIAN_POINT('',(12.456191423496,23.0000796465012,6.35846131121764));
#10597=CARTESIAN_POINT('',(12.484316423496,22.5806581688869,6.07822748643345));
#10598=CARTESIAN_POINT('',(12.512441423496,22.3004243441027,5.65880600881915));
#10599=CARTESIAN_POINT('',(12.540566423496,22.2020038109291,5.16407500000005));
#10600=CARTESIAN_POINT('',(12.568691423496,22.3004243441027,4.66934399118094));
#10601=CARTESIAN_POINT('',(12.596816423496,22.5806581688869,4.24992251356664));
#10602=CARTESIAN_POINT('',(12.624941423496,23.0000796465012,3.96968868878245));
#10603=CARTESIAN_POINT('',(12.653066423496,23.4948106553203,3.87126815560884));
#10604=CARTESIAN_POINT('',(12.681191423496,23.9895416641394,3.96968868878245));
#10605=CARTESIAN_POINT('',(12.709316423496,24.4089631417537,4.24992251356664));
#10606=CARTESIAN_POINT('',(12.737441423496,24.6891969665379,4.66934399118094));
#10607=CARTESIAN_POINT('',(12.765566423496,24.7876174997115,5.16407500000004));
#10608=CARTESIAN_POINT('',(12.793691423496,24.6891969665379,5.65880600881915));
#10609=CARTESIAN_POINT('',(12.821816423496,24.4089631417537,6.07822748643345));
#10610=CARTESIAN_POINT('',(12.849941423496,23.9895416641394,6.35846131121764));
#10611=CARTESIAN_POINT('',(12.878066423496,23.4948106553203,6.45688184439125));
#10612=CARTESIAN_POINT('',(12.906191423496,23.0000796465012,6.35846131121764));
#10613=CARTESIAN_POINT('',(12.934316423496,22.5806581688869,6.07822748643345));
#10614=CARTESIAN_POINT('',(12.962441423496,22.3004243441027,5.65880600881915));
#10615=CARTESIAN_POINT('',(12.990566423496,22.2020038109291,5.16407500000005));
#10616=CARTESIAN_POINT('',(13.018691423496,22.3004243441027,4.66934399118095));
#10617=CARTESIAN_POINT('',(13.046816423496,22.5806581688869,4.24992251356664));
#10618=CARTESIAN_POINT('',(13.074941423496,23.0000796465012,3.96968868878245));
#10619=CARTESIAN_POINT('',(13.103066423496,23.4948106553203,3.87126815560884));
#10620=CARTESIAN_POINT('',(13.131191423496,23.9895416641394,3.96968868878245));
#10621=CARTESIAN_POINT('',(13.159316423496,24.4089631417537,4.24992251356664));
#10622=CARTESIAN_POINT('',(13.187441423496,24.6891969665379,4.66934399118094));
#10623=CARTESIAN_POINT('',(13.215566423496,24.7876174997115,5.16407500000004));
#10624=CARTESIAN_POINT('',(13.243691423496,24.6891969665379,5.65880600881915));
#10625=CARTESIAN_POINT('',(13.271816423496,24.4089631417537,6.07822748643345));
#10626=CARTESIAN_POINT('',(13.299941423496,23.9895416641394,6.35846131121764));
#10627=CARTESIAN_POINT('',(13.328066423496,23.4948106553203,6.45688184439125));
#10628=CARTESIAN_POINT('',(13.356191423496,23.0000796465012,6.35846131121764));
#10629=CARTESIAN_POINT('',(13.384316423496,22.5806581688869,6.07822748643345));
#10630=CARTESIAN_POINT('',(13.412441423496,22.3004243441027,5.65880600881915));
#10631=CARTESIAN_POINT('',(13.440566423496,22.2020038109291,5.16407500000005));
#10632=CARTESIAN_POINT('',(13.468691423496,22.3004243441027,4.66934399118095));
#10633=CARTESIAN_POINT('',(13.496816423496,22.5806581688869,4.24992251356664));
#10634=CARTESIAN_POINT('',(13.524941423496,23.0000796465012,3.96968868878245));
#10635=CARTESIAN_POINT('',(13.553066423496,23.4948106553203,3.87126815560884));
#10636=CARTESIAN_POINT('',(13.581191423496,23.9895416641394,3.96968868878245));
#10637=CARTESIAN_POINT('',(13.609316423496,24.4089631417537,4.24992251356664));
#10638=CARTESIAN_POINT('',(13.637441423496,24.6891969665379,4.66934399118094));
#10639=CARTESIAN_POINT('',(13.665566423496,24.7876174997115,5.16407500000004));
#10640=CARTESIAN_POINT('',(13.693691423496,24.6891969665379,5.65880600881915));
#10641=CARTESIAN_POINT('',(13.721816423496,24.4089631417537,6.07822748643345));
#10642=CARTESIAN_POINT('',(13.749941423496,23.9895416641394,6.35846131121764));
#10643=CARTESIAN_POINT('',(13.778066423496,23.4948106553203,6.45688184439126));
#10644=CARTESIAN_POINT('',(13.806191423496,23.0000796465012,6.35846131121764));
#10645=CARTESIAN_POINT('',(13.834316423496,22.5806581688869,6.07822748643345));
#10646=CARTESIAN_POINT('',(13.862441423496,22.3004243441027,5.65880600881914));
#10647=CARTESIAN_POINT('',(13.890566423496,22.2020038109291,5.16407500000005));
#10648=CARTESIAN_POINT('',(13.918691423496,22.3004243441027,4.66934399118095));
#10649=CARTESIAN_POINT('',(13.946816423496,22.5806581688869,4.24992251356664));
#10650=CARTESIAN_POINT('',(13.974941423496,23.0000796465012,3.96968868878246));
#10651=CARTESIAN_POINT('',(14.003066423496,23.4948106553203,3.87126815560884));
#10652=CARTESIAN_POINT('',(14.031191423496,23.9895416641394,3.96968868878246));
#10653=CARTESIAN_POINT('',(14.059316423496,24.4089631417537,4.24992251356664));
#10654=CARTESIAN_POINT('',(14.087441423496,24.6891969665379,4.66934399118094));
#10655=CARTESIAN_POINT('',(14.115566423496,24.7876174997115,5.16407500000005));
#10656=CARTESIAN_POINT('',(14.143691423496,24.6891969665379,5.65880600881914));
#10657=CARTESIAN_POINT('',(14.171816423496,24.4089631417537,6.07822748643345));
#10658=CARTESIAN_POINT('',(14.199941423496,23.9895416641394,6.35846131121764));
#10659=CARTESIAN_POINT('',(14.228066423496,23.4948106553203,6.45688184439126));
#10660=CARTESIAN_POINT('',(14.256191423496,23.0000796465012,6.35846131121764));
#10661=CARTESIAN_POINT('',(14.284316423496,22.5806581688869,6.07822748643345));
#10662=CARTESIAN_POINT('',(14.312441423496,22.3004243441027,5.65880600881914));
#10663=CARTESIAN_POINT('',(14.340566423496,22.2020038109291,5.16407500000005));
#10664=CARTESIAN_POINT('',(14.368691423496,22.3004243441027,4.66934399118095));
#10665=CARTESIAN_POINT('',(14.396816423496,22.5806581688869,4.24992251356664));
#10666=CARTESIAN_POINT('',(14.424941423496,23.0000796465012,3.96968868878246));
#10667=CARTESIAN_POINT('',(14.453066423496,23.4948106553203,3.87126815560884));
#10668=CARTESIAN_POINT('',(14.481191423496,23.9895416641394,3.96968868878245));
#10669=CARTESIAN_POINT('',(14.509316423496,24.4089631417537,4.24992251356664));
#10670=CARTESIAN_POINT('',(14.537441423496,24.6891969665379,4.66934399118094));
#10671=CARTESIAN_POINT('',(14.565566423496,24.7876174997115,5.16407500000005));
#10672=CARTESIAN_POINT('',(14.593691423496,24.6891969665379,5.65880600881914));
#10673=CARTESIAN_POINT('',(14.621816423496,24.4089631417537,6.07822748643345));
#10674=CARTESIAN_POINT('',(14.649941423496,23.9895416641394,6.35846131121764));
#10675=CARTESIAN_POINT('',(14.678066423496,23.4948106553203,6.45688184439126));
#10676=CARTESIAN_POINT('',(14.706191423496,23.0000796465012,6.35846131121764));
#10677=CARTESIAN_POINT('',(14.734316423496,22.5806581688869,6.07822748643345));
#10678=CARTESIAN_POINT('',(14.762441423496,22.3004243441027,5.65880600881914));
#10679=CARTESIAN_POINT('',(14.790566423496,22.2020038109291,5.16407500000005));
#10680=CARTESIAN_POINT('',(14.818691423496,22.3004243441027,4.66934399118095));
#10681=CARTESIAN_POINT('',(14.846816423496,22.5806581688869,4.24992251356664));
#10682=CARTESIAN_POINT('',(14.874941423496,23.0000796465012,3.96968868878246));
#10683=CARTESIAN_POINT('',(14.903066423496,23.4948106553203,3.87126815560884));
#10684=CARTESIAN_POINT('',(14.931191423496,23.9895416641394,3.96968868878246));
#10685=CARTESIAN_POINT('',(14.959316423496,24.4089631417537,4.24992251356664));
#10686=CARTESIAN_POINT('',(14.987441423496,24.6891969665379,4.66934399118094));
#10687=CARTESIAN_POINT('',(15.015566423496,24.7876174997115,5.16407500000004));
#10688=CARTESIAN_POINT('',(15.043691423496,24.6891969665379,5.65880600881914));
#10689=CARTESIAN_POINT('',(15.071816423496,24.4089631417537,6.07822748643345));
#10690=CARTESIAN_POINT('',(15.099941423496,23.9895416641394,6.35846131121764));
#10691=CARTESIAN_POINT('',(15.128066423496,23.4948106553203,6.45688184439126));
#10692=CARTESIAN_POINT('',(15.156191423496,23.0000796465012,6.35846131121764));
#10693=CARTESIAN_POINT('',(15.184316423496,22.5806581688869,6.07822748643345));
#10694=CARTESIAN_POINT('',(15.212441423496,22.3004243441027,5.65880600881914));
#10695=CARTESIAN_POINT('',(15.240566423496,22.2020038109291,5.16407500000005));
#10696=CARTESIAN_POINT('',(15.268691423496,22.3004243441027,4.66934399118095));
#10697=CARTESIAN_POINT('',(15.296816423496,22.5806581688869,4.24992251356664));
#10698=CARTESIAN_POINT('',(15.324941423496,23.0000796465012,3.96968868878246));
#10699=CARTESIAN_POINT('',(15.353066423496,23.4948106553203,3.87126815560884));
#10700=CARTESIAN_POINT('',(15.381191423496,23.9895416641394,3.96968868878245));
#10701=CARTESIAN_POINT('',(15.409316423496,24.4089631417537,4.24992251356664));
#10702=CARTESIAN_POINT('',(15.437441423496,24.6891969665379,4.66934399118094));
#10703=CARTESIAN_POINT('',(15.465566423496,24.7876174997115,5.16407500000004));
#10704=CARTESIAN_POINT('',(15.493691423496,24.6891969665379,5.65880600881914));
#10705=CARTESIAN_POINT('',(15.521816423496,24.4089631417537,6.07822748643345));
#10706=CARTESIAN_POINT('',(15.549941423496,23.9895416641394,6.35846131121763));
#10707=CARTESIAN_POINT('',(15.578066423496,23.4948106553203,6.45688184439126));
#10708=CARTESIAN_POINT('',(15.606191423496,23.0000796465012,6.35846131121764));
#10709=CARTESIAN_POINT('',(15.634316423496,22.5806581688869,6.07822748643345));
#10710=CARTESIAN_POINT('',(15.662441423496,22.3004243441027,5.65880600881914));
#10711=CARTESIAN_POINT('',(15.690566423496,22.2020038109291,5.16407500000005));
#10712=CARTESIAN_POINT('',(15.718691423496,22.3004243441027,4.66934399118095));
#10713=CARTESIAN_POINT('',(15.746816423496,22.5806581688869,4.24992251356664));
#10714=CARTESIAN_POINT('',(15.774941423496,23.0000796465012,3.96968868878246));
#10715=CARTESIAN_POINT('',(15.803066423496,23.4948106553203,3.87126815560884));
#10716=CARTESIAN_POINT('',(15.831191423496,23.9895416641394,3.96968868878245));
#10717=CARTESIAN_POINT('',(15.859316423496,24.4089631417537,4.24992251356664));
#10718=CARTESIAN_POINT('',(15.887441423496,24.6891969665379,4.66934399118094));
#10719=CARTESIAN_POINT('',(15.915566423496,24.7876174997115,5.16407500000004));
#10720=CARTESIAN_POINT('',(15.943691423496,24.6891969665379,5.65880600881914));
#10721=CARTESIAN_POINT('',(15.971816423496,24.4089631417537,6.07822748643345));
#10722=CARTESIAN_POINT('',(15.999941423496,23.9895416641394,6.35846131121764));
#10723=CARTESIAN_POINT('',(16.028066423496,23.4948106553203,6.45688184439126));
#10724=CARTESIAN_POINT('',(16.056191423496,23.0000796465012,6.35846131121764));
#10725=CARTESIAN_POINT('',(16.084316423496,22.5806581688869,6.07822748643345));
#10726=CARTESIAN_POINT('',(16.112441423496,22.3004243441027,5.65880600881916));
#10727=CARTESIAN_POINT('',(16.140566423496,22.2020038109291,5.16407500000005));
#10728=CARTESIAN_POINT('',(16.168691423496,22.3004243441027,4.66934399118096));
#10729=CARTESIAN_POINT('',(16.196816423496,22.5806581688869,4.24992251356663));
#10730=CARTESIAN_POINT('',(16.224941423496,23.0000796465012,3.96968868878245));
#10731=CARTESIAN_POINT('',(16.253066423496,23.4948106553203,3.87126815560884));
#10732=CARTESIAN_POINT('',(16.281191423496,23.9895416641394,3.96968868878245));
#10733=CARTESIAN_POINT('',(16.309316423496,24.4089631417537,4.24992251356664));
#10734=CARTESIAN_POINT('',(16.337441423496,24.6891969665379,4.66934399118094));
#10735=CARTESIAN_POINT('',(16.365566423496,24.7876174997115,5.16407500000004));
#10736=CARTESIAN_POINT('',(16.393691423496,24.6891969665379,5.65880600881914));
#10737=CARTESIAN_POINT('',(16.421816423496,24.4089631417537,6.07822748643344));
#10738=CARTESIAN_POINT('',(16.449941423496,23.9895416641394,6.35846131121763));
#10739=CARTESIAN_POINT('',(16.478066423496,23.4948106553203,6.45688184439126));
#10740=CARTESIAN_POINT('',(16.506191423496,23.0000796465012,6.35846131121763));
#10741=CARTESIAN_POINT('',(16.534316423496,22.5806581688869,6.07822748643345));
#10742=CARTESIAN_POINT('',(16.562441423496,22.3004243441027,5.65880600881914));
#10743=CARTESIAN_POINT('',(16.590566423496,22.2020038109291,5.16407500000005));
#10744=CARTESIAN_POINT('',(16.618691423496,22.3004243441027,4.66934399118095));
#10745=CARTESIAN_POINT('',(16.646816423496,22.5806581688869,4.24992251356664));
#10746=CARTESIAN_POINT('',(16.674941423496,23.0000796465012,3.96968868878246));
#10747=CARTESIAN_POINT('',(16.703066423496,23.4948106553203,3.87126815560884));
#10748=CARTESIAN_POINT('',(16.731191423496,23.9895416641394,3.96968868878245));
#10749=CARTESIAN_POINT('',(16.759316423496,24.4089631417537,4.24992251356663));
#10750=CARTESIAN_POINT('',(16.787441423496,24.6891969665379,4.66934399118096));
#10751=CARTESIAN_POINT('',(16.815566423496,24.7876174997115,5.16407500000005));
#10752=CARTESIAN_POINT('',(16.843691423496,24.6891969665379,5.65880600881915));
#10753=CARTESIAN_POINT('',(16.871816423496,24.4089631417537,6.07822748643345));
#10754=CARTESIAN_POINT('',(16.899941423496,23.9895416641394,6.35846131121763));
#10755=CARTESIAN_POINT('',(16.928066423496,23.4948106553203,6.45688184439126));
#10756=CARTESIAN_POINT('',(16.956191423496,23.0000796465012,6.35846131121764));
#10757=CARTESIAN_POINT('',(16.984316423496,22.5806581688869,6.07822748643345));
#10758=CARTESIAN_POINT('',(17.012441423496,22.3004243441027,5.65880600881916));
#10759=CARTESIAN_POINT('',(17.040566423496,22.2020038109291,5.16407500000005));
#10760=CARTESIAN_POINT('',(17.068691423496,22.3004243441027,4.66934399118096));
#10761=CARTESIAN_POINT('',(17.096816423496,22.5806581688869,4.24992251356664));
#10762=CARTESIAN_POINT('',(17.124941423496,23.0000796465012,3.96968868878245));
#10763=CARTESIAN_POINT('',(17.153066423496,23.4948106553203,3.87126815560884));
#10764=CARTESIAN_POINT('',(17.181191423496,23.9895416641394,3.96968868878245));
#10765=CARTESIAN_POINT('',(17.209316423496,24.4089631417537,4.24992251356664));
#10766=CARTESIAN_POINT('',(17.237441423496,24.6891969665379,4.66934399118094));
#10767=CARTESIAN_POINT('',(17.265566423496,24.7876174997115,5.16407500000004));
#10768=CARTESIAN_POINT('',(17.293691423496,24.6891969665379,5.65880600881914));
#10769=CARTESIAN_POINT('',(17.3135150049784,24.4916773910815,5.95443039413191));
#10770=CARTESIAN_POINT('',(17.3239635864607,24.3587538946981,6.08143242438486));
#10771=CARTESIAN_POINT('',(17.325037167943,24.3448079115435,6.09416687712501));
#10772=CARTESIAN_POINT('',(11.7065370220002,23.4948106553203,6.1149548557337));
#10773=CARTESIAN_POINT('',(11.7159120220002,23.3703407732695,6.1149548557337));
#10774=CARTESIAN_POINT('',(11.7346620220002,23.1214537106434,6.06543839944515));
#10775=CARTESIAN_POINT('',(11.7627870220002,22.8049303502264,5.85395530509397));
#10776=CARTESIAN_POINT('',(11.7909120220002,22.5934472558752,5.53743194467692));
#10777=CARTESIAN_POINT('',(11.8190370220002,22.5191725714424,5.16407500000005));
#10778=CARTESIAN_POINT('',(11.8471620220002,22.5934472558752,4.79071805532317));
#10779=CARTESIAN_POINT('',(11.8752870220002,22.8049303502264,4.47419469490611));
#10780=CARTESIAN_POINT('',(11.9034120220002,23.1214537106434,4.26271160055494));
#10781=CARTESIAN_POINT('',(11.9315370220002,23.4948106553203,4.18843691612212));
#10782=CARTESIAN_POINT('',(11.9596620220002,23.8681675999972,4.26271160055494));
#10783=CARTESIAN_POINT('',(11.9877870220002,24.1846909604142,4.47419469490611));
#10784=CARTESIAN_POINT('',(12.0159120220002,24.3961740547654,4.79071805532317));
#10785=CARTESIAN_POINT('',(12.0440370220002,24.4704487391982,5.16407500000005));
#10786=CARTESIAN_POINT('',(12.0721620220002,24.3961740547654,5.53743194467692));
#10787=CARTESIAN_POINT('',(12.1002870220002,24.1846909604142,5.85395530509397));
#10788=CARTESIAN_POINT('',(12.1284120220002,23.8681675999972,6.06543839944515));
#10789=CARTESIAN_POINT('',(12.1565370220002,23.4948106553203,6.13971308387797));
#10790=CARTESIAN_POINT('',(12.1846620220002,23.1214537106434,6.06543839944515));
#10791=CARTESIAN_POINT('',(12.2127870220002,22.8049303502264,5.85395530509397));
#10792=CARTESIAN_POINT('',(12.2409120220002,22.5934472558752,5.53743194467692));
#10793=CARTESIAN_POINT('',(12.2690370220002,22.5191725714424,5.16407500000005));
#10794=CARTESIAN_POINT('',(12.2971620220002,22.5934472558752,4.79071805532317));
#10795=CARTESIAN_POINT('',(12.3252870220002,22.8049303502264,4.47419469490611));
#10796=CARTESIAN_POINT('',(12.3534120220002,23.1214537106434,4.26271160055494));
#10797=CARTESIAN_POINT('',(12.3815370220002,23.4948106553203,4.18843691612212));
#10798=CARTESIAN_POINT('',(12.4096620220002,23.8681675999972,4.26271160055494));
#10799=CARTESIAN_POINT('',(12.4377870220002,24.1846909604142,4.47419469490611));
#10800=CARTESIAN_POINT('',(12.4659120220002,24.3961740547654,4.79071805532317));
#10801=CARTESIAN_POINT('',(12.4940370220002,24.4704487391982,5.16407500000005));
#10802=CARTESIAN_POINT('',(12.5221620220002,24.3961740547654,5.53743194467692));
#10803=CARTESIAN_POINT('',(12.5502870220002,24.1846909604142,5.85395530509397));
#10804=CARTESIAN_POINT('',(12.5784120220002,23.8681675999972,6.06543839944515));
#10805=CARTESIAN_POINT('',(12.6065370220002,23.4948106553203,6.13971308387797));
#10806=CARTESIAN_POINT('',(12.6346620220002,23.1214537106434,6.06543839944515));
#10807=CARTESIAN_POINT('',(12.6627870220002,22.8049303502264,5.85395530509397));
#10808=CARTESIAN_POINT('',(12.6909120220002,22.5934472558752,5.53743194467692));
#10809=CARTESIAN_POINT('',(12.7190370220002,22.5191725714424,5.16407500000005));
#10810=CARTESIAN_POINT('',(12.7471620220002,22.5934472558752,4.79071805532317));
#10811=CARTESIAN_POINT('',(12.7752870220002,22.8049303502264,4.47419469490611));
#10812=CARTESIAN_POINT('',(12.8034120220002,23.1214537106434,4.26271160055494));
#10813=CARTESIAN_POINT('',(12.8315370220002,23.4948106553203,4.18843691612212));
#10814=CARTESIAN_POINT('',(12.8596620220002,23.8681675999972,4.26271160055494));
#10815=CARTESIAN_POINT('',(12.8877870220002,24.1846909604142,4.47419469490611));
#10816=CARTESIAN_POINT('',(12.9159120220002,24.3961740547654,4.79071805532317));
#10817=CARTESIAN_POINT('',(12.9440370220002,24.4704487391982,5.16407500000005));
#10818=CARTESIAN_POINT('',(12.9721620220002,24.3961740547654,5.53743194467692));
#10819=CARTESIAN_POINT('',(13.0002870220002,24.1846909604142,5.85395530509397));
#10820=CARTESIAN_POINT('',(13.0284120220002,23.8681675999972,6.06543839944515));
#10821=CARTESIAN_POINT('',(13.0565370220002,23.4948106553203,6.13971308387797));
#10822=CARTESIAN_POINT('',(13.0846620220002,23.1214537106434,6.06543839944515));
#10823=CARTESIAN_POINT('',(13.1127870220002,22.8049303502264,5.85395530509397));
#10824=CARTESIAN_POINT('',(13.1409120220002,22.5934472558752,5.53743194467692));
#10825=CARTESIAN_POINT('',(13.1690370220002,22.5191725714424,5.16407500000005));
#10826=CARTESIAN_POINT('',(13.1971620220002,22.5934472558752,4.79071805532317));
#10827=CARTESIAN_POINT('',(13.2252870220002,22.8049303502264,4.47419469490611));
#10828=CARTESIAN_POINT('',(13.2534120220002,23.1214537106434,4.26271160055494));
#10829=CARTESIAN_POINT('',(13.2815370220002,23.4948106553203,4.18843691612212));
#10830=CARTESIAN_POINT('',(13.3096620220002,23.8681675999972,4.26271160055494));
#10831=CARTESIAN_POINT('',(13.3377870220002,24.1846909604142,4.47419469490611));
#10832=CARTESIAN_POINT('',(13.3659120220002,24.3961740547654,4.79071805532317));
#10833=CARTESIAN_POINT('',(13.3940370220002,24.4704487391982,5.16407500000004));
#10834=CARTESIAN_POINT('',(13.4221620220002,24.3961740547654,5.53743194467692));
#10835=CARTESIAN_POINT('',(13.4502870220002,24.1846909604142,5.85395530509397));
#10836=CARTESIAN_POINT('',(13.4784120220002,23.8681675999972,6.06543839944515));
#10837=CARTESIAN_POINT('',(13.5065370220002,23.4948106553203,6.13971308387797));
#10838=CARTESIAN_POINT('',(13.5346620220002,23.1214537106434,6.06543839944515));
#10839=CARTESIAN_POINT('',(13.5627870220002,22.8049303502264,5.85395530509397));
#10840=CARTESIAN_POINT('',(13.5909120220002,22.5934472558752,5.53743194467692));
#10841=CARTESIAN_POINT('',(13.6190370220002,22.5191725714424,5.16407500000005));
#10842=CARTESIAN_POINT('',(13.6471620220002,22.5934472558752,4.79071805532317));
#10843=CARTESIAN_POINT('',(13.6752870220002,22.8049303502264,4.47419469490611));
#10844=CARTESIAN_POINT('',(13.7034120220002,23.1214537106434,4.26271160055494));
#10845=CARTESIAN_POINT('',(13.7315370220002,23.4948106553203,4.18843691612212));
#10846=CARTESIAN_POINT('',(13.7596620220002,23.8681675999972,4.26271160055494));
#10847=CARTESIAN_POINT('',(13.7877870220002,24.1846909604142,4.47419469490611));
#10848=CARTESIAN_POINT('',(13.8159120220002,24.3961740547654,4.79071805532317));
#10849=CARTESIAN_POINT('',(13.8440370220002,24.4704487391982,5.16407500000004));
#10850=CARTESIAN_POINT('',(13.8721620220002,24.3961740547654,5.53743194467692));
#10851=CARTESIAN_POINT('',(13.9002870220002,24.1846909604142,5.85395530509397));
#10852=CARTESIAN_POINT('',(13.9284120220002,23.8681675999972,6.06543839944515));
#10853=CARTESIAN_POINT('',(13.9565370220002,23.4948106553203,6.13971308387797));
#10854=CARTESIAN_POINT('',(13.9846620220002,23.1214537106434,6.06543839944515));
#10855=CARTESIAN_POINT('',(14.0127870220002,22.8049303502264,5.85395530509398));
#10856=CARTESIAN_POINT('',(14.0409120220002,22.5934472558752,5.53743194467692));
#10857=CARTESIAN_POINT('',(14.0690370220002,22.5191725714424,5.16407500000005));
#10858=CARTESIAN_POINT('',(14.0971620220002,22.5934472558752,4.79071805532317));
#10859=CARTESIAN_POINT('',(14.1252870220002,22.8049303502264,4.47419469490611));
#10860=CARTESIAN_POINT('',(14.1534120220002,23.1214537106434,4.26271160055494));
#10861=CARTESIAN_POINT('',(14.1815370220002,23.4948106553203,4.18843691612212));
#10862=CARTESIAN_POINT('',(14.2096620220002,23.8681675999972,4.26271160055494));
#10863=CARTESIAN_POINT('',(14.2377870220002,24.1846909604142,4.47419469490611));
#10864=CARTESIAN_POINT('',(14.2659120220002,24.3961740547654,4.79071805532317));
#10865=CARTESIAN_POINT('',(14.2940370220002,24.4704487391982,5.16407500000005));
#10866=CARTESIAN_POINT('',(14.3221620220002,24.3961740547654,5.53743194467692));
#10867=CARTESIAN_POINT('',(14.3502870220002,24.1846909604142,5.85395530509398));
#10868=CARTESIAN_POINT('',(14.3784120220002,23.8681675999972,6.06543839944515));
#10869=CARTESIAN_POINT('',(14.4065370220002,23.4948106553203,6.13971308387797));
#10870=CARTESIAN_POINT('',(14.4346620220002,23.1214537106434,6.06543839944515));
#10871=CARTESIAN_POINT('',(14.4627870220002,22.8049303502264,5.85395530509398));
#10872=CARTESIAN_POINT('',(14.4909120220002,22.5934472558752,5.53743194467692));
#10873=CARTESIAN_POINT('',(14.5190370220002,22.5191725714424,5.16407500000005));
#10874=CARTESIAN_POINT('',(14.5471620220002,22.5934472558752,4.79071805532317));
#10875=CARTESIAN_POINT('',(14.5752870220002,22.8049303502264,4.47419469490611));
#10876=CARTESIAN_POINT('',(14.6034120220002,23.1214537106434,4.26271160055494));
#10877=CARTESIAN_POINT('',(14.6315370220002,23.4948106553203,4.18843691612212));
#10878=CARTESIAN_POINT('',(14.6596620220002,23.8681675999972,4.26271160055494));
#10879=CARTESIAN_POINT('',(14.6877870220002,24.1846909604142,4.47419469490611));
#10880=CARTESIAN_POINT('',(14.7159120220002,24.3961740547654,4.79071805532317));
#10881=CARTESIAN_POINT('',(14.7440370220002,24.4704487391982,5.16407500000005));
#10882=CARTESIAN_POINT('',(14.7721620220002,24.3961740547654,5.53743194467692));
#10883=CARTESIAN_POINT('',(14.8002870220002,24.1846909604142,5.85395530509398));
#10884=CARTESIAN_POINT('',(14.8284120220002,23.8681675999972,6.06543839944515));
#10885=CARTESIAN_POINT('',(14.8565370220002,23.4948106553203,6.13971308387797));
#10886=CARTESIAN_POINT('',(14.8846620220002,23.1214537106434,6.06543839944515));
#10887=CARTESIAN_POINT('',(14.9127870220002,22.8049303502264,5.85395530509398));
#10888=CARTESIAN_POINT('',(14.9409120220002,22.5934472558752,5.53743194467692));
#10889=CARTESIAN_POINT('',(14.9690370220002,22.5191725714424,5.16407500000005));
#10890=CARTESIAN_POINT('',(14.9971620220002,22.5934472558752,4.79071805532317));
#10891=CARTESIAN_POINT('',(15.0252870220002,22.8049303502264,4.47419469490611));
#10892=CARTESIAN_POINT('',(15.0534120220002,23.1214537106434,4.26271160055494));
#10893=CARTESIAN_POINT('',(15.0815370220002,23.4948106553203,4.18843691612212));
#10894=CARTESIAN_POINT('',(15.1096620220002,23.8681675999972,4.26271160055494));
#10895=CARTESIAN_POINT('',(15.1377870220002,24.1846909604142,4.47419469490611));
#10896=CARTESIAN_POINT('',(15.1659120220002,24.3961740547654,4.79071805532317));
#10897=CARTESIAN_POINT('',(15.1940370220002,24.4704487391982,5.16407500000005));
#10898=CARTESIAN_POINT('',(15.2221620220002,24.3961740547654,5.53743194467692));
#10899=CARTESIAN_POINT('',(15.2502870220002,24.1846909604142,5.85395530509398));
#10900=CARTESIAN_POINT('',(15.2784120220002,23.8681675999972,6.06543839944515));
#10901=CARTESIAN_POINT('',(15.3065370220002,23.4948106553203,6.13971308387797));
#10902=CARTESIAN_POINT('',(15.3346620220002,23.1214537106434,6.06543839944515));
#10903=CARTESIAN_POINT('',(15.3627870220002,22.8049303502264,5.85395530509398));
#10904=CARTESIAN_POINT('',(15.3909120220002,22.5934472558752,5.53743194467692));
#10905=CARTESIAN_POINT('',(15.4190370220002,22.5191725714424,5.16407500000005));
#10906=CARTESIAN_POINT('',(15.4471620220002,22.5934472558752,4.79071805532317));
#10907=CARTESIAN_POINT('',(15.4752870220002,22.8049303502264,4.47419469490611));
#10908=CARTESIAN_POINT('',(15.5034120220002,23.1214537106434,4.26271160055494));
#10909=CARTESIAN_POINT('',(15.5315370220002,23.4948106553203,4.18843691612212));
#10910=CARTESIAN_POINT('',(15.5596620220002,23.8681675999972,4.26271160055494));
#10911=CARTESIAN_POINT('',(15.5877870220002,24.1846909604142,4.47419469490611));
#10912=CARTESIAN_POINT('',(15.6159120220002,24.3961740547654,4.79071805532317));
#10913=CARTESIAN_POINT('',(15.6440370220002,24.4704487391982,5.16407500000005));
#10914=CARTESIAN_POINT('',(15.6721620220002,24.3961740547654,5.53743194467692));
#10915=CARTESIAN_POINT('',(15.7002870220002,24.1846909604142,5.85395530509398));
#10916=CARTESIAN_POINT('',(15.7284120220002,23.8681675999972,6.06543839944515));
#10917=CARTESIAN_POINT('',(15.7565370220002,23.4948106553203,6.13971308387797));
#10918=CARTESIAN_POINT('',(15.7846620220002,23.1214537106434,6.06543839944515));
#10919=CARTESIAN_POINT('',(15.8127870220002,22.8049303502264,5.85395530509398));
#10920=CARTESIAN_POINT('',(15.8409120220002,22.5934472558752,5.53743194467692));
#10921=CARTESIAN_POINT('',(15.8690370220002,22.5191725714424,5.16407500000005));
#10922=CARTESIAN_POINT('',(15.8971620220002,22.5934472558752,4.79071805532317));
#10923=CARTESIAN_POINT('',(15.9252870220002,22.8049303502264,4.47419469490611));
#10924=CARTESIAN_POINT('',(15.9534120220002,23.1214537106434,4.26271160055494));
#10925=CARTESIAN_POINT('',(15.9815370220002,23.4948106553203,4.18843691612212));
#10926=CARTESIAN_POINT('',(16.0096620220002,23.8681675999972,4.26271160055494));
#10927=CARTESIAN_POINT('',(16.0377870220002,24.1846909604142,4.47419469490611));
#10928=CARTESIAN_POINT('',(16.0659120220002,24.3961740547654,4.79071805532317));
#10929=CARTESIAN_POINT('',(16.0940370220002,24.4704487391982,5.16407500000005));
#10930=CARTESIAN_POINT('',(16.1221620220002,24.3961740547654,5.53743194467692));
#10931=CARTESIAN_POINT('',(16.1502870220002,24.1846909604142,5.85395530509398));
#10932=CARTESIAN_POINT('',(16.1784120220002,23.8681675999972,6.06543839944515));
#10933=CARTESIAN_POINT('',(16.2065370220002,23.4948106553203,6.13971308387797));
#10934=CARTESIAN_POINT('',(16.2346620220002,23.1214537106434,6.06543839944515));
#10935=CARTESIAN_POINT('',(16.2627870220002,22.8049303502264,5.85395530509398));
#10936=CARTESIAN_POINT('',(16.2909120220002,22.5934472558752,5.53743194467693));
#10937=CARTESIAN_POINT('',(16.3190370220002,22.5191725714424,5.16407500000005));
#10938=CARTESIAN_POINT('',(16.3471620220002,22.5934472558752,4.79071805532318));
#10939=CARTESIAN_POINT('',(16.3752870220002,22.8049303502264,4.47419469490611));
#10940=CARTESIAN_POINT('',(16.4034120220002,23.1214537106434,4.26271160055494));
#10941=CARTESIAN_POINT('',(16.4315370220002,23.4948106553203,4.18843691612212));
#10942=CARTESIAN_POINT('',(16.4596620220002,23.8681675999972,4.26271160055494));
#10943=CARTESIAN_POINT('',(16.4877870220002,24.1846909604142,4.47419469490611));
#10944=CARTESIAN_POINT('',(16.5159120220002,24.3961740547654,4.79071805532317));
#10945=CARTESIAN_POINT('',(16.5440370220002,24.4704487391982,5.16407500000004));
#10946=CARTESIAN_POINT('',(16.5721620220002,24.3961740547654,5.53743194467692));
#10947=CARTESIAN_POINT('',(16.6002870220002,24.1846909604142,5.85395530509397));
#10948=CARTESIAN_POINT('',(16.6284120220002,23.8681675999972,6.06543839944514));
#10949=CARTESIAN_POINT('',(16.6565370220002,23.4948106553203,6.13971308387797));
#10950=CARTESIAN_POINT('',(16.6846620220002,23.1214537106434,6.06543839944515));
#10951=CARTESIAN_POINT('',(16.7127870220002,22.8049303502264,5.85395530509397));
#10952=CARTESIAN_POINT('',(16.7409120220002,22.5934472558752,5.53743194467692));
#10953=CARTESIAN_POINT('',(16.7690370220002,22.5191725714424,5.16407500000005));
#10954=CARTESIAN_POINT('',(16.7971620220002,22.5934472558752,4.79071805532317));
#10955=CARTESIAN_POINT('',(16.8252870220002,22.8049303502264,4.47419469490611));
#10956=CARTESIAN_POINT('',(16.8534120220002,23.1214537106434,4.26271160055494));
#10957=CARTESIAN_POINT('',(16.8815370220002,23.4948106553203,4.18843691612212));
#10958=CARTESIAN_POINT('',(16.9096620220002,23.8681675999972,4.26271160055494));
#10959=CARTESIAN_POINT('',(16.9377870220002,24.1846909604142,4.4741946949061));
#10960=CARTESIAN_POINT('',(16.9659120220002,24.3961740547654,4.79071805532318));
#10961=CARTESIAN_POINT('',(16.9940370220002,24.4704487391982,5.16407500000005));
#10962=CARTESIAN_POINT('',(17.0221620220002,24.3961740547654,5.53743194467692));
#10963=CARTESIAN_POINT('',(17.0502870220002,24.1846909604142,5.85395530509397));
#10964=CARTESIAN_POINT('',(17.0784120220002,23.8681675999972,6.06543839944515));
#10965=CARTESIAN_POINT('',(17.1065370220002,23.4948106553203,6.13971308387797));
#10966=CARTESIAN_POINT('',(17.1346620220002,23.1214537106434,6.06543839944515));
#10967=CARTESIAN_POINT('',(17.1627870220002,22.8049303502264,5.85395530509398));
#10968=CARTESIAN_POINT('',(17.1909120220002,22.5934472558752,5.53743194467693));
#10969=CARTESIAN_POINT('',(17.2190370220002,22.5191725714424,5.16407500000005));
#10970=CARTESIAN_POINT('',(17.2471620220002,22.5934472558752,4.79071805532318));
#10971=CARTESIAN_POINT('',(17.2752870220002,22.8049303502264,4.47419469490611));
#10972=CARTESIAN_POINT('',(17.3034120220002,23.1214537106434,4.26271160055494));
#10973=CARTESIAN_POINT('',(17.3315370220002,23.4948106553203,4.18843691612212));
#10974=CARTESIAN_POINT('',(17.3596620220002,23.8681675999972,4.26271160055494));
#10975=CARTESIAN_POINT('',(17.3877870220002,24.1846909604142,4.47419469490611));
#10976=CARTESIAN_POINT('',(17.4159120220002,24.3961740547654,4.79071805532317));
#10977=CARTESIAN_POINT('',(17.4440370220002,24.4704487391982,5.16407500000004));
#10978=CARTESIAN_POINT('',(17.4721620220002,24.3961740547654,5.53743194467692));
#10979=CARTESIAN_POINT('',(17.4919856034825,24.2471126377697,5.76052978027816));
#10980=CARTESIAN_POINT('',(17.5024341849648,24.1467997210518,5.85637396456768));
#10981=CARTESIAN_POINT('',(17.5035077664471,24.1362751540279,5.86598423011086));
#10982=CARTESIAN_POINT('',(17.2505719403976,23.4948106553203,5.16407500000005));
#10983=CARTESIAN_POINT('',(17.2505719403976,57.6281949707931,25.6215489728374));
#10984=CARTESIAN_POINT('',(17.2505719403976,23.4948106553203,5.91463034994655));
#10985=CARTESIAN_POINT('',(17.2505719403976,22.8448106553203,5.5393526749733));
#10986=CARTESIAN_POINT('',(17.2505719403976,-13.4885736601526,27.2669972400279));
#10987=CARTESIAN_POINT('',(17.2505719403976,24.1448106553203,5.5393526749733));
#10988=CARTESIAN_POINT('',(17.2505719403976,24.1448106553203,88.0332013758928));
#10989=CARTESIAN_POINT('',(17.2505719403976,24.1448106553203,4.78879732502679));
#10990=CARTESIAN_POINT('',(17.2505719403976,58.2781949707931,24.4957159479177));
#10991=CARTESIAN_POINT('',(17.2505719403976,23.4948106553203,4.41351965005354));
#10992=CARTESIAN_POINT('',(17.2505719403976,-14.1385736601531,26.1411642151092));
#10993=CARTESIAN_POINT('',(17.2505719403976,22.8448106553203,4.78879732502679));
#10994=CARTESIAN_POINT('',(17.2505719403976,22.8448106553206,88.0332013758928));
#10995=CARTESIAN_POINT('',(17.2505719403976,21.5948106553203,88.0332013758928));
#10996=CARTESIAN_POINT('',(20.5505719403976,22.8448106553203,5.5393526749733));
#10997=CARTESIAN_POINT('',(14.5505719403976,22.8448106553203,5.5393526749733));
#10998=CARTESIAN_POINT('',(14.5505719403976,23.4948106553203,5.91463034994655));
#10999=CARTESIAN_POINT('',(14.5505719403976,23.4948106553203,5.91463034994655));
#11000=CARTESIAN_POINT('',(20.5505719403976,23.4948106553203,5.91463034994655));
#11001=CARTESIAN_POINT('',(20.5505719403976,23.4948106553203,5.91463034994655));
#11002=CARTESIAN_POINT('',(20.5505719403976,22.8448106553203,4.78879732502679));
#11003=CARTESIAN_POINT('',(14.5505719403976,22.8448106553203,4.78879732502679));
#11004=CARTESIAN_POINT('',(14.5505719403976,22.8448106553203,5.5393526749733));
#11005=CARTESIAN_POINT('',(20.5505719403976,22.8448106553203,5.5393526749733));
#11006=CARTESIAN_POINT('',(20.5505719403976,23.4948106553203,4.41351965005354));
#11007=CARTESIAN_POINT('',(14.5505719403976,23.4948106553203,4.41351965005354));
#11008=CARTESIAN_POINT('',(14.5505719403976,22.8448106553203,4.78879732502679));
#11009=CARTESIAN_POINT('',(20.5505719403976,22.8448106553203,4.78879732502679));
#11010=CARTESIAN_POINT('',(20.5505719403976,24.1448106553203,4.78879732502679));
#11011=CARTESIAN_POINT('',(14.5505719403976,24.1448106553203,4.78879732502679));
#11012=CARTESIAN_POINT('',(14.5505719403976,23.4948106553203,4.41351965005354));
#11013=CARTESIAN_POINT('',(20.5505719403976,23.4948106553203,4.41351965005354));
#11014=CARTESIAN_POINT('',(20.5505719403976,24.1448106553203,5.5393526749733));
#11015=CARTESIAN_POINT('',(14.5505719403976,24.1448106553203,5.5393526749733));
#11016=CARTESIAN_POINT('',(14.5505719403976,24.1448106553203,4.78879732502679));
#11017=CARTESIAN_POINT('',(20.5505719403976,24.1448106553203,4.78879732502679));
#11018=CARTESIAN_POINT('',(14.5505719403976,24.1448106553203,5.5393526749733));
#11019=CARTESIAN_POINT('',(20.5505719403976,24.1448106553203,5.5393526749733));
#11020=CARTESIAN_POINT('',(14.5505719403976,21.5948106553203,87.8832013758928));
#11021=CARTESIAN_POINT('',(-1.7494280596024,23.4948106553203,5.16407500000005));
#11022=CARTESIAN_POINT('',(-1.7494280596024,23.4948106553203,5.91407500000005));
#11023=CARTESIAN_POINT('',(-1.7494280596024,23.4948106553203,5.16407500000005));
#11024=CARTESIAN_POINT('',(-1.5494280596024,23.4948106553203,5.16407500000005));
#11025=CARTESIAN_POINT('',(-1.5494280596024,23.4948106553203,4.21407500000005));
#11026=CARTESIAN_POINT('',(-1.5494280596024,23.4948106553203,5.16407500000005));
#11027=CARTESIAN_POINT('',(-0.749428059602407,23.4948106553203,5.16407500000005));
#11028=CARTESIAN_POINT('',(11.7255719403976,23.4948106553203,5.16407500000005));
#11029=CARTESIAN_POINT('',(15.4425719403976,9.82941908430591,5.10118357274825));
#11030=CARTESIAN_POINT('',(15.4425719403976,9.63653509225812,4.59230726850417));
#11031=CARTESIAN_POINT('',(15.4425719403976,9.32054278006184,4.90829958069997));
#11032=CARTESIAN_POINT('',(18.2998804887919,7.08816868070683,2.67592548134496));
#11033=CARTESIAN_POINT('',(16.2505719403976,8.68926399384445,4.27702079448258));
#11034=CARTESIAN_POINT('',(16.2505719403976,9.19814029808855,4.46990478653087));
#11035=CARTESIAN_POINT('',(16.2505719403976,9.00525630604075,3.96102848228679));
#11036=CARTESIAN_POINT('',(18.299880488792,7.40416099290299,2.35993316914902));
#11037=CARTESIAN_POINT('',(18.5467607403976,7.404160992903,2.67592548134532));
#11038=CARTESIAN_POINT('',(18.2998804887919,7.08816868070683,7.65222451865497));
#11039=CARTESIAN_POINT('',(16.2505719403976,8.68926399384445,6.05112920551734));
#11040=CARTESIAN_POINT('',(15.4425719403976,9.32054278006184,5.41985041929996));
#11041=CARTESIAN_POINT('',(15.4425719403976,9.82941908430591,5.22696642725168));
#11042=CARTESIAN_POINT('',(15.4425719403976,9.63653509226134,5.73584273149577));
#11043=CARTESIAN_POINT('',(18.2998804887932,7.40416099290531,7.96821683085179));
#11044=CARTESIAN_POINT('',(16.2505719403976,9.00525630604396,6.36712151771314));
#11045=CARTESIAN_POINT('',(16.2505719403976,9.19814029808855,5.85824521346906));
#11046=CARTESIAN_POINT('',(18.5467607403976,7.404160992903,7.6522245186546));
#11047=CARTESIAN_POINT('',(15.4425719403976,10.9602019388114,5.22696642725168));
#11048=CARTESIAN_POINT('',(15.4425719403976,11.1530859308566,5.73584273149577));
#11049=CARTESIAN_POINT('',(15.4425719403976,11.4690782430555,5.41985041930151));
#11050=CARTESIAN_POINT('',(18.2998804887913,13.70145234241,7.65222451865609));
#11051=CARTESIAN_POINT('',(16.2505719403976,12.1003570292728,6.05112920551888));
#11052=CARTESIAN_POINT('',(16.2505719403976,11.5914807250287,5.85824521346906));
#11053=CARTESIAN_POINT('',(16.2505719403976,11.7843647170739,6.36712151771314));
#11054=CARTESIAN_POINT('',(18.2998804887929,13.3854600302124,7.96821683085162));
#11055=CARTESIAN_POINT('',(18.5467607403976,13.3854600302143,7.6522245186546));
#11056=CARTESIAN_POINT('',(18.2998804887914,13.7014523424101,2.67592548134411));
#11057=CARTESIAN_POINT('',(16.2505719403976,12.1003570292728,4.27702079448142));
#11058=CARTESIAN_POINT('',(15.4425719403976,11.4690782430555,4.9082995806988));
#11059=CARTESIAN_POINT('',(15.4425719403976,10.9602019388114,5.10118357274825));
#11060=CARTESIAN_POINT('',(15.4425719403976,11.1530859308523,4.59230726850415));
#11061=CARTESIAN_POINT('',(18.2998804887944,13.3854600302094,2.35993316914714));
#11062=CARTESIAN_POINT('',(16.2505719403976,11.7843647170697,3.96102848228679));
#11063=CARTESIAN_POINT('',(16.2505719403976,11.5914807250287,4.46990478653087));
#11064=CARTESIAN_POINT('',(18.5467607403976,13.3854600302143,2.67592548134532));
#11065=CARTESIAN_POINT('',(15.5716588165754,8.09616820803359,3.56868797563414));
#11066=CARTESIAN_POINT('',(16.0513330007793,8.13813426133748,3.61065402893802));
#11067=CARTESIAN_POINT('',(16.0513330007793,8.13813426133747,5.16407499999998));
#11068=CARTESIAN_POINT('',(16.0513330007793,8.13813426133748,6.7174959710619));
#11069=CARTESIAN_POINT('',(15.5716588165754,8.09616820803359,6.75946202436578));
#11070=CARTESIAN_POINT('',(15.4331407918481,8.08404945117595,5.16407499999998));
#11071=CARTESIAN_POINT('',(15.6149590076158,8.40109374679066,7.05681101143377));
#11072=CARTESIAN_POINT('',(16.0513330007793,8.43927152425,7.01863323397442));
#11073=CARTESIAN_POINT('',(16.0513330007793,10.3948105115576,7.01863323397442));
#11074=CARTESIAN_POINT('',(16.0513330007793,12.3503494988652,7.01863323397442));
#11075=CARTESIAN_POINT('',(15.6149590076158,12.3885272763245,7.05681101143377));
#11076=CARTESIAN_POINT('',(15.4418563661229,10.3948105115576,7.07195553019078));
#11077=CARTESIAN_POINT('',(15.5716588165754,12.6934528150816,6.75946202436578));
#11078=CARTESIAN_POINT('',(16.0513330007793,12.6514867617777,6.7174959710619));
#11079=CARTESIAN_POINT('',(16.0513330007793,12.6514867617777,5.16407499999998));
#11080=CARTESIAN_POINT('',(16.0513330007793,12.6514867617777,3.61065402893802));
#11081=CARTESIAN_POINT('',(15.5716588165754,12.6934528150816,3.56868797563414));
#11082=CARTESIAN_POINT('',(15.4331407918481,12.7055715719392,5.16407499999998));
#11083=CARTESIAN_POINT('',(15.6149590076158,12.3885272763245,3.27133898856616));
#11084=CARTESIAN_POINT('',(16.0513330007793,12.3503494988652,3.30951676602551));
#11085=CARTESIAN_POINT('',(16.0513330007793,10.3948105115576,3.30951676602551));
#11086=CARTESIAN_POINT('',(16.0513330007793,8.43927152425,3.30951676602551));
#11087=CARTESIAN_POINT('',(15.6149590076158,8.40109374679066,3.27133898856616));
#11088=CARTESIAN_POINT('',(15.4418563661229,10.3948105115576,3.25619446980914));
#11089=CARTESIAN_POINT('',(16.2505719403976,-0.961689488442412,6.80120208542488));
#11090=CARTESIAN_POINT('',(16.2505719403976,12.250075637841,6.80120208542488));
#11091=CARTESIAN_POINT('',(16.2505719403976,8.53954538527417,6.80120208542488));
#11092=CARTESIAN_POINT('',(16.2505719403976,2.97036440570334,1.23202110585414));
#11093=CARTESIAN_POINT('',(16.2505719403976,8.35556540988701,6.61722211003772));
#11094=CARTESIAN_POINT('',(16.2505719403976,8.35556540988701,5.16407499999996));
#11095=CARTESIAN_POINT('',(16.2505719403976,8.35556540988701,3.71092788996218));
#11096=CARTESIAN_POINT('',(16.2505719403976,2.97036440570334,9.09612889414577));
#11097=CARTESIAN_POINT('',(16.2505719403976,8.53954538527416,3.52694791457504));
#11098=CARTESIAN_POINT('',(16.2505719403976,-0.961689488442412,3.52694791457504));
#11099=CARTESIAN_POINT('',(16.2505719403976,12.250075637841,3.52694791457504));
#11100=CARTESIAN_POINT('',(16.2505719403976,6.46275661741165,-2.26037110585424));
#11101=CARTESIAN_POINT('',(16.2505719403976,12.4340556132282,3.71092788996219));
#11102=CARTESIAN_POINT('',(16.2505719403976,12.4340556132282,5.16407499999996));
#11103=CARTESIAN_POINT('',(16.2505719403976,12.4340556132282,6.61722211003774));
#11104=CARTESIAN_POINT('',(16.2505719403976,6.46275661741166,12.5885211058542));
#11105=CARTESIAN_POINT('',(16.2505719403976,7.70221451155759,3.96102848228681));
#11106=CARTESIAN_POINT('',(16.2505719403976,8.68926399384441,7.35417099999997));
#11107=CARTESIAN_POINT('',(16.2505719403976,13.0874065115576,6.36712151771314));
#11108=CARTESIAN_POINT('',(16.2505719403976,12.1003570292707,2.97397899999996));
#11109=CARTESIAN_POINT('',(16.2505719403976,-0.961689488442412,5.16407499999996));
#11110=CARTESIAN_POINT('',(15.4425719403976,11.4690782430533,2.97397899999996));
#11111=CARTESIAN_POINT('',(16.3274396453325,12.1604126622789,2.97397899999996));
#11112=CARTESIAN_POINT('',(15.4425719403976,9.3205427800619,7.35417099999997));
#11113=CARTESIAN_POINT('',(15.4425719403976,7.70221451155759,4.59230726850429));
#11114=CARTESIAN_POINT('',(15.4425719403976,13.0874065115576,5.73584273149566));
#11115=CARTESIAN_POINT('',(15.4425719403976,-0.961689488442412,5.16407499999996));
#11116=CARTESIAN_POINT('',(16.3274396453325,8.62920836083625,7.35417099999997));
#11117=CARTESIAN_POINT('',(16.3274396453325,7.70221451155759,3.90097284927864));
#11118=CARTESIAN_POINT('',(16.3274396453325,13.0874065115576,6.42717715072132));
#11119=CARTESIAN_POINT('',(16.0520854385698,12.651420932001,6.71743014128522));
#11120=CARTESIAN_POINT('',(16.0520854385698,12.3510389810692,7.01781209221707));
#11121=CARTESIAN_POINT('',(16.0520854385698,12.6506656200204,6.71818545326588));
#11122=CARTESIAN_POINT('',(15.8906339478817,12.8268590043186,6.57024241925676));
#11123=CARTESIAN_POINT('',(16.0901230630378,12.3858940421547,6.97630130927472));
#11124=CARTESIAN_POINT('',(15.5716588165754,12.6934528150816,6.75946202436578));
#11125=CARTESIAN_POINT('',(16.0520854385698,8.43933735402669,7.01856740419773));
#11126=CARTESIAN_POINT('',(16.0520854385698,8.13895540309484,6.71818545326588));
#11127=CARTESIAN_POINT('',(16.0520854385698,8.43858204204602,7.01781209221707));
#11128=CARTESIAN_POINT('',(15.9051402522016,8.57323249718701,7.1781746232919));
#11129=CARTESIAN_POINT('',(16.1046293673577,8.1962970392606,6.76633309321954));
#11130=CARTESIAN_POINT('',(15.6149590076158,8.40109374679066,7.05681101143377));
#11131=CARTESIAN_POINT('',(16.1046293673577,12.5933239838546,3.56181690678037));
#11132=CARTESIAN_POINT('',(16.0520854385698,12.6506656200204,3.60996454673404));
#11133=CARTESIAN_POINT('',(16.0520854385698,12.3502836690885,3.30958259580219));
#11134=CARTESIAN_POINT('',(16.0520854385698,12.3510389810692,3.31033790778286));
#11135=CARTESIAN_POINT('',(15.9051402522016,12.2163885259282,3.14997537670803));
#11136=CARTESIAN_POINT('',(15.6149590076158,12.3885272763245,3.27133898856616));
#11137=CARTESIAN_POINT('',(16.0901230630378,8.40372698096047,3.3518486907252));
#11138=CARTESIAN_POINT('',(16.0520854385698,8.43858204204602,3.31033790778286));
#11139=CARTESIAN_POINT('',(16.0520854385698,8.13820009111416,3.61071985871471));
#11140=CARTESIAN_POINT('',(16.0520854385698,8.13895540309484,3.60996454673403));
#11141=CARTESIAN_POINT('',(15.8906339478817,7.96276201879656,3.75790758074317));
#11142=CARTESIAN_POINT('',(15.5716588165754,8.09616820803359,3.56868797563414));
#11143=CARTESIAN_POINT('',(16.3741151326641,8.49038914585667,6.55437988344074));
#11144=CARTESIAN_POINT('',(16.3741151326641,8.49038914585665,3.77377011655915));
#11145=CARTESIAN_POINT('',(16.0513330007793,8.13813426133747,5.16407499999998));
#11146=CARTESIAN_POINT('',(17.5751616506429,9.2133191901448,5.35566607420526));
#11147=CARTESIAN_POINT('',(16.2505719403976,2.97036440570334,1.23202110585414));
#11148=CARTESIAN_POINT('',(16.4576127710923,12.1447609980082,6.57525666681931));
#11149=CARTESIAN_POINT('',(16.0513330007793,10.3948105115576,7.01863323397442));
#11150=CARTESIAN_POINT('',(16.4576127710922,8.64486002510692,3.75289333318055));
#11151=CARTESIAN_POINT('',(16.2505719403976,2.97036440570334,9.09612889414577));
#11152=CARTESIAN_POINT('',(17.6708025336697,10.8841458933117,5.89479903576702));
#11153=CARTESIAN_POINT('',(16.2505719403976,6.46275661741166,12.5885211058542));
#11154=CARTESIAN_POINT('',(16.4576127710922,12.1447609980083,3.75289333318053));
#11155=CARTESIAN_POINT('',(16.0513330007793,10.3948105115576,3.30951676602551));
#11156=CARTESIAN_POINT('',(16.3741151326641,12.2992318772586,3.77377011655913));
#11157=CARTESIAN_POINT('',(16.0513330007793,12.6514867617777,5.16407499999998));
#11158=CARTESIAN_POINT('',(16.2505719403976,6.46275661741165,-2.26037110585424));
#11159=CARTESIAN_POINT('',(15.4505719403976,27.4948106553203,1.96407500000009));
#11160=CARTESIAN_POINT('',(15.4505719403976,22.8948106553203,1.96407499999992));
#11161=CARTESIAN_POINT('',(-1.02058757856188,19.8948106553203,3.81407499999996));
#11162=CARTESIAN_POINT('',(-1.02058757856188,19.8948106553203,5.11407499999996));
#11163=CARTESIAN_POINT('',(-1.02058757856188,19.8948106553203,5.21407499999995));
#11164=CARTESIAN_POINT('',(14.2005969403976,19.8948106553203,5.21407499999995));
#11165=CARTESIAN_POINT('',(6.30915058416043,19.8948106553203,6.86407500000014));
#11166=CARTESIAN_POINT('',(6.30915058416044,19.8948106553203,6.76407500000012));
#11167=CARTESIAN_POINT('',(-1.22058757856186,19.8948106553203,6.76407499999995));
#11168=CARTESIAN_POINT('',(3.83325290247872,19.8948106553203,6.76407500000009));
#11169=CARTESIAN_POINT('',(3.83325290247872,19.8948106553203,6.23907499999996));
#11170=CARTESIAN_POINT('',(3.83325290247872,19.8948106553203,7.61407499999996));
#11171=CARTESIAN_POINT('',(-1.36674709752128,19.8948106553203,7.61407499999996));
#11172=CARTESIAN_POINT('',(1.68325290247872,19.8948106553203,7.61407499999996));
#11173=CARTESIAN_POINT('',(1.68325290247872,19.8948106553203,2.16407499999996));
#11174=CARTESIAN_POINT('',(1.68325290247872,19.8948106553203,8.11407499999996));
#11175=CARTESIAN_POINT('',(-1.36674709752128,19.8948106553203,8.11407499999996));
#11176=CARTESIAN_POINT('',(-1.36674709752128,19.8948106553203,8.11407499999996));
#11177=CARTESIAN_POINT('',(-1.36674709752128,19.8948106553203,5.31407499999993));
#11178=CARTESIAN_POINT('',(-1.36674709752128,19.8948106553203,2.21407499999996));
#11179=CARTESIAN_POINT('',(14.9505719403976,19.8948106553203,2.21407499999996));
#11180=CARTESIAN_POINT('',(1.68325290247872,19.8948106553203,2.21407499999996));
#11181=CARTESIAN_POINT('',(1.68325290247872,19.8948106553203,2.16407499999996));
#11182=CARTESIAN_POINT('',(1.68325290247872,19.8948106553203,2.71407499999996));
#11183=CARTESIAN_POINT('',(14.9505719403976,19.8948106553203,2.71407499999996));
#11184=CARTESIAN_POINT('',(3.83325290247872,19.8948106553203,2.71407499999996));
#11185=CARTESIAN_POINT('',(3.83325290247872,19.8948106553203,6.23907499999996));
#11186=CARTESIAN_POINT('',(3.83325290247872,19.8948106553203,3.56407499999981));
#11187=CARTESIAN_POINT('',(14.9505719403976,19.8948106553203,3.56407499999951));
#11188=CARTESIAN_POINT('',(6.30915058416044,19.8948106553203,3.56407499999972));
#11189=CARTESIAN_POINT('',(6.30915058416043,19.8948106553203,3.46407499999973));
#11190=CARTESIAN_POINT('',(-1.32058757856188,19.8948106553203,5.11407499999996));
#11191=CARTESIAN_POINT('',(14.9505719403976,19.8948106553203,5.31407499999993));
#11192=CARTESIAN_POINT('',(-1.02058757856188,-2.50518934467971,5.21407499999995));
#11193=CARTESIAN_POINT('',(-1.02058757856188,17.8948106553203,5.21407499999995));
#11194=CARTESIAN_POINT('',(-1.02058757856188,22.8948106553203,5.11407499999996));
#11195=CARTESIAN_POINT('',(-1.02058757856188,17.8948106553203,5.11407499999996));
#11196=CARTESIAN_POINT('',(-1.02058757856188,17.8948106553203,2.26407500000007));
#11197=CARTESIAN_POINT('',(-1.02058757856188,22.8948106553203,3.81407499999996));
#11198=CARTESIAN_POINT('',(15.1505719403976,17.8948106553203,2.26407500000007));
#11199=CARTESIAN_POINT('',(15.1505719403976,17.8948106553203,7.96407499999995));
#11200=CARTESIAN_POINT('',(15.1505719403976,17.8948106553203,2.36407499999995));
#11201=CARTESIAN_POINT('',(14.9505719403976,17.8948106553203,7.96407499999995));
#11202=CARTESIAN_POINT('',(14.9505719403976,17.8948106553203,8.16407499999995));
#11203=CARTESIAN_POINT('',(7.79199329663488,17.8948106553203,8.16407499999995));
#11204=CARTESIAN_POINT('',(10.3505719403976,17.8948106553203,8.16407499999996));
#11205=CARTESIAN_POINT('',(10.3505719403976,17.8948106553203,7.56407499999993));
#11206=CARTESIAN_POINT('',(10.3505719403976,17.8948106553203,7.46407499999992));
#11207=CARTESIAN_POINT('',(7.79199329663488,17.8948106553203,7.46407499999992));
#11208=CARTESIAN_POINT('',(9.85057194039762,17.8948106553203,7.46407499999992));
#11209=CARTESIAN_POINT('',(9.85057194039762,17.8948106553203,2.26407500000007));
#11210=CARTESIAN_POINT('',(9.85057194039762,17.8948106553203,8.16407499999996));
#11211=CARTESIAN_POINT('',(7.79199329663488,17.8948106553203,8.16407499999995));
#11212=CARTESIAN_POINT('',(8.21625736534681,17.8948106553203,8.16407499999996));
#11213=CARTESIAN_POINT('',(8.21625736534681,17.8948106553203,8.06407499999994));
#11214=CARTESIAN_POINT('',(8.14554668722817,17.8948106553203,8.13478567811861));
#11215=CARTESIAN_POINT('',(5.03341465287226,17.8948106553203,5.02265364376277));
#11216=CARTESIAN_POINT('',(6.44199329663504,17.8948106553203,6.43123228752553));
#11217=CARTESIAN_POINT('',(6.15915058416042,17.8948106553203,6.71407500000014));
#11218=CARTESIAN_POINT('',(6.15915058416043,17.8948106553203,6.31407500000016));
#11219=CARTESIAN_POINT('',(7.79199329663477,17.8948106553203,6.31407500000018));
#11220=CARTESIAN_POINT('',(-0.920587578561894,17.8948106553203,6.31407499999994));
#11221=CARTESIAN_POINT('',(-0.920587578561886,17.8948106553203,6.21407499999994));
#11222=CARTESIAN_POINT('',(-1.02058757856188,17.8948106553203,6.21407499999995));
#11223=CARTESIAN_POINT('',(-1.02058757856188,17.8948106553203,2.26407500000007));
#11224=CARTESIAN_POINT('',(-1.02058757856188,17.8948106553203,2.26407500000007));
#11225=CARTESIAN_POINT('',(-1.02058757856188,17.8948106553203,4.11407499999993));
#11226=CARTESIAN_POINT('',(-0.920587578561886,17.8948106553203,4.11407499999993));
#11227=CARTESIAN_POINT('',(-0.920587578561894,17.8948106553203,4.01407499999992));
#11228=CARTESIAN_POINT('',(-1.22058757856185,17.8948106553203,4.01407499999991));
#11229=CARTESIAN_POINT('',(6.15915058416043,17.8948106553203,4.01407499999975));
#11230=CARTESIAN_POINT('',(6.15915058416042,17.8948106553203,3.61407499999973));
#11231=CARTESIAN_POINT('',(6.44199329663504,17.8948106553203,3.89691771247435));
#11232=CARTESIAN_POINT('',(6.44199329663485,17.8948106553203,3.89691771247454));
#11233=CARTESIAN_POINT('',(8.14554668722817,17.8948106553203,2.1933643218813));
#11234=CARTESIAN_POINT('',(8.21625736534681,17.8948106553203,2.26407499999993));
#11235=CARTESIAN_POINT('',(8.21625736534681,17.8948106553203,2.16407499999995));
#11236=CARTESIAN_POINT('',(8.09199329663491,17.8948106553203,2.16407499999995));
#11237=CARTESIAN_POINT('',(9.85057194039762,17.8948106553203,2.16407499999995));
#11238=CARTESIAN_POINT('',(9.85057194039762,17.8948106553203,2.76407499999994));
#11239=CARTESIAN_POINT('',(9.85057194039762,17.8948106553203,2.86407499999992));
#11240=CARTESIAN_POINT('',(8.09199329663491,17.8948106553203,2.86407499999992));
#11241=CARTESIAN_POINT('',(10.3505719403976,17.8948106553203,2.86407499999992));
#11242=CARTESIAN_POINT('',(10.3505719403976,17.8948106553203,2.26407500000007));
#11243=CARTESIAN_POINT('',(10.3505719403976,17.8948106553203,2.16407499999995));
#11244=CARTESIAN_POINT('',(8.09199329663491,17.8948106553203,2.16407499999995));
#11245=CARTESIAN_POINT('',(14.9505719403976,17.8948106553203,2.16407499999995));
#11246=CARTESIAN_POINT('',(14.9505719403976,17.8948106553203,2.36407499999995));
#11247=CARTESIAN_POINT('',(7.79199329663488,17.8948106553203,2.26407500000007));
#11248=CARTESIAN_POINT('',(15.1505719403976,27.4948106553203,1.96407500000009));
#11249=CARTESIAN_POINT('',(15.1505719403976,27.4948106553203,2.26407499999994));
#11250=CARTESIAN_POINT('',(15.1505719403976,27.4948106553203,2.36407499999995));
#11251=CARTESIAN_POINT('',(14.9505719403976,27.4948106553203,2.36407499999995));
#11252=CARTESIAN_POINT('',(14.9505719403976,27.4948106553203,2.16407499999995));
#11253=CARTESIAN_POINT('',(7.79199329663488,27.4948106553203,2.16407499999995));
#11254=CARTESIAN_POINT('',(15.0505719403976,27.4948106553203,2.16407499999995));
#11255=CARTESIAN_POINT('',(15.0505719403976,27.4948106553203,2.26407499999994));
#11256=CARTESIAN_POINT('',(10.3505719403976,27.4948106553203,2.26407499999994));
#11257=CARTESIAN_POINT('',(10.2505719403976,27.4948106553203,2.26407499999994));
#11258=CARTESIAN_POINT('',(10.3505719403976,27.4948106553203,2.16407499999995));
#11259=CARTESIAN_POINT('',(10.3505719403976,27.4948106553203,2.76407499999994));
#11260=CARTESIAN_POINT('',(10.3505719403976,27.4948106553203,2.86407499999992));
#11261=CARTESIAN_POINT('',(8.09199329663491,27.4948106553203,2.86407499999992));
#11262=CARTESIAN_POINT('',(9.85057194039762,27.4948106553203,2.86407499999992));
#11263=CARTESIAN_POINT('',(9.85057194039762,27.4948106553203,2.56407499999996));
#11264=CARTESIAN_POINT('',(6.30915058416043,27.4948106553203,3.46407499999973));
#11265=CARTESIAN_POINT('',(6.30915058416044,27.4948106553203,3.56407499999972));
#11266=CARTESIAN_POINT('',(-1.22058757856186,27.4948106553203,3.56407499999994));
#11267=CARTESIAN_POINT('',(3.83325290247872,27.4948106553203,3.56407499999981));
#11268=CARTESIAN_POINT('',(3.83325290247872,27.4948106553203,2.56407499999996));
#11269=CARTESIAN_POINT('',(3.83325290247872,27.4948106553203,2.71407499999996));
#11270=CARTESIAN_POINT('',(-1.36674709752128,27.4948106553203,2.71407499999996));
#11271=CARTESIAN_POINT('',(1.68325290247872,27.4948106553203,2.71407499999996));
#11272=CARTESIAN_POINT('',(1.68325290247872,27.4948106553203,2.16407499999996));
#11273=CARTESIAN_POINT('',(1.68325290247872,27.4948106553203,2.21407499999996));
#11274=CARTESIAN_POINT('',(-1.36674709752128,27.4948106553203,2.21407499999996));
#11275=CARTESIAN_POINT('',(-1.36674709752128,27.4948106553203,2.21407499999996));
#11276=CARTESIAN_POINT('',(-1.36674709752128,27.4948106553203,5.16407499999996));
#11277=CARTESIAN_POINT('',(-1.36674709752128,27.4948106553203,8.11407499999996));
#11278=CARTESIAN_POINT('',(7.91625736534676,27.4948106553203,8.11407499999996));
#11279=CARTESIAN_POINT('',(1.68325290247872,27.4948106553203,8.11407499999996));
#11280=CARTESIAN_POINT('',(1.68325290247872,27.4948106553203,2.16407499999996));
#11281=CARTESIAN_POINT('',(1.68325290247872,27.4948106553203,7.61407499999996));
#11282=CARTESIAN_POINT('',(7.91625736534676,27.4948106553203,7.61407499999996));
#11283=CARTESIAN_POINT('',(3.83325290247872,27.4948106553203,7.61407499999996));
#11284=CARTESIAN_POINT('',(3.83325290247872,27.4948106553203,2.56407499999996));
#11285=CARTESIAN_POINT('',(3.83325290247872,27.4948106553203,6.76407500000009));
#11286=CARTESIAN_POINT('',(7.91625736534665,27.4948106553203,6.7640750000002));
#11287=CARTESIAN_POINT('',(6.30915058416044,27.4948106553203,6.76407500000012));
#11288=CARTESIAN_POINT('',(6.30915058416043,27.4948106553203,6.86407500000014));
#11289=CARTESIAN_POINT('',(9.85057194039762,27.4948106553203,7.56407499999993));
#11290=CARTESIAN_POINT('',(9.85057194039762,27.4948106553203,7.46407499999992));
#11291=CARTESIAN_POINT('',(7.91625736534676,27.4948106553203,7.46407499999992));
#11292=CARTESIAN_POINT('',(10.3505719403976,27.4948106553203,7.46407499999992));
#11293=CARTESIAN_POINT('',(10.3505719403976,27.4948106553203,2.56407499999996));
#11294=CARTESIAN_POINT('',(10.3505719403976,27.4948106553203,8.16407499999995));
#11295=CARTESIAN_POINT('',(10.3505719403976,27.4948106553203,8.06407499999994));
#11296=CARTESIAN_POINT('',(10.2505719403976,27.4948106553203,8.06407499999994));
#11297=CARTESIAN_POINT('',(7.79199329663488,27.4948106553203,8.06407499999994));
#11298=CARTESIAN_POINT('',(9.95057194039762,27.4948106553203,8.06407499999994));
#11299=CARTESIAN_POINT('',(10.3505719403976,27.4948106553203,8.06407499999994));
#11300=CARTESIAN_POINT('',(10.3505719403976,27.4948106553203,2.26407499999994));
#11301=CARTESIAN_POINT('',(9.95057194039762,27.4948106553203,2.26407499999994));
#11302=CARTESIAN_POINT('',(7.79199329663488,27.4948106553203,2.26407499999994));
#11303=CARTESIAN_POINT('',(14.9505719403976,27.4948106553203,7.96407499999995));
#11304=CARTESIAN_POINT('',(14.9505719403976,27.4948106553203,8.16407499999995));
#11305=CARTESIAN_POINT('',(15.1505719403976,27.4948106553203,7.96407499999995));
#11306=CARTESIAN_POINT('',(15.1505719403976,27.4948106553203,1.96407500000009));
#11307=CARTESIAN_POINT('',(15.1505719403976,27.4948106553203,8.06407499999994));
#11308=CARTESIAN_POINT('',(15.0505719403976,27.4948106553203,8.06407499999994));
#11309=CARTESIAN_POINT('',(15.0505719403976,27.4948106553203,8.16407499999996));
#11310=CARTESIAN_POINT('',(8.09199329663491,27.4948106553203,8.16407499999996));
#11311=CARTESIAN_POINT('',(6.5794124214381,27.4948106553203,5.16407499999998));
#11312=CARTESIAN_POINT('',(6.5794124214381,27.4948106553203,5.66407499999998));
#11313=CARTESIAN_POINT('',(0.579412421438103,27.4948106553203,5.16407499999998));
#11314=CARTESIAN_POINT('',(0.579412421438103,27.4948106553203,6.26407499999998));
#11315=CARTESIAN_POINT('',(7.91625736534676,27.4948106553203,2.56407499999996));
#11316=CARTESIAN_POINT('',(9.9505719403976,23.4948106553203,5.16407500000006));
#11317=CARTESIAN_POINT('',(9.9505719403976,22.3948106553203,5.16407500000006));
#11318=CARTESIAN_POINT('',(-1.36674709752128,23.4948106553203,5.16407500000011));
#11319=CARTESIAN_POINT('',(-1.36674709752128,23.4948106553203,6.26407500000011));
#11320=CARTESIAN_POINT('',(0.579412421438104,23.4948106553203,5.16407500000004));
#11321=CARTESIAN_POINT('',(0.579412421438104,23.4948106553203,4.06407499999998));
#11322=CARTESIAN_POINT('',(0.579412421438104,23.4948106553203,6.26407499999998));
#11323=CARTESIAN_POINT('',(0.579412421438104,23.4948106553203,5.16407500000004));
#11324=CARTESIAN_POINT('',(-3.74942805960241,23.4948106553203,5.16407500000006));
#11325=CARTESIAN_POINT('',(9.85057194039762,46.8948106553203,7.46407499999992));
#11326=CARTESIAN_POINT('',(9.85057194039762,19.8948106553203,5.31407499999993));
#11327=CARTESIAN_POINT('',(9.85057194039762,19.8948106553203,8.16407499999996));
#11328=CARTESIAN_POINT('',(9.85057194039762,27.8948106553203,8.16407499999995));
#11329=CARTESIAN_POINT('',(9.85057194039762,27.8948106553203,7.56407499999993));
#11330=CARTESIAN_POINT('',(10.3505719403976,46.8948106553203,7.46407499999992));
#11331=CARTESIAN_POINT('',(10.3505719403976,27.8948106553203,8.16407499999996));
#11332=CARTESIAN_POINT('',(10.3505719403976,19.8948106553203,8.16407499999995));
#11333=CARTESIAN_POINT('',(10.3505719403976,19.8948106553203,7.96406249999994));
#11334=CARTESIAN_POINT('',(10.3505719403976,20.4948106553203,8.16407499999996));
#11335=CARTESIAN_POINT('',(10.3505719403976,20.4948106553203,8.16407499999995));
#11336=CARTESIAN_POINT('',(10.3505719403976,22.8948106553203,8.16407499999995));
#11337=CARTESIAN_POINT('',(10.3505719403976,27.8948106553203,7.56407499999993));
#11338=CARTESIAN_POINT('',(9.85057194039762,27.8948106553203,2.86407499999992));
#11339=CARTESIAN_POINT('',(9.85057194039762,22.8948106553203,2.16407499999995));
#11340=CARTESIAN_POINT('',(9.85057194039762,19.8948106553203,2.16407499999995));
#11341=CARTESIAN_POINT('',(9.85057194039762,19.8948106553203,2.76407499999994));
#11342=CARTESIAN_POINT('',(9.85057194039762,27.8948106553203,2.76407499999994));
#11343=CARTESIAN_POINT('',(10.3505719403976,46.8948106553203,2.86407499999992));
#11344=CARTESIAN_POINT('',(10.3505719403976,27.8948106553203,2.16407499999995));
#11345=CARTESIAN_POINT('',(10.3505719403976,20.4948106553203,2.16407499999995));
#11346=CARTESIAN_POINT('',(10.3505719403976,20.4948106553203,5.01407499999992));
#11347=CARTESIAN_POINT('',(10.3505719403976,19.8948106553203,2.16407499999995));
#11348=CARTESIAN_POINT('',(10.3505719403976,19.8948106553203,2.16407499999995));
#11349=CARTESIAN_POINT('',(10.3505719403976,27.8948106553203,2.16407499999995));
#11350=CARTESIAN_POINT('',(10.3505719403976,27.8948106553203,2.76407499999994));
#11351=CARTESIAN_POINT('',(3.83325290247872,46.8948106553203,3.56407499999981));
#11352=CARTESIAN_POINT('',(6.30915058416044,20.8948106553203,3.56407499999972));
#11353=CARTESIAN_POINT('',(-1.22058757856186,46.8948106553203,3.56407499999994));
#11354=CARTESIAN_POINT('',(3.83325290247872,46.8948106553203,6.76407500000009));
#11355=CARTESIAN_POINT('',(6.30915058416044,26.4948106553203,6.76407500000012));
#11356=CARTESIAN_POINT('',(-1.22058757856186,46.8948106553203,6.76407499999995));
#11357=CARTESIAN_POINT('',(6.30915058416043,46.8948106553203,6.86407500000014));
#11358=CARTESIAN_POINT('',(6.30915058416043,46.8948106553203,3.46407499999973));
#11359=CARTESIAN_POINT('',(6.5794124214381,28.0948106553203,5.16407499999998));
#11360=CARTESIAN_POINT('',(6.0794124214381,28.0948106553203,5.16407499999998));
#11361=CARTESIAN_POINT('',(6.5794124214381,28.0948106553203,5.16407499999998));
#11362=CARTESIAN_POINT('',(6.5794124214381,26.4948106553203,5.16407499999998));
#11363=CARTESIAN_POINT('',(1.68325290247872,23.4948106553202,7.61407499999996));
#11364=CARTESIAN_POINT('',(3.83325290247872,23.4948106553202,7.61407499999996));
#11365=CARTESIAN_POINT('',(-1.36674709752128,23.4948106553202,7.61407499999996));
#11366=CARTESIAN_POINT('',(1.68325290247872,26.4948106553203,2.71407499999996));
#11367=CARTESIAN_POINT('',(3.83325290247872,23.4948106553202,2.71407499999996));
#11368=CARTESIAN_POINT('',(-1.36674709752128,23.4948106553202,2.71407499999996));
#11369=CARTESIAN_POINT('',(3.83325290247872,23.4948106553202,6.23907499999996));
#11370=CARTESIAN_POINT('',(3.83325290247872,23.4948106553202,6.23907499999996));
#11371=CARTESIAN_POINT('',(1.68325290247872,23.4948106553202,2.21407499999996));
#11372=CARTESIAN_POINT('',(1.68325290247872,26.4948106553203,2.16407499999996));
#11373=CARTESIAN_POINT('',(1.68325290247872,26.4948106553203,8.11407499999996));
#11374=CARTESIAN_POINT('',(1.68325290247872,26.4948106553203,2.16407499999996));
#11375=CARTESIAN_POINT('',(0.579412421438103,26.4948106553203,5.16407499999998));
#11376=CARTESIAN_POINT('',(-1.36674709752128,23.4948106553202,2.21407499999996));
#11377=CARTESIAN_POINT('',(-1.36674709752128,23.4948106553202,2.21407499999996));
#11378=CARTESIAN_POINT('',(-1.36674709752128,23.4948106553202,8.11407499999996));
#11379=CARTESIAN_POINT('',(-1.36674709752128,23.4948106553202,8.11407499999996));
#11380=CARTESIAN_POINT('',(-1.36674709752128,7.99509691164687,5.16407499999996));
#11381=CARTESIAN_POINT('',(14.9505719403976,22.8948106553203,8.16407499999995));
#11382=CARTESIAN_POINT('',(15.1505719403976,22.8948106553203,7.96407499999995));
#11383=CARTESIAN_POINT('',(14.9505719403976,22.8948106553203,7.96407499999995));
#11384=CARTESIAN_POINT('',(15.1505719403976,22.8948106553203,2.36407499999995));
#11385=CARTESIAN_POINT('',(14.9505719403976,22.8948106553203,2.16407499999995));
#11386=CARTESIAN_POINT('',(14.9505719403976,22.8948106553203,2.36407499999995));
#11387=CARTESIAN_POINT('',(8.09199329663491,46.8948106553203,7.46407499999992));
#11388=CARTESIAN_POINT('',(8.09199329663491,46.8948106553203,2.86407499999992));
#11389=CARTESIAN_POINT('',(9.9505719403976,23.4948106553203,5.16407500000006));
#11390=CARTESIAN_POINT('',(9.9505719403976,23.4948106553203,3.06407500000006));
#11391=CARTESIAN_POINT('',(9.9505719403976,23.4948106553203,5.16407500000006));
#11392=CARTESIAN_POINT('',(9.9505719403976,23.4948106553203,5.16407500000006));
#11393=CARTESIAN_POINT('',(8.14554668722817,-2.1051893446797,8.13478567811861));
#11394=CARTESIAN_POINT('',(6.44199329663504,22.8948106553203,6.43123228752553));
#11395=CARTESIAN_POINT('',(6.44199329663485,22.8948106553203,6.43123228752534));
#11396=CARTESIAN_POINT('',(6.15915058416043,22.8948106553203,6.31407500000016));
#11397=CARTESIAN_POINT('',(-0.920587578561894,21.8948106553203,6.31407499999994));
#11398=CARTESIAN_POINT('',(-1.22058757856185,22.8948106553203,6.31407499999994));
#11399=CARTESIAN_POINT('',(-1.02058757856188,-2.1051893446797,6.21407499999995));
#11400=CARTESIAN_POINT('',(-1.02058757856188,-2.50518934467971,5.21407499999995));
#11401=CARTESIAN_POINT('',(-1.02058757856188,22.8948106553203,6.51407499999992));
#11402=CARTESIAN_POINT('',(-1.02058757856188,22.8948106553203,5.11407499999996));
#11403=CARTESIAN_POINT('',(-1.02058757856188,-2.1051893446797,4.11407499999993));
#11404=CARTESIAN_POINT('',(-1.02058757856188,22.8948106553203,6.51407499999992));
#11405=CARTESIAN_POINT('',(8.21625736534681,21.8948106553203,8.16407499999996));
#11406=CARTESIAN_POINT('',(8.21625736534681,22.8948106553203,8.06407499999994));
#11407=CARTESIAN_POINT('',(6.15915058416042,22.8948106553203,6.71407500000015));
#11408=CARTESIAN_POINT('',(8.09199329663491,19.8948106553203,8.16407499999996));
#11409=CARTESIAN_POINT('',(14.2005969403976,19.8948106553203,7.96406249999994));
#11410=CARTESIAN_POINT('',(-0.920587578561887,22.8948106553203,6.21407499999995));
#11411=CARTESIAN_POINT('',(8.21625736534681,21.8948106553203,2.16407499999995));
#11412=CARTESIAN_POINT('',(15.0505719403976,-2.1051893446797,2.16407499999995));
#11413=CARTESIAN_POINT('',(14.2005969403976,19.8948106553203,2.16407499999995));
#11414=CARTESIAN_POINT('',(8.09199329663491,22.8948106553203,2.16407499999995));
#11415=CARTESIAN_POINT('',(15.1505719403976,27.8948106553203,2.26407499999994));
#11416=CARTESIAN_POINT('',(15.1505719403976,27.8948106553203,8.06407499999994));
#11417=CARTESIAN_POINT('',(15.1505719403976,-0.505189344679707,1.96407499999992));
#11418=CARTESIAN_POINT('',(15.1505719403976,-0.505189344679707,6.76407500000002));
#11419=CARTESIAN_POINT('',(15.1505719403976,-0.505189344679707,3.56407500000001));
#11420=CARTESIAN_POINT('',(15.1505719403976,22.8948106553203,6.76407500000002));
#11421=CARTESIAN_POINT('',(15.1505719403976,-1.50518934467971,6.76407500000002));
#11422=CARTESIAN_POINT('',(15.1505719403976,-1.50518934467971,1.96407499999992));
#11423=CARTESIAN_POINT('',(15.1505719403976,-1.50518934467971,3.56407500000001));
#11424=CARTESIAN_POINT('',(15.1505719403976,22.8948106553203,3.56407500000001));
#11425=CARTESIAN_POINT('',(15.1505719403976,11.8948106553203,4.16407499999998));
#11426=CARTESIAN_POINT('',(15.1505719403976,12.3948106553203,4.16407499999998));
#11427=CARTESIAN_POINT('',(15.1505719403976,11.8948106553203,3.66407499999998));
#11428=CARTESIAN_POINT('',(15.1505719403976,12.3948106553203,1.96407499999992));
#11429=CARTESIAN_POINT('',(15.1505719403976,12.3948106553203,6.16407499999998));
#11430=CARTESIAN_POINT('',(15.1505719403976,11.8948106553203,6.16407499999998));
#11431=CARTESIAN_POINT('',(15.1505719403976,11.8948106553203,6.66407499999998));
#11432=CARTESIAN_POINT('',(15.1505719403976,11.8948106553203,6.66407499999998));
#11433=CARTESIAN_POINT('',(15.1505719403976,8.89481065532029,6.66407499999998));
#11434=CARTESIAN_POINT('',(15.1505719403976,8.89481065532029,6.16407499999998));
#11435=CARTESIAN_POINT('',(15.1505719403976,8.3948106553203,6.16407499999998));
#11436=CARTESIAN_POINT('',(15.1505719403976,8.39481065532029,1.96407499999992));
#11437=CARTESIAN_POINT('',(15.1505719403976,8.3948106553203,4.16407499999998));
#11438=CARTESIAN_POINT('',(15.1505719403976,8.89481065532029,4.16407499999998));
#11439=CARTESIAN_POINT('',(15.1505719403976,8.89481065532029,3.66407499999998));
#11440=CARTESIAN_POINT('',(15.1505719403976,22.8948106553203,3.66407499999998));
#11441=CARTESIAN_POINT('',(15.1505719403976,22.8948106553203,1.96407499999992));
#11442=CARTESIAN_POINT('',(9.95057194039762,21.8948106553203,7.56407499999994));
#11443=CARTESIAN_POINT('',(9.95057194039762,20.4948106553203,7.56407499999994));
#11444=CARTESIAN_POINT('',(9.95057194039762,26.9948106553203,7.56407499999994));
#11445=CARTESIAN_POINT('',(5.09199329663491,26.9948106553203,7.56407499999994));
#11446=CARTESIAN_POINT('',(10.2505719403976,26.9948106553203,7.56407499999994));
#11447=CARTESIAN_POINT('',(10.2505719403976,22.8948106553203,7.56407499999994));
#11448=CARTESIAN_POINT('',(10.2505719403976,20.4948106553203,7.56407499999994));
#11449=CARTESIAN_POINT('',(11.9505719403976,20.4948106553203,7.56407499999994));
#11450=CARTESIAN_POINT('',(5.09199329663491,22.8948106553203,7.56407499999994));
#11451=CARTESIAN_POINT('',(9.95057194039762,21.8948106553203,8.06407499999994));
#11452=CARTESIAN_POINT('',(9.95057194039762,20.4948106553203,8.06407499999994));
#11453=CARTESIAN_POINT('',(9.95057194039762,26.9948106553203,7.56407499999994));
#11454=CARTESIAN_POINT('',(9.95057194039762,20.4948106553203,5.31407499999994));
#11455=CARTESIAN_POINT('',(9.95057194039762,21.8948106553203,5.31407499999994));
#11456=CARTESIAN_POINT('',(10.2505719403976,27.7448106553203,8.31407499999996));
#11457=CARTESIAN_POINT('',(10.2505719403976,23.4948106553203,8.06407499999994));
#11458=CARTESIAN_POINT('',(10.2505719403976,20.4948106553203,8.06407499999994));
#11459=CARTESIAN_POINT('',(10.2505719403976,20.4948106553203,8.16407499999996));
#11460=CARTESIAN_POINT('',(10.2505719403976,27.8948106553203,8.16407499999996));
#11461=CARTESIAN_POINT('',(10.3505719403976,20.4948106553203,8.06407499999994));
#11462=CARTESIAN_POINT('',(10.3505719403976,20.4948106553203,8.06407499999994));
#11463=CARTESIAN_POINT('',(11.9505719403976,20.4948106553203,5.31407499999994));
#11464=CARTESIAN_POINT('',(10.3505719403976,22.8948106553203,8.06407499999994));
#11465=CARTESIAN_POINT('',(5.09199329663491,26.9948106553203,7.56407499999994));
#11466=CARTESIAN_POINT('',(10.3505719403976,22.8948106553203,8.06407499999994));
#11467=CARTESIAN_POINT('',(15.0505719403976,-2.1051893446797,8.16407499999996));
#11468=CARTESIAN_POINT('',(8.09199329663491,22.8948106553203,8.16407499999996));
#11469=CARTESIAN_POINT('',(15.0505719403976,22.8948106553203,8.06407499999994));
#11470=CARTESIAN_POINT('',(15.4005719403976,8.89481065532029,6.66407499999998));
#11471=CARTESIAN_POINT('',(15.4505719403976,8.89481065532029,6.66407499999998));
#11472=CARTESIAN_POINT('',(15.4005719403976,11.8948106553203,6.66407499999998));
#11473=CARTESIAN_POINT('',(15.4505719403976,11.8948106553203,6.66407499999998));
#11474=CARTESIAN_POINT('',(15.4505719403976,10.3948106553203,6.66407499999999));
#11475=CARTESIAN_POINT('',(15.4005719403976,11.8948106553203,6.66407499999998));
#11476=CARTESIAN_POINT('',(15.4505719403976,8.89481065532029,6.16407499999999));
#11477=CARTESIAN_POINT('',(15.4505719403976,8.39481065532029,6.16407499999999));
#11478=CARTESIAN_POINT('',(15.4005719403976,8.3948106553203,6.16407499999998));
#11479=CARTESIAN_POINT('',(15.4005719403976,8.89481065532029,6.16407499999998));
#11480=CARTESIAN_POINT('',(15.4005719403976,12.3948106553203,6.16407499999998));
#11481=CARTESIAN_POINT('',(15.4505719403976,12.3948106553203,6.16407499999998));
#11482=CARTESIAN_POINT('',(15.4505719403976,11.8948106553203,6.16407499999999));
#11483=CARTESIAN_POINT('',(15.4005719403976,11.8948106553203,6.16407499999998));
#11484=CARTESIAN_POINT('',(-0.920587578561894,21.8948106553203,4.01407499999992));
#11485=CARTESIAN_POINT('',(-0.920587578561887,22.8948106553203,4.11407499999993));
#11486=CARTESIAN_POINT('',(8.14554668722817,-2.1051893446797,2.1933643218813));
#11487=CARTESIAN_POINT('',(8.21625736534681,22.8948106553203,2.26407499999994));
#11488=CARTESIAN_POINT('',(6.44199329663504,22.8948106553203,3.89691771247435));
#11489=CARTESIAN_POINT('',(6.44199329663485,22.8948106553203,3.89691771247454));
#11490=CARTESIAN_POINT('',(6.15915058416043,22.8948106553203,4.01407499999975));
#11491=CARTESIAN_POINT('',(6.15915058416042,22.8948106553203,3.61407499999974));
#11492=CARTESIAN_POINT('',(-1.22058757856185,22.8948106553203,4.01407499999992));
#11493=CARTESIAN_POINT('',(15.0505719403976,22.8948106553203,2.26407499999994));
#11494=CARTESIAN_POINT('',(10.3505719403976,20.4948106553203,2.26407499999994));
#11495=CARTESIAN_POINT('',(9.95057194039762,20.4948106553203,2.26407499999994));
#11496=CARTESIAN_POINT('',(10.3505719403976,20.4948106553203,2.26407499999994));
#11497=CARTESIAN_POINT('',(10.2505719403976,20.4948106553203,2.26407499999994));
#11498=CARTESIAN_POINT('',(10.2505719403976,20.4948106553203,5.01407499999992));
#11499=CARTESIAN_POINT('',(10.2505719403976,20.4948106553203,2.76407499999994));
#11500=CARTESIAN_POINT('',(5.09199329663491,20.4948106553203,2.76407499999994));
#11501=CARTESIAN_POINT('',(9.95057194039762,20.4948106553203,2.76407499999994));
#11502=CARTESIAN_POINT('',(9.95057194039762,20.4948106553203,5.01407499999992));
#11503=CARTESIAN_POINT('',(11.9505719403976,20.4948106553203,5.01407499999992));
#11504=CARTESIAN_POINT('',(9.95057194039762,21.8948106553203,2.26407499999994));
#11505=CARTESIAN_POINT('',(10.3505719403976,22.8948106553203,2.26407499999994));
#11506=CARTESIAN_POINT('',(9.95057194039762,21.8948106553203,2.76407499999994));
#11507=CARTESIAN_POINT('',(9.95057194039762,26.9948106553203,2.76407499999994));
#11508=CARTESIAN_POINT('',(9.95057194039762,27.4948106553203,2.26407499999994));
#11509=CARTESIAN_POINT('',(9.95057194039762,21.8948106553203,5.01407499999992));
#11510=CARTESIAN_POINT('',(10.2505719403976,22.8948106553203,2.76407499999994));
#11511=CARTESIAN_POINT('',(10.2505719403976,26.9948106553203,2.76407499999994));
#11512=CARTESIAN_POINT('',(5.09199329663491,26.9948106553203,2.76407499999994));
#11513=CARTESIAN_POINT('',(5.09199329663491,22.8948106553203,2.76407499999994));
#11514=CARTESIAN_POINT('',(10.2505719403976,26.4948106553203,2.26407499999994));
#11515=CARTESIAN_POINT('',(10.2505719403976,27.7448106553203,2.01407499999994));
#11516=CARTESIAN_POINT('',(10.2505719403976,27.8948106553203,2.16407499999995));
#11517=CARTESIAN_POINT('',(14.2005969403976,19.8948106553203,7.96406249999994));
#11518=CARTESIAN_POINT('',(7.79199329663488,27.4948106553203,2.26407499999994));
#11519=CARTESIAN_POINT('',(10.3505719403976,27.8948106553203,2.26407499999994));
#11520=CARTESIAN_POINT('',(15.4005719403976,11.8948106553203,3.66407499999998));
#11521=CARTESIAN_POINT('',(15.4505719403976,11.8948106553203,3.66407499999998));
#11522=CARTESIAN_POINT('',(15.4005719403976,8.89481065532029,3.66407499999998));
#11523=CARTESIAN_POINT('',(15.4505719403976,8.89481065532029,3.66407499999998));
#11524=CARTESIAN_POINT('',(15.4505719403976,10.3948106553203,3.66407499999999));
#11525=CARTESIAN_POINT('',(15.4005719403976,11.8948106553203,3.66407499999998));
#11526=CARTESIAN_POINT('',(15.4005719403976,8.3948106553203,4.16407499999998));
#11527=CARTESIAN_POINT('',(15.4505719403976,8.3948106553203,4.16407499999998));
#11528=CARTESIAN_POINT('',(15.4505719403976,8.89481065532029,4.16407499999999));
#11529=CARTESIAN_POINT('',(15.4005719403976,8.89481065532029,4.16407499999998));
#11530=CARTESIAN_POINT('',(15.4505719403976,11.8948106553203,4.16407499999999));
#11531=CARTESIAN_POINT('',(15.4505719403976,12.3948106553203,4.16407499999998));
#11532=CARTESIAN_POINT('',(15.4005719403976,12.3948106553203,4.16407499999998));
#11533=CARTESIAN_POINT('',(15.4005719403976,11.8948106553203,4.16407499999998));
#11534=CARTESIAN_POINT('',(15.4505719403976,8.39481065532029,8.36407500000005));
#11535=CARTESIAN_POINT('',(15.4005719403976,8.3948106553203,4.41407499999998));
#11536=CARTESIAN_POINT('',(15.4505719403976,12.3948106553203,8.36407500000005));
#11537=CARTESIAN_POINT('',(15.4005719403976,12.3948106553203,4.41407499999998));
#11538=CARTESIAN_POINT('',(15.1005719403977,-0.505189344679707,3.56407500000001));
#11539=CARTESIAN_POINT('',(15.1005719403977,-0.505189344679707,6.76407500000002));
#11540=CARTESIAN_POINT('',(15.1005719403977,-0.505189344679707,5.66407500000001));
#11541=CARTESIAN_POINT('',(15.1005719403977,-1.50518934467971,3.56407500000001));
#11542=CARTESIAN_POINT('',(15.1005719403977,-1.00518934467971,3.56407500000001));
#11543=CARTESIAN_POINT('',(15.1005719403977,-1.50518934467971,6.76407500000002));
#11544=CARTESIAN_POINT('',(15.1005719403977,-1.50518934467971,5.66407500000001));
#11545=CARTESIAN_POINT('',(15.1005719403977,-1.00518934467971,6.76407500000002));
#11546=CARTESIAN_POINT('',(-1.32058757856188,-2.50518934467971,5.11407499999996));
#11547=CARTESIAN_POINT('',(-1.32058757856188,-2.50518934467971,5.21407499999995));
#11548=CARTESIAN_POINT('',(14.4925719403976,8.42826475249339,7.82732499999997));
#11549=CARTESIAN_POINT('',(14.4925719403976,8.42826475249339,6.16407499999999));
#11550=CARTESIAN_POINT('',(14.4925719403976,8.42826475249339,4.16407499999999));
#11551=CARTESIAN_POINT('',(14.4925719403976,8.89481065532029,6.16407499999999));
#11552=CARTESIAN_POINT('',(14.4925719403976,8.89481065532029,6.6306209028269));
#11553=CARTESIAN_POINT('',(14.4925719403976,25.1683105115576,6.6306209028269));
#11554=CARTESIAN_POINT('',(14.4925719403976,11.8948106553203,6.6306209028269));
#11555=CARTESIAN_POINT('',(14.4925719403976,11.8948106553203,6.16407499999999));
#11556=CARTESIAN_POINT('',(14.4925719403976,12.3613565581472,6.16407499999999));
#11557=CARTESIAN_POINT('',(14.4925719403976,12.3613565581472,7.82732499999997));
#11558=CARTESIAN_POINT('',(14.4925719403976,12.3613565581472,4.16407499999999));
#11559=CARTESIAN_POINT('',(14.4925719403976,11.8948106553203,4.16407499999999));
#11560=CARTESIAN_POINT('',(14.4925719403976,11.8948106553203,3.69752909717308));
#11561=CARTESIAN_POINT('',(14.4925719403976,25.1683105115576,3.69752909717308));
#11562=CARTESIAN_POINT('',(14.4925719403976,8.89481065532029,3.69752909717308));
#11563=CARTESIAN_POINT('',(14.4925719403976,8.89481065532029,4.16407499999999));
#11564=CARTESIAN_POINT('',(14.4925719403976,25.1683105115576,7.82732499999997));
#11565=CARTESIAN_POINT('',(15.4505719403976,8.39481065532029,6.16407499999999));
#11566=CARTESIAN_POINT('',(15.4505719403976,8.39481065532029,4.16407499999999));
#11567=CARTESIAN_POINT('',(15.4505719403976,8.39481065532029,5.16407499999998));
#11568=CARTESIAN_POINT('',(15.4505719403976,8.89481065532029,6.66407499999999));
#11569=CARTESIAN_POINT('',(15.4505719403976,8.89481065532029,6.16407499999999));
#11570=CARTESIAN_POINT('',(15.4505719403976,11.8948106553203,6.66407499999999));
#11571=CARTESIAN_POINT('',(15.4505719403976,10.3948106553203,6.66407499999999));
#11572=CARTESIAN_POINT('',(15.4505719403976,12.3948106553203,6.16407499999999));
#11573=CARTESIAN_POINT('',(15.4505719403976,11.8948106553203,6.16407499999999));
#11574=CARTESIAN_POINT('',(15.4505719403976,12.3948106553203,4.16407499999999));
#11575=CARTESIAN_POINT('',(15.4505719403976,12.3948106553203,5.16407499999998));
#11576=CARTESIAN_POINT('',(15.4505719403976,11.8948106553203,3.66407499999999));
#11577=CARTESIAN_POINT('',(15.4505719403976,11.8948106553203,4.16407499999999));
#11578=CARTESIAN_POINT('',(15.4505719403976,8.89481065532029,3.66407499999999));
#11579=CARTESIAN_POINT('',(15.4505719403976,10.3948106553203,3.66407499999999));
#11580=CARTESIAN_POINT('',(15.4505719403976,8.89481065532029,4.16407499999999));
#11581=CARTESIAN_POINT('',(15.4005719403976,23.4948106553203,5.164075));
#11582=CARTESIAN_POINT('',(15.4005719403976,25.5948106553203,5.164075));
#11583=CARTESIAN_POINT('',(15.4005719403976,23.4948106553203,5.16407499999998));
#11584=CARTESIAN_POINT('',(15.4005719403976,20.9948106553203,5.16407499999998));
#11585=CARTESIAN_POINT('',(15.4005719403976,23.4948106553203,5.164075));
#11586=CARTESIAN_POINT('',(15.1505719403976,23.4948106553203,5.16407500000006));
#11587=CARTESIAN_POINT('',(15.1505719403976,23.4948106553203,7.26407500000006));
#11588=CARTESIAN_POINT('',(15.4005719403976,23.4948106553203,5.164075));
#11589=CARTESIAN_POINT('',(15.1505719403976,23.4948106553203,5.16407499999998));
#11590=CARTESIAN_POINT('',(15.1505719403976,23.4948106553203,7.66407499999998));
#11591=CARTESIAN_POINT('',(14.9505719403976,23.4948106553203,5.16407499999998));
#11592=CARTESIAN_POINT('',(15.1505719403976,22.8948106553203,8.36407499999999));
#11593=CARTESIAN_POINT('',(11.3574124214382,-69.9,4.97499999999999));
#11594=CARTESIAN_POINT('',(11.3574124214382,-69.9,3.22499999999999));
#11595=CARTESIAN_POINT('',(11.3574124214382,-69.9,4.97499999999999));
#11596=CARTESIAN_POINT('',(11.3574124214382,-0.400000000000006,4.97499999999999));
#11597=CARTESIAN_POINT('',(11.3574124214382,-0.400000000000006,3.22499999999999));
#11598=CARTESIAN_POINT('',(6.94999999999998,-0.400000000000006,4.5));
#11599=CARTESIAN_POINT('',(11.3574124214382,0.0999999999999942,4.97499999999999));
#11600=MECHANICAL_DESIGN_GEOMETRIC_PRESENTATION_REPRESENTATION('',(#25,
#26),#11601);
#11601=(
GEOMETRIC_REPRESENTATION_CONTEXT(3)
GLOBAL_UNCERTAINTY_ASSIGNED_CONTEXT((#11602))
GLOBAL_UNIT_ASSIGNED_CONTEXT((#11608,#11604,#11603))
REPRESENTATION_CONTEXT('AN-A6E','TOP_LEVEL_ASSEMBLY_PART')
);
#11602=UNCERTAINTY_MEASURE_WITH_UNIT(LENGTH_MEASURE(0.0508),#11608,
'DISTANCE_ACCURACY_VALUE','Maximum Tolerance applied to model');
#11603=(
NAMED_UNIT(*)
SI_UNIT($,.STERADIAN.)
SOLID_ANGLE_UNIT()
);
#11604=(
CONVERSION_BASED_UNIT('DEGREE',#11606)
NAMED_UNIT(#11605)
PLANE_ANGLE_UNIT()
);
#11605=DIMENSIONAL_EXPONENTS(0.,0.,0.,0.,0.,0.,0.);
#11606=PLANE_ANGLE_MEASURE_WITH_UNIT(PLANE_ANGLE_MEASURE(0.0174532925),
#11607);
#11607=(
NAMED_UNIT(*)
PLANE_ANGLE_UNIT()
SI_UNIT($,.RADIAN.)
);
#11608=(
LENGTH_UNIT()
NAMED_UNIT(*)
SI_UNIT(.MILLI.,.METRE.)
);
ENDSEC;
END-ISO-10303-21;
